{
  "type": "FeatureCollection",
  "features": [
    {
      "type": "Feature",
      "properties": {
        "Name": "Nazi Germany",
        "FromYear": 1940,
        "ToYear": 1940,
        "Area": 1637384.801381419,
        "Type": "POLITY",
        "Wikipedia": "Nazi Germany",
        "Wikidata": "Q7318",
        "SeshatID": "de_ns_germany",
        "Components": "",
        "MemberOf": "",
        "displayYear": 1940,
        "sourceYear": 1940,
        "mappedTerritoryId": "cliopatria_nazi_germany"
      },
      "geometry": {
        "type": "MultiPolygon",
        "coordinates": [
          [
            [
              [
                14.585329055786133,
                36.8681755065918
              ],
              [
                14.584296226501465,
                36.80373764038086
              ],
              [
                14.583267211914062,
                36.73930740356445
              ],
              [
                14.505504608154297,
                36.73930740356445
              ],
              [
                14.506511688232422,
                36.80373764038086
              ],
              [
                14.507521629333496,
                36.8681755065918
              ],
              [
                14.585329055786133,
                36.8681755065918
              ]
            ]
          ],
          [
            [
              [
                1.503285884857178,
                38.93262481689453
              ],
              [
                1.50039541721344,
                38.997230529785156
              ],
              [
                1.578967928886414,
                38.997230529785156
              ],
              [
                1.581833839416504,
                38.93262481689453
              ],
              [
                1.503285884857178,
                38.93262481689453
              ]
            ]
          ],
          [
            [
              [
                2.981050968170166,
                39.320335388183594
              ],
              [
                2.978587865829468,
                39.38497543334961
              ],
              [
                3.057309150695801,
                39.38497543334961
              ],
              [
                3.059747219085693,
                39.320335388183594
              ],
              [
                2.981050968170166,
                39.320335388183594
              ]
            ]
          ],
          [
            [
              [
                3.984675645828247,
                39.90232849121094
              ],
              [
                4.063600063323975,
                39.90232849121094
              ],
              [
                4.065752983093262,
                39.8376350402832
              ],
              [
                3.986854314804077,
                39.8376350402832
              ],
              [
                3.984675645828247,
                39.90232849121094
              ]
            ]
          ],
          [
            [
              [
                -8.892836570739746,
                40.031734466552734
              ],
              [
                -8.886420249938965,
                39.9670295715332
              ],
              [
                -8.965371131896973,
                39.9670295715332
              ],
              [
                -8.97181224822998,
                40.031734466552734
              ],
              [
                -8.892836570739746,
                40.031734466552734
              ]
            ]
          ],
          [
            [
              [
                12.050183296203613,
                41.84651184082031
              ],
              [
                12.050735473632812,
                41.911441802978516
              ],
              [
                12.130502700805664,
                41.911441802978516
              ],
              [
                12.129922866821289,
                41.84651184082031
              ],
              [
                12.050183296203613,
                41.84651184082031
              ]
            ]
          ],
          [
            [
              [
                12.290677070617676,
                41.97637939453125
              ],
              [
                12.290038108825684,
                41.911441802978516
              ],
              [
                12.210269927978516,
                41.911441802978516
              ],
              [
                12.210881233215332,
                41.97637939453125
              ],
              [
                12.290677070617676,
                41.97637939453125
              ]
            ]
          ],
          [
            [
              [
                12.371143341064453,
                42.041324615478516
              ],
              [
                12.370473861694336,
                41.97637939453125
              ],
              [
                12.290677070617676,
                41.97637939453125
              ],
              [
                12.291318893432617,
                42.041324615478516
              ],
              [
                12.371143341064453,
                42.041324615478516
              ]
            ]
          ],
          [
            [
              [
                12.131669044494629,
                42.041324615478516
              ],
              [
                12.211494445800781,
                42.041324615478516
              ],
              [
                12.210881233215332,
                41.97637939453125
              ],
              [
                12.131085395812988,
                41.97637939453125
              ],
              [
                12.131669044494629,
                42.041324615478516
              ]
            ]
          ],
          [
            [
              [
                12.291962623596191,
                42.10627746582031
              ],
              [
                12.291318893432617,
                42.041324615478516
              ],
              [
                12.211494445800781,
                42.041324615478516
              ],
              [
                12.212108612060547,
                42.10627746582031
              ],
              [
                12.291962623596191,
                42.10627746582031
              ]
            ]
          ],
          [
            [
              [
                11.09544563293457,
                42.496177673339844
              ],
              [
                11.1754732131958,
                42.496177673339844
              ],
              [
                11.175228118896484,
                42.43117141723633
              ],
              [
                11.095230102539062,
                42.43117141723633
              ],
              [
                11.09544563293457,
                42.496177673339844
              ]
            ]
          ],
          [
            [
              [
                1.812251329421997,
                42.496177673339844
              ],
              [
                1.889128088951111,
                42.56119155883789
              ],
              [
                1.969184994697571,
                42.56119155883789
              ],
              [
                2.13236141204834,
                42.496177673339844
              ],
              [
                1.812251329421997,
                42.496177673339844
              ]
            ]
          ],
          [
            [
              [
                11.015604019165039,
                42.56119155883789
              ],
              [
                11.015789985656738,
                42.62621307373047
              ],
              [
                11.095876693725586,
                42.62621307373047
              ],
              [
                11.095661163330078,
                42.56119155883789
              ],
              [
                11.015604019165039,
                42.56119155883789
              ]
            ]
          ],
          [
            [
              [
                10.294936180114746,
                42.691246032714844
              ],
              [
                10.294856071472168,
                42.75628662109375
              ],
              [
                10.375000953674316,
                42.75628662109375
              ],
              [
                10.375051498413086,
                42.691246032714844
              ],
              [
                10.294936180114746,
                42.691246032714844
              ]
            ]
          ],
          [
            [
              [
                16.17064094543457,
                43.53750228881836
              ],
              [
                16.251144409179688,
                43.53750228881836
              ],
              [
                16.24899673461914,
                43.472347259521484
              ],
              [
                16.168521881103516,
                43.472347259521484
              ],
              [
                16.17064094543457,
                43.53750228881836
              ]
            ]
          ],
          [
            [
              [
                7.151541233062744,
                43.6678352355957
              ],
              [
                7.232106685638428,
                43.6678352355957
              ],
              [
                7.2333664894104,
                43.6026611328125
              ],
              [
                7.152831554412842,
                43.6026611328125
              ],
              [
                7.151541233062744,
                43.6678352355957
              ]
            ]
          ],
          [
            [
              [
                7.069650173187256,
                43.73301696777344
              ],
              [
                7.150246143341064,
                43.73301696777344
              ],
              [
                7.151541233062744,
                43.6678352355957
              ],
              [
                7.070975780487061,
                43.6678352355957
              ],
              [
                7.069650173187256,
                43.73301696777344
              ]
            ]
          ],
          [
            [
              [
                12.630784034729004,
                43.73301696777344
              ],
              [
                12.630001068115234,
                43.6678352355957
              ],
              [
                12.54943561553955,
                43.6678352355957
              ],
              [
                12.550187110900879,
                43.73301696777344
              ],
              [
                12.630784034729004,
                43.73301696777344
              ]
            ]
          ],
          [
            [
              [
                7.229573249816895,
                43.79821014404297
              ],
              [
                7.230842113494873,
                43.73301696777344
              ],
              [
                7.150246143341064,
                43.73301696777344
              ],
              [
                7.148946285247803,
                43.79821014404297
              ],
              [
                7.229573249816895,
                43.79821014404297
              ]
            ]
          ],
          [
            [
              [
                12.631566047668457,
                43.79821014404297
              ],
              [
                12.71219253540039,
                43.79821014404297
              ],
              [
                12.711380004882812,
                43.73301696777344
              ],
              [
                12.630784034729004,
                43.73301696777344
              ],
              [
                12.631566047668457,
                43.79821014404297
              ]
            ]
          ],
          [
            [
              [
                12.550939559936523,
                43.79821014404297
              ],
              [
                12.550187110900879,
                43.73301696777344
              ],
              [
                12.46959114074707,
                43.73301696777344
              ],
              [
                12.470312118530273,
                43.79821014404297
              ],
              [
                12.550939559936523,
                43.79821014404297
              ]
            ]
          ],
          [
            [
              [
                12.63234806060791,
                43.86341094970703
              ],
              [
                12.631566047668457,
                43.79821014404297
              ],
              [
                12.550939559936523,
                43.79821014404297
              ],
              [
                12.551690101623535,
                43.86341094970703
              ],
              [
                12.63234806060791,
                43.86341094970703
              ]
            ]
          ],
          [
            [
              [
                13.859591484069824,
                44.77729415893555
              ],
              [
                13.860828399658203,
                44.842647552490234
              ],
              [
                13.941953659057617,
                44.842647552490234
              ],
              [
                13.940685272216797,
                44.77729415893555
              ],
              [
                13.859591484069824,
                44.77729415893555
              ]
            ]
          ],
          [
            [
              [
                16.26984405517578,
                46.54585266113281
              ],
              [
                16.354053497314453,
                46.61152267456055
              ],
              [
                16.436054229736328,
                46.61152267456055
              ],
              [
                16.515750885009766,
                46.54585266113281
              ],
              [
                16.26984405517578,
                46.54585266113281
              ]
            ]
          ],
          [
            [
              [
                9.750565528869629,
                55.56651306152344
              ],
              [
                10.626581192016602,
                55.63479995727539
              ],
              [
                10.625955581665039,
                55.498252868652344
              ],
              [
                10.800582885742188,
                55.430015563964844
              ],
              [
                10.884882926940918,
                54.95309066772461
              ],
              [
                10.709615707397461,
                54.74907684326172
              ],
              [
                10.535674095153809,
                54.74907684326172
              ],
              [
                10.536654472351074,
                55.021148681640625
              ],
              [
                9.926376342773438,
                55.089229583740234
              ],
              [
                10.013643264770508,
                55.021148681640625
              ],
              [
                9.9271879196167,
                54.545284271240234
              ],
              [
                11.054854393005371,
                54.4095458984375
              ],
              [
                11.053302764892578,
                54.20612335205078
              ],
              [
                10.879310607910156,
                54.07062530517578
              ],
              [
                11.397537231445312,
                54.00291442871094
              ],
              [
                11.398930549621582,
                54.138362884521484
              ],
              [
                12.093385696411133,
                54.27390670776367
              ],
              [
                12.4437894821167,
                54.47740173339844
              ],
              [
                13.05121898651123,
                54.47740173339844
              ],
              [
                13.14309310913086,
                54.681121826171875
              ],
              [
                13.405717849731445,
                54.74907684326172
              ],
              [
                13.662626266479492,
                54.613189697265625
              ],
              [
                13.739368438720703,
                54.27390670776367
              ],
              [
                13.304450988769531,
                54.20612335205078
              ],
              [
                14.165812492370605,
                54.07062530517578
              ],
              [
                14.159177780151367,
                53.86756134033203
              ],
              [
                13.986488342285156,
                53.86756134033203
              ],
              [
                14.154796600341797,
                53.732303619384766
              ],
              [
                14.499796867370605,
                53.732303619384766
              ],
              [
                14.50934886932373,
                54.00291442871094
              ],
              [
                15.036103248596191,
                54.20612335205078
              ],
              [
                15.991765975952148,
                54.27390670776367
              ],
              [
                16.442564010620117,
                54.613189697265625
              ],
              [
                17.501720428466797,
                54.88506317138672
              ],
              [
                18.459484100341797,
                54.88506317138672
              ],
              [
                18.44533348083496,
                54.681121826171875
              ],
              [
                18.686851501464844,
                54.4095458984375
              ],
              [
                19.462186813354492,
                54.341712951660156
              ],
              [
                19.559396743774414,
                54.47740173339844
              ],
              [
                19.819725036621094,
                54.47740173339844
              ],
              [
                19.830615997314453,
                54.613189697265625
              ],
              [
                20.004362106323242,
                54.613189697265625
              ],
              [
                19.83608627319336,
                54.681121826171875
              ],
              [
                19.950855255126953,
                55.021148681640625
              ],
              [
                20.654220581054688,
                55.089229583740234
              ],
              [
                20.72932243347168,
                54.95309066772461
              ],
              [
                20.990678787231445,
                54.95309066772461
              ],
              [
                21.202974319458008,
                55.36180877685547
              ],
              [
                20.96585464477539,
                55.63479995727539
              ],
              [
                20.98489761352539,
                55.83982467651367
              ],
              [
                20.991283416748047,
                55.90821838378906
              ],
              [
                21.248220443725586,
                55.83982467651367
              ],
              [
                21.235198974609375,
                55.70311737060547
              ],
              [
                21.640066146850586,
                55.36180877685547
              ],
              [
                22.412668228149414,
                55.225467681884766
              ],
              [
                22.398584365844727,
                55.089229583740234
              ],
              [
                22.573020935058594,
                55.089229583740234
              ],
              [
                22.812959671020508,
                54.88506317138672
              ],
              [
                22.68332290649414,
                54.47740173339844
              ],
              [
                23.18937873840332,
                54.341712951660156
              ],
              [
                23.4272518157959,
                54.138362884521484
              ],
              [
                23.613069534301758,
                53.462066650390625
              ],
              [
                23.168746948242188,
                53.32708740234375
              ],
              [
                22.938385009765625,
                53.597137451171875
              ],
              [
                22.428112030029297,
                53.664710998535156
              ],
              [
                22.341909408569336,
                53.664710998535156
              ],
              [
                22.255704879760742,
                53.664710998535156
              ],
              [
                22.249135971069336,
                53.597137451171875
              ],
              [
                21.719682693481445,
                53.462066650390625
              ],
              [
                21.921367645263672,
                52.85536575317383
              ],
              [
                22.343225479125977,
                52.78806686401367
              ],
              [
                22.56774139404297,
                52.4518928527832
              ],
              [
                22.988040924072266,
                52.38472366333008
              ],
              [
                23.060142517089844,
                52.250450134277344
              ],
              [
                23.39438247680664,
                52.18334197998047
              ],
              [
                23.629487991333008,
                51.98215103149414
              ],
              [
                23.51096534729004,
                51.64724349975586
              ],
              [
                23.595823287963867,
                51.64724349975586
              ],
              [
                23.640897750854492,
                51.24601745605469
              ],
              [
                24.030471801757812,
                50.912200927734375
              ],
              [
                24.00420570373535,
                50.64549255371094
              ],
              [
                24.256912231445312,
                50.64549255371094
              ],
              [
                24.230609893798828,
                50.37908172607422
              ],
              [
                23.20969009399414,
                50.2459831237793
              ],
              [
                23.275733947753906,
                50.04647445678711
              ],
              [
                23.43747901916504,
                49.98000717163086
              ],
              [
                23.425546646118164,
                49.84712600708008
              ],
              [
                22.587949752807617,
                49.84712600708008
              ],
              [
                22.325851440429688,
                49.71431350708008
              ],
              [
                22.388029098510742,
                49.44889450073242
              ],
              [
                22.77837371826172,
                49.11750411987305
              ],
              [
                22.43976593017578,
                49.051273345947266
              ],
              [
                22.154504776000977,
                48.5881233215332
              ],
              [
                21.74890899658203,
                48.72037124633789
              ],
              [
                20.91771697998047,
                48.72037124633789
              ],
              [
                20.74271583557129,
                48.5881233215332
              ],
              [
                20.668357849121094,
                48.72037124633789
              ],
              [
                20.090635299682617,
                48.786521911621094
              ],
              [
                19.74224090576172,
                48.52202224731445
              ],
              [
                19.157520294189453,
                48.455936431884766
              ],
              [
                18.98445701599121,
                48.323814392089844
              ],
              [
                17.326419830322266,
                48.323814392089844
              ],
              [
                17.07229995727539,
                48.191749572753906
              ],
              [
                17.056297302246094,
                47.79592514038086
              ],
              [
                16.885942459106445,
                47.664100646972656
              ],
              [
                16.475584030151367,
                47.730003356933594
              ],
              [
                16.63585662841797,
                47.598209381103516
              ],
              [
                16.63099479675293,
                47.46647262573242
              ],
              [
                16.46375846862793,
                47.4006233215332
              ],
              [
                16.452110290527344,
                47.07159423828125
              ],
              [
                16.28315544128418,
                46.94007873535156
              ],
              [
                16.11881446838379,
                46.94007873535156
              ],
              [
                15.864084243774414,
                46.677207946777344
              ],
              [
                14.878016471862793,
                46.61152267456055
              ],
              [
                14.625872611999512,
                46.348915100097656
              ],
              [
                13.237005233764648,
                46.54585266113281
              ],
              [
                12.255094528198242,
                46.74290466308594
              ],
              [
                12.093491554260254,
                47.07159423828125
              ],
              [
                11.188736915588379,
                47.005828857421875
              ],
              [
                10.941988945007324,
                46.74290466308594
              ],
              [
                10.449238777160645,
                46.87434005737305
              ],
              [
                10.284491539001465,
                47.005828857421875
              ],
              [
                10.202829360961914,
                46.87434005737305
              ],
              [
                9.9564208984375,
                46.87434005737305
              ],
              [
                9.625838279724121,
                47.13737487792969
              ],
              [
                9.625325202941895,
                47.20316696166992
              ],
              [
                9.54301929473877,
                47.20316696166992
              ],
              [
                9.542471885681152,
                47.26897048950195
              ],
              [
                9.622751235961914,
                47.53233337402344
              ],
              [
                9.539721488952637,
                47.598209381103516
              ],
              [
                8.96053695678711,
                47.730003356933594
              ],
              [
                8.547621726989746,
                47.730003356933594
              ],
              [
                8.467049598693848,
                47.598209381103516
              ],
              [
                7.973181247711182,
                47.53233337402344
              ],
              [
                7.476891040802002,
                47.598209381103516
              ],
              [
                7.39728307723999,
                47.46647262573242
              ],
              [
                6.983439445495605,
                47.53233337402344
              ],
              [
                6.989914417266846,
                47.26897048950195
              ],
              [
                6.826910972595215,
                47.20316696166992
              ],
              [
                6.830254077911377,
                47.07159423828125
              ],
              [
                6.665778160095215,
                47.07159423828125
              ],
              [
                6.344273090362549,
                46.808616638183594
              ],
              [
                5.947766780853271,
                46.348915100097656
              ],
              [
                5.540565490722656,
                46.283294677734375
              ],
              [
                5.534116268157959,
                46.480194091796875
              ],
              [
                5.61605167388916,
                46.480194091796875
              ],
              [
                5.609647750854492,
                46.677207946777344
              ],
              [
                5.847537994384766,
                46.94007873535156
              ],
              [
                5.84339714050293,
                47.07159423828125
              ],
              [
                6.406090259552002,
                47.53233337402344
              ],
              [
                6.402344703674316,
                47.664100646972656
              ],
              [
                6.150728702545166,
                47.79592514038086
              ],
              [
                5.489785194396973,
                47.79592514038086
              ],
              [
                4.928928852081299,
                47.33478927612305
              ],
              [
                3.290882110595703,
                47.13737487792969
              ],
              [
                3.050530672073364,
                47.005828857421875
              ],
              [
                2.72171425819397,
                47.005828857421875
              ],
              [
                2.468160390853882,
                47.13737487792969
              ],
              [
                2.357491493225098,
                47.664100646972656
              ],
              [
                1.689359307289124,
                47.79592514038086
              ],
              [
                0.949991881847382,
                47.730003356933594
              ],
              [
                0.797553300857544,
                47.53233337402344
              ],
              [
                0.471998751163483,
                47.46647262573242
              ],
              [
                0.160099729895592,
                47.20316696166992
              ],
              [
                0.173386931419373,
                47.005828857421875
              ],
              [
                0.592870235443115,
                46.87434005737305
              ],
              [
                0.613836705684662,
                46.54585266113281
              ],
              [
                0.531868040561676,
                46.54585266113281
              ],
              [
                0.548579096794128,
                46.283294677734375
              ],
              [
                0.466743290424347,
                46.283294677734375
              ],
              [
                0.4834124147892,
                46.02093505859375
              ],
              [
                0.401708155870438,
                46.02093505859375
              ],
              [
                0.357459545135498,
                45.431331634521484
              ],
              [
                0.198806494474411,
                45.36587905883789
              ],
              [
                0.146543696522713,
                44.908016204833984
              ],
              [
                -0.011590977199376,
                44.842647552490234
              ],
              [
                -0.003265647450462,
                44.71194839477539
              ],
              [
                -0.22955596446991,
                44.45067596435547
              ],
              [
                -0.21700032055378,
                44.25482940673828
              ],
              [
                -0.366043716669083,
                44.05907440185547
              ],
              [
                -0.27284374833107,
                43.86341094970703
              ],
              [
                -0.429969280958176,
                43.79821014404297
              ],
              [
                -0.413322597742081,
                43.53750228881836
              ],
              [
                -1.115944981575012,
                43.211830139160156
              ],
              [
                -1.107258319854736,
                43.08163070678711
              ],
              [
                -1.428432941436768,
                43.08163070678711
              ],
              [
                -1.441840410232544,
                43.276947021484375
              ],
              [
                -1.687574744224548,
                43.342071533203125
              ],
              [
                -1.692170143127441,
                43.407203674316406
              ],
              [
                -1.459883332252502,
                43.53750228881836
              ],
              [
                -1.402047991752625,
                43.86341094970703
              ],
              [
                -1.321390628814697,
                43.86341094970703
              ],
              [
                -1.348801136016846,
                44.25482940673828
              ],
              [
                -1.267958283424377,
                44.25482940673828
              ],
              [
                -1.286344885826111,
                44.5159797668457
              ],
              [
                -1.205376982688904,
                44.5159797668457
              ],
              [
                -1.251859068870544,
                45.169586181640625
              ],
              [
                -1.170574903488159,
                45.169586181640625
              ],
              [
                -1.189373373985291,
                45.431331634521484
              ],
              [
                -1.031213998794556,
                45.496795654296875
              ],
              [
                -1.045281529426575,
                45.693260192871094
              ],
              [
                -1.213142395019531,
                45.75876998901367
              ],
              [
                -1.141096234321594,
                45.889827728271484
              ],
              [
                -1.222735166549683,
                45.889827728271484
              ],
              [
                -1.251809358596802,
                46.283294677734375
              ],
              [
                -1.666043281555176,
                46.348915100097656
              ],
              [
                -2.014399528503418,
                46.61152267456055
              ],
              [
                -2.024919986724854,
                46.74290466308594
              ],
              [
                -2.194406032562256,
                46.808616638183594
              ],
              [
                -2.139080047607422,
                47.13737487792969
              ],
              [
                -2.232228517532349,
                47.26897048950195
              ],
              [
                -2.561590671539307,
                47.26897048950195
              ],
              [
                -2.578423976898193,
                47.46647262573242
              ],
              [
                -2.825755596160889,
                47.46647262573242
              ],
              [
                -2.837259292602539,
                47.598209381103516
              ],
              [
                -3.155531167984009,
                47.46647262573242
              ],
              [
                -3.344320774078369,
                47.730003356933594
              ],
              [
                -3.757235288619995,
                47.730003356933594
              ],
              [
                -3.934937715530396,
                47.86185836791992
              ],
              [
                -4.424368858337402,
                47.79592514038086
              ],
              [
                -4.692053318023682,
                47.993770599365234
              ],
              [
                -4.705362796783447,
                48.1257438659668
              ],
              [
                -4.546383857727051,
                48.191749572753906
              ],
              [
                -4.642560005187988,
                48.323814392089844
              ],
              [
                -4.891265392303467,
                48.323814392089844
              ],
              [
                -4.911745548248291,
                48.52202224731445
              ],
              [
                -4.599917888641357,
                48.72037124633789
              ],
              [
                -3.85184383392334,
                48.72037124633789
              ],
              [
                -3.455082654953003,
                48.91886520385742
              ],
              [
                -3.122164011001587,
                48.91886520385742
              ],
              [
                -2.759404182434082,
                48.5881233215332
              ],
              [
                -2.521934509277344,
                48.72037124633789
              ],
              [
                -1.602181315422058,
                48.654239654541016
              ],
              [
                -1.718345284461975,
                49.051273345947266
              ],
              [
                -1.635041356086731,
                49.051273345947266
              ],
              [
                -1.651668906211853,
                49.2500114440918
              ],
              [
                -1.913302421569824,
                49.38258361816406
              ],
              [
                -2.031550645828247,
                49.78071212768555
              ],
              [
                -1.361783027648926,
                49.78071212768555
              ],
              [
                -1.250783205032349,
                49.44889450073242
              ],
              [
                0.007001183927059,
                49.38258361816406
              ],
              [
                -0.012448177672923,
                49.64793395996094
              ],
              [
                0.224112883210182,
                49.84712600708008
              ],
              [
                1.052847385406494,
                49.98000717163086
              ],
              [
                1.454967975616455,
                50.2459831237793
              ],
              [
                1.424705147743225,
                50.71213912963867
              ],
              [
                1.656218767166138,
                51.04566955566406
              ],
              [
                2.577829360961914,
                51.17921447753906
              ],
              [
                3.155481338500977,
                51.44654083251953
              ],
              [
                3.579142093658447,
                51.44654083251953
              ],
              [
                3.40621018409729,
                51.51342010498047
              ],
              [
                3.399252653121948,
                51.64724349975586
              ],
              [
                3.738690614700317,
                51.64724349975586
              ],
              [
                3.647099733352661,
                51.78114318847656
              ],
              [
                3.81699013710022,
                51.78114318847656
              ],
              [
                3.810401916503906,
                51.91512680053711
              ],
              [
                3.980464458465576,
                51.91512680053711
              ],
              [
                3.974021434783936,
                52.0491943359375
              ],
              [
                4.223166942596436,
                52.18334197998047
              ],
              [
                4.21693229675293,
                52.31757736206055
              ],
              [
                4.463808536529541,
                52.51908493041992
              ],
              [
                4.534325122833252,
                52.85536575317383
              ],
              [
                4.702715873718262,
                52.92268753051758
              ],
              [
                4.608114719390869,
                53.124786376953125
              ],
              [
                4.691011905670166,
                53.192195892333984
              ],
              [
                4.862768650054932,
                53.192195892333984
              ],
              [
                4.785540580749512,
                52.99003219604492
              ],
              [
                5.056382656097412,
                52.653533935546875
              ],
              [
                5.136557102203369,
                52.78806686401367
              ],
              [
                5.390830039978027,
                52.85536575317383
              ],
              [
                5.385728359222412,
                52.99003219604492
              ],
              [
                5.20894193649292,
                53.124786376953125
              ],
              [
                5.542333602905273,
                53.39456558227539
              ],
              [
                6.226210117340088,
                53.52959060668945
              ],
              [
                6.916844367980957,
                53.462066650390625
              ],
              [
                6.913325786590576,
                53.597137451171875
              ],
              [
                7.082295417785645,
                53.732303619384766
              ],
              [
                7.944795608520508,
                53.732303619384766
              ],
              [
                8.205669403076172,
                53.597137451171875
              ],
              [
                8.37701416015625,
                53.664710998535156
              ],
              [
                8.459527015686035,
                53.93522644042969
              ],
              [
                8.892172813415527,
                53.86756134033203
              ],
              [
                8.802155494689941,
                54.20612335205078
              ],
              [
                8.54152774810791,
                54.27390670776367
              ],
              [
                8.539765357971191,
                54.4095458984375
              ],
              [
                8.799209594726562,
                54.47740173339844
              ],
              [
                8.797733306884766,
                54.613189697265625
              ],
              [
                8.534452438354492,
                54.817054748535156
              ],
              [
                8.441773414611816,
                55.225467681884766
              ],
              [
                8.529091835021973,
                55.225467681884766
              ],
              [
                8.52729320526123,
                55.36180877685547
              ],
              [
                8.350449562072754,
                55.498252868652344
              ],
              [
                8.087891578674316,
                55.498252868652344
              ],
              [
                8.085573196411133,
                55.63479995727539
              ],
              [
                7.997951984405518,
                55.63479995727539
              ],
              [
                8.077386856079102,
                56.11355972290039
              ],
              [
                7.989406585693359,
                56.11355972290039
              ],
              [
                7.979492664337158,
                56.662349700927734
              ],
              [
                8.243602752685547,
                56.731075286865234
              ],
              [
                8.152853965759277,
                56.86860656738281
              ],
              [
                8.502391815185547,
                57.21294021606445
              ],
              [
                9.39068603515625,
                57.21294021606445
              ],
              [
                9.656455039978027,
                57.41988754272461
              ],
              [
                9.655976295471191,
                57.55800247192383
              ],
              [
                9.834181785583496,
                57.55800247192383
              ],
              [
                9.923136711120605,
                57.696231842041016
              ],
              [
                10.458671569824219,
                57.7653923034668
              ],
              [
                10.545770645141602,
                57.28189468383789
              ],
              [
                10.278702735900879,
                57.07511901855469
              ],
              [
                10.277772903442383,
                56.59365463256836
              ],
              [
                10.895707130432129,
                56.524986267089844
              ],
              [
                10.805220603942871,
                56.182064056396484
              ],
              [
                10.540846824645996,
                56.11355972290039
              ],
              [
                10.452865600585938,
                56.11355972290039
              ],
              [
                10.277146339416504,
                56.25059127807617
              ],
              [
                10.276667594909668,
                55.97663879394531
              ],
              [
                9.925338745117188,
                55.83982467651367
              ],
              [
                9.925520896911621,
                55.70311737060547
              ],
              [
                9.750177383422852,
                55.70311737060547
              ],
              [
                9.750565528869629,
                55.56651306152344
              ]
            ]
          ],
          [
            [
              [
                -0.065328881144524,
                53.597137451171875
              ],
              [
                -0.076455295085907,
                53.732303619384766
              ],
              [
                0.009794717654586,
                53.732303619384766
              ],
              [
                0.096044726669788,
                53.732303619384766
              ],
              [
                0.106983579695225,
                53.597137451171875
              ],
              [
                -0.065328881144524,
                53.597137451171875
              ]
            ]
          ],
          [
            [
              [
                8.183104515075684,
                55.021148681640625
              ],
              [
                8.357441902160645,
                55.021148681640625
              ],
              [
                8.446493148803711,
                54.88506317138672
              ],
              [
                8.359423637390137,
                54.88506317138672
              ],
              [
                8.186371803283691,
                54.817054748535156
              ],
              [
                8.183104515075684,
                55.021148681640625
              ]
            ]
          ],
          [
            [
              [
                15.069417953491211,
                55.021148681640625
              ],
              [
                14.636160850524902,
                55.089229583740234
              ],
              [
                14.64396858215332,
                55.29362487792969
              ],
              [
                14.990630149841309,
                55.225467681884766
              ],
              [
                15.077948570251465,
                55.225467681884766
              ],
              [
                15.069417953491211,
                55.021148681640625
              ]
            ]
          ],
          [
            [
              [
                11.064117431640625,
                55.56651306152344
              ],
              [
                10.889443397521973,
                55.63479995727539
              ],
              [
                10.890382766723633,
                55.77145767211914
              ],
              [
                11.241952896118164,
                55.83982467651367
              ],
              [
                11.331932067871094,
                56.04508590698242
              ],
              [
                11.595718383789062,
                56.04508590698242
              ],
              [
                11.768598556518555,
                55.83982467651367
              ],
              [
                11.860556602478027,
                56.11355972290039
              ],
              [
                12.477840423583984,
                56.182064056396484
              ],
              [
                12.56440258026123,
                56.11355972290039
              ],
              [
                12.555678367614746,
                55.70311737060547
              ],
              [
                12.202529907226562,
                55.56651306152344
              ],
              [
                12.375022888183594,
                55.430015563964844
              ],
              [
                12.371088027954102,
                55.225467681884766
              ],
              [
                12.107980728149414,
                55.15733337402344
              ],
              [
                12.101152420043945,
                54.74907684326172
              ],
              [
                11.665419578552246,
                54.681121826171875
              ],
              [
                11.578496932983398,
                54.681121826171875
              ],
              [
                10.88355827331543,
                54.74907684326172
              ],
              [
                10.97249698638916,
                55.021148681640625
              ],
              [
                11.66806411743164,
                54.88506317138672
              ],
              [
                11.670741081237793,
                55.089229583740234
              ],
              [
                11.497906684875488,
                55.225467681884766
              ],
              [
                10.974503517150879,
                55.29362487792969
              ],
              [
                11.064117431640625,
                55.56651306152344
              ]
            ]
          ],
          [
            [
              [
                10.452422142028809,
                55.97663879394531
              ],
              [
                10.62817668914795,
                55.97663879394531
              ],
              [
                10.627213478088379,
                55.77145767211914
              ],
              [
                10.539490699768066,
                55.77145767211914
              ],
              [
                10.364044189453125,
                55.77145767211914
              ],
              [
                10.452422142028809,
                55.97663879394531
              ]
            ]
          ],
          [
            [
              [
                -6.326442241668701,
                58.38920593261719
              ],
              [
                -6.236669063568115,
                58.38920593261719
              ],
              [
                -6.226392269134521,
                58.31977081298828
              ],
              [
                -6.216142177581787,
                58.2503662109375
              ],
              [
                -6.305801868438721,
                58.2503662109375
              ],
              [
                -6.316108226776123,
                58.31977081298828
              ],
              [
                -6.326442241668701,
                58.38920593261719
              ]
            ]
          ],
          [
            [
              [
                -3.75801682472229,
                58.66725540161133
              ],
              [
                -3.668015480041504,
                58.66725540161133
              ],
              [
                -3.659291505813599,
                58.59769821166992
              ],
              [
                -3.749235391616821,
                58.59769821166992
              ],
              [
                -3.839179277420044,
                58.59769821166992
              ],
              [
                -3.848018169403076,
                58.66725540161133
              ],
              [
                -3.75801682472229,
                58.66725540161133
              ]
            ]
          ],
          [
            [
              [
                -7.23124885559082,
                62.331268310546875
              ],
              [
                -7.13803768157959,
                62.331268310546875
              ],
              [
                -7.125893115997314,
                62.259857177734375
              ],
              [
                -7.219038009643555,
                62.259857177734375
              ],
              [
                -7.312182903289795,
                62.259857177734375
              ],
              [
                -7.324460029602051,
                62.331268310546875
              ],
              [
                -7.23124885559082,
                62.331268310546875
              ]
            ]
          ],
          [
            [
              [
                -7.150216102600098,
                62.4027214050293
              ],
              [
                -7.056938171386719,
                62.4027214050293
              ],
              [
                -6.963660717010498,
                62.4027214050293
              ],
              [
                -6.951615810394287,
                62.331268310546875
              ],
              [
                -7.044826507568359,
                62.331268310546875
              ],
              [
                -7.13803768157959,
                62.331268310546875
              ],
              [
                -7.150216102600098,
                62.4027214050293
              ]
            ]
          ],
          [
            [
              [
                12.894081115722656,
                68.1207046508789
              ],
              [
                13.19136905670166,
                68.1207046508789
              ],
              [
                13.185554504394531,
                67.97005462646484
              ],
              [
                12.787290573120117,
                67.89481353759766
              ],
              [
                12.79240608215332,
                68.04534912109375
              ],
              [
                12.891417503356934,
                68.04534912109375
              ],
              [
                12.894081115722656,
                68.1207046508789
              ]
            ]
          ],
          [
            [
              [
                13.38647747039795,
                68.04534912109375
              ],
              [
                13.38956069946289,
                68.1207046508789
              ],
              [
                13.392661094665527,
                68.19611358642578
              ],
              [
                13.700368881225586,
                68.42272186279297
              ],
              [
                14.098109245300293,
                68.42272186279297
              ],
              [
                14.086923599243164,
                68.19611358642578
              ],
              [
                13.587753295898438,
                68.1207046508789
              ],
              [
                13.584501266479492,
                68.04534912109375
              ],
              [
                13.38647747039795,
                68.04534912109375
              ]
            ]
          ],
          [
            [
              [
                23.03582763671875,
                36.28839111328125
              ],
              [
                23.113439559936523,
                36.28839111328125
              ],
              [
                23.110090255737305,
                36.2239875793457
              ],
              [
                23.032499313354492,
                36.2239875793457
              ],
              [
                23.03582763671875,
                36.28839111328125
              ]
            ]
          ],
          [
            [
              [
                25.56435775756836,
                36.9970588684082
              ],
              [
                25.330806732177734,
                36.9970588684082
              ],
              [
                25.421066284179688,
                37.1904182434082
              ],
              [
                25.498985290527344,
                37.1904182434082
              ],
              [
                25.576902389526367,
                37.1904182434082
              ],
              [
                25.56435775756836,
                36.9970588684082
              ]
            ]
          ],
          [
            [
              [
                23.413257598876953,
                37.51277160644531
              ],
              [
                23.41690444946289,
                37.5772590637207
              ],
              [
                23.494956970214844,
                37.5772590637207
              ],
              [
                23.491287231445312,
                37.51277160644531
              ],
              [
                23.413257598876953,
                37.51277160644531
              ]
            ]
          ],
          [
            [
              [
                20.768892288208008,
                37.706241607666016
              ],
              [
                20.84699058532715,
                37.706241607666016
              ],
              [
                20.844072341918945,
                37.641746520996094
              ],
              [
                20.7659969329834,
                37.641746520996094
              ],
              [
                20.768892288208008,
                37.706241607666016
              ]
            ]
          ],
          [
            [
              [
                20.696571350097656,
                37.835243225097656
              ],
              [
                20.69367790222168,
                37.7707405090332
              ],
              [
                20.615556716918945,
                37.7707405090332
              ],
              [
                20.618427276611328,
                37.835243225097656
              ],
              [
                20.621307373046875,
                37.89975357055664
              ],
              [
                20.69947624206543,
                37.89975357055664
              ],
              [
                20.696571350097656,
                37.835243225097656
              ]
            ]
          ],
          [
            [
              [
                23.669837951660156,
                37.89975357055664
              ],
              [
                23.673633575439453,
                37.96426773071289
              ],
              [
                23.7518253326416,
                37.96426773071289
              ],
              [
                23.748004913330078,
                37.89975357055664
              ],
              [
                23.669837951660156,
                37.89975357055664
              ]
            ]
          ],
          [
            [
              [
                20.328466415405273,
                38.351463317871094
              ],
              [
                20.406797409057617,
                38.351463317871094
              ],
              [
                20.398162841796875,
                38.157840728759766
              ],
              [
                20.319902420043945,
                38.157840728759766
              ],
              [
                20.328466415405273,
                38.351463317871094
              ]
            ]
          ],
          [
            [
              [
                23.55164909362793,
                38.54513168334961
              ],
              [
                23.63005256652832,
                38.54513168334961
              ],
              [
                23.626148223876953,
                38.48057174682617
              ],
              [
                23.54776954650879,
                38.48057174682617
              ],
              [
                23.55164909362793,
                38.54513168334961
              ]
            ]
          ],
          [
            [
              [
                20.49690055847168,
                38.60969924926758
              ],
              [
                20.502859115600586,
                38.738853454589844
              ],
              [
                20.58133316040039,
                38.738853454589844
              ],
              [
                20.65375518798828,
                38.60969924926758
              ],
              [
                20.49690055847168,
                38.60969924926758
              ]
            ]
          ],
          [
            [
              [
                25.289531707763672,
                39.8376350402832
              ],
              [
                25.294301986694336,
                39.90232849121094
              ],
              [
                25.373228073120117,
                39.90232849121094
              ],
              [
                25.36842918395996,
                39.8376350402832
              ],
              [
                25.289531707763672,
                39.8376350402832
              ]
            ]
          ],
          [
            [
              [
                25.78275489807129,
                40.0964469909668
              ],
              [
                25.787765502929688,
                40.16116714477539
              ],
              [
                25.866792678833008,
                40.16116714477539
              ],
              [
                25.861757278442383,
                40.0964469909668
              ],
              [
                25.78275489807129,
                40.0964469909668
              ]
            ]
          ],
          [
            [
              [
                26.678482055664062,
                40.42012023925781
              ],
              [
                26.673099517822266,
                40.355369567871094
              ],
              [
                26.593992233276367,
                40.355369567871094
              ],
              [
                26.599348068237305,
                40.42012023925781
              ],
              [
                26.678482055664062,
                40.42012023925781
              ]
            ]
          ],
          [
            [
              [
                26.853185653686523,
                40.614410400390625
              ],
              [
                26.847686767578125,
                40.54964065551758
              ],
              [
                26.76849937438965,
                40.54964065551758
              ],
              [
                26.773971557617188,
                40.614410400390625
              ],
              [
                26.853185653686523,
                40.614410400390625
              ]
            ]
          ],
          [
            [
              [
                21.07770347595215,
                40.74397277832031
              ],
              [
                21.160585403442383,
                40.80876541137695
              ],
              [
                21.23988151550293,
                40.80876541137695
              ],
              [
                21.315507888793945,
                40.74397277832031
              ],
              [
                21.07770347595215,
                40.74397277832031
              ]
            ]
          ],
          [
            [
              [
                21.402179718017578,
                40.873565673828125
              ],
              [
                21.48150062561035,
                40.873565673828125
              ],
              [
                21.477764129638672,
                40.80876541137695
              ],
              [
                21.398469924926758,
                40.80876541137695
              ],
              [
                21.319175720214844,
                40.80876541137695
              ],
              [
                21.322856903076172,
                40.873565673828125
              ],
              [
                21.402179718017578,
                40.873565673828125
              ]
            ]
          ],
          [
            [
              [
                24.817913055419922,
                40.93837356567383
              ],
              [
                24.813018798828125,
                40.873565673828125
              ],
              [
                24.73369789123535,
                40.873565673828125
              ],
              [
                24.654375076293945,
                40.873565673828125
              ],
              [
                24.65921401977539,
                40.93837356567383
              ],
              [
                24.738563537597656,
                40.93837356567383
              ],
              [
                24.817913055419922,
                40.93837356567383
              ]
            ]
          ],
          [
            [
              [
                21.727144241333008,
                41.00318908691406
              ],
              [
                21.806520462036133,
                41.00318908691406
              ],
              [
                21.802648544311523,
                40.93837356567383
              ],
              [
                21.723299026489258,
                40.93837356567383
              ],
              [
                21.727144241333008,
                41.00318908691406
              ]
            ]
          ],
          [
            [
              [
                28.95674705505371,
                41.06801223754883
              ],
              [
                29.036151885986328,
                41.06801223754883
              ],
              [
                29.02977180480957,
                41.00318908691406
              ],
              [
                28.950395584106445,
                41.00318908691406
              ],
              [
                28.95674705505371,
                41.06801223754883
              ]
            ]
          ],
          [
            [
              [
                19.90190887451172,
                42.56119155883789
              ],
              [
                19.898473739624023,
                42.496177673339844
              ],
              [
                19.81844711303711,
                42.496177673339844
              ],
              [
                19.821853637695312,
                42.56119155883789
              ],
              [
                19.90190887451172,
                42.56119155883789
              ]
            ]
          ],
          [
            [
              [
                17.55690574645996,
                45.95537567138672
              ],
              [
                17.63857650756836,
                45.95537567138672
              ],
              [
                17.63585090637207,
                45.889827728271484
              ],
              [
                17.55421257019043,
                45.889827728271484
              ],
              [
                17.55690574645996,
                45.95537567138672
              ]
            ]
          ],
          [
            [
              [
                27.883203506469727,
                47.07159423828125
              ],
              [
                27.965442657470703,
                47.07159423828125
              ],
              [
                27.9583740234375,
                47.005828857421875
              ],
              [
                27.876171112060547,
                47.005828857421875
              ],
              [
                27.883203506469727,
                47.07159423828125
              ]
            ]
          ],
          [
            [
              [
                27.8079833984375,
                47.13737487792969
              ],
              [
                27.890256881713867,
                47.13737487792969
              ],
              [
                27.883203506469727,
                47.07159423828125
              ],
              [
                27.800966262817383,
                47.07159423828125
              ],
              [
                27.8079833984375,
                47.13737487792969
              ]
            ]
          ],
          [
            [
              [
                27.876989364624023,
                57.8345832824707
              ],
              [
                27.999914169311523,
                58.042335510253906
              ],
              [
                28.01117706298828,
                58.11164855957031
              ],
              [
                28.100723266601562,
                58.11164855957031
              ],
              [
                28.055635452270508,
                57.8345832824707
              ],
              [
                27.876989364624023,
                57.8345832824707
              ]
            ]
          ],
          [
            [
              [
                27.80976676940918,
                58.528167724609375
              ],
              [
                27.719879150390625,
                58.528167724609375
              ],
              [
                27.787906646728516,
                58.94581604003906
              ],
              [
                27.79935646057129,
                59.015533447265625
              ],
              [
                27.889646530151367,
                59.015533447265625
              ],
              [
                27.80976676940918,
                58.528167724609375
              ]
            ]
          ],
          [
            [
              [
                27.24651336669922,
                58.94581604003906
              ],
              [
                27.26874542236328,
                59.08528518676758
              ],
              [
                27.279909133911133,
                59.15507125854492
              ],
              [
                27.370315551757812,
                59.15507125854492
              ],
              [
                27.33674430847168,
                58.94581604003906
              ],
              [
                27.24651336669922,
                58.94581604003906
              ]
            ]
          ],
          [
            [
              [
                27.370315551757812,
                59.15507125854492
              ],
              [
                27.381568908691406,
                59.22488784790039
              ],
              [
                27.472034454345703,
                59.22488784790039
              ],
              [
                27.5625,
                59.22488784790039
              ],
              [
                27.652965545654297,
                59.22488784790039
              ],
              [
                27.743431091308594,
                59.22488784790039
              ],
              [
                27.731943130493164,
                59.15507125854492
              ],
              [
                27.641536712646484,
                59.15507125854492
              ],
              [
                27.551130294799805,
                59.15507125854492
              ],
              [
                27.460721969604492,
                59.15507125854492
              ],
              [
                27.370315551757812,
                59.15507125854492
              ]
            ]
          ],
          [
            [
              [
                18.617572784423828,
                59.36461639404297
              ],
              [
                18.611974716186523,
                59.294734954833984
              ],
              [
                18.52145004272461,
                59.294734954833984
              ],
              [
                18.430925369262695,
                59.294734954833984
              ],
              [
                18.34040069580078,
                59.294734954833984
              ],
              [
                18.351261138916016,
                59.434532165527344
              ],
              [
                18.628820419311523,
                59.504478454589844
              ],
              [
                18.623188018798828,
                59.434532165527344
              ],
              [
                18.617572784423828,
                59.36461639404297
              ]
            ]
          ],
          [
            [
              [
                22.83477020263672,
                59.78459548950195
              ],
              [
                22.860271453857422,
                59.99503707885742
              ],
              [
                22.951393127441406,
                59.99503707885742
              ],
              [
                23.042512893676758,
                59.99503707885742
              ],
              [
                23.016651153564453,
                59.78459548950195
              ],
              [
                22.83477020263672,
                59.78459548950195
              ]
            ]
          ],
          [
            [
              [
                29.160364151000977,
                60.065250396728516
              ],
              [
                29.25154685974121,
                60.065250396728516
              ],
              [
                29.238758087158203,
                59.99503707885742
              ],
              [
                29.14763641357422,
                59.99503707885742
              ],
              [
                29.160364151000977,
                60.065250396728516
              ]
            ]
          ],
          [
            [
              [
                29.173128128051758,
                60.135501861572266
              ],
              [
                29.18592643737793,
                60.20578384399414
              ],
              [
                29.277231216430664,
                60.20578384399414
              ],
              [
                29.26436996459961,
                60.135501861572266
              ],
              [
                29.173128128051758,
                60.135501861572266
              ]
            ]
          ],
          [
            [
              [
                29.935712814331055,
                61.264278411865234
              ],
              [
                29.921981811523438,
                61.193458557128906
              ],
              [
                29.908288955688477,
                61.12267303466797
              ],
              [
                29.816179275512695,
                61.12267303466797
              ],
              [
                29.82980728149414,
                61.193458557128906
              ],
              [
                29.843475341796875,
                61.264278411865234
              ],
              [
                29.935712814331055,
                61.264278411865234
              ]
            ]
          ],
          [
            [
              [
                25.763681411743164,
                70.7200698852539
              ],
              [
                26.580860137939453,
                70.7200698852539
              ],
              [
                26.6507625579834,
                70.5650405883789
              ],
              [
                26.95663070678711,
                70.5650405883789
              ],
              [
                27.193744659423828,
                70.7200698852539
              ],
              [
                28.113069534301758,
                70.7200698852539
              ],
              [
                28.078149795532227,
                70.5650405883789
              ],
              [
                28.384017944335938,
                70.5650405883789
              ],
              [
                28.419511795043945,
                70.7200698852539
              ],
              [
                30.25816535949707,
                70.7200698852539
              ],
              [
                30.238649368286133,
                70.64251708984375
              ],
              [
                31.034881591796875,
                70.5650405883789
              ],
              [
                31.076597213745117,
                70.3330307006836
              ],
              [
                30.2060604095459,
                70.10164642333984
              ],
              [
                29.699098587036133,
                70.10164642333984
              ],
              [
                29.662349700927734,
                69.9477310180664
              ],
              [
                29.864765167236328,
                69.9477310180664
              ],
              [
                29.827972412109375,
                69.79407501220703
              ],
              [
                30.03002166748047,
                69.79407501220703
              ],
              [
                30.067180633544922,
                69.9477310180664
              ],
              [
                30.857486724853516,
                69.8708724975586
              ],
              [
                30.958600997924805,
                69.8708724975586
              ],
              [
                30.919960021972656,
                69.71734619140625
              ],
              [
                30.68014907836914,
                69.5640869140625
              ],
              [
                30.194869995117188,
                69.64068603515625
              ],
              [
                29.938522338867188,
                69.41107940673828
              ],
              [
                29.317562103271484,
                69.33467864990234
              ],
              [
                29.165199279785156,
                69.10584259033203
              ],
              [
                28.76433563232422,
                69.10584259033203
              ],
              [
                28.798139572143555,
                69.25833129882812
              ],
              [
                29.269622802734375,
                69.5640869140625
              ],
              [
                29.204097747802734,
                69.71734619140625
              ],
              [
                28.514657974243164,
                69.79407501220703
              ],
              [
                28.531824111938477,
                69.8708724975586
              ],
              [
                28.144235610961914,
                69.9477310180664
              ],
              [
                28.161184310913086,
                70.024658203125
              ],
              [
                26.524911880493164,
                69.9477310180664
              ],
              [
                25.858652114868164,
                69.64068603515625
              ],
              [
                25.757848739624023,
                69.10584259033203
              ],
              [
                25.657630920410156,
                69.10584259033203
              ],
              [
                25.629560470581055,
                68.95359802246094
              ],
              [
                25.429479598999023,
                68.95359802246094
              ],
              [
                24.863161087036133,
                68.57408905029297
              ],
              [
                24.390546798706055,
                68.7257080078125
              ],
              [
                24.403335571289062,
                68.8016128540039
              ],
              [
                22.782730102539062,
                68.64987182617188
              ],
              [
                22.79408073425293,
                68.7257080078125
              ],
              [
                22.406017303466797,
                68.8016128540039
              ],
              [
                22.417118072509766,
                68.87757110595703
              ],
              [
                22.217212677001953,
                68.87757110595703
              ],
              [
                21.770601272583008,
                69.25833129882812
              ],
              [
                21.067846298217773,
                69.25833129882812
              ],
              [
                20.947467803955078,
                69.10584259033203
              ],
              [
                20.23664665222168,
                69.0296859741211
              ],
              [
                20.308835983276367,
                68.8016128540039
              ],
              [
                20.208969116210938,
                68.8016128540039
              ],
              [
                19.964778900146484,
                68.42272186279297
              ],
              [
                18.089923858642578,
                68.57408905029297
              ],
              [
                18.068355560302734,
                68.34712219238281
              ],
              [
                18.167705535888672,
                68.34712219238281
              ],
              [
                18.04707145690918,
                68.1207046508789
              ],
              [
                17.0499210357666,
                68.04534912109375
              ],
              [
                16.729385375976562,
                67.74452209472656
              ],
              [
                16.2252197265625,
                67.5944595336914
              ],
              [
                16.11618995666504,
                67.44463348388672
              ],
              [
                16.400325775146484,
                67.29503631591797
              ],
              [
                16.384124755859375,
                67.0710678100586
              ],
              [
                15.777067184448242,
                66.77322387695312
              ],
              [
                15.258482933044434,
                66.25411987304688
              ],
              [
                14.57146167755127,
                66.10628509521484
              ],
              [
                14.538527488708496,
                65.44363403320312
              ],
              [
                14.041322708129883,
                65.07727813720703
              ],
              [
                14.034996032714844,
                64.93107604980469
              ],
              [
                13.643568992614746,
                64.71215057373047
              ],
              [
                13.733281135559082,
                64.56643676757812
              ],
              [
                13.923996925354004,
                64.56643676757812
              ],
              [
                14.200371742248535,
                64.34822845458984
              ],
              [
                14.09583568572998,
                64.13044738769531
              ],
              [
                12.764732360839844,
                64.05794525146484
              ],
              [
                12.188884735107422,
                63.768394470214844
              ],
              [
                12.183913230895996,
                63.55171203613281
              ],
              [
                12.089548110961914,
                63.55171203613281
              ],
              [
                12.081717491149902,
                63.191463470458984
              ],
              [
                12.175737380981445,
                63.191463470458984
              ],
              [
                12.069461822509766,
                62.61732482910156
              ],
              [
                12.162939071655273,
                62.61732482910156
              ],
              [
                12.158227920532227,
                62.4027214050293
              ],
              [
                12.251504898071289,
                62.4027214050293
              ],
              [
                12.14437198638916,
                61.7611083984375
              ],
              [
                12.783405303955078,
                61.40604019165039
              ],
              [
                12.77761459350586,
                61.193458557128906
              ],
              [
                12.311955451965332,
                60.9812126159668
              ],
              [
                12.307211875915527,
                60.76930236816406
              ],
              [
                12.489109992980957,
                60.69873809814453
              ],
              [
                12.572139739990234,
                60.34645080566406
              ],
              [
                12.480713844299316,
                60.34645080566406
              ],
              [
                12.382909774780273,
                60.065250396728516
              ],
              [
                11.832175254821777,
                59.85470962524414
              ],
              [
                11.829766273498535,
                59.714515686035156
              ],
              [
                11.738885879516602,
                59.714515686035156
              ],
              [
                11.733230590820312,
                59.36461639404297
              ],
              [
                11.82263469696045,
                59.294734954833984
              ],
              [
                11.732110023498535,
                59.294734954833984
              ],
              [
                11.636336326599121,
                58.94581604003906
              ],
              [
                11.096333503723145,
                59.08528518676758
              ],
              [
                11.09703254699707,
                59.15507125854492
              ],
              [
                10.825811386108398,
                59.15507125854492
              ],
              [
                10.555644989013672,
                59.36461639404297
              ],
              [
                10.557076454162598,
                59.64447021484375
              ],
              [
                10.466255187988281,
                59.64447021484375
              ],
              [
                10.373775482177734,
                59.15507125854492
              ],
              [
                10.192960739135742,
                59.15507125854492
              ],
              [
                10.012155532836914,
                58.94581604003906
              ],
              [
                9.65099048614502,
                59.015533447265625
              ],
              [
                9.561288833618164,
                58.876129150390625
              ],
              [
                9.380940437316895,
                58.876129150390625
              ],
              [
                9.381759643554688,
                58.73685073852539
              ],
              [
                9.111583709716797,
                58.73685073852539
              ],
              [
                9.112746238708496,
                58.59769821166992
              ],
              [
                8.932857513427734,
                58.59769821166992
              ],
              [
                8.66648006439209,
                58.31977081298828
              ],
              [
                7.597545146942139,
                57.97305679321289
              ],
              [
                6.611622333526611,
                58.042335510253906
              ],
              [
                6.515511512756348,
                58.2503662109375
              ],
              [
                5.700376510620117,
                58.45867156982422
              ],
              [
                5.514988899230957,
                58.59769821166992
              ],
              [
                5.497633457183838,
                59.015533447265625
              ],
              [
                5.949085235595703,
                59.015533447265625
              ],
              [
                6.026472091674805,
                59.36461639404297
              ],
              [
                5.842586994171143,
                59.434532165527344
              ],
              [
                5.848016262054443,
                59.294734954833984
              ],
              [
                5.214344501495361,
                59.294734954833984
              ],
              [
                5.283252716064453,
                59.78459548950195
              ],
              [
                5.192312240600586,
                59.78459548950195
              ],
              [
                5.18274974822998,
                59.99503707885742
              ],
              [
                5.450062274932861,
                60.135501861572266
              ],
              [
                5.261251449584961,
                60.276100158691406
              ],
              [
                4.899204254150391,
                60.20578384399414
              ],
              [
                4.888944625854492,
                60.416839599609375
              ],
              [
                5.160153865814209,
                60.48725891113281
              ],
              [
                4.949739456176758,
                61.05192565917969
              ],
              [
                5.127170562744141,
                61.193458557128906
              ],
              [
                5.034996509552002,
                61.193458557128906
              ],
              [
                4.928883075714111,
                61.47697448730469
              ],
              [
                5.199532508850098,
                61.618961334228516
              ],
              [
                4.921859741210938,
                61.618961334228516
              ],
              [
                4.91480016708374,
                61.7611083984375
              ],
              [
                5.186155319213867,
                61.90340805053711
              ],
              [
                5.076096057891846,
                62.259857177734375
              ],
              [
                5.451878070831299,
                62.18848419189453
              ],
              [
                5.44224739074707,
                62.4027214050293
              ],
              [
                5.722079753875732,
                62.4027214050293
              ],
              [
                5.731114864349365,
                62.18848419189453
              ],
              [
                5.917273044586182,
                62.18848419189453
              ],
              [
                5.908635139465332,
                62.4027214050293
              ],
              [
                6.559149742126465,
                62.474212646484375
              ],
              [
                6.642990112304688,
                62.76060485839844
              ],
              [
                7.395575523376465,
                62.61732482910156
              ],
              [
                7.391887664794922,
                62.76060485839844
              ],
              [
                6.921638965606689,
                62.83230972290039
              ],
              [
                6.915043354034424,
                63.047672271728516
              ],
              [
                7.94775915145874,
                63.047672271728516
              ],
              [
                7.944839000701904,
                63.191463470458984
              ],
              [
                8.226899147033691,
                63.191463470458984
              ],
              [
                8.22437858581543,
                63.33543014526367
              ],
              [
                7.753591537475586,
                63.33543014526367
              ],
              [
                7.843117713928223,
                63.55171203613281
              ],
              [
                8.221847534179688,
                63.479576110839844
              ],
              [
                8.501543998718262,
                63.69612503051758
              ],
              [
                9.068572044372559,
                63.69612503051758
              ],
              [
                8.976213455200195,
                63.479576110839844
              ],
              [
                9.259605407714844,
                63.4074821472168
              ],
              [
                9.352522850036621,
                63.623897552490234
              ],
              [
                9.54139232635498,
                63.623897552490234
              ],
              [
                9.540202140808105,
                63.91307830810547
              ],
              [
                9.919048309326172,
                63.98548889160156
              ],
              [
                9.919021606445312,
                64.13044738769531
              ],
              [
                10.29927921295166,
                64.27558898925781
              ],
              [
                10.299833297729492,
                64.4209213256836
              ],
              [
                10.873260498046875,
                64.63926696777344
              ],
              [
                11.159551620483398,
                64.63926696777344
              ],
              [
                11.34825611114502,
                64.49365234375
              ],
              [
                11.444689750671387,
                64.56643676757812
              ],
              [
                11.353676795959473,
                64.8580551147461
              ],
              [
                11.449325561523438,
                64.8580551147461
              ],
              [
                11.451669692993164,
                65.004150390625
              ],
              [
                11.740456581115723,
                65.07727813720703
              ],
              [
                11.839288711547852,
                65.22367095947266
              ],
              [
                12.12563419342041,
                65.15044403076172
              ],
              [
                12.03625774383545,
                65.44363403320312
              ],
              [
                12.132498741149902,
                65.44363403320312
              ],
              [
                12.135971069335938,
                65.59053039550781
              ],
              [
                12.525640487670898,
                65.73763275146484
              ],
              [
                12.529778480529785,
                65.88493347167969
              ],
              [
                12.336389541625977,
                65.88493347167969
              ],
              [
                12.439126968383789,
                66.10628509521484
              ],
              [
                12.342202186584473,
                66.10628509521484
              ],
              [
                12.346120834350586,
                66.25411987304688
              ],
              [
                12.637356758117676,
                66.25411987304688
              ],
              [
                12.632975578308105,
                66.10628509521484
              ],
              [
                12.824494361877441,
                66.0324478149414
              ],
              [
                12.928592681884766,
                66.25411987304688
              ],
              [
                13.122750282287598,
                66.25411987304688
              ],
              [
                12.940890312194824,
                66.6246337890625
              ],
              [
                13.233297348022461,
                66.6246337890625
              ],
              [
                13.238768577575684,
                66.77322387695312
              ],
              [
                13.629276275634766,
                66.77322387695312
              ],
              [
                13.540666580200195,
                66.99652099609375
              ],
              [
                13.641645431518555,
                67.0710678100586
              ],
              [
                14.13137435913086,
                67.0710678100586
              ],
              [
                14.436574935913086,
                67.29503631591797
              ],
              [
                14.546525001525879,
                67.51952362060547
              ],
              [
                14.94884204864502,
                67.66946411132812
              ],
              [
                15.065190315246582,
                67.97005462646484
              ],
              [
                15.36197566986084,
                67.97005462646484
              ],
              [
                15.579607009887695,
                68.27159118652344
              ],
              [
                15.877401351928711,
                68.27159118652344
              ],
              [
                15.882658958435059,
                68.34712219238281
              ],
              [
                15.092460632324219,
                68.42272186279297
              ],
              [
                14.984017372131348,
                68.27159118652344
              ],
              [
                14.186103820800781,
                68.19611358642578
              ],
              [
                14.193711280822754,
                68.34712219238281
              ],
              [
                14.400439262390137,
                68.49837493896484
              ],
              [
                14.902517318725586,
                68.57408905029297
              ],
              [
                14.911535263061523,
                68.7257080078125
              ],
              [
                14.408551216125488,
                68.64987182617188
              ],
              [
                14.416749954223633,
                68.8016128540039
              ],
              [
                14.925237655639648,
                68.95359802246094
              ],
              [
                15.034709930419922,
                69.10584259033203
              ],
              [
                15.330366134643555,
                69.0296859741211
              ],
              [
                15.315542221069336,
                68.8016128540039
              ],
              [
                15.515274047851562,
                68.8016128540039
              ],
              [
                15.440682411193848,
                69.18205261230469
              ],
              [
                15.752424240112305,
                69.33467864990234
              ],
              [
                16.154354095458984,
                69.33467864990234
              ],
              [
                16.14281463623047,
                69.18205261230469
              ],
              [
                15.93665599822998,
                69.10584259033203
              ],
              [
                15.92017650604248,
                68.87757110595703
              ],
              [
                16.61984634399414,
                68.87757110595703
              ],
              [
                16.607778549194336,
                68.7257080078125
              ],
              [
                17.212993621826172,
                68.8016128540039
              ],
              [
                17.23280143737793,
                69.0296859741211
              ],
              [
                17.332929611206055,
                69.0296859741211
              ],
              [
                17.319517135620117,
                68.87757110595703
              ],
              [
                17.519424438476562,
                68.87757110595703
              ],
              [
                17.647384643554688,
                69.18205261230469
              ],
              [
                17.03903579711914,
                69.10584259033203
              ],
              [
                16.958213806152344,
                69.33467864990234
              ],
              [
                16.85773277282715,
                69.33467864990234
              ],
              [
                16.87064552307129,
                69.487548828125
              ],
              [
                17.892112731933594,
                69.64068603515625
              ],
              [
                17.977924346923828,
                69.487548828125
              ],
              [
                18.581893920898438,
                69.487548828125
              ],
              [
                18.58993148803711,
                69.5640869140625
              ],
              [
                18.18692398071289,
                69.5640869140625
              ],
              [
                18.202392578125,
                69.71734619140625
              ],
              [
                18.816329956054688,
                69.79407501220703
              ],
              [
                18.72359275817871,
                69.8708724975586
              ],
              [
                18.748706817626953,
                70.10164642333984
              ],
              [
                18.85865020751953,
                70.17870330810547
              ],
              [
                19.661239624023438,
                70.10164642333984
              ],
              [
                19.58759307861328,
                70.3330307006836
              ],
              [
                19.790937423706055,
                70.3330307006836
              ],
              [
                19.883031845092773,
                70.2558364868164
              ],
              [
                19.835866928100586,
                69.8708724975586
              ],
              [
                20.03809928894043,
                69.8708724975586
              ],
              [
                20.158493041992188,
                70.024658203125
              ],
              [
                20.36109161376953,
                70.024658203125
              ],
              [
                20.289348602294922,
                70.2558364868164
              ],
              [
                20.807662963867188,
                70.3330307006836
              ],
              [
                20.766292572021484,
                70.024658203125
              ],
              [
                21.768152236938477,
                69.9477310180664
              ],
              [
                21.790483474731445,
                70.10164642333984
              ],
              [
                21.384912490844727,
                70.10164642333984
              ],
              [
                21.428739547729492,
                70.41029357910156
              ],
              [
                21.824390411376953,
                70.3330307006836
              ],
              [
                22.03934097290039,
                70.41029357910156
              ],
              [
                22.01618766784668,
                70.2558364868164
              ],
              [
                22.117767333984375,
                70.2558364868164
              ],
              [
                22.458450317382812,
                70.48763275146484
              ],
              [
                22.494966506958008,
                70.7200698852539
              ],
              [
                22.903554916381836,
                70.7200698852539
              ],
              [
                22.764034271240234,
                70.48763275146484
              ],
              [
                22.865896224975586,
                70.48763275146484
              ],
              [
                22.91806983947754,
                70.17870330810547
              ],
              [
                23.108585357666016,
                70.10164642333984
              ],
              [
                23.23513412475586,
                70.2558364868164
              ],
              [
                23.0319766998291,
                70.2558364868164
              ],
              [
                22.98033905029297,
                70.5650405883789
              ],
              [
                23.707347869873047,
                70.64251708984375
              ],
              [
                23.720733642578125,
                70.7200698852539
              ],
              [
                24.435766220092773,
                70.7200698852539
              ],
              [
                24.537912368774414,
                70.7200698852539
              ],
              [
                25.252944946289062,
                70.7200698852539
              ],
              [
                25.20870590209961,
                70.48763275146484
              ],
              [
                25.295875549316406,
                70.41029357910156
              ],
              [
                24.947778701782227,
                70.17870330810547
              ],
              [
                25.1507511138916,
                70.17870330810547
              ],
              [
                25.763681411743164,
                70.7200698852539
              ]
            ],
            [
              [
                17.88365936279297,
                68.49837493896484
              ],
              [
                17.78413963317871,
                68.49837493896484
              ],
              [
                17.777206420898438,
                68.42272186279297
              ],
              [
                17.87664222717285,
                68.42272186279297
              ],
              [
                17.88365936279297,
                68.49837493896484
              ]
            ],
            [
              [
                17.98318099975586,
                68.49837493896484
              ],
              [
                17.99031639099121,
                68.57408905029297
              ],
              [
                17.890710830688477,
                68.57408905029297
              ],
              [
                17.88365936279297,
                68.49837493896484
              ],
              [
                17.98318099975586,
                68.49837493896484
              ]
            ]
          ],
          [
            [
              [
                24.767276763916016,
                65.004150390625
              ],
              [
                24.7901554107666,
                65.15044403076172
              ],
              [
                24.886098861694336,
                65.15044403076172
              ],
              [
                24.982040405273438,
                65.15044403076172
              ],
              [
                24.9588680267334,
                65.004150390625
              ],
              [
                24.767276763916016,
                65.004150390625
              ]
            ]
          ],
          [
            [
              [
                22.15286636352539,
                70.48763275146484
              ],
              [
                22.18852424621582,
                70.7200698852539
              ],
              [
                22.29067039489746,
                70.7200698852539
              ],
              [
                22.27862548828125,
                70.64251708984375
              ],
              [
                22.254728317260742,
                70.48763275146484
              ],
              [
                22.15286636352539,
                70.48763275146484
              ]
            ]
          ],
          [
            [
              [
                21.984228134155273,
                70.7200698852539
              ],
              [
                22.086376190185547,
                70.7200698852539
              ],
              [
                22.074522018432617,
                70.64251708984375
              ],
              [
                22.062732696533203,
                70.5650405883789
              ],
              [
                21.96077537536621,
                70.5650405883789
              ],
              [
                21.972471237182617,
                70.64251708984375
              ],
              [
                21.984228134155273,
                70.7200698852539
              ]
            ]
          ],
          [
            [
              [
                33.60107421875,
                46.21768569946289
              ],
              [
                33.68288040161133,
                46.21768569946289
              ],
              [
                33.746238708496094,
                46.08650588989258
              ],
              [
                33.582763671875,
                46.08650588989258
              ],
              [
                33.60107421875,
                46.21768569946289
              ]
            ]
          ],
          [
            [
              [
                30.48729705810547,
                59.85470962524414
              ],
              [
                30.578296661376953,
                59.85470962524414
              ],
              [
                30.74659538269043,
                59.78459548950195
              ],
              [
                30.473773956298828,
                59.78459548950195
              ],
              [
                30.48729705810547,
                59.85470962524414
              ]
            ]
          ],
          [
            [
              [
                30.87894058227539,
                59.99503707885742
              ],
              [
                30.865100860595703,
                59.92485809326172
              ],
              [
                30.851299285888672,
                59.85470962524414
              ],
              [
                30.760297775268555,
                59.85470962524414
              ],
              [
                30.77404022216797,
                59.92485809326172
              ],
              [
                30.787818908691406,
                59.99503707885742
              ],
              [
                30.87894058227539,
                59.99503707885742
              ]
            ]
          ],
          [
            [
              [
                30.450523376464844,
                60.135501861572266
              ],
              [
                30.541767120361328,
                60.135501861572266
              ],
              [
                30.48729705810547,
                59.85470962524414
              ],
              [
                30.39629554748535,
                59.85470962524414
              ],
              [
                30.450523376464844,
                60.135501861572266
              ]
            ]
          ],
          [
            [
              [
                30.920692443847656,
                60.20578384399414
              ],
              [
                31.01199722290039,
                60.20578384399414
              ],
              [
                30.970062255859375,
                59.99503707885742
              ],
              [
                30.87894058227539,
                59.99503707885742
              ],
              [
                30.920692443847656,
                60.20578384399414
              ]
            ]
          ],
          [
            [
              [
                31.651121139526367,
                60.20578384399414
              ],
              [
                31.74242401123047,
                60.20578384399414
              ],
              [
                31.727920532226562,
                60.135501861572266
              ],
              [
                31.636676788330078,
                60.135501861572266
              ],
              [
                31.545434951782227,
                60.135501861572266
              ],
              [
                31.559818267822266,
                60.20578384399414
              ],
              [
                31.651121139526367,
                60.20578384399414
              ]
            ]
          ],
          [
            [
              [
                30.47786521911621,
                60.276100158691406
              ],
              [
                30.464176177978516,
                60.20578384399414
              ],
              [
                30.450523376464844,
                60.135501861572266
              ],
              [
                30.359281539916992,
                60.135501861572266
              ],
              [
                30.372873306274414,
                60.20578384399414
              ],
              [
                30.38650131225586,
                60.276100158691406
              ],
              [
                30.47786521911621,
                60.276100158691406
              ]
            ]
          ],
          [
            [
              [
                31.285907745361328,
                60.20578384399414
              ],
              [
                31.300146102905273,
                60.276100158691406
              ],
              [
                31.391511917114258,
                60.276100158691406
              ],
              [
                31.57423973083496,
                60.276100158691406
              ],
              [
                31.285907745361328,
                60.20578384399414
              ]
            ]
          ],
          [
            [
              [
                31.026052474975586,
                60.276100158691406
              ],
              [
                31.11741828918457,
                60.276100158691406
              ],
              [
                31.103300094604492,
                60.20578384399414
              ],
              [
                31.01199722290039,
                60.20578384399414
              ],
              [
                31.026052474975586,
                60.276100158691406
              ]
            ]
          ],
          [
            [
              [
                31.31442642211914,
                60.34645080566406
              ],
              [
                31.300146102905273,
                60.276100158691406
              ],
              [
                31.208782196044922,
                60.276100158691406
              ],
              [
                31.11741828918457,
                60.276100158691406
              ],
              [
                31.131574630737305,
                60.34645080566406
              ],
              [
                31.22300148010254,
                60.34645080566406
              ],
              [
                31.31442642211914,
                60.34645080566406
              ]
            ]
          ],
          [
            [
              [
                31.74242401123047,
                60.20578384399414
              ],
              [
                31.786182403564453,
                60.416839599609375
              ],
              [
                31.877670288085938,
                60.416839599609375
              ],
              [
                31.833728790283203,
                60.20578384399414
              ],
              [
                31.74242401123047,
                60.20578384399414
              ]
            ]
          ],
          [
            [
              [
                30.336069107055664,
                60.48725891113281
              ],
              [
                30.4276180267334,
                60.48725891113281
              ],
              [
                30.38650131225586,
                60.276100158691406
              ],
              [
                30.295137405395508,
                60.276100158691406
              ],
              [
                30.336069107055664,
                60.48725891113281
              ]
            ]
          ],
          [
            [
              [
                31.921981811523438,
                60.628211975097656
              ],
              [
                32.01365280151367,
                60.628211975097656
              ],
              [
                31.96915626525879,
                60.416839599609375
              ],
              [
                31.877670288085938,
                60.416839599609375
              ],
              [
                31.921981811523438,
                60.628211975097656
              ]
            ]
          ],
          [
            [
              [
                30.24452018737793,
                60.48725891113281
              ],
              [
                30.285612106323242,
                60.69873809814453
              ],
              [
                30.377347946166992,
                60.69873809814453
              ],
              [
                30.336069107055664,
                60.48725891113281
              ],
              [
                30.24452018737793,
                60.48725891113281
              ]
            ]
          ],
          [
            [
              [
                32.05852508544922,
                60.83990478515625
              ],
              [
                32.150386810302734,
                60.83990478515625
              ],
              [
                32.10532760620117,
                60.628211975097656
              ],
              [
                32.01365280151367,
                60.628211975097656
              ],
              [
                32.05852508544922,
                60.83990478515625
              ]
            ]
          ],
          [
            [
              [
                30.299386978149414,
                60.76930236816406
              ],
              [
                30.285612106323242,
                60.69873809814453
              ],
              [
                30.193878173828125,
                60.69873809814453
              ],
              [
                30.207590103149414,
                60.76930236816406
              ],
              [
                30.22134017944336,
                60.83990478515625
              ],
              [
                30.313199996948242,
                60.83990478515625
              ],
              [
                30.299386978149414,
                60.76930236816406
              ]
            ]
          ],
          [
            [
              [
                30.12948226928711,
                60.83990478515625
              ],
              [
                30.14320945739746,
                60.91054153442383
              ],
              [
                30.235130310058594,
                60.91054153442383
              ],
              [
                30.22134017944336,
                60.83990478515625
              ],
              [
                30.12948226928711,
                60.83990478515625
              ]
            ]
          ],
          [
            [
              [
                31.981645584106445,
                60.91054153442383
              ],
              [
                32.07356643676758,
                60.91054153442383
              ],
              [
                32.05852508544922,
                60.83990478515625
              ],
              [
                31.96666717529297,
                60.83990478515625
              ],
              [
                31.874807357788086,
                60.83990478515625
              ],
              [
                31.889724731445312,
                60.91054153442383
              ],
              [
                31.981645584106445,
                60.91054153442383
              ]
            ]
          ],
          [
            [
              [
                30.051286697387695,
                60.91054153442383
              ],
              [
                30.06498908996582,
                60.9812126159668
              ],
              [
                30.15697479248047,
                60.9812126159668
              ],
              [
                30.14320945739746,
                60.91054153442383
              ],
              [
                30.051286697387695,
                60.91054153442383
              ]
            ]
          ],
          [
            [
              [
                31.812698364257812,
                60.9812126159668
              ],
              [
                31.904682159423828,
                60.9812126159668
              ],
              [
                31.889724731445312,
                60.91054153442383
              ],
              [
                31.797801971435547,
                60.91054153442383
              ],
              [
                31.812698364257812,
                60.9812126159668
              ]
            ]
          ],
          [
            [
              [
                29.986682891845703,
                61.05192565917969
              ],
              [
                30.078731536865234,
                61.05192565917969
              ],
              [
                30.06498908996582,
                60.9812126159668
              ],
              [
                29.973005294799805,
                60.9812126159668
              ],
              [
                29.986682891845703,
                61.05192565917969
              ]
            ]
          ],
          [
            [
              [
                31.842615127563477,
                61.12267303466797
              ],
              [
                31.827634811401367,
                61.05192565917969
              ],
              [
                31.812698364257812,
                60.9812126159668
              ],
              [
                31.720712661743164,
                60.9812126159668
              ],
              [
                31.73558807373047,
                61.05192565917969
              ],
              [
                31.750503540039062,
                61.12267303466797
              ],
              [
                31.842615127563477,
                61.12267303466797
              ]
            ]
          ],
          [
            [
              [
                29.908288955688477,
                61.12267303466797
              ],
              [
                30.00040054321289,
                61.12267303466797
              ],
              [
                29.986682891845703,
                61.05192565917969
              ],
              [
                29.894636154174805,
                61.05192565917969
              ],
              [
                29.908288955688477,
                61.12267303466797
              ]
            ]
          ],
          [
            [
              [
                31.673288345336914,
                61.193458557128906
              ],
              [
                31.76546287536621,
                61.193458557128906
              ],
              [
                31.750503540039062,
                61.12267303466797
              ],
              [
                31.65839385986328,
                61.12267303466797
              ],
              [
                31.673288345336914,
                61.193458557128906
              ]
            ]
          ],
          [
            [
              [
                31.595989227294922,
                61.264278411865234
              ],
              [
                31.6882266998291,
                61.264278411865234
              ],
              [
                31.673288345336914,
                61.193458557128906
              ],
              [
                31.581113815307617,
                61.193458557128906
              ],
              [
                31.488941192626953,
                61.193458557128906
              ],
              [
                31.503751754760742,
                61.264278411865234
              ],
              [
                31.595989227294922,
                61.264278411865234
              ]
            ]
          ],
          [
            [
              [
                31.51860237121582,
                61.335140228271484
              ],
              [
                31.503751754760742,
                61.264278411865234
              ],
              [
                31.411514282226562,
                61.264278411865234
              ],
              [
                31.319276809692383,
                61.264278411865234
              ],
              [
                31.334001541137695,
                61.335140228271484
              ],
              [
                31.426301956176758,
                61.335140228271484
              ],
              [
                31.51860237121582,
                61.335140228271484
              ]
            ]
          ],
          [
            [
              [
                30.13408660888672,
                61.335140228271484
              ],
              [
                30.120187759399414,
                61.264278411865234
              ],
              [
                30.027950286865234,
                61.264278411865234
              ],
              [
                29.935712814331055,
                61.264278411865234
              ],
              [
                29.94948387145996,
                61.335140228271484
              ],
              [
                30.041784286499023,
                61.335140228271484
              ],
              [
                30.13408660888672,
                61.335140228271484
              ]
            ]
          ],
          [
            [
              [
                31.25640296936035,
                61.40604019165039
              ],
              [
                31.348766326904297,
                61.40604019165039
              ],
              [
                31.334001541137695,
                61.335140228271484
              ],
              [
                31.24169921875,
                61.335140228271484
              ],
              [
                31.149398803710938,
                61.335140228271484
              ],
              [
                31.164037704467773,
                61.40604019165039
              ],
              [
                31.25640296936035,
                61.40604019165039
              ]
            ]
          ],
          [
            [
              [
                30.13408660888672,
                61.335140228271484
              ],
              [
                30.148021697998047,
                61.40604019165039
              ],
              [
                30.240386962890625,
                61.40604019165039
              ],
              [
                30.22638702392578,
                61.335140228271484
              ],
              [
                30.13408660888672,
                61.335140228271484
              ]
            ]
          ],
          [
            [
              [
                31.086288452148438,
                61.47697448730469
              ],
              [
                31.1787166595459,
                61.47697448730469
              ],
              [
                31.164037704467773,
                61.40604019165039
              ],
              [
                31.071672439575195,
                61.40604019165039
              ],
              [
                30.979307174682617,
                61.40604019165039
              ],
              [
                30.993860244750977,
                61.47697448730469
              ],
              [
                31.086288452148438,
                61.47697448730469
              ]
            ]
          ],
          [
            [
              [
                30.254426956176758,
                61.47697448730469
              ],
              [
                30.34685707092285,
                61.47697448730469
              ],
              [
                30.531713485717773,
                61.47697448730469
              ],
              [
                30.240386962890625,
                61.40604019165039
              ],
              [
                30.254426956176758,
                61.47697448730469
              ]
            ]
          ],
          [
            [
              [
                30.91596031188965,
                61.547950744628906
              ],
              [
                31.008453369140625,
                61.547950744628906
              ],
              [
                30.993860244750977,
                61.47697448730469
              ],
              [
                30.901430130004883,
                61.47697448730469
              ],
              [
                30.91596031188965,
                61.547950744628906
              ]
            ]
          ],
          [
            [
              [
                30.531713485717773,
                61.47697448730469
              ],
              [
                30.54598617553711,
                61.547950744628906
              ],
              [
                30.638479232788086,
                61.547950744628906
              ],
              [
                30.624143600463867,
                61.47697448730469
              ],
              [
                30.531713485717773,
                61.47697448730469
              ]
            ]
          ],
          [
            [
              [
                30.652856826782227,
                61.618961334228516
              ],
              [
                30.74541473388672,
                61.618961334228516
              ],
              [
                30.930530548095703,
                61.618961334228516
              ],
              [
                30.638479232788086,
                61.547950744628906
              ],
              [
                30.652856826782227,
                61.618961334228516
              ]
            ]
          ],
          [
            [
              [
                34.08609390258789,
                62.045867919921875
              ],
              [
                34.06911087036133,
                61.97461700439453
              ],
              [
                33.97623062133789,
                61.97461700439453
              ],
              [
                33.99314498901367,
                62.045867919921875
              ],
              [
                34.010108947753906,
                62.117156982421875
              ],
              [
                34.103118896484375,
                62.117156982421875
              ],
              [
                34.08609390258789,
                62.045867919921875
              ]
            ]
          ],
          [
            [
              [
                33.91709518432617,
                62.117156982421875
              ],
              [
                34.00230407714844,
                62.474212646484375
              ],
              [
                34.095645904541016,
                62.474212646484375
              ],
              [
                34.010108947753906,
                62.117156982421875
              ],
              [
                33.91709518432617,
                62.117156982421875
              ]
            ]
          ],
          [
            [
              [
                34.23663330078125,
                31.464719772338867
              ],
              [
                34.31280517578125,
                31.464719772338867
              ],
              [
                34.30759811401367,
                31.40045166015625
              ],
              [
                34.231441497802734,
                31.40045166015625
              ],
              [
                34.23663330078125,
                31.464719772338867
              ]
            ]
          ],
          [
            [
              [
                34.32783889770508,
                46.1520881652832
              ],
              [
                34.318397521972656,
                46.08650588989258
              ],
              [
                34.390682220458984,
                46.02093505859375
              ],
              [
                34.227272033691406,
                46.02093505859375
              ],
              [
                34.32783889770508,
                46.1520881652832
              ]
            ]
          ],
          [
            [
              [
                35.216129302978516,
                60.9812126159668
              ],
              [
                35.233394622802734,
                61.05192565917969
              ],
              [
                35.325443267822266,
                61.05192565917969
              ],
              [
                35.30811309814453,
                60.9812126159668
              ],
              [
                35.216129302978516,
                60.9812126159668
              ]
            ]
          ],
          [
            [
              [
                35.28073501586914,
                61.618961334228516
              ],
              [
                35.373291015625,
                61.618961334228516
              ],
              [
                35.35563278198242,
                61.547950744628906
              ],
              [
                35.26313781738281,
                61.547950744628906
              ],
              [
                35.17064666748047,
                61.547950744628906
              ],
              [
                35.188175201416016,
                61.618961334228516
              ],
              [
                35.28073501586914,
                61.618961334228516
              ]
            ]
          ],
          [
            [
              [
                34.81794738769531,
                61.618961334228516
              ],
              [
                34.835269927978516,
                61.69001388549805
              ],
              [
                34.92789077758789,
                61.69001388549805
              ],
              [
                35.20575714111328,
                61.69001388549805
              ],
              [
                34.81794738769531,
                61.618961334228516
              ]
            ]
          ],
          [
            [
              [
                34.574581146240234,
                61.7611083984375
              ],
              [
                34.667266845703125,
                61.7611083984375
              ],
              [
                34.85264205932617,
                61.7611083984375
              ],
              [
                34.557403564453125,
                61.69001388549805
              ],
              [
                34.574581146240234,
                61.7611083984375
              ]
            ]
          ],
          [
            [
              [
                34.31354904174805,
                61.832237243652344
              ],
              [
                34.40630340576172,
                61.832237243652344
              ],
              [
                34.59180450439453,
                61.832237243652344
              ],
              [
                34.2965202331543,
                61.7611083984375
              ],
              [
                34.31354904174805,
                61.832237243652344
              ]
            ]
          ],
          [
            [
              [
                34.23781204223633,
                61.90340805053711
              ],
              [
                34.330631256103516,
                61.90340805053711
              ],
              [
                34.31354904174805,
                61.832237243652344
              ],
              [
                34.22079849243164,
                61.832237243652344
              ],
              [
                34.128047943115234,
                61.832237243652344
              ],
              [
                34.144996643066406,
                61.90340805053711
              ],
              [
                34.23781204223633,
                61.90340805053711
              ]
            ]
          ],
          [
            [
              [
                34.06911087036133,
                61.97461700439453
              ],
              [
                34.16199493408203,
                61.97461700439453
              ],
              [
                34.144996643066406,
                61.90340805053711
              ],
              [
                34.052181243896484,
                61.90340805053711
              ],
              [
                34.06911087036133,
                61.97461700439453
              ]
            ]
          ],
          [
            [
              [
                34.771751403808594,
                62.18848419189453
              ],
              [
                34.864830017089844,
                62.18848419189453
              ],
              [
                34.847225189208984,
                62.117156982421875
              ],
              [
                34.75421142578125,
                62.117156982421875
              ],
              [
                34.771751403808594,
                62.18848419189453
              ]
            ]
          ],
          [
            [
              [
                35.330223083496094,
                62.18848419189453
              ],
              [
                35.34820556640625,
                62.259857177734375
              ],
              [
                35.44135284423828,
                62.259857177734375
              ],
              [
                35.423301696777344,
                62.18848419189453
              ],
              [
                35.330223083496094,
                62.18848419189453
              ]
            ]
          ],
          [
            [
              [
                34.69619369506836,
                62.259857177734375
              ],
              [
                34.789337158203125,
                62.259857177734375
              ],
              [
                34.771751403808594,
                62.18848419189453
              ],
              [
                34.67866897583008,
                62.18848419189453
              ],
              [
                34.69619369506836,
                62.259857177734375
              ]
            ]
          ],
          [
            [
              [
                35.27302932739258,
                62.331268310546875
              ],
              [
                35.366241455078125,
                62.331268310546875
              ],
              [
                35.34820556640625,
                62.259857177734375
              ],
              [
                35.255062103271484,
                62.259857177734375
              ],
              [
                35.27302932739258,
                62.331268310546875
              ]
            ]
          ],
          [
            [
              [
                34.62055206298828,
                62.331268310546875
              ],
              [
                34.71376419067383,
                62.331268310546875
              ],
              [
                34.69619369506836,
                62.259857177734375
              ],
              [
                34.60304641723633,
                62.259857177734375
              ],
              [
                34.50990295410156,
                62.259857177734375
              ],
              [
                34.527339935302734,
                62.331268310546875
              ],
              [
                34.62055206298828,
                62.331268310546875
              ]
            ]
          ],
          [
            [
              [
                34.43413162231445,
                62.331268310546875
              ],
              [
                34.45155334472656,
                62.4027214050293
              ],
              [
                34.544830322265625,
                62.4027214050293
              ],
              [
                34.527339935302734,
                62.331268310546875
              ],
              [
                34.43413162231445,
                62.331268310546875
              ]
            ]
          ],
          [
            [
              [
                35.309120178222656,
                62.474212646484375
              ],
              [
                35.29104995727539,
                62.4027214050293
              ],
              [
                35.27302932739258,
                62.331268310546875
              ],
              [
                35.17981719970703,
                62.331268310546875
              ],
              [
                35.19777297973633,
                62.4027214050293
              ],
              [
                35.21577453613281,
                62.474212646484375
              ],
              [
                35.309120178222656,
                62.474212646484375
              ]
            ]
          ],
          [
            [
              [
                34.469024658203125,
                62.474212646484375
              ],
              [
                34.45155334472656,
                62.4027214050293
              ],
              [
                34.358272552490234,
                62.4027214050293
              ],
              [
                34.37567901611328,
                62.474212646484375
              ],
              [
                34.39313507080078,
                62.54574966430664
              ],
              [
                34.48654556274414,
                62.54574966430664
              ],
              [
                34.469024658203125,
                62.474212646484375
              ]
            ]
          ],
          [
            [
              [
                35.007469177246094,
                62.76060485839844
              ],
              [
                35.10108184814453,
                62.76060485839844
              ],
              [
                34.957908630371094,
                62.18848419189453
              ],
              [
                34.864830017089844,
                62.18848419189453
              ],
              [
                35.007469177246094,
                62.76060485839844
              ]
            ]
          ],
          [
            [
              [
                34.22368240356445,
                62.61732482910156
              ],
              [
                34.20631408691406,
                62.54574966430664
              ],
              [
                34.18899154663086,
                62.474212646484375
              ],
              [
                34.095645904541016,
                62.474212646484375
              ],
              [
                34.11289978027344,
                62.54574966430664
              ],
              [
                34.13020706176758,
                62.61732482910156
              ],
              [
                34.22368240356445,
                62.61732482910156
              ]
            ]
          ],
          [
            [
              [
                34.317161560058594,
                62.61732482910156
              ],
              [
                34.41063690185547,
                62.61732482910156
              ],
              [
                34.39313507080078,
                62.54574966430664
              ],
              [
                34.29972457885742,
                62.54574966430664
              ],
              [
                34.317161560058594,
                62.61732482910156
              ]
            ]
          ],
          [
            [
              [
                35.19469451904297,
                62.76060485839844
              ],
              [
                35.288307189941406,
                62.76060485839844
              ],
              [
                35.21577453613281,
                62.474212646484375
              ],
              [
                35.122432708740234,
                62.474212646484375
              ],
              [
                35.19469451904297,
                62.76060485839844
              ]
            ]
          ],
          [
            [
              [
                34.22368240356445,
                62.61732482910156
              ],
              [
                34.24110412597656,
                62.68894577026367
              ],
              [
                34.33464813232422,
                62.68894577026367
              ],
              [
                34.317161560058594,
                62.61732482910156
              ],
              [
                34.22368240356445,
                62.61732482910156
              ]
            ]
          ],
          [
            [
              [
                34.93185043334961,
                62.83230972290039
              ],
              [
                35.02553176879883,
                62.83230972290039
              ],
              [
                35.007469177246094,
                62.76060485839844
              ],
              [
                34.913856506347656,
                62.76060485839844
              ],
              [
                34.93185043334961,
                62.83230972290039
              ]
            ]
          ],
          [
            [
              [
                35.30656814575195,
                62.83230972290039
              ],
              [
                35.40024948120117,
                62.83230972290039
              ],
              [
                35.381919860839844,
                62.76060485839844
              ],
              [
                35.288307189941406,
                62.76060485839844
              ],
              [
                35.30656814575195,
                62.83230972290039
              ]
            ]
          ],
          [
            [
              [
                34.838172912597656,
                62.83230972290039
              ],
              [
                34.85614776611328,
                62.904052734375
              ],
              [
                34.949893951416016,
                62.904052734375
              ],
              [
                34.93185043334961,
                62.83230972290039
              ],
              [
                34.838172912597656,
                62.83230972290039
              ]
            ]
          ],
          [
            [
              [
                35.212890625,
                62.83230972290039
              ],
              [
                35.231136322021484,
                62.904052734375
              ],
              [
                35.32488250732422,
                62.904052734375
              ],
              [
                35.30656814575195,
                62.83230972290039
              ],
              [
                35.212890625,
                62.83230972290039
              ]
            ]
          ],
          [
            [
              [
                35.13739013671875,
                62.904052734375
              ],
              [
                35.15562057495117,
                62.9758415222168
              ],
              [
                35.24943542480469,
                62.9758415222168
              ],
              [
                35.231136322021484,
                62.904052734375
              ],
              [
                35.13739013671875,
                62.904052734375
              ]
            ]
          ],
          [
            [
              [
                34.59272766113281,
                62.9758415222168
              ],
              [
                34.686546325683594,
                62.9758415222168
              ],
              [
                34.874176025390625,
                62.9758415222168
              ],
              [
                34.57490539550781,
                62.904052734375
              ],
              [
                34.59272766113281,
                62.9758415222168
              ]
            ]
          ],
          [
            [
              [
                35.17390441894531,
                63.047672271728516
              ],
              [
                35.15562057495117,
                62.9758415222168
              ],
              [
                35.061805725097656,
                62.9758415222168
              ],
              [
                34.96799087524414,
                62.9758415222168
              ],
              [
                34.98613739013672,
                63.047672271728516
              ],
              [
                35.080020904541016,
                63.047672271728516
              ],
              [
                35.17390441894531,
                63.047672271728516
              ]
            ]
          ],
          [
            [
              [
                34.311283111572266,
                62.9758415222168
              ],
              [
                34.32895278930664,
                63.047672271728516
              ],
              [
                34.42283630371094,
                63.047672271728516
              ],
              [
                34.61060333251953,
                63.047672271728516
              ],
              [
                34.311283111572266,
                62.9758415222168
              ]
            ]
          ],
          [
            [
              [
                34.72248077392578,
                63.11954879760742
              ],
              [
                34.81643295288086,
                63.11954879760742
              ],
              [
                35.004337310791016,
                63.11954879760742
              ],
              [
                34.70448684692383,
                63.047672271728516
              ],
              [
                34.72248077392578,
                63.11954879760742
              ]
            ]
          ],
          [
            [
              [
                34.346675872802734,
                63.11954879760742
              ],
              [
                34.32895278930664,
                63.047672271728516
              ],
              [
                34.23507308959961,
                63.047672271728516
              ],
              [
                34.14118957519531,
                63.047672271728516
              ],
              [
                34.15877151489258,
                63.11954879760742
              ],
              [
                34.252723693847656,
                63.11954879760742
              ],
              [
                34.346675872802734,
                63.11954879760742
              ]
            ]
          ],
          [
            [
              [
                34.44062805175781,
                63.11954879760742
              ],
              [
                34.45846939086914,
                63.191463470458984
              ],
              [
                34.552490234375,
                63.191463470458984
              ],
              [
                34.74052810668945,
                63.191463470458984
              ],
              [
                34.44062805175781,
                63.11954879760742
              ]
            ]
          ],
          [
            [
              [
                34.17640686035156,
                63.191463470458984
              ],
              [
                34.15877151489258,
                63.11954879760742
              ],
              [
                34.064823150634766,
                63.11954879760742
              ],
              [
                34.08238983154297,
                63.191463470458984
              ],
              [
                34.100006103515625,
                63.263427734375
              ],
              [
                34.194095611572266,
                63.263427734375
              ],
              [
                34.17640686035156,
                63.191463470458984
              ]
            ]
          ],
          [
            [
              [
                34.47636032104492,
                63.263427734375
              ],
              [
                34.45846939086914,
                63.191463470458984
              ],
              [
                34.36444854736328,
                63.191463470458984
              ],
              [
                34.27042770385742,
                63.191463470458984
              ],
              [
                34.288185119628906,
                63.263427734375
              ],
              [
                34.38227081298828,
                63.263427734375
              ],
              [
                34.47636032104492,
                63.263427734375
              ]
            ]
          ],
          [
            [
              [
                34.194095611572266,
                63.263427734375
              ],
              [
                34.211830139160156,
                63.33543014526367
              ],
              [
                34.30598831176758,
                63.33543014526367
              ],
              [
                34.288185119628906,
                63.263427734375
              ],
              [
                34.194095611572266,
                63.263427734375
              ]
            ]
          ],
          [
            [
              [
                48.20747375488281,
                30.500701904296875
              ],
              [
                48.28340148925781,
                30.500701904296875
              ],
              [
                48.27554702758789,
                30.436433792114258
              ],
              [
                48.19963455200195,
                30.436433792114258
              ],
              [
                48.20747375488281,
                30.500701904296875
              ]
            ]
          ],
          [
            [
              [
                47.662899017333984,
                31.014846801757812
              ],
              [
                47.738956451416016,
                31.014846801757812
              ],
              [
                47.81501388549805,
                31.014846801757812
              ],
              [
                47.80701446533203,
                30.950578689575195
              ],
              [
                47.73097229003906,
                30.950578689575195
              ],
              [
                47.65493392944336,
                30.950578689575195
              ],
              [
                47.662899017333984,
                31.014846801757812
              ]
            ]
          ],
          [
            [
              [
                47.88840103149414,
                31.593257904052734
              ],
              [
                47.880123138427734,
                31.528987884521484
              ],
              [
                47.87187576293945,
                31.464719772338867
              ],
              [
                47.8636589050293,
                31.40045166015625
              ],
              [
                47.78750228881836,
                31.40045166015625
              ],
              [
                47.79570007324219,
                31.464719772338867
              ],
              [
                47.803932189941406,
                31.528987884521484
              ],
              [
                47.812191009521484,
                31.593257904052734
              ],
              [
                47.88840103149414,
                31.593257904052734
              ]
            ]
          ],
          [
            [
              [
                47.98967361450195,
                31.78606605529785
              ],
              [
                47.98128890991211,
                31.7217960357666
              ],
              [
                47.97293472290039,
                31.65752601623535
              ],
              [
                47.96460723876953,
                31.593257904052734
              ],
              [
                47.88840103149414,
                31.593257904052734
              ],
              [
                47.89670944213867,
                31.65752601623535
              ],
              [
                47.90504837036133,
                31.7217960357666
              ],
              [
                47.913414001464844,
                31.78606605529785
              ],
              [
                47.98967361450195,
                31.78606605529785
              ]
            ]
          ],
          [
            [
              [
                47.85395050048828,
                31.91460609436035
              ],
              [
                47.93024444580078,
                31.91460609436035
              ],
              [
                47.92181396484375,
                31.8503360748291
              ],
              [
                47.913414001464844,
                31.78606605529785
              ],
              [
                47.837154388427734,
                31.78606605529785
              ],
              [
                47.84553527832031,
                31.8503360748291
              ],
              [
                47.85395050048828,
                31.91460609436035
              ]
            ]
          ],
          [
            [
              [
                35.81034851074219,
                32.878753662109375
              ],
              [
                35.80439376831055,
                32.81447219848633
              ],
              [
                35.798458099365234,
                32.75019073486328
              ],
              [
                35.7219352722168,
                32.75019073486328
              ],
              [
                35.72785186767578,
                32.81447219848633
              ],
              [
                35.73378372192383,
                32.878753662109375
              ],
              [
                35.81034851074219,
                32.878753662109375
              ]
            ]
          ],
          [
            [
              [
                35.84040069580078,
                33.20018768310547
              ],
              [
                35.917057037353516,
                33.20018768310547
              ],
              [
                35.89289855957031,
                32.94303894042969
              ],
              [
                35.88690948486328,
                32.878753662109375
              ],
              [
                35.81034851074219,
                32.878753662109375
              ],
              [
                35.84040069580078,
                33.20018768310547
              ]
            ]
          ],
          [
            [
              [
                35.7758674621582,
                33.32876968383789
              ],
              [
                35.85255813598633,
                33.32876968383789
              ],
              [
                35.84646987915039,
                33.26447677612305
              ],
              [
                35.84040069580078,
                33.20018768310547
              ],
              [
                35.76374816894531,
                33.20018768310547
              ],
              [
                35.769798278808594,
                33.26447677612305
              ],
              [
                35.7758674621582,
                33.32876968383789
              ]
            ]
          ],
          [
            [
              [
                39.660037994384766,
                33.77885055541992
              ],
              [
                39.65288543701172,
                33.71455001831055
              ],
              [
                39.57608413696289,
                33.71455001831055
              ],
              [
                39.583213806152344,
                33.77885055541992
              ],
              [
                39.660037994384766,
                33.77885055541992
              ]
            ]
          ],
          [
            [
              [
                40.55723190307617,
                34.22901916503906
              ],
              [
                40.549720764160156,
                34.164703369140625
              ],
              [
                40.472782135009766,
                34.164703369140625
              ],
              [
                40.48027420043945,
                34.22901916503906
              ],
              [
                40.55723190307617,
                34.22901916503906
              ]
            ]
          ],
          [
            [
              [
                41.19732666015625,
                35.065311431884766
              ],
              [
                41.27454376220703,
                35.065311431884766
              ],
              [
                41.266597747802734,
                35.00096893310547
              ],
              [
                41.18939971923828,
                35.00096893310547
              ],
              [
                41.19732666015625,
                35.065311431884766
              ]
            ]
          ],
          [
            [
              [
                48.71894836425781,
                38.54513168334961
              ],
              [
                48.7973518371582,
                38.54513168334961
              ],
              [
                48.78577423095703,
                38.48057174682617
              ],
              [
                48.7073974609375,
                38.48057174682617
              ],
              [
                48.71894836425781,
                38.54513168334961
              ]
            ]
          ],
          [
            [
              [
                44.59770965576172,
                39.70827102661133
              ],
              [
                44.67655563354492,
                39.70827102661133
              ],
              [
                44.75540542602539,
                39.70827102661133
              ],
              [
                44.74440383911133,
                39.64360046386719
              ],
              [
                44.66558074951172,
                39.64360046386719
              ],
              [
                44.58675765991211,
                39.64360046386719
              ],
              [
                44.59770965576172,
                39.70827102661133
              ]
            ]
          ],
          [
            [
              [
                48.29230499267578,
                42.041324615478516
              ],
              [
                48.37213134765625,
                42.041324615478516
              ],
              [
                48.35853958129883,
                41.97637939453125
              ],
              [
                48.278743743896484,
                41.97637939453125
              ],
              [
                48.29230499267578,
                42.041324615478516
              ]
            ]
          ],
          [
            [
              [
                35.49208450317383,
                60.9812126159668
              ],
              [
                35.47467803955078,
                60.91054153442383
              ],
              [
                35.382755279541016,
                60.91054153442383
              ],
              [
                35.29083251953125,
                60.91054153442383
              ],
              [
                35.30811309814453,
                60.9812126159668
              ],
              [
                35.40009689331055,
                60.9812126159668
              ],
              [
                35.49208450317383,
                60.9812126159668
              ]
            ]
          ],
          [
            [
              [
                35.601585388183594,
                61.05192565917969
              ],
              [
                35.693634033203125,
                61.05192565917969
              ],
              [
                35.67605209350586,
                60.9812126159668
              ],
              [
                35.584068298339844,
                60.9812126159668
              ],
              [
                35.49208450317383,
                60.9812126159668
              ],
              [
                35.50954055786133,
                61.05192565917969
              ],
              [
                35.601585388183594,
                61.05192565917969
              ]
            ]
          ],
          [
            [
              [
                35.711265563964844,
                61.12267303466797
              ],
              [
                35.803375244140625,
                61.12267303466797
              ],
              [
                35.785682678222656,
                61.05192565917969
              ],
              [
                35.693634033203125,
                61.05192565917969
              ],
              [
                35.711265563964844,
                61.12267303466797
              ]
            ]
          ],
          [
            [
              [
                35.434932708740234,
                61.12267303466797
              ],
              [
                35.4174919128418,
                61.05192565917969
              ],
              [
                35.325443267822266,
                61.05192565917969
              ],
              [
                35.34282302856445,
                61.12267303466797
              ],
              [
                35.36024856567383,
                61.193458557128906
              ],
              [
                35.452423095703125,
                61.193458557128906
              ],
              [
                35.434932708740234,
                61.12267303466797
              ]
            ]
          ],
          [
            [
              [
                35.913291931152344,
                61.193458557128906
              ],
              [
                36.00546646118164,
                61.193458557128906
              ],
              [
                35.98759841918945,
                61.12267303466797
              ],
              [
                35.895484924316406,
                61.12267303466797
              ],
              [
                35.803375244140625,
                61.12267303466797
              ],
              [
                35.82112121582031,
                61.193458557128906
              ],
              [
                35.913291931152344,
                61.193458557128906
              ]
            ]
          ],
          [
            [
              [
                36.11562728881836,
                61.264278411865234
              ],
              [
                36.09764099121094,
                61.193458557128906
              ],
              [
                36.00546646118164,
                61.193458557128906
              ],
              [
                36.02338790893555,
                61.264278411865234
              ],
              [
                36.041358947753906,
                61.335140228271484
              ],
              [
                36.13365936279297,
                61.335140228271484
              ],
              [
                36.11562728881836,
                61.264278411865234
              ]
            ]
          ],
          [
            [
              [
                35.56220245361328,
                61.264278411865234
              ],
              [
                35.54459762573242,
                61.193458557128906
              ],
              [
                35.452423095703125,
                61.193458557128906
              ],
              [
                35.46996307373047,
                61.264278411865234
              ],
              [
                35.487552642822266,
                61.335140228271484
              ],
              [
                35.57985305786133,
                61.335140228271484
              ],
              [
                35.56220245361328,
                61.264278411865234
              ]
            ]
          ],
          [
            [
              [
                35.52288055419922,
                61.47697448730469
              ],
              [
                35.505191802978516,
                61.40604019165039
              ],
              [
                35.487552642822266,
                61.335140228271484
              ],
              [
                35.3952522277832,
                61.335140228271484
              ],
              [
                35.41282653808594,
                61.40604019165039
              ],
              [
                35.430450439453125,
                61.47697448730469
              ],
              [
                35.52288055419922,
                61.47697448730469
              ]
            ]
          ],
          [
            [
              [
                36.07745361328125,
                61.47697448730469
              ],
              [
                36.05937957763672,
                61.40604019165039
              ],
              [
                36.041358947753906,
                61.335140228271484
              ],
              [
                35.949058532714844,
                61.335140228271484
              ],
              [
                35.967018127441406,
                61.40604019165039
              ],
              [
                35.985023498535156,
                61.47697448730469
              ],
              [
                36.07745361328125,
                61.47697448730469
              ]
            ]
          ],
          [
            [
              [
                35.33802032470703,
                61.47697448730469
              ],
              [
                35.35563278198242,
                61.547950744628906
              ],
              [
                35.448123931884766,
                61.547950744628906
              ],
              [
                35.430450439453125,
                61.47697448730469
              ],
              [
                35.33802032470703,
                61.47697448730469
              ]
            ]
          ],
          [
            [
              [
                36.188072204589844,
                61.547950744628906
              ],
              [
                36.169883728027344,
                61.47697448730469
              ],
              [
                36.07745361328125,
                61.47697448730469
              ],
              [
                36.095577239990234,
                61.547950744628906
              ],
              [
                36.11375045776367,
                61.618961334228516
              ],
              [
                36.2063102722168,
                61.618961334228516
              ],
              [
                36.188072204589844,
                61.547950744628906
              ]
            ]
          ],
          [
            [
              [
                36.13197708129883,
                61.69001388549805
              ],
              [
                36.11375045776367,
                61.618961334228516
              ],
              [
                36.02119445800781,
                61.618961334228516
              ],
              [
                36.03935623168945,
                61.69001388549805
              ],
              [
                36.05756759643555,
                61.7611083984375
              ],
              [
                36.1502571105957,
                61.7611083984375
              ],
              [
                36.13197708129883,
                61.69001388549805
              ]
            ]
          ],
          [
            [
              [
                35.964881896972656,
                61.7611083984375
              ],
              [
                35.98308181762695,
                61.832237243652344
              ],
              [
                36.07583236694336,
                61.832237243652344
              ],
              [
                36.05756759643555,
                61.7611083984375
              ],
              [
                35.964881896972656,
                61.7611083984375
              ]
            ]
          ],
          [
            [
              [
                35.90851593017578,
                61.90340805053711
              ],
              [
                36.0013313293457,
                61.90340805053711
              ],
              [
                35.98308181762695,
                61.832237243652344
              ],
              [
                35.89033126831055,
                61.832237243652344
              ],
              [
                35.90851593017578,
                61.90340805053711
              ]
            ]
          ],
          [
            [
              [
                35.926753997802734,
                61.97461700439453
              ],
              [
                35.90851593017578,
                61.90340805053711
              ],
              [
                35.81570053100586,
                61.90340805053711
              ],
              [
                35.72288131713867,
                61.90340805053711
              ],
              [
                35.740989685058594,
                61.97461700439453
              ],
              [
                35.83386993408203,
                61.97461700439453
              ],
              [
                35.926753997802734,
                61.97461700439453
              ]
            ]
          ],
          [
            [
              [
                35.64810562133789,
                61.97461700439453
              ],
              [
                35.66619873046875,
                62.045867919921875
              ],
              [
                35.75914764404297,
                62.045867919921875
              ],
              [
                35.740989685058594,
                61.97461700439453
              ],
              [
                35.64810562133789,
                61.97461700439453
              ]
            ]
          ],
          [
            [
              [
                35.68434524536133,
                62.117156982421875
              ],
              [
                35.66619873046875,
                62.045867919921875
              ],
              [
                35.5732536315918,
                62.045867919921875
              ],
              [
                35.48030471801758,
                62.045867919921875
              ],
              [
                35.49831771850586,
                62.117156982421875
              ],
              [
                35.591331481933594,
                62.117156982421875
              ],
              [
                35.68434524536133,
                62.117156982421875
              ]
            ]
          ],
          [
            [
              [
                35.423301696777344,
                62.18848419189453
              ],
              [
                35.516380310058594,
                62.18848419189453
              ],
              [
                35.49831771850586,
                62.117156982421875
              ],
              [
                35.405303955078125,
                62.117156982421875
              ],
              [
                35.423301696777344,
                62.18848419189453
              ]
            ]
          ]
        ]
      }
    }
  ]
}
