{
  "type": "FeatureCollection",
  "features": [
    {
      "type": "Feature",
      "properties": {
        "Name": "Eastern Roman Empire",
        "FromYear": 577,
        "ToYear": 586,
        "Area": 2379852.366245027,
        "Type": "POLITY",
        "Wikipedia": "Byzantine Empire",
        "Wikidata": "Q12544",
        "SeshatID": "tr_east_roman_emp",
        "Components": "",
        "MemberOf": "",
        "displayYear": 577,
        "sourceYear": 577,
        "mappedTerritoryId": "cliopatria_eastern_roman_empire"
      },
      "geometry": {
        "type": "MultiPolygon",
        "coordinates": [
          [
            [
              [
                -6.004343032836914,
                35.38706970214844
              ],
              [
                -5.949533939361572,
                35.708900451660156
              ],
              [
                -5.64430570602417,
                35.77327346801758
              ],
              [
                -5.566863059997559,
                35.77327346801758
              ],
              [
                -5.338923931121826,
                35.837650299072266
              ],
              [
                -5.325796604156494,
                35.644527435302734
              ],
              [
                -5.076520919799805,
                35.38706970214844
              ],
              [
                -6.004343032836914,
                35.38706970214844
              ]
            ]
          ],
          [
            [
              [
                14.339592933654785,
                36.03080368041992
              ],
              [
                14.417119026184082,
                36.03080368041992
              ],
              [
                14.571182250976562,
                35.9664192199707
              ],
              [
                14.568227767944336,
                35.77327346801758
              ],
              [
                14.33681869506836,
                35.837650299072266
              ],
              [
                14.339592933654785,
                36.03080368041992
              ]
            ]
          ],
          [
            [
              [
                -2.532132625579834,
                36.8681755065918
              ],
              [
                -2.680080890655518,
                36.73930740356445
              ],
              [
                -4.468626022338867,
                36.73930740356445
              ],
              [
                -4.688807487487793,
                36.5460319519043
              ],
              [
                -5.22819709777832,
                36.48161697387695
              ],
              [
                -5.287947177886963,
                36.2239875793457
              ],
              [
                -5.51620626449585,
                36.15959167480469
              ],
              [
                -5.584750652313232,
                36.03080368041992
              ],
              [
                -6.068524360656738,
                36.28839111328125
              ],
              [
                -6.07321310043335,
                36.3527946472168
              ],
              [
                -5.712831020355225,
                36.73930740356445
              ],
              [
                -5.516850471496582,
                37.254878997802734
              ],
              [
                -2.484916687011719,
                37.38381576538086
              ],
              [
                -2.344338178634644,
                37.641746520996094
              ],
              [
                -2.043425798416138,
                37.835243225097656
              ],
              [
                -1.906114101409912,
                38.157840728759766
              ],
              [
                -1.361954689025879,
                38.22237777709961
              ],
              [
                -1.234715342521667,
                38.738853454589844
              ],
              [
                -0.999290406703949,
                38.738853454589844
              ],
              [
                -0.549572706222534,
                39.1264533996582
              ],
              [
                -0.317191183567047,
                39.19107437133789
              ],
              [
                -0.313707679510117,
                39.1264533996582
              ],
              [
                0.099359586834908,
                38.738853454589844
              ],
              [
                -0.660861134529114,
                38.28691864013672
              ],
              [
                -0.803495347499847,
                38.028785705566406
              ],
              [
                -0.704753637313843,
                37.641746520996094
              ],
              [
                -1.403841376304626,
                37.5772590637207
              ],
              [
                -1.630712270736694,
                37.44829177856445
              ],
              [
                -1.708719491958618,
                37.44829177856445
              ],
              [
                -1.623468399047852,
                37.3193473815918
              ],
              [
                -1.857354998588562,
                37.3193473815918
              ],
              [
                -2.061630010604858,
                36.80373764038086
              ],
              [
                -2.532132625579834,
                36.8681755065918
              ]
            ]
          ],
          [
            [
              [
                1.183109045028687,
                39.06184005737305
              ],
              [
                1.258725643157959,
                39.1264533996582
              ],
              [
                1.337347388267517,
                39.1264533996582
              ],
              [
                1.651834011077881,
                39.1264533996582
              ],
              [
                1.657540321350098,
                38.997230529785156
              ],
              [
                1.430543661117554,
                38.80344009399414
              ],
              [
                1.273545265197754,
                38.80344009399414
              ],
              [
                1.183109045028687,
                39.06184005737305
              ]
            ]
          ],
          [
            [
              [
                2.82365870475769,
                39.320335388183594
              ],
              [
                2.658556938171387,
                39.51427459716797
              ],
              [
                2.346148252487183,
                39.449623107910156
              ],
              [
                2.338095426559448,
                39.64360046386719
              ],
              [
                2.877186298370361,
                39.9670295715332
              ],
              [
                2.956136703491211,
                39.9670295715332
              ],
              [
                3.19298791885376,
                39.9670295715332
              ],
              [
                3.197866439819336,
                39.8376350402832
              ],
              [
                3.515789270401001,
                39.77294921875
              ],
              [
                3.295835733413696,
                39.320335388183594
              ],
              [
                2.82365870475769,
                39.320335388183594
              ]
            ]
          ],
          [
            [
              [
                3.741101741790771,
                40.0964469909668
              ],
              [
                3.820104122161865,
                40.0964469909668
              ],
              [
                4.215116024017334,
                40.0964469909668
              ],
              [
                4.302449703216553,
                39.8376350402832
              ],
              [
                3.826826572418213,
                39.90232849121094
              ],
              [
                3.741101741790771,
                40.0964469909668
              ]
            ]
          ],
          [
            [
              [
                9.665326118469238,
                40.29063034057617
              ],
              [
                9.74737548828125,
                39.64360046386719
              ],
              [
                9.668553352355957,
                39.64360046386719
              ],
              [
                9.592622756958008,
                39.1264533996582
              ],
              [
                9.120378494262695,
                39.19107437133789
              ],
              [
                8.96590518951416,
                38.8680305480957
              ],
              [
                8.730334281921387,
                38.8680305480957
              ],
              [
                8.336196899414062,
                38.997230529785156
              ],
              [
                8.411824226379395,
                39.25570297241211
              ],
              [
                8.333152770996094,
                39.25570297241211
              ],
              [
                8.330102920532227,
                39.51427459716797
              ],
              [
                8.40887451171875,
                39.51427459716797
              ],
              [
                8.48337459564209,
                39.90232849121094
              ],
              [
                8.324762344360352,
                39.9670295715332
              ],
              [
                8.400031089782715,
                40.29063034057617
              ],
              [
                8.32094955444336,
                40.29063034057617
              ],
              [
                8.318660736083984,
                40.4848747253418
              ],
              [
                8.159523010253906,
                40.54964065551758
              ],
              [
                8.154606819152832,
                40.93837356567383
              ],
              [
                8.552037239074707,
                40.873565673828125
              ],
              [
                9.024832725524902,
                41.26253128051758
              ],
              [
                9.10431957244873,
                41.26253128051758
              ],
              [
                9.50210952758789,
                41.19768524169922
              ],
              [
                9.821690559387207,
                40.74397277832031
              ],
              [
                9.823226928710938,
                40.355369567871094
              ],
              [
                9.665326118469238,
                40.29063034057617
              ]
            ]
          ],
          [
            [
              [
                14.925537109375,
                42.041324615478516
              ],
              [
                14.9239501953125,
                41.97637939453125
              ],
              [
                14.604765892028809,
                41.97637939453125
              ],
              [
                14.529313087463379,
                42.17123794555664
              ],
              [
                14.6091947555542,
                42.17123794555664
              ],
              [
                14.607714653015137,
                42.10627746582031
              ],
              [
                14.687567710876465,
                42.10627746582031
              ],
              [
                14.689077377319336,
                42.17123794555664
              ],
              [
                14.768959999084473,
                42.17123794555664
              ],
              [
                14.76742172241211,
                42.10627746582031
              ],
              [
                14.765887260437012,
                42.041324615478516
              ],
              [
                14.845712661743164,
                42.041324615478516
              ],
              [
                14.925537109375,
                42.041324615478516
              ]
            ]
          ],
          [
            [
              [
                9.497812271118164,
                41.97637939453125
              ],
              [
                9.49889087677002,
                41.781593322753906
              ],
              [
                9.262411117553711,
                41.39224624633789
              ],
              [
                9.1038236618042,
                41.32738494873047
              ],
              [
                8.783942222595215,
                41.521995544433594
              ],
              [
                8.782108306884766,
                41.71668243408203
              ],
              [
                8.622743606567383,
                41.71668243408203
              ],
              [
                8.700496673583984,
                41.911441802978516
              ],
              [
                8.538846015930176,
                42.10627746582031
              ],
              [
                8.534564018249512,
                42.496177673339844
              ],
              [
                8.772740364074707,
                42.691246032714844
              ],
              [
                9.17282485961914,
                42.75628662109375
              ],
              [
                9.251097679138184,
                43.016544342041016
              ],
              [
                9.331360816955566,
                43.016544342041016
              ],
              [
                9.491888999938965,
                43.016544342041016
              ],
              [
                9.49340534210205,
                42.75628662109375
              ],
              [
                9.5735502243042,
                42.75628662109375
              ],
              [
                9.577608108520508,
                41.97637939453125
              ],
              [
                9.497812271118164,
                41.97637939453125
              ]
            ]
          ],
          [
            [
              [
                11.574441909790039,
                42.30118942260742
              ],
              [
                11.494501113891602,
                42.30118942260742
              ],
              [
                11.494861602783203,
                42.36617660522461
              ],
              [
                11.574831008911133,
                42.36617660522461
              ],
              [
                11.574441909790039,
                42.30118942260742
              ]
            ]
          ],
          [
            [
              [
                10.134284973144531,
                42.88639831542969
              ],
              [
                10.214488983154297,
                42.88639831542969
              ],
              [
                10.45510196685791,
                42.88639831542969
              ],
              [
                10.455166816711426,
                42.691246032714844
              ],
              [
                10.21481990814209,
                42.691246032714844
              ],
              [
                10.134284973144531,
                42.88639831542969
              ]
            ]
          ],
          [
            [
              [
                13.355091094970703,
                43.6678352355957
              ],
              [
                13.672640800476074,
                43.407203674316406
              ],
              [
                13.747068405151367,
                43.08163070678711
              ],
              [
                13.98537540435791,
                42.95146560668945
              ],
              [
                13.902634620666504,
                42.82133865356445
              ],
              [
                14.059063911437988,
                42.62621307373047
              ],
              [
                14.055169105529785,
                42.43117141723633
              ],
              [
                13.975170135498047,
                42.43117141723633
              ],
              [
                13.895172119140625,
                42.43117141723633
              ],
              [
                13.818805694580078,
                42.62621307373047
              ],
              [
                13.6597900390625,
                42.691246032714844
              ],
              [
                13.588763236999512,
                43.211830139160156
              ],
              [
                13.112428665161133,
                43.6026611328125
              ],
              [
                12.709753036499023,
                43.6026611328125
              ],
              [
                12.5471773147583,
                43.472347259521484
              ],
              [
                12.380695343017578,
                42.95146560668945
              ],
              [
                12.460928916931152,
                42.95146560668945
              ],
              [
                12.61443042755127,
                42.36617660522461
              ],
              [
                13.40574836730957,
                41.84651184082031
              ],
              [
                13.72470474243164,
                41.84651184082031
              ],
              [
                14.038646697998047,
                41.586883544921875
              ],
              [
                13.792884826660156,
                41.19768524169922
              ],
              [
                13.71342658996582,
                41.19768524169922
              ],
              [
                13.397590637207031,
                41.32738494873047
              ],
              [
                13.000019073486328,
                41.32738494873047
              ],
              [
                12.922186851501465,
                41.45711898803711
              ],
              [
                12.604641914367676,
                41.521995544433594
              ],
              [
                12.130502700805664,
                41.911441802978516
              ],
              [
                12.131669044494629,
                42.041324615478516
              ],
              [
                11.733430862426758,
                42.17123794555664
              ],
              [
                11.654799461364746,
                42.36617660522461
              ],
              [
                11.574831008911133,
                42.36617660522461
              ],
              [
                11.978443145751953,
                42.82133865356445
              ],
              [
                11.5795316696167,
                43.146724700927734
              ],
              [
                11.662796974182129,
                43.6026611328125
              ],
              [
                11.260910987854004,
                43.79821014404297
              ],
              [
                11.261941909790039,
                44.05907440185547
              ],
              [
                10.454326629638672,
                44.18956756591797
              ],
              [
                9.968442916870117,
                44.45067596435547
              ],
              [
                9.644696235656738,
                44.45067596435547
              ],
              [
                9.64546012878418,
                44.32010269165039
              ],
              [
                9.969700813293457,
                44.12431716918945
              ],
              [
                9.888919830322266,
                44.12431716918945
              ],
              [
                9.565396308898926,
                44.18956756591797
              ],
              [
                9.159077644348145,
                44.45067596435547
              ],
              [
                8.592522621154785,
                44.45067596435547
              ],
              [
                8.191595077514648,
                44.18956756591797
              ],
              [
                8.033902168273926,
                43.92862319946289
              ],
              [
                7.150246143341064,
                43.73301696777344
              ],
              [
                7.228299140930176,
                43.86341094970703
              ],
              [
                7.227019786834717,
                43.92862319946289
              ],
              [
                7.629331111907959,
                43.99384307861328
              ],
              [
                7.707837581634521,
                44.12431716918945
              ],
              [
                8.030961036682129,
                44.12431716918945
              ],
              [
                8.185933113098145,
                44.58129119873047
              ],
              [
                8.429792404174805,
                44.5159797668457
              ],
              [
                8.75218677520752,
                44.64661407470703
              ],
              [
                9.48237419128418,
                44.5159797668457
              ],
              [
                9.562063217163086,
                44.71194839477539
              ],
              [
                9.23611831665039,
                44.908016204833984
              ],
              [
                9.31507682800293,
                45.169586181640625
              ],
              [
                9.965350151062012,
                45.169586181640625
              ],
              [
                10.128390312194824,
                45.03877639770508
              ],
              [
                11.102883338928223,
                44.973392486572266
              ],
              [
                11.265475273132324,
                45.03877639770508
              ],
              [
                11.347417831420898,
                45.23500442504883
              ],
              [
                11.67304515838623,
                45.300437927246094
              ],
              [
                11.755949020385742,
                45.56227111816406
              ],
              [
                12.083389282226562,
                45.75876998901367
              ],
              [
                12.982433319091797,
                45.889827728271484
              ],
              [
                13.061376571655273,
                45.693260192871094
              ],
              [
                13.060476303100586,
                45.62776184082031
              ],
              [
                12.816752433776855,
                45.693260192871094
              ],
              [
                12.652192115783691,
                45.56227111816406
              ],
              [
                12.162785530090332,
                45.496795654296875
              ],
              [
                12.160021781921387,
                45.169586181640625
              ],
              [
                12.40256118774414,
                45.03877639770508
              ],
              [
                12.399906158447266,
                44.77729415893555
              ],
              [
                12.157197952270508,
                44.842647552490234
              ],
              [
                12.153728485107422,
                44.45067596435547
              ],
              [
                12.393126487731934,
                44.12431716918945
              ],
              [
                12.473907470703125,
                44.12431716918945
              ],
              [
                12.873446464538574,
                43.79821014404297
              ],
              [
                13.035634994506836,
                43.86341094970703
              ],
              [
                13.033763885498047,
                43.73301696777344
              ],
              [
                13.355091094970703,
                43.6678352355957
              ]
            ]
          ],
          [
            [
              [
                9.889193534851074,
                44.05907440185547
              ],
              [
                9.969943046569824,
                44.05907440185547
              ],
              [
                9.970182418823242,
                43.99384307861328
              ],
              [
                9.889463424682617,
                43.99384307861328
              ],
              [
                9.889193534851074,
                44.05907440185547
              ]
            ]
          ],
          [
            [
              [
                14.350428581237793,
                44.973392486572266
              ],
              [
                14.51131820678711,
                44.908016204833984
              ],
              [
                14.502378463745117,
                44.5159797668457
              ],
              [
                14.260871887207031,
                44.58129119873047
              ],
              [
                14.269240379333496,
                44.973392486572266
              ],
              [
                14.350428581237793,
                44.973392486572266
              ]
            ]
          ],
          [
            [
              [
                28.802005767822266,
                44.973392486572266
              ],
              [
                28.84072494506836,
                44.58129119873047
              ],
              [
                28.576906204223633,
                44.38538360595703
              ],
              [
                28.53555679321289,
                43.99384307861328
              ],
              [
                28.616275787353516,
                43.99384307861328
              ],
              [
                28.48109245300293,
                43.472347259521484
              ],
              [
                28.159194946289062,
                43.472347259521484
              ],
              [
                28.22636604309082,
                43.342071533203125
              ],
              [
                27.89820098876953,
                43.276947021484375
              ],
              [
                27.80489730834961,
                43.146724700927734
              ],
              [
                27.84662628173828,
                42.75628662109375
              ],
              [
                27.513538360595703,
                42.62621307373047
              ],
              [
                27.494890213012695,
                42.43117141723633
              ],
              [
                27.796031951904297,
                42.236209869384766
              ],
              [
                27.783546447753906,
                42.10627746582031
              ],
              [
                28.004253387451172,
                41.911441802978516
              ],
              [
                27.979368209838867,
                41.65177917480469
              ],
              [
                28.21833038330078,
                41.65177917480469
              ],
              [
                28.27918243408203,
                41.45711898803711
              ],
              [
                28.505287170410156,
                41.32738494873047
              ],
              [
                28.975934982299805,
                41.26253128051758
              ],
              [
                28.96312141418457,
                41.132843017578125
              ],
              [
                30.47923469543457,
                41.19768524169922
              ],
              [
                30.62422752380371,
                41.06801223754883
              ],
              [
                31.1800537109375,
                41.06801223754883
              ],
              [
                31.534175872802734,
                41.39224624633789
              ],
              [
                32.02653121948242,
                41.521995544433594
              ],
              [
                32.04172897338867,
                41.65177917480469
              ],
              [
                32.1933708190918,
                41.586883544921875
              ],
              [
                32.694705963134766,
                41.781593322753906
              ],
              [
                32.630775451660156,
                41.911441802978516
              ],
              [
                34.78450012207031,
                41.911441802978516
              ],
              [
                34.881736755371094,
                42.041324615478516
              ],
              [
                35.121212005615234,
                42.041324615478516
              ],
              [
                35.15697479248047,
                41.71668243408203
              ],
              [
                35.953800201416016,
                41.71668243408203
              ],
              [
                36.20920181274414,
                41.26253128051758
              ],
              [
                36.77476501464844,
                41.32738494873047
              ],
              [
                37.06510925292969,
                41.132843017578125
              ],
              [
                37.23323440551758,
                41.19768524169922
              ],
              [
                37.21474075317383,
                41.06801223754883
              ],
              [
                37.770565032958984,
                41.06801223754883
              ],
              [
                37.83116149902344,
                40.93837356567383
              ],
              [
                38.15805435180664,
                41.00318908691406
              ],
              [
                38.29773712158203,
                40.873565673828125
              ],
              [
                38.78335189819336,
                40.93837356567383
              ],
              [
                39.0508918762207,
                41.132843017578125
              ],
              [
                39.735538482666016,
                40.93837356567383
              ],
              [
                40.370330810546875,
                40.93837356567383
              ],
              [
                40.390892028808594,
                41.06801223754883
              ],
              [
                40.53934860229492,
                41.00318908691406
              ],
              [
                41.04725646972656,
                41.19768524169922
              ],
              [
                41.15876007080078,
                41.39224624633789
              ],
              [
                41.307071685791016,
                41.32738494873047
              ],
              [
                41.40821838378906,
                41.45711898803711
              ],
              [
                41.567359924316406,
                41.45711898803711
              ],
              [
                41.81525421142578,
                41.97637939453125
              ],
              [
                41.73545837402344,
                41.97637939453125
              ],
              [
                41.75791549682617,
                42.10627746582031
              ],
              [
                41.598209381103516,
                42.10627746582031
              ],
              [
                41.700584411621094,
                42.236209869384766
              ],
              [
                41.48331832885742,
                42.36617660522461
              ],
              [
                41.608699798583984,
                42.62621307373047
              ],
              [
                41.3337516784668,
                42.88639831542969
              ],
              [
                41.173343658447266,
                42.88639831542969
              ],
              [
                41.11582565307617,
                43.016544342041016
              ],
              [
                40.81732177734375,
                43.146724700927734
              ],
              [
                40.41570281982422,
                43.146724700927734
              ],
              [
                40.219173431396484,
                43.407203674316406
              ],
              [
                39.988922119140625,
                43.472347259521484
              ],
              [
                40.17222213745117,
                43.6026611328125
              ],
              [
                40.735965728759766,
                43.6026611328125
              ],
              [
                41.6438102722168,
                43.276947021484375
              ],
              [
                42.51605987548828,
                43.211830139160156
              ],
              [
                42.596412658691406,
                43.211830139160156
              ],
              [
                42.4921989440918,
                43.08163070678711
              ],
              [
                42.57249069213867,
                43.08163070678711
              ],
              [
                42.60515594482422,
                42.82133865356445
              ],
              [
                42.75360870361328,
                42.75628662109375
              ],
              [
                42.71809768676758,
                42.56119155883789
              ],
              [
                42.9345703125,
                42.43117141723633
              ],
              [
                42.887542724609375,
                42.17123794555664
              ],
              [
                42.67000198364258,
                41.84651184082031
              ],
              [
                42.61305236816406,
                41.521995544433594
              ],
              [
                42.36305618286133,
                41.45711898803711
              ],
              [
                42.25017166137695,
                41.26253128051758
              ],
              [
                41.534793853759766,
                41.26253128051758
              ],
              [
                41.359764099121094,
                40.6791877746582
              ],
              [
                41.7035026550293,
                40.355369567871094
              ],
              [
                41.6724853515625,
                40.16116714477539
              ],
              [
                40.091915130615234,
                40.16116714477539
              ],
              [
                39.67759704589844,
                40.031734466552734
              ],
              [
                38.42313003540039,
                40.0964469909668
              ],
              [
                37.439945220947266,
                39.8376350402832
              ],
              [
                36.7298583984375,
                39.8376350402832
              ],
              [
                36.04148483276367,
                39.38497543334961
              ],
              [
                36.02543258666992,
                39.25570297241211
              ],
              [
                35.334632873535156,
                38.738853454589844
              ],
              [
                35.304603576660156,
                38.48057174682617
              ],
              [
                35.532230377197266,
                38.416015625
              ],
              [
                36.48933029174805,
                39.19107437133789
              ],
              [
                36.72526931762695,
                39.19107437133789
              ],
              [
                36.7417106628418,
                39.320335388183594
              ],
              [
                38.02695083618164,
                39.51427459716797
              ],
              [
                38.28098678588867,
                39.64360046386719
              ],
              [
                41.286109924316406,
                39.70827102661133
              ],
              [
                41.2565803527832,
                39.51427459716797
              ],
              [
                40.981719970703125,
                39.25570297241211
              ],
              [
                40.911468505859375,
                38.22237777709961
              ],
              [
                40.25004196166992,
                37.96426773071289
              ],
              [
                40.11166000366211,
                37.51277160644531
              ],
              [
                40.189693450927734,
                37.51277160644531
              ],
              [
                40.35599899291992,
                36.9970588684082
              ],
              [
                41.42001724243164,
                36.80373764038086
              ],
              [
                41.402896881103516,
                36.67487716674805
              ],
              [
                41.54981231689453,
                36.61045455932617
              ],
              [
                41.66261291503906,
                36.28839111328125
              ],
              [
                41.086280822753906,
                36.03080368041992
              ],
              [
                41.112205505371094,
                35.00096893310547
              ],
              [
                40.7723274230957,
                34.743614196777344
              ],
              [
                40.61809539794922,
                34.743614196777344
              ],
              [
                40.10289764404297,
                34.2933349609375
              ],
              [
                39.50897979736328,
                34.48630142211914
              ],
              [
                39.12379455566406,
                34.48630142211914
              ],
              [
                37.990238189697266,
                33.971771240234375
              ],
              [
                37.0732307434082,
                33.26447677612305
              ],
              [
                37.06052017211914,
                33.13589859008789
              ],
              [
                36.81186294555664,
                32.94303894042969
              ],
              [
                36.591896057128906,
                32.23596954345703
              ],
              [
                36.5155143737793,
                32.23596954345703
              ],
              [
                36.56821823120117,
                31.978878021240234
              ],
              [
                36.491905212402344,
                31.978878021240234
              ],
              [
                36.35259246826172,
                31.271915435791016
              ],
              [
                36.276466369628906,
                31.271915435791016
              ],
              [
                36.31932067871094,
                30.886310577392578
              ],
              [
                34.91290283203125,
                29.40805435180664
              ],
              [
                34.83723831176758,
                29.40805435180664
              ],
              [
                34.71140670776367,
                28.700960159301758
              ],
              [
                34.54724884033203,
                28.508106231689453
              ],
              [
                34.517303466796875,
                28.058101654052734
              ],
              [
                34.35825729370117,
                27.92952537536621
              ],
              [
                34.345943450927734,
                27.736658096313477
              ],
              [
                34.12004470825195,
                27.736658096313477
              ],
              [
                33.6169548034668,
                28.12238883972168
              ],
              [
                33.553810119628906,
                28.315250396728516
              ],
              [
                33.40296936035156,
                28.315250396728516
              ],
              [
                33.18891525268555,
                28.508106231689453
              ],
              [
                33.14677429199219,
                29.022375106811523
              ],
              [
                32.857112884521484,
                29.21521759033203
              ],
              [
                32.58876037597656,
                29.729440689086914
              ],
              [
                32.60188293457031,
                29.922264099121094
              ],
              [
                32.44160079956055,
                29.79371452331543
              ],
              [
                32.68916320800781,
                28.958093643188477
              ],
              [
                32.83612823486328,
                28.893810272216797
              ],
              [
                33.10531997680664,
                28.379535675048828
              ],
              [
                33.60887145996094,
                27.993812561035156
              ],
              [
                33.585105895996094,
                27.608078002929688
              ],
              [
                33.7991943359375,
                27.41520881652832
              ],
              [
                33.92659378051758,
                27.029460906982422
              ],
              [
                34.07311248779297,
                26.96516990661621
              ],
              [
                34.05074691772461,
                26.57941436767578
              ],
              [
                34.197208404541016,
                26.515121459960938
              ],
              [
                34.461280822753906,
                25.8721923828125
              ],
              [
                34.60763931274414,
                25.807899475097656
              ],
              [
                35.145530700683594,
                24.650644302368164
              ],
              [
                35.860408782958984,
                24.00774574279785
              ],
              [
                35.85411834716797,
                23.879167556762695
              ],
              [
                35.558753967285156,
                23.943456649780273
              ],
              [
                35.55257034301758,
                23.814878463745117
              ],
              [
                35.10795974731445,
                23.879167556762695
              ],
              [
                33.75636291503906,
                23.68630027770996
              ],
              [
                33.6817741394043,
                23.68630027770996
              ],
              [
                33.38899612426758,
                23.814878463745117
              ],
              [
                32.040863037109375,
                23.68630027770996
              ],
              [
                31.670488357543945,
                23.75058937072754
              ],
              [
                30.537214279174805,
                23.36486053466797
              ],
              [
                30.462675094604492,
                23.36486053466797
              ],
              [
                30.39519500732422,
                23.557723999023438
              ],
              [
                30.10396385192871,
                23.75058937072754
              ],
              [
                30.10871124267578,
                23.879167556762695
              ],
              [
                29.95948028564453,
                23.879167556762695
              ],
              [
                29.672801971435547,
                24.200613021850586
              ],
              [
                28.568815231323242,
                24.650644302368164
              ],
              [
                28.288646697998047,
                25.164974212646484
              ],
              [
                28.24367904663086,
                25.936485290527344
              ],
              [
                28.34531593322754,
                26.57941436767578
              ],
              [
                28.270244598388672,
                26.57941436767578
              ],
              [
                28.15372657775879,
                27.35091781616211
              ],
              [
                27.93669891357422,
                27.54378890991211
              ],
              [
                27.710918426513672,
                27.54378890991211
              ],
              [
                27.791961669921875,
                27.6723690032959
              ],
              [
                27.429920196533203,
                27.993812561035156
              ],
              [
                27.27633285522461,
                27.92952537536621
              ],
              [
                27.28502082824707,
                28.12238883972168
              ],
              [
                27.140071868896484,
                28.25096321105957
              ],
              [
                25.586284637451172,
                28.958093643188477
              ],
              [
                25.37345314025879,
                29.279497146606445
              ],
              [
                25.14654541015625,
                29.279497146606445
              ],
              [
                25.000762939453125,
                29.40805435180664
              ],
              [
                24.846712112426758,
                29.34377670288086
              ],
              [
                24.779218673706055,
                29.536611557006836
              ],
              [
                24.330371856689453,
                29.665164947509766
              ],
              [
                24.25998878479004,
                29.79371452331543
              ],
              [
                23.51007843017578,
                29.986536026000977
              ],
              [
                22.91602325439453,
                30.307893753051758
              ],
              [
                22.76180076599121,
                30.243623733520508
              ],
              [
                22.76673698425293,
                30.372163772583008
              ],
              [
                21.938846588134766,
                30.564971923828125
              ],
              [
                20.95157814025879,
                30.564971923828125
              ],
              [
                19.19106674194336,
                30.050809860229492
              ],
              [
                18.28125762939453,
                30.050809860229492
              ],
              [
                16.701202392578125,
                30.69350814819336
              ],
              [
                15.489551544189453,
                30.950578689575195
              ],
              [
                15.184454917907715,
                30.886310577392578
              ],
              [
                15.187263488769531,
                31.079113006591797
              ],
              [
                14.584433555603027,
                31.528987884521484
              ],
              [
                14.586112022399902,
                31.65752601623535
              ],
              [
                13.82862377166748,
                32.107421875
              ],
              [
                13.29533576965332,
                32.23596954345703
              ],
              [
                13.06567096710205,
                32.171695709228516
              ],
              [
                13.0667085647583,
                32.30024337768555
              ],
              [
                12.455889701843262,
                32.36451721191406
              ],
              [
                11.767910957336426,
                32.30024337768555
              ],
              [
                11.768352508544922,
                32.428794860839844
              ],
              [
                11.539045333862305,
                32.428794860839844
              ],
              [
                11.462910652160645,
                32.557350158691406
              ],
              [
                11.309853553771973,
                32.493072509765625
              ],
              [
                11.157184600830078,
                32.685909271240234
              ],
              [
                10.391599655151367,
                33.00732421875
              ],
              [
                10.008606910705566,
                33.00732421875
              ],
              [
                10.08484935760498,
                33.13589859008789
              ],
              [
                9.62503719329834,
                33.13589859008789
              ],
              [
                9.547471046447754,
                33.32876968383789
              ],
              [
                9.623573303222656,
                33.45735549926758
              ],
              [
                9.315913200378418,
                33.5859489440918
              ],
              [
                9.082552909851074,
                34.03607940673828
              ],
              [
                8.928751945495605,
                34.03607940673828
              ],
              [
                9.003311157226562,
                34.3576545715332
              ],
              [
                8.926313400268555,
                34.3576545715332
              ],
              [
                8.846199035644531,
                34.743614196777344
              ],
              [
                8.459360122680664,
                34.87228775024414
              ],
              [
                8.228581428527832,
                34.80794906616211
              ],
              [
                7.994152545928955,
                35.065311431884766
              ],
              [
                7.98875093460083,
                35.51579284667969
              ],
              [
                7.911391258239746,
                35.51579284667969
              ],
              [
                7.90570592880249,
                35.9664192199707
              ],
              [
                7.828200340270996,
                35.9664192199707
              ],
              [
                7.902398109436035,
                36.2239875793457
              ],
              [
                7.586484432220459,
                36.61045455932617
              ],
              [
                6.964730262756348,
                36.61045455932617
              ],
              [
                6.889261722564697,
                36.48161697387695
              ],
              [
                6.421952247619629,
                36.5460319519043
              ],
              [
                6.346800804138184,
                36.417205810546875
              ],
              [
                5.879473686218262,
                36.48161697387695
              ],
              [
                5.64937162399292,
                36.3527946472168
              ],
              [
                2.774694681167603,
                36.417205810546875
              ],
              [
                2.315898895263672,
                36.2239875793457
              ],
              [
                2.003082513809204,
                36.28839111328125
              ],
              [
                2.007985591888428,
                36.15959167480469
              ],
              [
                1.15472674369812,
                36.15959167480469
              ],
              [
                1.0050128698349,
                36.03080368041992
              ],
              [
                0.922019779682159,
                36.15959167480469
              ],
              [
                0.766881763935089,
                36.15959167480469
              ],
              [
                0.758491814136505,
                36.3527946472168
              ],
              [
                0.680858790874481,
                36.3527946472168
              ],
              [
                1.143950700759888,
                36.417205810546875
              ],
              [
                1.216211557388306,
                36.5460319519043
              ],
              [
                1.529616475105286,
                36.48161697387695
              ],
              [
                2.376901149749756,
                36.67487716674805
              ],
              [
                2.690169095993042,
                36.61045455932617
              ],
              [
                2.841080188751221,
                36.73930740356445
              ],
              [
                3.229894161224365,
                36.73930740356445
              ],
              [
                3.458978891372681,
                36.8681755065918
              ],
              [
                3.850007295608521,
                36.80373764038086
              ],
              [
                4.235154151916504,
                36.932613372802734
              ],
              [
                4.859498500823975,
                36.8681755065918
              ],
              [
                5.097836971282959,
                36.67487716674805
              ],
              [
                6.105763912200928,
                36.80373764038086
              ],
              [
                6.103042125701904,
                36.932613372802734
              ],
              [
                6.333924293518066,
                37.06150817871094
              ],
              [
                6.804664611816406,
                36.8681755065918
              ],
              [
                7.193697929382324,
                36.8681755065918
              ],
              [
                7.346271514892578,
                37.06150817871094
              ],
              [
                7.502017498016357,
                37.06150817871094
              ],
              [
                7.738344192504883,
                36.8681755065918
              ],
              [
                8.516410827636719,
                36.8681755065918
              ],
              [
                8.903155326843262,
                37.12596130371094
              ],
              [
                9.05947494506836,
                37.06150817871094
              ],
              [
                9.603086471557617,
                37.3193473815918
              ],
              [
                9.993423461914062,
                37.1904182434082
              ],
              [
                10.226980209350586,
                37.254878997802734
              ],
              [
                10.227567672729492,
                37.06150817871094
              ],
              [
                10.305440902709961,
                37.06150817871094
              ],
              [
                10.228352546691895,
                36.80373764038086
              ],
              [
                10.461837768554688,
                36.73930740356445
              ],
              [
                11.006271362304688,
                36.9970588684082
              ],
              [
                11.006199836730957,
                36.80373764038086
              ],
              [
                10.462488174438477,
                36.417205810546875
              ],
              [
                10.540250778198242,
                36.3527946472168
              ],
              [
                10.463515281677246,
                35.902034759521484
              ],
              [
                10.69615650177002,
                35.708900451660156
              ],
              [
                10.850979804992676,
                35.77327346801758
              ],
              [
                10.928420066833496,
                35.58015823364258
              ],
              [
                11.08318042755127,
                35.58015823364258
              ],
              [
                11.083049774169922,
                35.38706970214844
              ],
              [
                11.005731582641602,
                35.38706970214844
              ],
              [
                11.082771301269531,
                35.00096893310547
              ],
              [
                10.85119342803955,
                34.93662643432617
              ],
              [
                10.851213455200195,
                34.80794906616211
              ],
              [
                10.543014526367188,
                34.55062484741211
              ],
              [
                10.004497528076172,
                34.2933349609375
              ],
              [
                10.081672668457031,
                34.22901916503906
              ],
              [
                10.005777359008789,
                33.90746307373047
              ],
              [
                10.23681354522705,
                33.71455001831055
              ],
              [
                10.544031143188477,
                33.71455001831055
              ],
              [
                10.697741508483887,
                33.52165222167969
              ],
              [
                11.081541061401367,
                33.5859489440918
              ],
              [
                11.157825469970703,
                33.20018768310547
              ],
              [
                11.464441299438477,
                33.20018768310547
              ],
              [
                12.228955268859863,
                32.81447219848633
              ],
              [
                12.612099647521973,
                32.878753662109375
              ],
              [
                12.534722328186035,
                32.75019073486328
              ],
              [
                12.840824127197266,
                32.75019073486328
              ],
              [
                12.841785430908203,
                32.878753662109375
              ],
              [
                13.301749229431152,
                32.94303894042969
              ],
              [
                13.453653335571289,
                32.81447219848633
              ],
              [
                13.760527610778809,
                32.878753662109375
              ],
              [
                13.759129524230957,
                32.75019073486328
              ],
              [
                14.065231323242188,
                32.75019073486328
              ],
              [
                14.444439888000488,
                32.493072509765625
              ],
              [
                14.674704551696777,
                32.557350158691406
              ],
              [
                14.749334335327148,
                32.428794860839844
              ],
              [
                15.055076599121094,
                32.428794860839844
              ],
              [
                15.282304763793945,
                32.30024337768555
              ],
              [
                15.424593925476074,
                31.65752601623535
              ],
              [
                15.575982093811035,
                31.593257904052734
              ],
              [
                15.64897632598877,
                31.40045166015625
              ],
              [
                16.178552627563477,
                31.20764923095703
              ],
              [
                16.8635196685791,
                31.20764923095703
              ],
              [
                17.846824645996094,
                30.950578689575195
              ],
              [
                18.222288131713867,
                30.757776260375977
              ],
              [
                18.592470169067383,
                30.372163772583008
              ],
              [
                18.896053314208984,
                30.372163772583008
              ],
              [
                18.968589782714844,
                30.243623733520508
              ],
              [
                19.655010223388672,
                30.372163772583008
              ],
              [
                19.964311599731445,
                30.564971923828125
              ],
              [
                19.968164443969727,
                30.69350814819336
              ],
              [
                20.202085494995117,
                30.886310577392578
              ],
              [
                20.13410186767578,
                31.143381118774414
              ],
              [
                20.214296340942383,
                31.271915435791016
              ],
              [
                19.996076583862305,
                31.593257904052734
              ],
              [
                20.089075088500977,
                32.107421875
              ],
              [
                20.016965866088867,
                32.23596954345703
              ],
              [
                20.246112823486328,
                32.23596954345703
              ],
              [
                20.33134651184082,
                32.493072509765625
              ],
              [
                20.481992721557617,
                32.428794860839844
              ],
              [
                20.562992095947266,
                32.557350158691406
              ],
              [
                20.71593475341797,
                32.557350158691406
              ],
              [
                20.644094467163086,
                32.685909271240234
              ],
              [
                20.87124252319336,
                32.62162780761719
              ],
              [
                21.108016967773438,
                32.81447219848633
              ],
              [
                21.41167449951172,
                32.75019073486328
              ],
              [
                21.87872886657715,
                32.94303894042969
              ],
              [
                23.089431762695312,
                32.62162780761719
              ],
              [
                23.077939987182617,
                32.36451721191406
              ],
              [
                23.29851722717285,
                32.171695709228516
              ],
              [
                23.680339813232422,
                32.171695709228516
              ],
              [
                24.129365921020508,
                31.978878021240234
              ],
              [
                24.892484664916992,
                31.978878021240234
              ],
              [
                25.11168098449707,
                31.78606605529785
              ],
              [
                25.102048873901367,
                31.593257904052734
              ],
              [
                25.248035430908203,
                31.464719772338867
              ],
              [
                26.847702026367188,
                31.464719772338867
              ],
              [
                27.297456741333008,
                31.336183547973633
              ],
              [
                27.514896392822266,
                31.143381118774414
              ],
              [
                28.496395111083984,
                31.014846801757812
              ],
              [
                28.865032196044922,
                30.822044372558594
              ],
              [
                29.3970890045166,
                30.822044372558594
              ],
              [
                29.485143661499023,
                31.014846801757812
              ],
              [
                29.633193969726562,
                30.950578689575195
              ],
              [
                29.86956024169922,
                31.079113006591797
              ],
              [
                29.8017635345459,
                31.20764923095703
              ],
              [
                29.882049560546875,
                31.271915435791016
              ],
              [
                30.33879280090332,
                31.271915435791016
              ],
              [
                30.271244049072266,
                31.40045166015625
              ],
              [
                30.351730346679688,
                31.464719772338867
              ],
              [
                30.80877685546875,
                31.464719772338867
              ],
              [
                30.965608596801758,
                31.528987884521484
              ],
              [
                30.974620819091797,
                31.65752601623535
              ],
              [
                31.203296661376953,
                31.65752601623535
              ],
              [
                31.117990493774414,
                31.528987884521484
              ],
              [
                31.265825271606445,
                31.464719772338867
              ],
              [
                31.875221252441406,
                31.464719772338867
              ],
              [
                31.780553817749023,
                31.20764923095703
              ],
              [
                31.93739891052246,
                31.271915435791016
              ],
              [
                31.999635696411133,
                31.079113006591797
              ],
              [
                32.303932189941406,
                31.079113006591797
              ],
              [
                32.23719787597656,
                31.20764923095703
              ],
              [
                32.38941192626953,
                31.20764923095703
              ],
              [
                32.53215408325195,
                31.079113006591797
              ],
              [
                32.76515197753906,
                31.143381118774414
              ],
              [
                32.8316764831543,
                31.014846801757812
              ],
              [
                33.74934005737305,
                31.079113006591797
              ],
              [
                34.2972412109375,
                31.271915435791016
              ],
              [
                34.30759811401367,
                31.40045166015625
              ],
              [
                34.63344955444336,
                31.65752601623535
              ],
              [
                34.57329559326172,
                31.8503360748291
              ],
              [
                34.81304168701172,
                31.978878021240234
              ],
              [
                34.76983642578125,
                32.36451721191406
              ],
              [
                35.021759033203125,
                32.62162780761719
              ],
              [
                35.05632781982422,
                33.00732421875
              ],
              [
                35.21538543701172,
                33.07160949707031
              ],
              [
                35.39840316772461,
                33.393062591552734
              ],
              [
                35.34577560424805,
                33.65024948120117
              ],
              [
                35.49934768676758,
                33.65024948120117
              ],
              [
                35.4470100402832,
                33.90746307373047
              ],
              [
                35.68381118774414,
                33.971771240234375
              ],
              [
                35.64447784423828,
                34.3576545715332
              ],
              [
                35.79212951660156,
                34.2933349609375
              ],
              [
                36.048770904541016,
                34.55062484741211
              ],
              [
                36.0682373046875,
                34.743614196777344
              ],
              [
                35.92698669433594,
                34.87228775024414
              ],
              [
                35.959747314453125,
                35.194007873535156
              ],
              [
                35.88248825073242,
                35.194007873535156
              ],
              [
                35.99294662475586,
                35.51579284667969
              ],
              [
                35.84488296508789,
                35.58015823364258
              ],
              [
                35.990074157714844,
                36.2239875793457
              ],
              [
                35.84174346923828,
                36.28839111328125
              ],
              [
                36.26490020751953,
                36.61045455932617
              ],
              [
                36.28622817993164,
                36.80373764038086
              ],
              [
                36.144901275634766,
                36.932613372802734
              ],
              [
                35.833587646484375,
                36.932613372802734
              ],
              [
                35.487709045410156,
                36.61045455932617
              ],
              [
                35.332271575927734,
                36.61045455932617
              ],
              [
                35.11265563964844,
                36.73930740356445
              ],
              [
                34.95038986206055,
                36.67487716674805
              ],
              [
                34.892860412597656,
                36.8681755065918
              ],
              [
                34.581634521484375,
                36.8681755065918
              ],
              [
                34.2507209777832,
                36.67487716674805
              ],
              [
                33.97906494140625,
                36.28839111328125
              ],
              [
                33.2744140625,
                36.2239875793457
              ],
              [
                32.713401794433594,
                36.03080368041992
              ],
              [
                32.558349609375,
                36.03080368041992
              ],
              [
                32.498512268066406,
                36.2239875793457
              ],
              [
                32.06806182861328,
                36.61045455932617
              ],
              [
                31.08603858947754,
                36.932613372802734
              ],
              [
                30.619068145751953,
                36.932613372802734
              ],
              [
                30.49193572998047,
                36.3527946472168
              ],
              [
                30.02613639831543,
                36.3527946472168
              ],
              [
                29.938032150268555,
                36.2239875793457
              ],
              [
                29.239721298217773,
                36.2239875793457
              ],
              [
                29.124916076660156,
                36.73930740356445
              ],
              [
                28.736103057861328,
                36.73930740356445
              ],
              [
                28.590524673461914,
                36.8681755065918
              ],
              [
                28.357105255126953,
                36.8681755065918
              ],
              [
                28.186922073364258,
                36.67487716674805
              ],
              [
                28.03143882751465,
                36.67487716674805
              ],
              [
                28.138330459594727,
                37.06150817871094
              ],
              [
                28.065349578857422,
                37.12596130371094
              ],
              [
                27.597978591918945,
                37.12596130371094
              ],
              [
                27.53919219970703,
                37.38381576538086
              ],
              [
                27.22254180908203,
                37.3193473815918
              ],
              [
                27.309988021850586,
                37.44829177856445
              ],
              [
                27.16343116760254,
                37.5772590637207
              ],
              [
                27.2558650970459,
                37.7707405090332
              ],
              [
                27.177743911743164,
                37.7707405090332
              ],
              [
                27.27528190612793,
                38.028785705566406
              ],
              [
                26.888994216918945,
                38.09331130981445
              ],
              [
                26.820327758789062,
                38.22237777709961
              ],
              [
                26.42890739440918,
                38.22237777709961
              ],
              [
                26.38368797302246,
                38.67427444458008
              ],
              [
                26.535762786865234,
                38.60969924926758
              ],
              [
                26.594974517822266,
                38.351463317871094
              ],
              [
                27.06496238708496,
                38.351463317871094
              ],
              [
                27.079774856567383,
                38.54513168334961
              ],
              [
                26.849470138549805,
                38.60969924926758
              ],
              [
                26.95786476135254,
                38.997230529785156
              ],
              [
                26.879291534423828,
                38.997230529785156
              ],
              [
                26.894468307495117,
                39.19107437133789
              ],
              [
                26.742225646972656,
                39.25570297241211
              ],
              [
                26.84657859802246,
                39.57893371582031
              ],
              [
                26.132457733154297,
                39.51427459716797
              ],
              [
                26.2723331451416,
                40.29063034057617
              ],
              [
                26.604726791381836,
                40.4848747253418
              ],
              [
                26.683887481689453,
                40.4848747253418
              ],
              [
                26.673099517822266,
                40.355369567871094
              ],
              [
                27.46982192993164,
                40.42012023925781
              ],
              [
                27.537628173828125,
                40.29063034057617
              ],
              [
                27.695789337158203,
                40.29063034057617
              ],
              [
                27.792133331298828,
                40.4848747253418
              ],
              [
                27.950454711914062,
                40.4848747253418
              ],
              [
                27.938817977905273,
                40.355369567871094
              ],
              [
                29.046321868896484,
                40.355369567871094
              ],
              [
                28.900379180908203,
                40.4848747253418
              ],
              [
                28.91274642944336,
                40.614410400390625
              ],
              [
                29.3944091796875,
                40.6791877746582
              ],
              [
                29.493009567260742,
                40.873565673828125
              ],
              [
                29.24864959716797,
                40.80876541137695
              ],
              [
                29.10276222229004,
                40.93837356567383
              ],
              [
                29.115554809570312,
                41.06801223754883
              ],
              [
                27.527481079101562,
                41.06801223754883
              ],
              [
                27.017187118530273,
                40.6791877746582
              ],
              [
                26.921367645263672,
                40.4848747253418
              ],
              [
                26.76849937438965,
                40.54964065551758
              ],
              [
                26.93239974975586,
                40.614410400390625
              ],
              [
                26.853185653686523,
                40.614410400390625
              ],
              [
                26.773971557617188,
                40.614410400390625
              ],
              [
                26.779464721679688,
                40.6791877746582
              ],
              [
                26.700223922729492,
                40.6791877746582
              ],
              [
                26.620983123779297,
                40.6791877746582
              ],
              [
                26.547176361083984,
                40.74397277832031
              ],
              [
                26.140260696411133,
                40.614410400390625
              ],
              [
                26.082168579101562,
                40.873565673828125
              ],
              [
                25.849451065063477,
                40.93837356567383
              ],
              [
                24.34656524658203,
                41.00318908691406
              ],
              [
                24.010608673095703,
                40.74397277832031
              ],
              [
                23.698017120361328,
                40.80876541137695
              ],
              [
                23.684629440307617,
                40.614410400390625
              ],
              [
                23.83857536315918,
                40.54964065551758
              ],
              [
                23.73737335205078,
                40.225894927978516
              ],
              [
                22.959190368652344,
                40.42012023925781
              ],
              [
                22.89249038696289,
                40.614410400390625
              ],
              [
                22.57158088684082,
                40.54964065551758
              ],
              [
                22.543659210205078,
                40.0964469909668
              ],
              [
                22.701663970947266,
                40.0964469909668
              ],
              [
                22.610868453979492,
                39.90232849121094
              ],
              [
                23.135168075561523,
                39.449623107910156
              ],
              [
                22.816326141357422,
                39.38497543334961
              ],
              [
                22.797286987304688,
                39.06184005737305
              ],
              [
                22.95830535888672,
                39.1264533996582
              ],
              [
                23.492761611938477,
                38.8680305480957
              ],
              [
                23.331829071044922,
                38.80344009399414
              ],
              [
                23.025423049926758,
                38.93262481689453
              ],
              [
                22.935583114624023,
                38.738853454589844
              ],
              [
                23.16720199584961,
                38.67427444458008
              ],
              [
                23.312631607055664,
                38.48057174682617
              ],
              [
                23.626148223876953,
                38.48057174682617
              ],
              [
                23.563383102416992,
                38.738853454589844
              ],
              [
                24.030162811279297,
                38.67427444458008
              ],
              [
                24.178871154785156,
                38.54513168334961
              ],
              [
                24.158668518066406,
                38.22237777709961
              ],
              [
                24.002099990844727,
                38.22237777709961
              ],
              [
                23.9786319732666,
                37.835243225097656
              ],
              [
                23.44280242919922,
                38.028785705566406
              ],
              [
                23.208162307739258,
                38.028785705566406
              ],
              [
                23.20083236694336,
                37.89975357055664
              ],
              [
                23.044498443603516,
                37.89975357055664
              ],
              [
                23.108261108398438,
                37.641746520996094
              ],
              [
                23.342487335205078,
                37.641746520996094
              ],
              [
                23.402393341064453,
                37.3193473815918
              ],
              [
                23.168506622314453,
                37.3193473815918
              ],
              [
                23.175601959228516,
                37.44829177856445
              ],
              [
                22.94858741760254,
                37.5772590637207
              ],
              [
                22.71442985534668,
                37.5772590637207
              ],
              [
                22.700735092163086,
                37.3193473815918
              ],
              [
                22.853219985961914,
                37.254878997802734
              ],
              [
                23.056013107299805,
                36.67487716674805
              ],
              [
                22.83283233642578,
                36.8681755065918
              ],
              [
                22.59941291809082,
                36.8681755065918
              ],
              [
                22.51182746887207,
                36.67487716674805
              ],
              [
                22.35634422302246,
                36.67487716674805
              ],
              [
                22.21999168395996,
                37.06150817871094
              ],
              [
                21.90850067138672,
                37.06150817871094
              ],
              [
                21.899152755737305,
                36.8681755065918
              ],
              [
                21.743539810180664,
                36.8681755065918
              ],
              [
                21.681032180786133,
                37.1904182434082
              ],
              [
                21.60311508178711,
                37.1904182434082
              ],
              [
                21.696598052978516,
                37.51277160644531
              ],
              [
                21.243581771850586,
                37.835243225097656
              ],
              [
                21.415550231933594,
                38.157840728759766
              ],
              [
                21.728593826293945,
                38.157840728759766
              ],
              [
                21.738431930541992,
                38.351463317871094
              ],
              [
                21.19325065612793,
                38.416015625
              ],
              [
                20.973709106445312,
                38.738853454589844
              ],
              [
                20.74135398864746,
                38.80344009399414
              ],
              [
                20.91095733642578,
                39.06184005737305
              ],
              [
                20.29724884033203,
                39.38497543334961
              ],
              [
                20.15495491027832,
                39.70827102661133
              ],
              [
                19.918411254882812,
                39.70827102661133
              ],
              [
                19.912464141845703,
                39.57893371582031
              ],
              [
                19.75778579711914,
                39.64360046386719
              ],
              [
                19.76365852355957,
                39.77294921875
              ],
              [
                20.00027847290039,
                39.77294921875
              ],
              [
                20.009418487548828,
                39.9670295715332
              ],
              [
                19.62952995300293,
                40.29063034057617
              ],
              [
                19.47136878967285,
                40.29063034057617
              ],
              [
                19.48629379272461,
                40.614410400390625
              ],
              [
                19.2486515045166,
                40.614410400390625
              ],
              [
                19.254547119140625,
                40.74397277832031
              ],
              [
                19.498455047607422,
                40.873565673828125
              ],
              [
                19.437559127807617,
                41.26253128051758
              ],
              [
                19.523332595825195,
                41.39224624633789
              ],
              [
                19.443790435791016,
                41.39224624633789
              ],
              [
                19.529659271240234,
                41.521995544433594
              ],
              [
                19.450061798095703,
                41.521995544433594
              ],
              [
                19.54244041442871,
                41.781593322753906
              ],
              [
                18.85202980041504,
                42.36617660522461
              ],
              [
                18.143457412719727,
                42.62621307373047
              ],
              [
                17.991540908813477,
                42.82133865356445
              ],
              [
                17.593284606933594,
                42.88639831542969
              ],
              [
                17.50791358947754,
                42.75628662109375
              ],
              [
                17.515670776367188,
                42.95146560668945
              ],
              [
                17.35520362854004,
                42.95146560668945
              ],
              [
                17.36538314819336,
                43.211830139160156
              ],
              [
                17.12186050415039,
                43.146724700927734
              ],
              [
                17.05129051208496,
                43.407203674316406
              ],
              [
                16.727190017700195,
                43.342071533203125
              ],
              [
                16.734172821044922,
                43.53750228881836
              ],
              [
                16.575437545776367,
                43.6026611328125
              ],
              [
                15.927099227905273,
                43.472347259521484
              ],
              [
                16.01169204711914,
                43.6026611328125
              ],
              [
                15.856636047363281,
                43.79821014404297
              ],
              [
                15.695383071899414,
                43.79821014404297
              ],
              [
                15.618592262268066,
                43.92862319946289
              ],
              [
                15.374701499938965,
                43.86341094970703
              ],
              [
                15.459075927734375,
                43.99384307861328
              ],
              [
                15.218687057495117,
                44.05907440185547
              ],
              [
                15.146636962890625,
                44.38538360595703
              ],
              [
                14.908865928649902,
                44.58129119873047
              ],
              [
                14.91874885559082,
                44.973392486572266
              ],
              [
                14.515777587890625,
                45.10417556762695
              ],
              [
                14.603090286254883,
                45.36587905883789
              ],
              [
                14.196189880371094,
                45.36587905883789
              ],
              [
                14.189410209655762,
                45.03877639770508
              ],
              [
                13.945749282836914,
                45.03877639770508
              ],
              [
                13.943220138549805,
                44.908016204833984
              ],
              [
                13.780906677246094,
                44.908016204833984
              ],
              [
                13.705584526062012,
                45.23500442504883
              ],
              [
                13.544051170349121,
                45.300437927246094
              ],
              [
                13.547340393066406,
                45.496795654296875
              ],
              [
                13.710229873657227,
                45.496795654296875
              ],
              [
                13.714865684509277,
                45.75876998901367
              ],
              [
                13.633292198181152,
                45.75876998901367
              ],
              [
                13.635544776916504,
                45.889827728271484
              ],
              [
                14.042449951171875,
                45.82429504394531
              ],
              [
                14.128024101257324,
                46.02093505859375
              ],
              [
                14.533573150634766,
                45.889827728271484
              ],
              [
                14.689109802246094,
                45.56227111816406
              ],
              [
                14.933539390563965,
                45.56227111816406
              ],
              [
                15.167534828186035,
                45.169586181640625
              ],
              [
                15.485201835632324,
                44.908016204833984
              ],
              [
                15.647515296936035,
                44.908016204833984
              ],
              [
                15.64172077178955,
                44.71194839477539
              ],
              [
                15.884906768798828,
                44.71194839477539
              ],
              [
                16.038679122924805,
                44.45067596435547
              ],
              [
                16.19840431213379,
                44.38538360595703
              ],
              [
                16.19411277770996,
                44.25482940673828
              ],
              [
                16.355798721313477,
                44.25482940673828
              ],
              [
                16.427703857421875,
                43.99384307861328
              ],
              [
                17.146665573120117,
                43.79821014404297
              ],
              [
                17.222238540649414,
                43.6678352355957
              ],
              [
                17.855730056762695,
                43.407203674316406
              ],
              [
                18.502277374267578,
                43.472347259521484
              ],
              [
                18.496294021606445,
                43.342071533203125
              ],
              [
                19.38084602355957,
                43.342071533203125
              ],
              [
                19.313631057739258,
                43.6026611328125
              ],
              [
                19.474700927734375,
                43.6026611328125
              ],
              [
                19.410938262939453,
                43.92862319946289
              ],
              [
                19.659931182861328,
                44.05907440185547
              ],
              [
                19.670358657836914,
                44.25482940673828
              ],
              [
                19.835590362548828,
                44.32010269165039
              ],
              [
                19.938013076782227,
                44.71194839477539
              ],
              [
                20.288434982299805,
                45.169586181640625
              ],
              [
                20.5284423828125,
                45.10417556762695
              ],
              [
                20.516931533813477,
                44.908016204833984
              ],
              [
                20.748632431030273,
                44.71194839477539
              ],
              [
                21.40547752380371,
                44.842647552490234
              ],
              [
                21.879146575927734,
                44.64661407470703
              ],
              [
                21.951416015625,
                44.5159797668457
              ],
              [
                22.689453125,
                44.64661407470703
              ],
              [
                22.518192291259766,
                44.5159797668457
              ],
              [
                22.50443458557129,
                44.32010269165039
              ],
              [
                22.894636154174805,
                44.12431716918945
              ],
              [
                22.951791763305664,
                43.79821014404297
              ],
              [
                23.601760864257812,
                43.86341094970703
              ],
              [
                24.15087890625,
                43.6678352355957
              ],
              [
                24.881397247314453,
                43.73301696777344
              ],
              [
                25.434297561645508,
                43.6026611328125
              ],
              [
                25.84855079650879,
                43.73301696777344
              ],
              [
                26.281423568725586,
                44.05907440185547
              ],
              [
                27.492671966552734,
                44.05907440185547
              ],
              [
                27.828874588012695,
                44.18956756591797
              ],
              [
                27.943035125732422,
                44.5159797668457
              ],
              [
                27.787734985351562,
                44.58129119873047
              ],
              [
                27.801036834716797,
                44.71194839477539
              ],
              [
                27.969886779785156,
                44.77729415893555
              ],
              [
                27.99687957763672,
                45.03877639770508
              ],
              [
                27.847858428955078,
                45.169586181640625
              ],
              [
                27.868051528930664,
                45.36587905883789
              ],
              [
                28.281864166259766,
                45.431331634521484
              ],
              [
                28.34939956665039,
                45.300437927246094
              ],
              [
                28.667741775512695,
                45.23500442504883
              ],
              [
                29.095985412597656,
                45.431331634521484
              ],
              [
                29.58445930480957,
                45.431331634521484
              ],
              [
                29.57703399658203,
                45.36587905883789
              ],
              [
                29.658414840698242,
                45.36587905883789
              ],
              [
                29.525348663330078,
                44.908016204833984
              ],
              [
                29.024105072021484,
                44.77729415893555
              ],
              [
                29.04557228088379,
                44.973392486572266
              ],
              [
                28.802005767822266,
                44.973392486572266
              ]
            ]
          ],
          [
            [
              [
                24.149879455566406,
                35.38706970214844
              ],
              [
                24.30097007751465,
                35.32271194458008
              ],
              [
                25.69233512878418,
                35.32271194458008
              ],
              [
                25.680648803710938,
                35.12965774536133
              ],
              [
                26.22533416748047,
                35.194007873535156
              ],
              [
                26.140073776245117,
                35.065311431884766
              ],
              [
                24.823745727539062,
                35.00096893310547
              ],
              [
                24.7574462890625,
                35.194007873535156
              ],
              [
                24.52567481994629,
                35.194007873535156
              ],
              [
                24.44841766357422,
                35.194007873535156
              ],
              [
                23.679210662841797,
                35.258358001708984
              ],
              [
                23.615402221679688,
                35.51579284667969
              ],
              [
                24.156919479370117,
                35.51579284667969
              ],
              [
                24.149879455566406,
                35.38706970214844
              ]
            ]
          ],
          [
            [
              [
                22.964859008789062,
                36.417205810546875
              ],
              [
                23.116798400878906,
                36.3527946472168
              ],
              [
                23.10675048828125,
                36.15959167480469
              ],
              [
                22.87404441833496,
                36.15959167480469
              ],
              [
                22.887205123901367,
                36.417205810546875
              ],
              [
                22.964859008789062,
                36.417205810546875
              ]
            ]
          ],
          [
            [
              [
                24.36141586303711,
                37.706241607666016
              ],
              [
                24.43158721923828,
                37.5772590637207
              ],
              [
                24.27158546447754,
                37.51277160644531
              ],
              [
                24.201318740844727,
                37.641746520996094
              ],
              [
                24.28331756591797,
                37.706241607666016
              ],
              [
                24.36141586303711,
                37.706241607666016
              ]
            ]
          ],
          [
            [
              [
                20.621307373046875,
                37.89975357055664
              ],
              [
                20.69947624206543,
                37.89975357055664
              ],
              [
                20.933977127075195,
                37.89975357055664
              ],
              [
                20.922147750854492,
                37.641746520996094
              ],
              [
                20.612695693969727,
                37.706241607666016
              ],
              [
                20.621307373046875,
                37.89975357055664
              ]
            ]
          ],
          [
            [
              [
                24.772438049316406,
                38.028785705566406
              ],
              [
                25.068470001220703,
                37.7707405090332
              ],
              [
                24.830005645751953,
                37.706241607666016
              ],
              [
                24.681930541992188,
                37.835243225097656
              ],
              [
                24.694225311279297,
                38.028785705566406
              ],
              [
                24.772438049316406,
                38.028785705566406
              ]
            ]
          ],
          [
            [
              [
                20.488054275512695,
                38.416015625
              ],
              [
                20.566410064697266,
                38.416015625
              ],
              [
                20.795446395874023,
                38.28691864013672
              ],
              [
                20.7864933013916,
                38.09331130981445
              ],
              [
                20.319902420043945,
                38.157840728759766
              ],
              [
                20.328466415405273,
                38.351463317871094
              ],
              [
                20.488054275512695,
                38.416015625
              ]
            ]
          ],
          [
            [
              [
                23.56732749938965,
                38.80344009399414
              ],
              [
                23.563383102416992,
                38.738853454589844
              ],
              [
                23.484909057617188,
                38.738853454589844
              ],
              [
                23.488826751708984,
                38.80344009399414
              ],
              [
                23.56732749938965,
                38.80344009399414
              ]
            ]
          ],
          [
            [
              [
                24.364974975585938,
                38.997230529785156
              ],
              [
                24.443546295166016,
                38.997230529785156
              ],
              [
                24.674930572509766,
                38.93262481689453
              ],
              [
                24.662033081054688,
                38.738853454589844
              ],
              [
                24.35651969909668,
                38.8680305480957
              ],
              [
                24.364974975585938,
                38.997230529785156
              ]
            ]
          ],
          [
            [
              [
                16.916194915771484,
                39.51427459716797
              ],
              [
                17.069679260253906,
                39.38497543334961
              ],
              [
                17.138301849365234,
                39.06184005737305
              ],
              [
                16.502395629882812,
                38.80344009399414
              ],
              [
                16.491945266723633,
                38.416015625
              ],
              [
                15.932764053344727,
                37.96426773071289
              ],
              [
                15.698192596435547,
                37.96426773071289
              ],
              [
                15.62426471710205,
                38.157840728759766
              ],
              [
                15.389483451843262,
                38.157840728759766
              ],
              [
                15.066489219665527,
                37.641746520996094
              ],
              [
                15.059245109558105,
                37.254878997802734
              ],
              [
                15.213889122009277,
                37.1904182434082
              ],
              [
                15.049844741821289,
                36.73930740356445
              ],
              [
                14.661029815673828,
                36.73930740356445
              ],
              [
                14.27791690826416,
                37.12596130371094
              ],
              [
                13.578389167785645,
                37.254878997802734
              ],
              [
                13.192005157470703,
                37.5772590637207
              ],
              [
                12.490468978881836,
                37.706241607666016
              ],
              [
                12.49189567565918,
                37.89975357055664
              ],
              [
                12.649824142456055,
                38.09331130981445
              ],
              [
                13.040358543395996,
                38.028785705566406
              ],
              [
                13.119925498962402,
                38.157840728759766
              ],
              [
                13.354706764221191,
                38.157840728759766
              ],
              [
                13.665236473083496,
                37.96426773071289
              ],
              [
                14.604636192321777,
                38.028785705566406
              ],
              [
                14.763398170471191,
                38.157840728759766
              ],
              [
                15.862062454223633,
                38.28691864013672
              ],
              [
                15.949724197387695,
                38.67427444458008
              ],
              [
                16.265209197998047,
                38.738853454589844
              ],
              [
                15.898874282836914,
                39.77294921875
              ],
              [
                15.665508270263672,
                39.90232849121094
              ],
              [
                15.747773170471191,
                40.031734466552734
              ],
              [
                15.431868553161621,
                40.031734466552734
              ],
              [
                15.199469566345215,
                40.225894927978516
              ],
              [
                15.041359901428223,
                40.225894927978516
              ],
              [
                14.893351554870605,
                40.6791877746582
              ],
              [
                14.417906761169434,
                40.6791877746582
              ],
              [
                14.421854972839355,
                40.873565673828125
              ],
              [
                14.02643871307373,
                40.93837356567383
              ],
              [
                14.02763557434082,
                41.00318908691406
              ],
              [
                14.503893852233887,
                41.00318908691406
              ],
              [
                14.579122543334961,
                40.80876541137695
              ],
              [
                14.97559642791748,
                40.80876541137695
              ],
              [
                15.202528953552246,
                40.355369567871094
              ],
              [
                15.984702110290527,
                40.031734466552734
              ],
              [
                15.982950210571289,
                39.9670295715332
              ],
              [
                15.976031303405762,
                39.70827102661133
              ],
              [
                16.44911766052246,
                39.70827102661133
              ],
              [
                16.44725799560547,
                39.64360046386719
              ],
              [
                16.916194915771484,
                39.51427459716797
              ]
            ]
          ],
          [
            [
              [
                20.148855209350586,
                39.57893371582031
              ],
              [
                20.070056915283203,
                39.57893371582031
              ],
              [
                20.073074340820312,
                39.64360046386719
              ],
              [
                20.151897430419922,
                39.64360046386719
              ],
              [
                20.148855209350586,
                39.57893371582031
              ]
            ]
          ],
          [
            [
              [
                16.337587356567383,
                41.26253128051758
              ],
              [
                16.732860565185547,
                41.19768524169922
              ],
              [
                17.436086654663086,
                40.873565673828125
              ],
              [
                17.510658264160156,
                40.74397277832031
              ],
              [
                17.981229782104492,
                40.614410400390625
              ],
              [
                18.364234924316406,
                40.29063034057617
              ],
              [
                18.435537338256836,
                40.0964469909668
              ],
              [
                18.356534957885742,
                40.0964469909668
              ],
              [
                18.34894371032715,
                39.90232849121094
              ],
              [
                18.11216926574707,
                39.90232849121094
              ],
              [
                17.813072204589844,
                40.355369567871094
              ],
              [
                17.41753578186035,
                40.355369567871094
              ],
              [
                17.345230102539062,
                40.54964065551758
              ],
              [
                17.02848243713379,
                40.54964065551758
              ],
              [
                16.867990493774414,
                40.4848747253418
              ],
              [
                16.945016860961914,
                40.42012023925781
              ],
              [
                16.863784790039062,
                40.355369567871094
              ],
              [
                16.784677505493164,
                40.355369567871094
              ],
              [
                16.79092025756836,
                40.54964065551758
              ],
              [
                16.246257781982422,
                40.873565673828125
              ],
              [
                16.248212814331055,
                40.93837356567383
              ],
              [
                16.089513778686523,
                40.93837356567383
              ],
              [
                16.093338012695312,
                41.06801223754883
              ],
              [
                16.254121780395508,
                41.132843017578125
              ],
              [
                16.258100509643555,
                41.26253128051758
              ],
              [
                16.337587356567383,
                41.26253128051758
              ]
            ]
          ],
          [
            [
              [
                24.490964889526367,
                40.80876541137695
              ],
              [
                24.57025909423828,
                40.80876541137695
              ],
              [
                24.808143615722656,
                40.80876541137695
              ],
              [
                24.793624877929688,
                40.614410400390625
              ],
              [
                24.551259994506836,
                40.54964065551758
              ],
              [
                24.490964889526367,
                40.80876541137695
              ]
            ]
          ],
          [
            [
              [
                15.871938705444336,
                41.65177917480469
              ],
              [
                15.870044708251953,
                41.586883544921875
              ],
              [
                15.868156433105469,
                41.521995544433594
              ],
              [
                15.866273880004883,
                41.45711898803711
              ],
              [
                15.629362106323242,
                41.521995544433594
              ],
              [
                15.634793281555176,
                41.71668243408203
              ],
              [
                15.87384033203125,
                41.71668243408203
              ],
              [
                15.871938705444336,
                41.65177917480469
              ]
            ]
          ],
          [
            [
              [
                34.08732223510742,
                35.00096893310547
              ],
              [
                33.69539260864258,
                34.93662643432617
              ],
              [
                33.523399353027344,
                34.743614196777344
              ],
              [
                33.1320686340332,
                34.679283142089844
              ],
              [
                33.04356002807617,
                34.55062484741211
              ],
              [
                32.36665725708008,
                34.743614196777344
              ],
              [
                32.229042053222656,
                34.93662643432617
              ],
              [
                32.24578857421875,
                35.12965774536133
              ],
              [
                32.55473709106445,
                35.12965774536133
              ],
              [
                32.875247955322266,
                35.258358001708984
              ],
              [
                32.886871337890625,
                35.38706970214844
              ],
              [
                33.73737716674805,
                35.38706970214844
              ],
              [
                34.309810638427734,
                35.708900451660156
              ],
              [
                34.38723373413086,
                35.708900451660156
              ],
              [
                34.542076110839844,
                35.708900451660156
              ],
              [
                34.5294189453125,
                35.58015823364258
              ],
              [
                33.95713424682617,
                35.258358001708984
              ],
              [
                34.08732223510742,
                35.00096893310547
              ]
            ]
          ],
          [
            [
              [
                28.01713752746582,
                36.48161697387695
              ],
              [
                28.09481430053711,
                36.48161697387695
              ],
              [
                28.250165939331055,
                36.48161697387695
              ],
              [
                28.139331817626953,
                36.03080368041992
              ],
              [
                27.742563247680664,
                35.902034759521484
              ],
              [
                27.692523956298828,
                36.28839111328125
              ],
              [
                28.01713752746582,
                36.48161697387695
              ]
            ]
          ],
          [
            [
              [
                27.18541717529297,
                36.80373764038086
              ],
              [
                26.865324020385742,
                36.67487716674805
              ],
              [
                27.038949966430664,
                36.932613372802734
              ],
              [
                27.116777420043945,
                36.932613372802734
              ],
              [
                27.18541717529297,
                36.80373764038086
              ]
            ]
          ],
          [
            [
              [
                25.339021682739258,
                37.12596130371094
              ],
              [
                25.416915893554688,
                37.12596130371094
              ],
              [
                25.57270622253418,
                37.12596130371094
              ],
              [
                25.56435775756836,
                36.9970588684082
              ],
              [
                25.330806732177734,
                36.9970588684082
              ],
              [
                25.339021682739258,
                37.12596130371094
              ]
            ]
          ],
          [
            [
              [
                24.986202239990234,
                37.706241607666016
              ],
              [
                25.064300537109375,
                37.706241607666016
              ],
              [
                25.220497131347656,
                37.706241607666016
              ],
              [
                25.285974502563477,
                37.51277160644531
              ],
              [
                25.0518856048584,
                37.51277160644531
              ],
              [
                24.986202239990234,
                37.706241607666016
              ]
            ]
          ],
          [
            [
              [
                26.079580307006836,
                37.706241607666016
              ],
              [
                26.157678604125977,
                37.706241607666016
              ],
              [
                26.313875198364258,
                37.706241607666016
              ],
              [
                26.304851531982422,
                37.5772590637207
              ],
              [
                25.988245010375977,
                37.51277160644531
              ],
              [
                26.079580307006836,
                37.706241607666016
              ]
            ]
          ],
          [
            [
              [
                25.820756912231445,
                38.48057174682617
              ],
              [
                25.912982940673828,
                38.67427444458008
              ],
              [
                25.99143409729004,
                38.67427444458008
              ],
              [
                26.217344284057617,
                38.54513168334961
              ],
              [
                26.111188888549805,
                38.157840728759766
              ],
              [
                25.876405715942383,
                38.157840728759766
              ],
              [
                25.89913558959961,
                38.48057174682617
              ],
              [
                25.820756912231445,
                38.48057174682617
              ]
            ]
          ],
          [
            [
              [
                26.103172302246094,
                39.1264533996582
              ],
              [
                25.793418884277344,
                39.19107437133789
              ],
              [
                26.043895721435547,
                39.38497543334961
              ],
              [
                26.122615814208984,
                39.38497543334961
              ],
              [
                26.511207580566406,
                39.320335388183594
              ],
              [
                26.643573760986328,
                38.997230529785156
              ],
              [
                26.24588966369629,
                38.93262481689453
              ],
              [
                26.09356689453125,
                38.997230529785156
              ],
              [
                26.103172302246094,
                39.1264533996582
              ]
            ]
          ],
          [
            [
              [
                25.066978454589844,
                40.031734466552734
              ],
              [
                25.145954132080078,
                40.031734466552734
              ],
              [
                25.46186065673828,
                40.031734466552734
              ],
              [
                25.447328567504883,
                39.8376350402832
              ],
              [
                24.973936080932617,
                39.8376350402832
              ],
              [
                25.066978454589844,
                40.031734466552734
              ]
            ]
          ],
          [
            [
              [
                41.148189544677734,
                39.8376350402832
              ],
              [
                40.911495208740234,
                39.8376350402832
              ],
              [
                40.941219329833984,
                40.031734466552734
              ],
              [
                41.17814636230469,
                40.031734466552734
              ],
              [
                41.158138275146484,
                39.90232849121094
              ],
              [
                41.148189544677734,
                39.8376350402832
              ]
            ]
          ],
          [
            [
              [
                25.7978458404541,
                40.29063034057617
              ],
              [
                26.03508949279785,
                40.29063034057617
              ],
              [
                26.024850845336914,
                40.16116714477539
              ],
              [
                25.703752517700195,
                40.0964469909668
              ],
              [
                25.718765258789062,
                40.29063034057617
              ],
              [
                25.7978458404541,
                40.29063034057617
              ]
            ]
          ],
          [
            [
              [
                33.61005401611328,
                45.10417556762695
              ],
              [
                32.60533905029297,
                45.496795654296875
              ],
              [
                33.70957565307617,
                45.82429504394531
              ],
              [
                33.73704528808594,
                46.02093505859375
              ],
              [
                34.318397521972656,
                46.08650588989258
              ],
              [
                34.38124465942383,
                45.95537567138672
              ],
              [
                34.61674118041992,
                45.889827728271484
              ],
              [
                34.59776306152344,
                45.75876998901367
              ],
              [
                34.74187088012695,
                45.62776184082031
              ],
              [
                34.98639678955078,
                45.62776184082031
              ],
              [
                35.01994323730469,
                45.300437927246094
              ],
              [
                35.42668151855469,
                45.300437927246094
              ],
              [
                35.297096252441406,
                44.973392486572266
              ],
              [
                34.547767639160156,
                44.842647552490234
              ],
              [
                34.538475036621094,
                44.77729415893555
              ],
              [
                33.763771057128906,
                44.45067596435547
              ],
              [
                33.68283462524414,
                44.45067596435547
              ],
              [
                33.601898193359375,
                44.45067596435547
              ],
              [
                33.52096176147461,
                44.45067596435547
              ],
              [
                33.46652603149414,
                44.64661407470703
              ],
              [
                33.54755401611328,
                44.64661407470703
              ],
              [
                33.59213638305664,
                44.973392486572266
              ],
              [
                33.60108947753906,
                45.03877639770508
              ],
              [
                33.61005401611328,
                45.10417556762695
              ]
            ]
          ]
        ]
      }
    }
  ]
}
