{
  "type": "FeatureCollection",
  "features": [
    {
      "type": "Feature",
      "properties": {
        "Name": "Spanish Empire",
        "FromYear": 1600,
        "ToYear": 1608,
        "Area": 6381186.441794633,
        "Type": "POLITY",
        "Wikipedia": "Spanish Empire",
        "Wikidata": "Q80702",
        "SeshatID": "es_spanish_emp_1",
        "Components": "",
        "MemberOf": "(Spanish Empire)",
        "displayYear": 1600,
        "sourceYear": 1600,
        "mappedTerritoryId": "cliopatria_spanish_empire"
      },
      "geometry": {
        "type": "MultiPolygon",
        "coordinates": [
          [
            [
              [
                -73.46094512939453,
                -42.24354934692383
              ],
              [
                -73.69035339355469,
                -42.56853485107422
              ],
              [
                -73.72048950195312,
                -42.63356018066406
              ],
              [
                -73.64039611816406,
                -42.63356018066406
              ],
              [
                -73.65098571777344,
                -42.82868576049805
              ],
              [
                -74.10157012939453,
                -42.763633728027344
              ],
              [
                -74.03033447265625,
                -42.438514709472656
              ],
              [
                -73.46094512939453,
                -42.24354934692383
              ]
            ]
          ],
          [
            [
              [
                -73.2114486694336,
                -40.03904342651367
              ],
              [
                -73.89781951904297,
                -40.168479919433594
              ],
              [
                -73.81615447998047,
                -39.97433853149414
              ],
              [
                -73.52547454833984,
                -39.84494400024414
              ],
              [
                -73.57758331298828,
                -39.78025817871094
              ],
              [
                -73.39257049560547,
                -39.521575927734375
              ],
              [
                -73.36626434326172,
                -39.45692443847656
              ],
              [
                -73.13002014160156,
                -39.45692443847656
              ],
              [
                -73.18257141113281,
                -39.586238861083984
              ],
              [
                -72.99893188476562,
                -39.715576171875
              ],
              [
                -73.05207061767578,
                -39.84494400024414
              ],
              [
                -73.2114486694336,
                -40.03904342651367
              ]
            ]
          ],
          [
            [
              [
                -75.3443374633789,
                -10.836090087890625
              ],
              [
                -75.33930206298828,
                -10.771801948547363
              ],
              [
                -75.26614379882812,
                -10.771801948547363
              ],
              [
                -75.27117156982422,
                -10.836090087890625
              ],
              [
                -75.3443374633789,
                -10.836090087890625
              ]
            ]
          ],
          [
            [
              [
                -97.72145080566406,
                22.529123306274414
              ],
              [
                -97.54424285888672,
                21.629112243652344
              ],
              [
                -97.37100982666016,
                21.500539779663086
              ],
              [
                -97.18753814697266,
                20.921964645385742
              ],
              [
                -96.51469421386719,
                20.08624267578125
              ],
              [
                -96.25057983398438,
                19.443374633789062
              ],
              [
                -95.76676940917969,
                18.800504684448242
              ],
              [
                -94.77217102050781,
                18.607641220092773
              ],
              [
                -94.48452758789062,
                18.2219181060791
              ],
              [
                -94.04130554199219,
                18.2219181060791
              ],
              [
                -93.49372100830078,
                18.479066848754883
              ],
              [
                -92.61772155761719,
                18.543354034423828
              ],
              [
                -92.50244903564453,
                18.736217498779297
              ],
              [
                -91.83705139160156,
                18.736217498779297
              ],
              [
                -91.79398345947266,
                18.479066848754883
              ],
              [
                -91.49837493896484,
                18.479066848754883
              ],
              [
                -91.44587707519531,
                18.607641220092773
              ],
              [
                -91.29804229736328,
                18.607641220092773
              ],
              [
                -91.35189819335938,
                18.929079055786133
              ],
              [
                -90.81432342529297,
                19.25051498413086
              ],
              [
                -90.74271392822266,
                19.700523376464844
              ],
              [
                -90.47938537597656,
                19.893383026123047
              ],
              [
                -90.49354553222656,
                20.40767478942871
              ],
              [
                -90.41940307617188,
                20.40767478942871
              ],
              [
                -90.3199234008789,
                21.114822387695312
              ],
              [
                -90.17145538330078,
                21.114822387695312
              ],
              [
                -89.9826889038086,
                21.307680130004883
              ],
              [
                -89.1771240234375,
                21.371967315673828
              ],
              [
                -88.47954559326172,
                21.629112243652344
              ],
              [
                -87.3426742553711,
                21.500539779663086
              ],
              [
                -87.2164306640625,
                21.629112243652344
              ],
              [
                -86.91922760009766,
                21.629112243652344
              ],
              [
                -86.74839782714844,
                21.500539779663086
              ],
              [
                -86.66070556640625,
                20.986249923706055
              ],
              [
                -86.85083770751953,
                20.793392181396484
              ],
              [
                -86.82926940917969,
                20.664819717407227
              ],
              [
                -87.04102325439453,
                20.60053253173828
              ],
              [
                -87.34735107421875,
                20.214815139770508
              ],
              [
                -87.29402160644531,
                19.893383026123047
              ],
              [
                -87.54778289794922,
                19.6362361907959
              ],
              [
                -87.38911437988281,
                19.571949005126953
              ],
              [
                -87.36799621582031,
                19.443374633789062
              ],
              [
                -87.49495697021484,
                19.314802169799805
              ],
              [
                -87.45301055908203,
                19.057653427124023
              ],
              [
                -87.7293930053711,
                18.479066848754883
              ],
              [
                -87.69865417480469,
                18.286205291748047
              ],
              [
                -87.91007232666016,
                18.2219181060791
              ],
              [
                -88.03532409667969,
                18.543354034423828
              ],
              [
                -87.96141052246094,
                18.543354034423828
              ],
              [
                -87.99251556396484,
                18.736217498779297
              ],
              [
                -88.12997436523438,
                18.67193031311035
              ],
              [
                -88.17279815673828,
                18.479066848754883
              ],
              [
                -88.2467041015625,
                18.479066848754883
              ],
              [
                -88.3945083618164,
                18.479066848754883
              ],
              [
                -88.75556182861328,
                17.964767456054688
              ],
              [
                -89.05091857910156,
                17.964767456054688
              ],
              [
                -89.16804504394531,
                17.77190399169922
              ],
              [
                -90.57054138183594,
                17.77190399169922
              ],
              [
                -90.60244750976562,
                16.550434112548828
              ],
              [
                -90.35283660888672,
                16.35757064819336
              ],
              [
                -90.37967681884766,
                16.036130905151367
              ],
              [
                -90.0115966796875,
                16.036130905151367
              ],
              [
                -89.93798065185547,
                16.036130905151367
              ],
              [
                -89.56074523925781,
                15.971842765808105
              ],
              [
                -89.54258728027344,
                15.843266487121582
              ],
              [
                -89.41352844238281,
                15.971842765808105
              ],
              [
                -89.11908721923828,
                15.971842765808105
              ],
              [
                -88.65943908691406,
                15.843266487121582
              ],
              [
                -88.30039978027344,
                15.907554626464844
              ],
              [
                -88.20897674560547,
                15.77897834777832
              ],
              [
                -87.98821258544922,
                15.77897834777832
              ],
              [
                -87.93238830566406,
                15.907554626464844
              ],
              [
                -87.49076843261719,
                15.907554626464844
              ],
              [
                -87.25232696533203,
                15.77897834777832
              ],
              [
                -86.4428482055664,
                15.77897834777832
              ],
              [
                -85.8802719116211,
                15.971842765808105
              ],
              [
                -85.86832427978516,
                15.328963279724121
              ],
              [
                -85.68842315673828,
                15.07181167602539
              ],
              [
                -85.06068420410156,
                14.750371932983398
              ],
              [
                -84.81712341308594,
                14.55750846862793
              ],
              [
                -84.79447174072266,
                14.364645004272461
              ],
              [
                -84.58161926269531,
                14.428933143615723
              ],
              [
                -84.55197143554688,
                14.171781539916992
              ],
              [
                -84.7576904296875,
                14.043206214904785
              ],
              [
                -84.74332427978516,
                13.914630889892578
              ],
              [
                -84.9422836303711,
                13.721768379211426
              ],
              [
                -84.92146301269531,
                13.528904914855957
              ],
              [
                -84.66767120361328,
                13.207467079162598
              ],
              [
                -84.73441314697266,
                13.143178939819336
              ],
              [
                -84.63513946533203,
                12.886029243469238
              ],
              [
                -84.78176879882812,
                12.886029243469238
              ],
              [
                -84.75031280517578,
                12.564591407775879
              ],
              [
                -84.67701721191406,
                12.564591407775879
              ],
              [
                -84.6290054321289,
                12.050291061401367
              ],
              [
                -84.47671508789062,
                11.986002922058105
              ],
              [
                -84.5384750366211,
                11.857428550720215
              ],
              [
                -84.42103576660156,
                11.343128204345703
              ],
              [
                -84.02884674072266,
                11.021690368652344
              ],
              [
                -83.74128723144531,
                11.085978507995605
              ],
              [
                -83.58470153808594,
                10.957403182983398
              ],
              [
                -83.5647201538086,
                10.7002534866333
              ],
              [
                -83.23410034179688,
                10.185953140258789
              ],
              [
                -82.8504638671875,
                9.928803443908691
              ],
              [
                -82.84166717529297,
                9.800228118896484
              ],
              [
                -82.60948944091797,
                9.607365608215332
              ],
              [
                -82.30876159667969,
                9.478790283203125
              ],
              [
                -82.20748138427734,
                9.028778076171875
              ],
              [
                -82.0574951171875,
                8.964489936828613
              ],
              [
                -81.83834838867188,
                8.964489936828613
              ],
              [
                -81.92312622070312,
                9.157352447509766
              ],
              [
                -81.77700805664062,
                9.157352447509766
              ],
              [
                -81.46550750732422,
                8.835914611816406
              ],
              [
                -81.02725982666016,
                8.835914611816406
              ],
              [
                -80.53499603271484,
                9.157352447509766
              ],
              [
                -79.95831298828125,
                9.285927772521973
              ],
              [
                -79.68607330322266,
                9.607365608215332
              ],
              [
                -78.95521545410156,
                9.607365608215332
              ],
              [
                -78.94718170166016,
                9.478790283203125
              ],
              [
                -78.50871276855469,
                9.478790283203125
              ],
              [
                -77.98551940917969,
                9.285927772521973
              ],
              [
                -77.7439956665039,
                8.900202751159668
              ],
              [
                -77.5141830444336,
                8.707340240478516
              ],
              [
                -77.29507446289062,
                8.707340240478516
              ],
              [
                -77.1319580078125,
                8.385902404785156
              ],
              [
                -76.8301010131836,
                8.193038940429688
              ],
              [
                -76.92643737792969,
                8.643052101135254
              ],
              [
                -76.29025268554688,
                9.028778076171875
              ],
              [
                -76.09332275390625,
                9.41450309753418
              ],
              [
                -75.65867614746094,
                9.478790283203125
              ],
              [
                -75.63796997070312,
                10.314528465270996
              ],
              [
                -75.4959716796875,
                10.378815650939941
              ],
              [
                -75.5777359008789,
                10.507390975952148
              ],
              [
                -75.44463348388672,
                10.7002534866333
              ],
              [
                -75.22962188720703,
                10.764540672302246
              ],
              [
                -75.23863220214844,
                10.893115997314453
              ],
              [
                -74.96434783935547,
                11.15026569366455
              ],
              [
                -74.52061462402344,
                11.085978507995605
              ],
              [
                -74.36063385009766,
                10.893115997314453
              ],
              [
                -74.17333221435547,
                11.343128204345703
              ],
              [
                -73.15324401855469,
                11.407415390014648
              ],
              [
                -72.81107330322266,
                11.728853225708008
              ],
              [
                -72.23989868164062,
                11.92171573638916
              ],
              [
                -72.19175720214844,
                12.24315357208252
              ],
              [
                -71.90381622314453,
                12.307440757751465
              ],
              [
                -71.84087371826172,
                12.436016082763672
              ],
              [
                -71.32791900634766,
                12.436016082763672
              ],
              [
                -71.09784698486328,
                12.307440757751465
              ],
              [
                -71.07292938232422,
                11.986002922058105
              ],
              [
                -71.27811431884766,
                11.793140411376953
              ],
              [
                -71.9228286743164,
                11.6002779006958
              ],
              [
                -71.82191467285156,
                11.214552879333496
              ],
              [
                -71.59342193603516,
                11.085978507995605
              ],
              [
                -71.6491470336914,
                10.828827857971191
              ],
              [
                -71.50282287597656,
                10.828827857971191
              ],
              [
                -71.01683044433594,
                11.214552879333496
              ],
              [
                -70.15194702148438,
                11.407415390014648
              ],
              [
                -70.08782958984375,
                11.535990715026855
              ],
              [
                -69.79044342041016,
                11.47170352935791
              ],
              [
                -69.799560546875,
                11.6002779006958
              ],
              [
                -69.65773010253906,
                11.664566040039062
              ],
              [
                -69.5708236694336,
                11.47170352935791
              ],
              [
                -68.98965454101562,
                11.535990715026855
              ],
              [
                -68.46390533447266,
                11.343128204345703
              ],
              [
                -68.30884552001953,
                11.214552879333496
              ],
              [
                -68.19046783447266,
                10.507390975952148
              ],
              [
                -67.45906066894531,
                10.507390975952148
              ],
              [
                -67.1742935180664,
                10.635965347290039
              ],
              [
                -66.37355041503906,
                10.7002534866333
              ],
              [
                -66.15019989013672,
                10.635965347290039
              ],
              [
                -65.83870697021484,
                10.314528465270996
              ],
              [
                -65.24639892578125,
                10.185953140258789
              ],
              [
                -65.09302520751953,
                10.057377815246582
              ],
              [
                -64.80410766601562,
                10.121665954589844
              ],
              [
                -64.59552001953125,
                10.314528465270996
              ],
              [
                -64.37612915039062,
                10.314528465270996
              ],
              [
                -64.38343048095703,
                10.443102836608887
              ],
              [
                -64.09455871582031,
                10.507390975952148
              ],
              [
                -64.03263092041016,
                10.7002534866333
              ],
              [
                -61.91484069824219,
                10.764540672302246
              ],
              [
                -61.97705078125,
                10.571678161621094
              ],
              [
                -62.851158142089844,
                10.507390975952148
              ],
              [
                -62.843971252441406,
                10.378815650939941
              ],
              [
                -62.62457275390625,
                10.378815650939941
              ],
              [
                -62.617530822753906,
                10.250240325927734
              ],
              [
                -62.471282958984375,
                10.250240325927734
              ],
              [
                -62.30142593383789,
                9.800228118896484
              ],
              [
                -62.234920501708984,
                9.928803443908691
              ],
              [
                -61.945823669433594,
                9.993090629577637
              ],
              [
                -61.78974533081055,
                9.800228118896484
              ],
              [
                -61.4275016784668,
                9.86451530456543
              ],
              [
                -61.34477996826172,
                9.671652793884277
              ],
              [
                -60.82693862915039,
                9.543078422546387
              ],
              [
                -60.74177551269531,
                9.285927772521973
              ],
              [
                -61.02523422241211,
                9.09306526184082
              ],
              [
                -61.0111083984375,
                8.771627426147461
              ],
              [
                -61.15443420410156,
                8.707340240478516
              ],
              [
                -61.149017333984375,
                8.578764915466309
              ],
              [
                -61.514156341552734,
                8.578764915466309
              ],
              [
                -61.58184051513672,
                8.450189590454102
              ],
              [
                -62.09033203125,
                8.385902404785156
              ],
              [
                -62.233734130859375,
                8.321614265441895
              ],
              [
                -62.15554428100586,
                8.193038940429688
              ],
              [
                -62.66919708251953,
                8.25732707977295
              ],
              [
                -62.81003952026367,
                8.128751754760742
              ],
              [
                -63.759098052978516,
                8.128751754760742
              ],
              [
                -64.18937683105469,
                7.935888767242432
              ],
              [
                -64.70552062988281,
                8.06446361541748
              ],
              [
                -64.98976135253906,
                7.871601104736328
              ],
              [
                -64.90682983398438,
                7.614450931549072
              ],
              [
                -65.12334442138672,
                7.550163269042969
              ],
              [
                -65.26930236816406,
                7.550163269042969
              ],
              [
                -65.42516326904297,
                7.807313442230225
              ],
              [
                -65.86566925048828,
                7.871601104736328
              ],
              [
                -65.93354034423828,
                7.743025779724121
              ],
              [
                -66.43939971923828,
                7.614450931549072
              ],
              [
                -66.78976440429688,
                7.228724956512451
              ],
              [
                -67.0063247680664,
                7.164437294006348
              ],
              [
                -67.06163787841797,
                6.650136470794678
              ],
              [
                -67.28256225585938,
                6.714424133300781
              ],
              [
                -67.42423248291016,
                6.585848808288574
              ],
              [
                -68.73284912109375,
                6.457273483276367
              ],
              [
                -69.76472473144531,
                6.778711795806885
              ],
              [
                -69.98130798339844,
                6.714424133300781
              ],
              [
                -70.06107330322266,
                6.907287120819092
              ],
              [
                -70.94120788574219,
                7.035862445831299
              ],
              [
                -71.46700286865234,
                7.421587944030762
              ],
              [
                -71.68073272705078,
                7.293012619018555
              ],
              [
                -72.0455551147461,
                7.293012619018555
              ],
              [
                -72.11595916748047,
                7.228724956512451
              ],
              [
                -72.0354995727539,
                7.035862445831299
              ],
              [
                -72.18140411376953,
                7.035862445831299
              ],
              [
                -72.17655181884766,
                6.907287120819092
              ],
              [
                -72.39063262939453,
                6.778711795806885
              ],
              [
                -72.38372802734375,
                6.585848808288574
              ],
              [
                -72.60252380371094,
                6.585848808288574
              ],
              [
                -72.59586334228516,
                6.392985820770264
              ],
              [
                -72.87905883789062,
                6.135835647583008
              ],
              [
                -73.02488708496094,
                6.135835647583008
              ],
              [
                -73.08779907226562,
                5.81439733505249
              ],
              [
                -73.30083465576172,
                5.62153434753418
              ],
              [
                -73.36656951904297,
                5.364383697509766
              ],
              [
                -73.58181762695312,
                5.235808849334717
              ],
              [
                -73.5785140991211,
                5.10723352432251
              ],
              [
                -73.7955322265625,
                5.042945861816406
              ],
              [
                -73.79239654541016,
                4.914370536804199
              ],
              [
                -74.14936065673828,
                4.592932224273682
              ],
              [
                -74.3587646484375,
                4.142918586730957
              ],
              [
                -74.35414123535156,
                3.885768175125122
              ],
              [
                -74.49874114990234,
                3.821480512619019
              ],
              [
                -74.78152465820312,
                3.242892026901245
              ],
              [
                -74.99839782714844,
                3.114316701889038
              ],
              [
                -74.99620056152344,
                2.921453714370728
              ],
              [
                -75.06901550292969,
                2.921453714370728
              ],
              [
                -75.0683364868164,
                2.857166290283203
              ],
              [
                -75.14115142822266,
                2.857166290283203
              ],
              [
                -75.14183807373047,
                2.921453714370728
              ],
              [
                -75.21465301513672,
                2.921453714370728
              ],
              [
                -75.21331787109375,
                2.7928786277771
              ],
              [
                -75.43052673339844,
                2.664303302764893
              ],
              [
                -75.42940521240234,
                2.535728216171265
              ],
              [
                -75.79110717773438,
                2.214290142059326
              ],
              [
                -75.86251831054688,
                1.957139730453491
              ],
              [
                -76.1527328491211,
                1.699989318847656
              ],
              [
                -76.22499084472656,
                1.442839026451111
              ],
              [
                -76.15213012695312,
                1.378551483154297
              ],
              [
                -76.37045288085938,
                1.314263939857483
              ],
              [
                -76.29766845703125,
                1.185688734054565
              ],
              [
                -76.4433364868164,
                1.057113647460938
              ],
              [
                -76.44368743896484,
                0.864250957965851
              ],
              [
                -76.58942413330078,
                0.799963414669037
              ],
              [
                -76.809326171875,
                0.414238125085831
              ],
              [
                -76.73768615722656,
                0.221375524997711
              ],
              [
                -76.88323974609375,
                0.221375524997711
              ],
              [
                -76.95689392089844,
                0.092800483107567
              ],
              [
                -76.8700180053711,
                -0.100062072277069
              ],
              [
                -77.01556396484375,
                -0.100062072277069
              ],
              [
                -77.1644058227539,
                -0.485787272453308
              ],
              [
                -77.09429931640625,
                -0.742937445640564
              ],
              [
                -77.31413269042969,
                -0.871512532234192
              ],
              [
                -77.24375915527344,
                -1.064375281333923
              ],
              [
                -77.38932800292969,
                -1.064375281333923
              ],
              [
                -77.5404052734375,
                -1.450100660324097
              ],
              [
                -77.6243896484375,
                -2.092976570129395
              ],
              [
                -77.55284881591797,
                -2.157264232635498
              ],
              [
                -77.62564849853516,
                -2.157264232635498
              ],
              [
                -77.63813018798828,
                -2.735852479934692
              ],
              [
                -77.71094512939453,
                -2.735852479934692
              ],
              [
                -77.64275360107422,
                -2.928715467453003
              ],
              [
                -77.78839111328125,
                -2.928715467453003
              ],
              [
                -77.79663848876953,
                -3.250153541564941
              ],
              [
                -77.86946105957031,
                -3.250153541564941
              ],
              [
                -77.8503189086914,
                -4.921631813049316
              ],
              [
                -77.71700286865234,
                -5.243070125579834
              ],
              [
                -77.8084716796875,
                -5.693083763122559
              ],
              [
                -77.60677337646484,
                -6.078809261322021
              ],
              [
                -77.68858337402344,
                -6.271672248840332
              ],
              [
                -77.48517608642578,
                -6.59311056137085
              ],
              [
                -77.49799346923828,
                -6.850261211395264
              ],
              [
                -76.83528137207031,
                -8.071725845336914
              ],
              [
                -76.62390899658203,
                -8.200301170349121
              ],
              [
                -76.56256103515625,
                -8.393163681030273
              ],
              [
                -76.343505859375,
                -8.393163681030273
              ],
              [
                -76.24238586425781,
                -9.100326538085938
              ],
              [
                -76.0492172241211,
                -9.486052513122559
              ],
              [
                -75.9074935913086,
                -9.550339698791504
              ],
              [
                -75.92098236083984,
                -9.743202209472656
              ],
              [
                -75.52918243408203,
                -10.386076927185059
              ],
              [
                -75.48060607910156,
                -10.707514762878418
              ],
              [
                -75.33429718017578,
                -10.707514762878418
              ],
              [
                -75.41749572753906,
                -10.836090087890625
              ],
              [
                -75.16622924804688,
                -11.35038948059082
              ],
              [
                -74.66446685791016,
                -11.478964805603027
              ],
              [
                -73.8692855834961,
                -12.443277359008789
              ],
              [
                -73.2391128540039,
                -12.764715194702148
              ],
              [
                -72.29800415039062,
                -12.893290519714355
              ],
              [
                -72.16336059570312,
                -13.021865844726562
              ],
              [
                -71.9433822631836,
                -13.021865844726562
              ],
              [
                -71.88214874267578,
                -13.15044116973877
              ],
              [
                -71.65608215332031,
                -13.086153030395508
              ],
              [
                -71.64409637451172,
                -12.9575777053833
              ],
              [
                -71.50341796875,
                -13.021865844726562
              ],
              [
                -71.49152374267578,
                -12.893290519714355
              ],
              [
                -71.2598648071289,
                -12.764715194702148
              ],
              [
                -70.67342376708984,
                -12.764715194702148
              ],
              [
                -70.39178466796875,
                -12.893290519714355
              ],
              [
                -69.37694549560547,
                -13.021865844726562
              ],
              [
                -69.24199676513672,
                -13.15044116973877
              ],
              [
                -69.01612854003906,
                -13.086153030395508
              ],
              [
                -69.02787780761719,
                -13.214728355407715
              ],
              [
                -68.74040985107422,
                -13.279016494750977
              ],
              [
                -68.37367248535156,
                -13.279016494750977
              ],
              [
                -68.09209442138672,
                -13.407590866088867
              ],
              [
                -67.96334838867188,
                -13.600454330444336
              ],
              [
                -67.81659698486328,
                -13.600454330444336
              ],
              [
                -67.68807983398438,
                -13.793316841125488
              ],
              [
                -66.76472473144531,
                -14.114755630493164
              ],
              [
                -66.42914581298828,
                -14.43619441986084
              ],
              [
                -66.00123596191406,
                -14.564769744873047
              ],
              [
                -65.66643524169922,
                -14.886209487915039
              ],
              [
                -64.8711166381836,
                -15.014784812927246
              ],
              [
                -64.31629180908203,
                -15.336224555969238
              ],
              [
                -63.80149459838867,
                -15.336224555969238
              ],
              [
                -63.74817657470703,
                -15.529088973999023
              ],
              [
                -63.12021255493164,
                -15.850528717041016
              ],
              [
                -62.58721923828125,
                -16.364831924438477
              ],
              [
                -62.55661392211914,
                -16.750560760498047
              ],
              [
                -62.48291778564453,
                -16.750560760498047
              ],
              [
                -62.5793571472168,
                -17.586301803588867
              ],
              [
                -62.98307418823242,
                -18.486328125
              ],
              [
                -63.004878997802734,
                -19.257776260375977
              ],
              [
                -62.93088150024414,
                -19.257776260375977
              ],
              [
                -63.12708282470703,
                -20.222076416015625
              ],
              [
                -63.201202392578125,
                -20.222076416015625
              ],
              [
                -63.1766242980957,
                -20.6077938079834
              ],
              [
                -63.3249626159668,
                -20.6077938079834
              ],
              [
                -63.46620559692383,
                -21.12208366394043
              ],
              [
                -63.40042495727539,
                -21.186368942260742
              ],
              [
                -63.548912048339844,
                -21.186368942260742
              ],
              [
                -63.657283782958984,
                -21.443513870239258
              ],
              [
                -63.80978012084961,
                -22.022090911865234
              ],
              [
                -63.744239807128906,
                -22.08637809753418
              ],
              [
                -64.03910827636719,
                -22.600671768188477
              ],
              [
                -64.15088653564453,
                -23.372121810913086
              ],
              [
                -64.07634735107422,
                -23.372121810913086
              ],
              [
                -64.18939971923828,
                -23.629274368286133
              ],
              [
                -64.06952667236328,
                -23.822139739990234
              ],
              [
                -64.0728759765625,
                -24.786487579345703
              ],
              [
                -63.806949615478516,
                -25.429405212402344
              ],
              [
                -63.65721893310547,
                -25.429405212402344
              ],
              [
                -63.75431442260742,
                -25.55799102783203
              ],
              [
                -63.64959716796875,
                -25.815162658691406
              ],
              [
                -63.26888656616211,
                -26.20092010498047
              ],
              [
                -62.715553283691406,
                -26.458091735839844
              ],
              [
                -62.138648986816406,
                -26.58667755126953
              ],
              [
                -61.826637268066406,
                -26.522384643554688
              ],
              [
                -61.85013961791992,
                -26.650970458984375
              ],
              [
                -61.399627685546875,
                -26.650970458984375
              ],
              [
                -61.04766082763672,
                -26.77955436706543
              ],
              [
                -59.60905838012695,
                -26.715261459350586
              ],
              [
                -58.854801177978516,
                -26.265213012695312
              ],
              [
                -58.2875862121582,
                -25.55799102783203
              ],
              [
                -58.161617279052734,
                -25.236528396606445
              ],
              [
                -58.001914978027344,
                -25.172237396240234
              ],
              [
                -58.05679702758789,
                -25.04365348815918
              ],
              [
                -57.77399826049805,
                -24.65790557861328
              ],
              [
                -57.76443862915039,
                -24.593616485595703
              ],
              [
                -57.502620697021484,
                -24.336454391479492
              ],
              [
                -57.12919235229492,
                -24.336454391479492
              ],
              [
                -56.99840545654297,
                -24.46503448486328
              ],
              [
                -57.338470458984375,
                -25.236528396606445
              ],
              [
                -57.86937713623047,
                -25.750869750976562
              ],
              [
                -58.09380340576172,
                -26.20092010498047
              ],
              [
                -58.254695892333984,
                -26.265213012695312
              ],
              [
                -58.43021011352539,
                -26.843847274780273
              ],
              [
                -58.31435012817383,
                -27.03672218322754
              ],
              [
                -58.36094284057617,
                -27.293888092041016
              ],
              [
                -58.37272644042969,
                -27.358179092407227
              ],
              [
                -58.75102615356445,
                -29.993797302246094
              ],
              [
                -58.64164733886719,
                -30.186613082885742
              ],
              [
                -58.7459602355957,
                -30.315153121948242
              ],
              [
                -58.53258514404297,
                -30.379423141479492
              ],
              [
                -58.575714111328125,
                -30.57223129272461
              ],
              [
                -58.26856231689453,
                -30.893569946289062
              ],
              [
                -58.527400970458984,
                -32.30750274658203
              ],
              [
                -58.45099639892578,
                -32.30750274658203
              ],
              [
                -58.55115509033203,
                -33.014583587646484
              ],
              [
                -58.43064880371094,
                -33.143157958984375
              ],
              [
                -58.61409378051758,
                -33.85042190551758
              ],
              [
                -58.4515380859375,
                -34.1076545715332
              ],
              [
                -58.59730911254883,
                -34.36492156982422
              ],
              [
                -58.52030944824219,
                -34.36492156982422
              ],
              [
                -58.554988861083984,
                -34.49356460571289
              ],
              [
                -59.07676315307617,
                -34.42924118041992
              ],
              [
                -60.28732681274414,
                -33.78611755371094
              ],
              [
                -61.013851165771484,
                -33.91472625732422
              ],
              [
                -61.37456512451172,
                -34.1076545715332
              ],
              [
                -61.60533142089844,
                -34.1076545715332
              ],
              [
                -61.71817398071289,
                -34.23628616333008
              ],
              [
                -61.93101119995117,
                -34.17197036743164
              ],
              [
                -62.10297775268555,
                -34.23628616333008
              ],
              [
                -62.06230163574219,
                -34.36492156982422
              ],
              [
                -62.37030029296875,
                -34.36492156982422
              ],
              [
                -63.06043243408203,
                -34.62221908569336
              ],
              [
                -63.59998321533203,
                -34.62221908569336
              ],
              [
                -63.56253433227539,
                -34.49356460571289
              ],
              [
                -64.3535385131836,
                -34.300601959228516
              ],
              [
                -67.85697937011719,
                -34.42924118041992
              ],
              [
                -68.7642593383789,
                -34.62221908569336
              ],
              [
                -68.9791030883789,
                -34.815216064453125
              ],
              [
                -69.77103424072266,
                -34.879554748535156
              ],
              [
                -70.35916137695312,
                -35.265628814697266
              ],
              [
                -70.75908660888672,
                -36.23126220703125
              ],
              [
                -70.7034912109375,
                -36.2956657409668
              ],
              [
                -71.20304107666016,
                -36.61772918701172
              ],
              [
                -71.29344940185547,
                -36.87545394897461
              ],
              [
                -71.21563720703125,
                -36.87545394897461
              ],
              [
                -71.28410339355469,
                -37.06878662109375
              ],
              [
                -71.20623016357422,
                -37.06878662109375
              ],
              [
                -71.2752685546875,
                -37.26216125488281
              ],
              [
                -71.19732666015625,
                -37.26216125488281
              ],
              [
                -71.28270721435547,
                -37.71352767944336
              ],
              [
                -71.20460510253906,
                -37.71352767944336
              ],
              [
                -71.35382843017578,
                -37.907039642333984
              ],
              [
                -71.58833312988281,
                -37.907039642333984
              ],
              [
                -71.54071044921875,
                -37.77802658081055
              ],
              [
                -71.69696044921875,
                -37.77802658081055
              ],
              [
                -71.78205871582031,
                -37.58454132080078
              ],
              [
                -72.8271484375,
                -37.45557403564453
              ],
              [
                -73.0136489868164,
                -37.326629638671875
              ],
              [
                -72.96642303466797,
                -37.19770050048828
              ],
              [
                -73.12226104736328,
                -37.19770050048828
              ],
              [
                -73.08305358886719,
                -36.87545394897461
              ],
              [
                -73.33982849121094,
                -36.93989562988281
              ],
              [
                -72.97697448730469,
                -36.360069274902344
              ],
              [
                -72.76463317871094,
                -35.52306365966797
              ],
              [
                -72.42416381835938,
                -35.20127487182617
              ],
              [
                -72.10264587402344,
                -33.979034423828125
              ],
              [
                -71.9082260131836,
                -33.85042190551758
              ],
              [
                -71.8076400756836,
                -33.52891540527344
              ],
              [
                -71.92125701904297,
                -33.40032196044922
              ],
              [
                -71.6297378540039,
                -32.69316864013672
              ],
              [
                -71.70624542236328,
                -32.69316864013672
              ],
              [
                -71.6109848022461,
                -32.37178039550781
              ],
              [
                -71.76494598388672,
                -32.114681243896484
              ],
              [
                -71.71183013916016,
                -31.664785385131836
              ],
              [
                -71.82779693603516,
                -31.53624725341797
              ],
              [
                -71.77355194091797,
                -31.343442916870117
              ],
              [
                -71.84969329833984,
                -31.343442916870117
              ],
              [
                -71.8597640991211,
                -30.829303741455078
              ],
              [
                -71.93577575683594,
                -30.829303741455078
              ],
              [
                -71.79762268066406,
                -30.315153121948242
              ],
              [
                -71.62892150878906,
                -30.250883102416992
              ],
              [
                -71.42005920410156,
                -29.7367000579834
              ],
              [
                -71.49579620361328,
                -29.7367000579834
              ],
              [
                -71.49042510986328,
                -29.415315628051758
              ],
              [
                -71.72916412353516,
                -29.1581974029541
              ],
              [
                -71.6507339477539,
                -28.836788177490234
              ],
              [
                -71.31739044189453,
                -28.386796951293945
              ],
              [
                -71.2601547241211,
                -27.808208465576172
              ],
              [
                -71.18484497070312,
                -27.808208465576172
              ],
              [
                -70.7818603515625,
                -26.265213012695312
              ],
              [
                -70.8934326171875,
                -26.07233428955078
              ],
              [
                -70.88081359863281,
                -25.622283935546875
              ],
              [
                -70.61961364746094,
                -25.429405212402344
              ],
              [
                -70.57182312011719,
                -25.172237396240234
              ],
              [
                -70.73779296875,
                -24.850778579711914
              ],
              [
                -70.62429809570312,
                -23.757850646972656
              ],
              [
                -70.528564453125,
                -23.629274368286133
              ],
              [
                -70.80585479736328,
                -23.50069808959961
              ],
              [
                -70.75408172607422,
                -23.179258346557617
              ],
              [
                -70.51019287109375,
                -23.050682067871094
              ],
              [
                -70.39552307128906,
                -22.793533325195312
              ],
              [
                -70.26895141601562,
                -21.957805633544922
              ],
              [
                -70.18431091308594,
                -21.379228591918945
              ],
              [
                -70.25858306884766,
                -21.379228591918945
              ],
              [
                -70.22156524658203,
                -21.12208366394043
              ],
              [
                -70.2957992553711,
                -21.12208366394043
              ],
              [
                -70.29682922363281,
                -20.6077938079834
              ],
              [
                -70.3709945678711,
                -20.6077938079834
              ],
              [
                -70.2628173828125,
                -19.83635711669922
              ],
              [
                -70.33688354492188,
                -19.83635711669922
              ],
              [
                -70.30113220214844,
                -19.57921028137207
              ],
              [
                -70.37517547607422,
                -19.57921028137207
              ],
              [
                -70.43451690673828,
                -18.93634033203125
              ],
              [
                -70.50847625732422,
                -18.93634033203125
              ],
              [
                -70.43856048583984,
                -18.422040939331055
              ],
              [
                -70.58634948730469,
                -18.422040939331055
              ],
              [
                -70.97771453857422,
                -18.03631591796875
              ],
              [
                -71.3297119140625,
                -17.90774154663086
              ],
              [
                -71.49990844726562,
                -17.522014617919922
              ],
              [
                -71.63900756835938,
                -17.457727432250977
              ],
              [
                -71.62213134765625,
                -17.329151153564453
              ],
              [
                -72.0478515625,
                -17.20057487487793
              ],
              [
                -72.44017791748047,
                -16.814847946166992
              ],
              [
                -73.0132064819336,
                -16.68627166748047
              ],
              [
                -73.20954895019531,
                -16.493408203125
              ],
              [
                -73.987060546875,
                -16.236255645751953
              ],
              [
                -74.3148422241211,
                -15.914815902709961
              ],
              [
                -74.74047088623047,
                -15.786240577697754
              ],
              [
                -74.79821014404297,
                -15.65766429901123
              ],
              [
                -75.22389221191406,
                -15.529088973999023
              ],
              [
                -75.47163391113281,
                -15.14336109161377
              ],
              [
                -76.08062744140625,
                -14.69334602355957
              ],
              [
                -76.19117736816406,
                -14.371907234191895
              ],
              [
                -76.46356201171875,
                -14.179043769836426
              ],
              [
                -76.4218978881836,
                -13.793316841125488
              ],
              [
                -76.34850311279297,
                -13.793316841125488
              ],
              [
                -76.3817138671875,
                -13.407590866088867
              ],
              [
                -76.64266967773438,
                -13.086153030395508
              ],
              [
                -76.75159454345703,
                -12.700428009033203
              ],
              [
                -76.89202880859375,
                -12.636139869689941
              ],
              [
                -76.94102478027344,
                -12.378990173339844
              ],
              [
                -77.28361511230469,
                -12.12183952331543
              ],
              [
                -77.31663513183594,
                -11.67182731628418
              ],
              [
                -77.8013687133789,
                -11.35038948059082
              ],
              [
                -77.77444458007812,
                -11.028952598571777
              ],
              [
                -78.35681915283203,
                -10.064640045166016
              ],
              [
                -78.34247589111328,
                -9.871777534484863
              ],
              [
                -78.86370849609375,
                -8.971752166748047
              ],
              [
                -78.97621154785156,
                -8.457450866699219
              ],
              [
                -79.59014129638672,
                -7.750287532806396
              ],
              [
                -79.71047973632812,
                -7.30027437210083
              ],
              [
                -79.85286712646484,
                -7.235986709594727
              ],
              [
                -79.98148345947266,
                -6.914548873901367
              ],
              [
                -80.75439453125,
                -6.335959911346436
              ],
              [
                -81.32842254638672,
                -6.143096923828125
              ],
              [
                -81.31636047363281,
                -5.885946750640869
              ],
              [
                -81.02180480957031,
                -5.821659088134766
              ],
              [
                -81.01318359375,
                -5.628796100616455
              ],
              [
                -81.29094696044922,
                -5.307357788085938
              ],
              [
                -81.27531433105469,
                -4.921631813049316
              ],
              [
                -81.4185562133789,
                -4.857344150543213
              ],
              [
                -81.47466278076172,
                -4.407330989837646
              ],
              [
                -81.16791534423828,
                -3.957317352294922
              ],
              [
                -80.94527435302734,
                -3.828742265701294
              ],
              [
                -80.94126892089844,
                -3.700166940689087
              ],
              [
                -80.05075073242188,
                -3.121578216552734
              ],
              [
                -80.04412841796875,
                -2.864427804946899
              ],
              [
                -80.18976593017578,
                -2.864427804946899
              ],
              [
                -80.19469451904297,
                -3.05729079246521
              ],
              [
                -80.41316223144531,
                -3.05729079246521
              ],
              [
                -80.33069610595703,
                -2.671565055847168
              ],
              [
                -80.54913330078125,
                -2.671565055847168
              ],
              [
                -81.12286376953125,
                -2.285839319229126
              ],
              [
                -81.12015533447266,
                -2.157264232635498
              ],
              [
                -80.90043640136719,
                -2.092976570129395
              ],
              [
                -80.96051788330078,
                -1.385813117027283
              ],
              [
                -80.88673400878906,
                -1.321525454521179
              ],
              [
                -81.03038024902344,
                -1.192950367927551
              ],
              [
                -81.02684020996094,
                -0.935800075531006
              ],
              [
                -80.66131591796875,
                -0.807224988937378
              ],
              [
                -80.58253479003906,
                -0.228637129068375
              ],
              [
                -80.2898941040039,
                -0.035774555057287
              ],
              [
                -80.30448913574219,
                0.092800483107567
              ],
              [
                -80.1581039428711,
                0.221375524997711
              ],
              [
                -80.22835540771484,
                0.864250957965851
              ],
              [
                -79.06356811523438,
                1.249976277351379
              ],
              [
                -78.99114227294922,
                1.507126569747925
              ],
              [
                -79.13688659667969,
                1.571414232254028
              ],
              [
                -79.13754272460938,
                1.76427698135376
              ],
              [
                -78.70103454589844,
                1.828564524650574
              ],
              [
                -78.77699279785156,
                2.342865228652954
              ],
              [
                -78.4874038696289,
                2.535728216171265
              ],
              [
                -77.90552520751953,
                2.600015640258789
              ],
              [
                -77.76564025878906,
                3.114316701889038
              ],
              [
                -77.26336669921875,
                3.628617763519287
              ],
              [
                -77.26665496826172,
                3.821480512619019
              ],
              [
                -77.4123306274414,
                3.821480512619019
              ],
              [
                -77.56282806396484,
                4.078630924224854
              ],
              [
                -77.56674194335938,
                4.271493911743164
              ],
              [
                -77.4210433959961,
                4.271493911743164
              ],
              [
                -77.53081512451172,
                5.685822010040283
              ],
              [
                -77.31619262695312,
                5.81439733505249
              ],
              [
                -77.54344177246094,
                6.071547985076904
              ],
              [
                -77.41372680664062,
                6.521561145782471
              ],
              [
                -77.725830078125,
                7.035862445831299
              ],
              [
                -78.33206939697266,
                7.550163269042969
              ],
              [
                -78.49637603759766,
                7.935888767242432
              ],
              [
                -78.5060043334961,
                8.128751754760742
              ],
              [
                -78.2869873046875,
                8.128751754760742
              ],
              [
                -78.23062133789062,
                8.450189590454102
              ],
              [
                -78.522705078125,
                8.450189590454102
              ],
              [
                -78.52961730957031,
                8.578764915466309
              ],
              [
                -79.0625,
                8.964489936828613
              ],
              [
                -79.6431655883789,
                8.900202751159668
              ],
              [
                -79.7675552368164,
                8.514476776123047
              ],
              [
                -79.97621154785156,
                8.321614265441895
              ],
              [
                -80.4108657836914,
                8.25732707977295
              ],
              [
                -80.32125091552734,
                7.935888767242432
              ],
              [
                -80.01974487304688,
                7.743025779724121
              ],
              [
                -80.0045394897461,
                7.421587944030762
              ],
              [
                -80.3664321899414,
                7.357300281524658
              ],
              [
                -80.5766372680664,
                7.164437294006348
              ],
              [
                -80.9414291381836,
                7.164437294006348
              ],
              [
                -81.04794311523438,
                7.871601104736328
              ],
              [
                -81.18123626708984,
                7.614450931549072
              ],
              [
                -81.47315216064453,
                7.614450931549072
              ],
              [
                -81.94063568115234,
                8.193038940429688
              ],
              [
                -82.232666015625,
                8.193038940429688
              ],
              [
                -82.45869445800781,
                8.321614265441895
              ],
              [
                -82.9627456665039,
                8.193038940429688
              ],
              [
                -83.19242095947266,
                8.385902404785156
              ],
              [
                -83.2033920288086,
                8.578764915466309
              ],
              [
                -83.27642059326172,
                8.578764915466309
              ],
              [
                -83.26184844970703,
                8.321614265441895
              ],
              [
                -83.70719146728516,
                8.450189590454102
              ],
              [
                -83.72593688964844,
                8.771627426147461
              ],
              [
                -83.58760070800781,
                8.900202751159668
              ],
              [
                -83.67251586914062,
                9.09306526184082
              ],
              [
                -84.12311553955078,
                9.285927772521973
              ],
              [
                -84.2818603515625,
                9.478790283203125
              ],
              [
                -84.57417297363281,
                9.478790283203125
              ],
              [
                -84.82884979248047,
                9.993090629577637
              ],
              [
                -84.90196228027344,
                9.993090629577637
              ],
              [
                -84.8795166015625,
                9.671652793884277
              ],
              [
                -85.24056243896484,
                9.607365608215332
              ],
              [
                -85.47767639160156,
                9.86451530456543
              ],
              [
                -85.77926635742188,
                9.993090629577637
              ],
              [
                -85.88573455810547,
                10.443102836608887
              ],
              [
                -85.68115997314453,
                10.635965347290039
              ],
              [
                -85.83755493164062,
                10.764540672302246
              ],
              [
                -85.8530044555664,
                10.957403182983398
              ],
              [
                -85.71714782714844,
                11.085978507995605
              ],
              [
                -86.583251953125,
                11.793140411376953
              ],
              [
                -86.92401885986328,
                12.307440757751465
              ],
              [
                -87.54815673828125,
                12.69316577911377
              ],
              [
                -87.66111755371094,
                13.07889175415039
              ],
              [
                -87.44111633300781,
                13.07889175415039
              ],
              [
                -87.2811050415039,
                12.950316429138184
              ],
              [
                -87.46842956542969,
                13.336042404174805
              ],
              [
                -87.7618408203125,
                13.336042404174805
              ],
              [
                -87.74122619628906,
                13.143178939819336
              ],
              [
                -88.84818267822266,
                13.207467079162598
              ],
              [
                -89.24311828613281,
                13.464617729187012
              ],
              [
                -89.9106216430664,
                13.528904914855957
              ],
              [
                -90.46885681152344,
                13.914630889892578
              ],
              [
                -91.3497085571289,
                13.914630889892578
              ],
              [
                -92.47407531738281,
                14.686083793640137
              ],
              [
                -92.75463104248047,
                15.136098861694336
              ],
              [
                -93.8301010131836,
                15.971842765808105
              ],
              [
                -93.9773178100586,
                15.971842765808105
              ],
              [
                -94.15343475341797,
                16.16470718383789
              ],
              [
                -94.6688461303711,
                16.16470718383789
              ],
              [
                -94.77195739746094,
                16.35757064819336
              ],
              [
                -94.95361328125,
                16.100418090820312
              ],
              [
                -95.36624908447266,
                15.907554626464844
              ],
              [
                -96.21102905273438,
                15.650403022766113
              ],
              [
                -96.7260513305664,
                15.650403022766113
              ],
              [
                -97.0493392944336,
                15.843266487121582
              ],
              [
                -97.87862396240234,
                15.971842765808105
              ],
              [
                -98.05585479736328,
                16.16470718383789
              ],
              [
                -98.43414306640625,
                16.228994369506836
              ],
              [
                -98.85388946533203,
                16.550434112548828
              ],
              [
                -99.68539428710938,
                16.67901039123535
              ],
              [
                -100.02298736572266,
                16.9361629486084
              ],
              [
                -101.11003112792969,
                17.257600784301758
              ],
              [
                -101.89891815185547,
                17.964767456054688
              ],
              [
                -102.25653076171875,
                17.90047836303711
              ],
              [
                -103.4346923828125,
                18.286205291748047
              ],
              [
                -103.82637786865234,
                18.800504684448242
              ],
              [
                -104.87382507324219,
                19.25051498413086
              ],
              [
                -105.33133697509766,
                19.700523376464844
              ],
              [
                -105.36910247802734,
                19.893383026123047
              ],
              [
                -105.54254913330078,
                20.021955490112305
              ],
              [
                -105.63154602050781,
                20.471960067749023
              ],
              [
                -105.22492980957031,
                20.664819717407227
              ],
              [
                -105.46028900146484,
                20.72910499572754
              ],
              [
                -105.48603057861328,
                20.857677459716797
              ],
              [
                -105.28923034667969,
                20.986249923706055
              ],
              [
                -105.31514739990234,
                21.114822387695312
              ],
              [
                -105.13148498535156,
                21.307680130004883
              ],
              [
                -105.5344467163086,
                21.821969985961914
              ],
              [
                -105.69853210449219,
                22.59341049194336
              ],
              [
                -106.43732452392578,
                23.236284255981445
              ],
              [
                -106.97566986083984,
                23.943456649780273
              ],
              [
                -107.59268188476562,
                24.329193115234375
              ],
              [
                -107.71582794189453,
                24.522062301635742
              ],
              [
                -107.8652572631836,
                24.522062301635742
              ],
              [
                -108.0394515991211,
                24.907808303833008
              ],
              [
                -107.59078979492188,
                24.907808303833008
              ],
              [
                -106.6491470336914,
                24.136323928833008
              ],
              [
                -106.61799621582031,
                24.00774574279785
              ],
              [
                -106.10904693603516,
                23.75058937072754
              ],
              [
                -105.930908203125,
                23.943456649780273
              ],
              [
                -106.09899139404297,
                24.329193115234375
              ],
              [
                -106.04015350341797,
                24.393482208251953
              ],
              [
                -106.2962417602539,
                24.522062301635742
              ],
              [
                -106.43814849853516,
                25.357851028442383
              ],
              [
                -105.2303466796875,
                25.8721923828125
              ],
              [
                -104.220947265625,
                25.743606567382812
              ],
              [
                -104.18617248535156,
                25.615020751953125
              ],
              [
                -103.77739715576172,
                25.48643684387207
              ],
              [
                -103.60425567626953,
                25.67931365966797
              ],
              [
                -103.58161926269531,
                25.8721923828125
              ],
              [
                -103.69190216064453,
                26.000778198242188
              ],
              [
                -103.50263977050781,
                26.129364013671875
              ],
              [
                -103.44325256347656,
                26.450830459594727
              ],
              [
                -103.19984436035156,
                26.386537551879883
              ],
              [
                -102.5609359741211,
                26.515121459960938
              ],
              [
                -102.44754791259766,
                26.643707275390625
              ],
              [
                -101.65845489501953,
                26.772293090820312
              ],
              [
                -101.54537963867188,
                26.900876998901367
              ],
              [
                -101.0945816040039,
                26.900876998901367
              ],
              [
                -100.66374969482422,
                26.70800018310547
              ],
              [
                -100.60939025878906,
                26.515121459960938
              ],
              [
                -99.96744537353516,
                25.807899475097656
              ],
              [
                -99.79263305664062,
                25.422143936157227
              ],
              [
                -99.77629852294922,
                25.357851028442383
              ],
              [
                -99.71183776855469,
                25.100683212280273
              ],
              [
                -99.81397247314453,
                24.907808303833008
              ],
              [
                -99.5865249633789,
                24.264904022216797
              ],
              [
                -98.55839538574219,
                22.97913360595703
              ],
              [
                -97.85733032226562,
                22.46483612060547
              ],
              [
                -97.72145080566406,
                22.529123306274414
              ]
            ]
          ],
          [
            [
              [
                -76.29766845703125,
                1.314263939857483
              ],
              [
                -76.22488403320312,
                1.314263939857483
              ],
              [
                -76.22486877441406,
                1.249976277351379
              ],
              [
                -76.29765319824219,
                1.249976277351379
              ],
              [
                -76.29766845703125,
                1.314263939857483
              ]
            ]
          ],
          [
            [
              [
                -81.61293029785156,
                7.485875606536865
              ],
              [
                -81.60688018798828,
                7.357300281524658
              ],
              [
                -81.89875030517578,
                7.357300281524658
              ],
              [
                -81.91102600097656,
                7.614450931549072
              ],
              [
                -81.69523620605469,
                7.678738594055176
              ],
              [
                -81.68589782714844,
                7.485875606536865
              ],
              [
                -81.61293029785156,
                7.485875606536865
              ]
            ]
          ],
          [
            [
              [
                -79.02702331542969,
                8.321614265441895
              ],
              [
                -78.96083068847656,
                8.450189590454102
              ],
              [
                -78.81478881835938,
                8.450189590454102
              ],
              [
                -78.80462646484375,
                8.25732707977295
              ],
              [
                -78.87763977050781,
                8.25732707977295
              ],
              [
                -79.02702331542969,
                8.321614265441895
              ]
            ]
          ],
          [
            [
              [
                -63.75532531738281,
                10.957403182983398
              ],
              [
                -63.96709442138672,
                10.828827857971191
              ],
              [
                -64.04025268554688,
                10.828827857971191
              ],
              [
                -64.26361846923828,
                10.893115997314453
              ],
              [
                -64.3486099243164,
                11.085978507995605
              ],
              [
                -64.05193328857422,
                11.021690368652344
              ],
              [
                -63.844329833984375,
                11.214552879333496
              ],
              [
                -63.75532531738281,
                10.957403182983398
              ]
            ]
          ],
          [
            [
              [
                -69.76420593261719,
                12.114578247070312
              ],
              [
                -69.75934600830078,
                12.050291061401367
              ],
              [
                -69.73094940185547,
                11.664566040039062
              ],
              [
                -70.23886108398438,
                11.6002779006958
              ],
              [
                -70.27698516845703,
                12.114578247070312
              ],
              [
                -70.1403579711914,
                12.24315357208252
              ],
              [
                -69.84729766845703,
                12.24315357208252
              ],
              [
                -69.76420593261719,
                12.114578247070312
              ]
            ]
          ],
          [
            [
              [
                -68.95840454101562,
                12.114578247070312
              ],
              [
                -69.10977172851562,
                12.178865432739258
              ],
              [
                -69.12454223632812,
                12.37172794342041
              ],
              [
                -68.74346923828125,
                12.178865432739258
              ],
              [
                -68.65585327148438,
                11.986002922058105
              ],
              [
                -68.95360565185547,
                12.050291061401367
              ],
              [
                -68.95840454101562,
                12.114578247070312
              ]
            ]
          ],
          [
            [
              [
                -68.38688659667969,
                12.307440757751465
              ],
              [
                -68.16221618652344,
                12.24315357208252
              ],
              [
                -68.14785766601562,
                12.050291061401367
              ],
              [
                -68.29435729980469,
                12.050291061401367
              ],
              [
                -68.38201141357422,
                12.24315357208252
              ],
              [
                -68.38688659667969,
                12.307440757751465
              ]
            ]
          ],
          [
            [
              [
                -69.93055725097656,
                12.37172794342041
              ],
              [
                -70.01911926269531,
                12.564591407775879
              ],
              [
                -69.87254333496094,
                12.564591407775879
              ],
              [
                -69.78905487060547,
                12.436016082763672
              ],
              [
                -69.78401184082031,
                12.37172794342041
              ],
              [
                -69.93055725097656,
                12.37172794342041
              ]
            ]
          ],
          [
            [
              [
                -77.73553466796875,
                17.836191177368164
              ],
              [
                -78.07617950439453,
                18.157629013061523
              ],
              [
                -78.29776763916016,
                18.157629013061523
              ],
              [
                -78.3900146484375,
                18.286205291748047
              ],
              [
                -78.05752563476562,
                18.543354034423828
              ],
              [
                -77.01364135742188,
                18.479066848754883
              ],
              [
                -76.22962188720703,
                18.157629013061523
              ],
              [
                -76.12023162841797,
                17.90047836303711
              ],
              [
                -76.48053741455078,
                17.836191177368164
              ],
              [
                -76.55435943603516,
                17.836191177368164
              ],
              [
                -76.8585433959961,
                17.90047836303711
              ],
              [
                -77.07112121582031,
                17.836191177368164
              ],
              [
                -77.05337524414062,
                17.707616806030273
              ],
              [
                -77.2748031616211,
                17.707616806030273
              ],
              [
                -77.36641693115234,
                17.836191177368164
              ],
              [
                -77.73553466796875,
                17.836191177368164
              ]
            ]
          ],
          [
            [
              [
                -65.51956176757812,
                18.157629013061523
              ],
              [
                -65.71776580810547,
                17.964767456054688
              ],
              [
                -66.15299987792969,
                17.90047836303711
              ],
              [
                -66.2268295288086,
                17.90047836303711
              ],
              [
                -67.1207046508789,
                17.964767456054688
              ],
              [
                -67.25861358642578,
                18.479066848754883
              ],
              [
                -66.15807342529297,
                18.543354034423828
              ],
              [
                -65.55097198486328,
                18.414779663085938
              ],
              [
                -65.51956176757812,
                18.157629013061523
              ]
            ]
          ],
          [
            [
              [
                -69.48600769042969,
                19.12194061279297
              ],
              [
                -68.5814208984375,
                18.993366241455078
              ],
              [
                -68.56468963623047,
                18.864791870117188
              ],
              [
                -68.24402618408203,
                18.67193031311035
              ],
              [
                -68.28504180908203,
                18.414779663085938
              ],
              [
                -68.43283081054688,
                18.414779663085938
              ],
              [
                -68.55606079101562,
                18.2219181060791
              ],
              [
                -69.09786987304688,
                18.414779663085938
              ],
              [
                -69.83680725097656,
                18.414779663085938
              ],
              [
                -69.95960235595703,
                18.2219181060791
              ],
              [
                -70.5505599975586,
                18.2219181060791
              ],
              [
                -70.56732940673828,
                18.350492477416992
              ],
              [
                -70.71510314941406,
                18.350492477416992
              ],
              [
                -70.99378204345703,
                18.2219181060791
              ],
              [
                -71.27989196777344,
                17.57904052734375
              ],
              [
                -71.59156799316406,
                17.707616806030273
              ],
              [
                -71.7071304321289,
                18.029054641723633
              ],
              [
                -72.10183715820312,
                18.2219181060791
              ],
              [
                -73.65311431884766,
                18.2219181060791
              ],
              [
                -73.70099639892578,
                18.029054641723633
              ],
              [
                -73.92253875732422,
                18.029054641723633
              ],
              [
                -74.17896270751953,
                18.286205291748047
              ],
              [
                -74.40059661865234,
                18.286205291748047
              ],
              [
                -74.4448471069336,
                18.607641220092773
              ],
              [
                -74.24089813232422,
                18.736217498779297
              ],
              [
                -73.1707534790039,
                18.479066848754883
              ],
              [
                -72.30123901367188,
                18.607641220092773
              ],
              [
                -72.71465301513672,
                18.929079055786133
              ],
              [
                -72.79470825195312,
                19.507661819458008
              ],
              [
                -73.40503692626953,
                19.6362361907959
              ],
              [
                -73.43228912353516,
                19.8290958404541
              ],
              [
                -73.22825622558594,
                19.95766830444336
              ],
              [
                -72.63556671142578,
                19.95766830444336
              ],
              [
                -72.39530944824219,
                19.8290958404541
              ],
              [
                -71.71976470947266,
                19.764808654785156
              ],
              [
                -71.67244720458984,
                19.95766830444336
              ],
              [
                -70.78340911865234,
                19.95766830444336
              ],
              [
                -70.77458190917969,
                19.893383026123047
              ],
              [
                -70.22978973388672,
                19.700523376464844
              ],
              [
                -69.8595199584961,
                19.700523376464844
              ],
              [
                -69.6596450805664,
                19.314802169799805
              ],
              [
                -69.07612609863281,
                19.379087448120117
              ],
              [
                -69.12458801269531,
                19.186227798461914
              ],
              [
                -69.48600769042969,
                19.12194061279297
              ]
            ]
          ],
          [
            [
              [
                -72.90132904052734,
                18.67193031311035
              ],
              [
                -73.29744720458984,
                18.864791870117188
              ],
              [
                -73.31520080566406,
                18.993366241455078
              ],
              [
                -72.78861236572266,
                18.929079055786133
              ],
              [
                -72.67955017089844,
                18.67193031311035
              ],
              [
                -72.82740020751953,
                18.67193031311035
              ],
              [
                -72.90132904052734,
                18.67193031311035
              ]
            ]
          ],
          [
            [
              [
                -86.67018127441406,
                20.60053253173828
              ],
              [
                -86.70156860351562,
                20.343387603759766
              ],
              [
                -86.9874267578125,
                20.279102325439453
              ],
              [
                -87.01952362060547,
                20.471960067749023
              ],
              [
                -86.74434661865234,
                20.60053253173828
              ],
              [
                -86.67018127441406,
                20.60053253173828
              ]
            ]
          ],
          [
            [
              [
                -77.66207122802734,
                21.821969985961914
              ],
              [
                -77.0573501586914,
                21.7576847076416
              ],
              [
                -77.02719116210938,
                21.5648250579834
              ],
              [
                -76.79434967041016,
                21.500539779663086
              ],
              [
                -76.77450561523438,
                21.371967315673828
              ],
              [
                -76.24481201171875,
                21.307680130004883
              ],
              [
                -75.9927978515625,
                21.114822387695312
              ],
              [
                -75.63130950927734,
                21.179107666015625
              ],
              [
                -75.4993896484375,
                20.793392181396484
              ],
              [
                -74.74800872802734,
                20.72910499572754
              ],
              [
                -74.32099914550781,
                20.343387603759766
              ],
              [
                -74.09859466552734,
                20.343387603759766
              ],
              [
                -74.07083892822266,
                20.150527954101562
              ],
              [
                -75.20996856689453,
                19.8290958404541
              ],
              [
                -75.7471923828125,
                19.95766830444336
              ],
              [
                -76.4880599975586,
                19.95766830444336
              ],
              [
                -76.91358184814453,
                19.8290958404541
              ],
              [
                -77.65428161621094,
                19.8290958404541
              ],
              [
                -77.68303680419922,
                20.021955490112305
              ],
              [
                -77.55404663085938,
                20.150527954101562
              ],
              [
                -77.13813018798828,
                20.343387603759766
              ],
              [
                -77.18638610839844,
                20.664819717407227
              ],
              [
                -77.92814636230469,
                20.664819717407227
              ],
              [
                -78.2445068359375,
                20.793392181396484
              ],
              [
                -78.66162872314453,
                21.5648250579834
              ],
              [
                -79.24571990966797,
                21.500539779663086
              ],
              [
                -79.6480941772461,
                21.693397521972656
              ],
              [
                -79.94532775878906,
                21.693397521972656
              ],
              [
                -80.36949157714844,
                22.014829635620117
              ],
              [
                -80.88996124267578,
                22.014829635620117
              ],
              [
                -82.04874420166016,
                22.271976470947266
              ],
              [
                -82.08177947998047,
                22.46483612060547
              ],
              [
                -81.63530731201172,
                22.46483612060547
              ],
              [
                -81.74300384521484,
                22.657697677612305
              ],
              [
                -82.63627624511719,
                22.657697677612305
              ],
              [
                -82.9115219116211,
                22.529123306274414
              ],
              [
                -83.02685546875,
                22.33626365661621
              ],
              [
                -83.17564392089844,
                22.33626365661621
              ],
              [
                -83.22785186767578,
                22.20768928527832
              ],
              [
                -83.81177520751953,
                22.143402099609375
              ],
              [
                -83.91641998291016,
                21.88625717163086
              ],
              [
                -84.0760726928711,
                21.950544357299805
              ],
              [
                -84.26617431640625,
                21.7576847076416
              ],
              [
                -84.41481018066406,
                21.7576847076416
              ],
              [
                -84.43675994873047,
                21.88625717163086
              ],
              [
                -84.79740142822266,
                21.821969985961914
              ],
              [
                -84.75626373291016,
                22.014829635620117
              ],
              [
                -84.32123565673828,
                22.079116821289062
              ],
              [
                -84.37725830078125,
                22.400548934936523
              ],
              [
                -83.99913787841797,
                22.786272048950195
              ],
              [
                -83.22618103027344,
                23.043420791625977
              ],
              [
                -82.77921295166016,
                23.043420791625977
              ],
              [
                -82.29248046875,
                23.236284255981445
              ],
              [
                -81.10013580322266,
                23.236284255981445
              ],
              [
                -81.07723999023438,
                23.107707977294922
              ],
              [
                -80.56707763671875,
                23.171995162963867
              ],
              [
                -80.46991729736328,
                23.043420791625977
              ],
              [
                -79.85165405273438,
                22.914846420288086
              ],
              [
                -79.77717590332031,
                22.914846420288086
              ],
              [
                -79.25408935546875,
                22.46483612060547
              ],
              [
                -78.57373046875,
                22.400548934936523
              ],
              [
                -78.00057983398438,
                22.079116821289062
              ],
              [
                -77.63912963867188,
                22.143402099609375
              ],
              [
                -77.52362060546875,
                21.88625717163086
              ],
              [
                -77.66207122802734,
                21.821969985961914
              ]
            ]
          ],
          [
            [
              [
                -82.4932861328125,
                21.821969985961914
              ],
              [
                -82.48255157470703,
                21.7576847076416
              ],
              [
                -82.50363159179688,
                21.43625259399414
              ],
              [
                -82.94928741455078,
                21.43625259399414
              ],
              [
                -83.08789825439453,
                21.821969985961914
              ],
              [
                -83.03526306152344,
                21.950544357299805
              ],
              [
                -82.6635513305664,
                21.950544357299805
              ],
              [
                -82.4932861328125,
                21.821969985961914
              ]
            ]
          ],
          [
            [
              [
                -78.4249267578125,
                22.400548934936523
              ],
              [
                -78.59505462646484,
                22.529123306274414
              ],
              [
                -78.23362731933594,
                22.59341049194336
              ],
              [
                -78.20171356201172,
                22.400548934936523
              ],
              [
                -78.35051727294922,
                22.400548934936523
              ],
              [
                -78.4249267578125,
                22.400548934936523
              ]
            ]
          ],
          [
            [
              [
                -81.9693374633789,
                29.600887298583984
              ],
              [
                -82.06327819824219,
                30.179353713989258
              ],
              [
                -81.98743438720703,
                30.179353713989258
              ],
              [
                -82.1212387084961,
                30.372163772583008
              ],
              [
                -81.72423553466797,
                30.564971923828125
              ],
              [
                -81.83950805664062,
                30.69350814819336
              ],
              [
                -81.72712707519531,
                30.822044372558594
              ],
              [
                -81.81232452392578,
                31.336183547973633
              ],
              [
                -81.5136947631836,
                31.593257904052734
              ],
              [
                -81.20885467529297,
                31.593257904052734
              ],
              [
                -81.14739227294922,
                31.40045166015625
              ],
              [
                -81.27933502197266,
                31.336183547973633
              ],
              [
                -81.23881530761719,
                31.20764923095703
              ],
              [
                -81.42681884765625,
                31.079113006591797
              ],
              [
                -81.36690521240234,
                30.886310577392578
              ],
              [
                -81.44293212890625,
                30.886310577392578
              ],
              [
                -81.1919174194336,
                29.79371452331543
              ],
              [
                -81.17337799072266,
                29.729440689086914
              ],
              [
                -80.89447784423828,
                29.279497146606445
              ],
              [
                -80.88133239746094,
                28.958093643188477
              ],
              [
                -81.31709289550781,
                28.893810272216797
              ],
              [
                -81.82371520996094,
                29.08665657043457
              ],
              [
                -82.0450439453125,
                29.600887298583984
              ],
              [
                -81.9693374633789,
                29.600887298583984
              ]
            ]
          ],
          [
            [
              [
                -105.92252349853516,
                36.2239875793457
              ],
              [
                -105.794921875,
                35.9664192199707
              ],
              [
                -105.94993591308594,
                35.9664192199707
              ],
              [
                -105.8866195678711,
                35.837650299072266
              ],
              [
                -106.04154968261719,
                35.837650299072266
              ],
              [
                -105.97852325439453,
                35.708900451660156
              ],
              [
                -106.2882080078125,
                35.708900451660156
              ],
              [
                -106.35140228271484,
                35.837650299072266
              ],
              [
                -106.72499084472656,
                35.9664192199707
              ],
              [
                -106.85360717773438,
                36.2239875793457
              ],
              [
                -106.77601623535156,
                36.2239875793457
              ],
              [
                -106.69842529296875,
                36.2239875793457
              ],
              [
                -106.76322937011719,
                36.3527946472168
              ],
              [
                -106.60796356201172,
                36.3527946472168
              ],
              [
                -106.6730728149414,
                36.48161697387695
              ],
              [
                -106.36237335205078,
                36.48161697387695
              ],
              [
                -106.07769775390625,
                36.2239875793457
              ],
              [
                -105.92252349853516,
                36.2239875793457
              ]
            ]
          ],
          [
            [
              [
                -35.257877349853516,
                -9.100326538085938
              ],
              [
                -36.01930618286133,
                -9.936064720153809
              ],
              [
                -36.256534576416016,
                -10.386076927185059
              ],
              [
                -36.779212951660156,
                -10.643227577209473
              ],
              [
                -37.23780822753906,
                -11.093239784240723
              ],
              [
                -37.24653244018555,
                -11.286102294921875
              ],
              [
                -37.47205352783203,
                -11.414677619934082
              ],
              [
                -37.48417282104492,
                -11.67182731628418
              ],
              [
                -37.63681411743164,
                -11.800402641296387
              ],
              [
                -37.729148864746094,
                -12.186127662658691
              ],
              [
                -38.129207611083984,
                -12.82900333404541
              ],
              [
                -38.35973358154297,
                -13.021865844726562
              ],
              [
                -38.87663269042969,
                -13.086153030395508
              ],
              [
                -39.0343017578125,
                -13.279016494750977
              ],
              [
                -39.01095962524414,
                -14.114755630493164
              ],
              [
                -39.13848876953125,
                -14.9504976272583
              ],
              [
                -38.95318603515625,
                -15.464800834655762
              ],
              [
                -39.023136138916016,
                -16.429121017456055
              ],
              [
                -39.288490295410156,
                -17.00771141052246
              ],
              [
                -39.276084899902344,
                -17.779165267944336
              ],
              [
                -39.59242248535156,
                -18.03631591796875
              ],
              [
                -39.76686096191406,
                -18.35775375366211
              ],
              [
                -39.79722213745117,
                -19.57921028137207
              ],
              [
                -40.195648193359375,
                -19.900644302368164
              ],
              [
                -40.40681076049805,
                -20.6077938079834
              ],
              [
                -40.8811149597168,
                -20.92922592163086
              ],
              [
                -40.90477752685547,
                -21.186368942260742
              ],
              [
                -41.07121276855469,
                -21.379228591918945
              ],
              [
                -41.039329528808594,
                -21.82923126220703
              ],
              [
                -41.1445198059082,
                -22.150665283203125
              ],
              [
                -41.91362380981445,
                -22.40781021118164
              ],
              [
                -41.92646026611328,
                -22.53638458251953
              ],
              [
                -42.0817756652832,
                -22.600671768188477
              ],
              [
                -42.0268669128418,
                -22.793533325195312
              ],
              [
                -42.12110137939453,
                -22.98639488220215
              ],
              [
                -43.23838424682617,
                -22.98639488220215
              ],
              [
                -43.400978088378906,
                -23.11496925354004
              ],
              [
                -43.847999572753906,
                -23.11496925354004
              ],
              [
                -43.834266662597656,
                -22.98639488220215
              ],
              [
                -44.73505783081055,
                -23.050682067871094
              ],
              [
                -44.69575119018555,
                -23.372121810913086
              ],
              [
                -44.91937255859375,
                -23.372121810913086
              ],
              [
                -45.47757339477539,
                -23.69356346130371
              ],
              [
                -45.33575439453125,
                -23.757850646972656
              ],
              [
                -45.36552810668945,
                -24.01500701904297
              ],
              [
                -45.58943557739258,
                -24.01500701904297
              ],
              [
                -45.574424743652344,
                -23.886428833007812
              ],
              [
                -46.08921813964844,
                -23.822139739990234
              ],
              [
                -46.34345626831055,
                -24.079296112060547
              ],
              [
                -46.88153839111328,
                -24.207876205444336
              ],
              [
                -47.228031158447266,
                -24.593616485595703
              ],
              [
                -47.37748336791992,
                -24.593616485595703
              ],
              [
                -47.95041275024414,
                -24.979360580444336
              ],
              [
                -48.07619094848633,
                -24.207876205444336
              ],
              [
                -48.21754455566406,
                -24.143585205078125
              ],
              [
                -48.26846694946289,
                -23.95071792602539
              ],
              [
                -48.41771697998047,
                -23.95071792602539
              ],
              [
                -48.618045806884766,
                -23.757850646972656
              ],
              [
                -48.602516174316406,
                -23.629274368286133
              ],
              [
                -48.81080627441406,
                -23.50069808959961
              ],
              [
                -48.929351806640625,
                -23.243545532226562
              ],
              [
                -48.81736373901367,
                -22.922107696533203
              ],
              [
                -48.13975143432617,
                -22.857820510864258
              ],
              [
                -46.88817596435547,
                -22.98639488220215
              ],
              [
                -46.427001953125,
                -22.857820510864258
              ],
              [
                -45.60786056518555,
                -22.857820510864258
              ],
              [
                -45.586971282958984,
                -22.664958953857422
              ],
              [
                -45.445011138916016,
                -22.729246139526367
              ],
              [
                -44.213531494140625,
                -22.343524932861328
              ],
              [
                -43.382118225097656,
                -22.214950561523438
              ],
              [
                -43.2140007019043,
                -22.022090911865234
              ],
              [
                -42.82951354980469,
                -21.893518447875977
              ],
              [
                -42.730003356933594,
                -21.63637351989746
              ],
              [
                -42.494667053222656,
                -21.507801055908203
              ],
              [
                -42.02662658691406,
                -20.47922134399414
              ],
              [
                -41.43761444091797,
                -19.70778465270996
              ],
              [
                -41.40882873535156,
                -19.386350631713867
              ],
              [
                -41.33481216430664,
                -19.386350631713867
              ],
              [
                -41.374603271484375,
                -19.000627517700195
              ],
              [
                -41.147064208984375,
                -18.93634033203125
              ],
              [
                -41.17625045776367,
                -18.422040939331055
              ],
              [
                -41.02846145629883,
                -18.422040939331055
              ],
              [
                -40.747066497802734,
                -17.71487808227539
              ],
              [
                -40.76300811767578,
                -17.00771141052246
              ],
              [
                -40.610416412353516,
                -16.943424224853516
              ],
              [
                -40.501312255859375,
                -16.493408203125
              ],
              [
                -40.18211364746094,
                -16.171968460083008
              ],
              [
                -40.16765213012695,
                -15.979104042053223
              ],
              [
                -40.01567077636719,
                -15.914815902709961
              ],
              [
                -39.88234329223633,
                -15.079072952270508
              ],
              [
                -39.95586013793945,
                -15.079072952270508
              ],
              [
                -39.90021896362305,
                -14.243330955505371
              ],
              [
                -39.826786041259766,
                -14.243330955505371
              ],
              [
                -39.798587799072266,
                -13.793316841125488
              ],
              [
                -39.532962799072266,
                -13.021865844726562
              ],
              [
                -39.577762603759766,
                -12.50756549835205
              ],
              [
                -39.65104675292969,
                -12.50756549835205
              ],
              [
                -39.53437423706055,
                -11.67182731628418
              ],
              [
                -39.21669006347656,
                -11.157526969909668
              ],
              [
                -38.610801696777344,
                -10.707514762878418
              ],
              [
                -38.60514831542969,
                -10.578939437866211
              ],
              [
                -38.377403259277344,
                -10.386076927185059
              ],
              [
                -37.930538177490234,
                -10.193214416503906
              ],
              [
                -37.56493377685547,
                -10.193214416503906
              ],
              [
                -37.26465606689453,
                -10.000351905822754
              ],
              [
                -36.67725372314453,
                -9.936064720153809
              ],
              [
                -36.79669952392578,
                -9.228901863098145
              ],
              [
                -36.64594650268555,
                -9.100326538085938
              ],
              [
                -36.56385803222656,
                -8.84317684173584
              ],
              [
                -36.62812423706055,
                -8.586026191711426
              ],
              [
                -36.390377044677734,
                -8.007437705993652
              ],
              [
                -36.44235610961914,
                -7.30027437210083
              ],
              [
                -36.36939239501953,
                -7.30027437210083
              ],
              [
                -36.35537338256836,
                -6.78597354888916
              ],
              [
                -36.428314208984375,
                -6.78597354888916
              ],
              [
                -36.415306091308594,
                -6.271672248840332
              ],
              [
                -36.48822784423828,
                -6.271672248840332
              ],
              [
                -36.47337341308594,
                -5.628796100616455
              ],
              [
                -36.68125915527344,
                -5.114494800567627
              ],
              [
                -35.58808135986328,
                -5.114494800567627
              ],
              [
                -35.3029899597168,
                -5.435933113098145
              ],
              [
                -35.16539764404297,
                -5.821659088134766
              ],
              [
                -35.17565155029297,
                -6.271672248840332
              ],
              [
                -35.03133010864258,
                -6.335959911346436
              ],
              [
                -35.032867431640625,
                -6.400247573852539
              ],
              [
                -34.842472076416016,
                -7.493137359619141
              ],
              [
                -34.915443420410156,
                -7.493137359619141
              ],
              [
                -35.021507263183594,
                -8.586026191711426
              ],
              [
                -35.17177963256836,
                -8.714601516723633
              ],
              [
                -35.257877349853516,
                -9.100326538085938
              ]
            ]
          ],
          [
            [
              [
                -2.451138973236084,
                4.850082874298096
              ],
              [
                -2.450636863708496,
                4.914370536804199
              ],
              [
                -2.596381187438965,
                4.914370536804199
              ],
              [
                -2.52205491065979,
                5.10723352432251
              ],
              [
                -2.303419589996338,
                5.10723352432251
              ],
              [
                -2.305399179458618,
                4.850082874298096
              ],
              [
                -2.451138973236084,
                4.850082874298096
              ]
            ]
          ],
          [
            [
              [
                -1.283635139465332,
                5.042945861816406
              ],
              [
                -1.575652480125427,
                4.978658199310303
              ],
              [
                -1.648526668548584,
                4.978658199310303
              ],
              [
                -1.795309066772461,
                4.850082874298096
              ],
              [
                -1.793270826339722,
                5.10723352432251
              ],
              [
                -1.573165535926819,
                5.300096035003662
              ],
              [
                -1.35451066493988,
                5.300096035003662
              ],
              [
                -1.283635139465332,
                5.042945861816406
              ]
            ]
          ],
          [
            [
              [
                -60.99871063232422,
                10.057377815246582
              ],
              [
                -61.72983932495117,
                10.057377815246582
              ],
              [
                -61.666908264160156,
                10.250240325927734
              ],
              [
                -61.45097732543945,
                10.314528465270996
              ],
              [
                -61.45794677734375,
                10.443102836608887
              ],
              [
                -61.46147537231445,
                10.507390975952148
              ],
              [
                -61.61492156982422,
                10.635965347290039
              ],
              [
                -61.552730560302734,
                10.828827857971191
              ],
              [
                -60.89426803588867,
                10.828827857971191
              ],
              [
                -61.026161193847656,
                10.571678161621094
              ],
              [
                -60.9390754699707,
                10.314528465270996
              ],
              [
                -60.99871063232422,
                10.057377815246582
              ]
            ]
          ],
          [
            [
              [
                -16.143251419067383,
                12.178865432739258
              ],
              [
                -16.582807540893555,
                12.178865432739258
              ],
              [
                -16.66014862060547,
                12.37172794342041
              ],
              [
                -15.927406311035156,
                12.37172794342041
              ],
              [
                -15.92347240447998,
                12.178865432739258
              ],
              [
                -16.069992065429688,
                12.178865432739258
              ],
              [
                -16.143251419067383,
                12.178865432739258
              ]
            ]
          ],
          [
            [
              [
                -24.450305938720703,
                15.07181167602539
              ],
              [
                -24.229759216308594,
                15.07181167602539
              ],
              [
                -24.290111541748047,
                14.750371932983398
              ],
              [
                -24.36359405517578,
                14.750371932983398
              ],
              [
                -24.450305938720703,
                15.07181167602539
              ]
            ]
          ],
          [
            [
              [
                -23.786041259765625,
                15.007523536682129
              ],
              [
                -23.725826263427734,
                15.328963279724121
              ],
              [
                -23.578744888305664,
                15.328963279724121
              ],
              [
                -23.4237060546875,
                15.136098861694336
              ],
              [
                -23.413368225097656,
                14.878947257995605
              ],
              [
                -23.78343391418457,
                14.943235397338867
              ],
              [
                -23.786041259765625,
                15.007523536682129
              ]
            ]
          ],
          [
            [
              [
                -23.28192138671875,
                15.26467514038086
              ],
              [
                -23.063955307006836,
                15.328963279724121
              ],
              [
                -22.985170364379883,
                15.200387001037598
              ],
              [
                -23.127033233642578,
                15.07181167602539
              ],
              [
                -23.20054817199707,
                15.07181167602539
              ],
              [
                -23.28192138671875,
                15.26467514038086
              ]
            ]
          ],
          [
            [
              [
                -22.581636428833008,
                16.100418090820312
              ],
              [
                -22.649662017822266,
                15.971842765808105
              ],
              [
                -22.94409942626953,
                15.971842765808105
              ],
              [
                -22.881837844848633,
                16.228994369506836
              ],
              [
                -22.584453582763672,
                16.16470718383789
              ],
              [
                -22.581636428833008,
                16.100418090820312
              ]
            ]
          ],
          [
            [
              [
                -24.08133888244629,
                16.67901039123535
              ],
              [
                -24.075172424316406,
                16.550434112548828
              ],
              [
                -24.366777420043945,
                16.486146926879883
              ],
              [
                -24.372970581054688,
                16.614723205566406
              ],
              [
                -24.37609100341797,
                16.67901039123535
              ],
              [
                -24.08133888244629,
                16.67901039123535
              ]
            ]
          ],
          [
            [
              [
                -22.82863998413086,
                16.67901039123535
              ],
              [
                -22.976016998291016,
                16.67901039123535
              ],
              [
                -22.982027053833008,
                16.807586669921875
              ],
              [
                -22.837635040283203,
                16.87187385559082
              ],
              [
                -22.83462142944336,
                16.807586669921875
              ],
              [
                -22.82863998413086,
                16.67901039123535
              ]
            ]
          ],
          [
            [
              [
                -25.27007293701172,
                16.87187385559082
              ],
              [
                -25.35367202758789,
                17.06473731994629
              ],
              [
                -25.286596298217773,
                17.193313598632812
              ],
              [
                -24.99492835998535,
                17.257600784301758
              ],
              [
                -24.908010482788086,
                17.000450134277344
              ],
              [
                -24.981735229492188,
                17.000450134277344
              ],
              [
                -24.831039428710938,
                16.9361629486084
              ],
              [
                -24.821401596069336,
                16.743297576904297
              ],
              [
                -24.968791961669922,
                16.743297576904297
              ],
              [
                -25.05219268798828,
                16.9361629486084
              ],
              [
                -25.27007293701172,
                16.87187385559082
              ]
            ]
          ],
          [
            [
              [
                -17.846942901611328,
                27.865236282348633
              ],
              [
                -17.90181541442871,
                27.608078002929688
              ],
              [
                -18.057466506958008,
                27.6723690032959
              ],
              [
                -17.992435455322266,
                27.800947189331055
              ],
              [
                -17.997596740722656,
                27.865236282348633
              ],
              [
                -17.846942901611328,
                27.865236282348633
              ]
            ]
          ],
          [
            [
              [
                -15.431796073913574,
                27.800947189331055
              ],
              [
                -15.728307723999023,
                27.736658096313477
              ],
              [
                -15.82758617401123,
                28.058101654052734
              ],
              [
                -15.761932373046875,
                28.186676025390625
              ],
              [
                -15.304783821105957,
                28.12238883972168
              ],
              [
                -15.356483459472656,
                27.800947189331055
              ],
              [
                -15.431796073913574,
                27.800947189331055
              ]
            ]
          ],
          [
            [
              [
                -17.254457473754883,
                27.993812561035156
              ],
              [
                -17.345203399658203,
                28.186676025390625
              ],
              [
                -17.124155044555664,
                28.25096321105957
              ],
              [
                -17.033451080322266,
                28.058101654052734
              ],
              [
                -17.17910385131836,
                27.993812561035156
              ],
              [
                -17.254457473754883,
                27.993812561035156
              ]
            ]
          ],
          [
            [
              [
                -16.908185958862305,
                28.379535675048828
              ],
              [
                -16.390287399291992,
                28.508106231689453
              ],
              [
                -16.39539337158203,
                28.572391510009766
              ],
              [
                -16.09348487854004,
                28.572391510009766
              ],
              [
                -16.083406448364258,
                28.44382095336914
              ],
              [
                -16.365081787109375,
                28.186676025390625
              ],
              [
                -16.355152130126953,
                28.058101654052734
              ],
              [
                -16.64666748046875,
                27.92952537536621
              ],
              [
                -16.908185958862305,
                28.379535675048828
              ]
            ]
          ],
          [
            [
              [
                -13.767658233642578,
                28.765243530273438
              ],
              [
                -13.762985229492188,
                28.700960159301758
              ],
              [
                -13.80622386932373,
                28.25096321105957
              ],
              [
                -14.3202543258667,
                28.058101654052734
              ],
              [
                -14.26330280303955,
                28.315250396728516
              ],
              [
                -14.117085456848145,
                28.379535675048828
              ],
              [
                -14.065006256103516,
                28.700960159301758
              ],
              [
                -13.767658233642578,
                28.765243530273438
              ]
            ]
          ],
          [
            [
              [
                -18.002243041992188,
                28.829526901245117
              ],
              [
                -17.856664657592773,
                28.893810272216797
              ],
              [
                -17.781116485595703,
                28.893810272216797
              ],
              [
                -17.705568313598633,
                28.893810272216797
              ],
              [
                -17.673158645629883,
                28.508106231689453
              ],
              [
                -17.899547576904297,
                28.508106231689453
              ],
              [
                -17.9858341217041,
                28.636676788330078
              ],
              [
                -18.002243041992188,
                28.829526901245117
              ]
            ]
          ],
          [
            [
              [
                -13.862126350402832,
                29.022375106811523
              ],
              [
                -13.649682998657227,
                29.21521759033203
              ],
              [
                -13.422821044921875,
                29.21521759033203
              ],
              [
                -13.474872589111328,
                28.893810272216797
              ],
              [
                -13.847886085510254,
                28.829526901245117
              ],
              [
                -13.857359886169434,
                28.958093643188477
              ],
              [
                -13.862126350402832,
                29.022375106811523
              ]
            ]
          ],
          [
            [
              [
                -8.442415237426758,
                32.878753662109375
              ],
              [
                -8.730104446411133,
                32.62162780761719
              ],
              [
                -9.050174713134766,
                32.81447219848633
              ],
              [
                -9.054909706115723,
                32.878753662109375
              ],
              [
                -8.695550918579102,
                33.20018768310547
              ],
              [
                -8.447019577026367,
                32.94303894042969
              ],
              [
                -8.442415237426758,
                32.878753662109375
              ]
            ]
          ],
          [
            [
              [
                -2.8270103931427,
                35.258358001708984
              ],
              [
                -2.981565713882446,
                35.258358001708984
              ],
              [
                -2.992615222930908,
                35.45143127441406
              ],
              [
                -2.837937116622925,
                35.45143127441406
              ],
              [
                -2.830641508102417,
                35.32271194458008
              ],
              [
                -2.8270103931427,
                35.258358001708984
              ]
            ]
          ],
          [
            [
              [
                -0.83969384431839,
                35.708900451660156
              ],
              [
                -0.76227205991745,
                35.708900451660156
              ],
              [
                -0.684850215911865,
                35.708900451660156
              ],
              [
                -0.607428431510925,
                35.708900451660156
              ],
              [
                -0.530006587505341,
                35.708900451660156
              ],
              [
                -0.446486860513687,
                35.58015823364258
              ],
              [
                -0.672443270683289,
                35.45143127441406
              ],
              [
                -0.907609820365906,
                35.51579284667969
              ],
              [
                -0.913937389850616,
                35.644527435302734
              ],
              [
                -0.917115688323975,
                35.708900451660156
              ],
              [
                -0.83969384431839,
                35.708900451660156
              ]
            ]
          ],
          [
            [
              [
                -5.708348751068115,
                35.58015823364258
              ],
              [
                -5.845264911651611,
                35.32271194458008
              ],
              [
                -6.004343032836914,
                35.38706970214844
              ],
              [
                -6.008838653564453,
                35.45143127441406
              ],
              [
                -5.876633644104004,
                35.77327346801758
              ],
              [
                -5.416387557983398,
                35.837650299072266
              ],
              [
                -5.338923931121826,
                35.837650299072266
              ],
              [
                -5.334535121917725,
                35.77327346801758
              ],
              [
                -5.330159187316895,
                35.708900451660156
              ],
              [
                -5.325796604156494,
                35.644527435302734
              ],
              [
                -5.248395442962646,
                35.644527435302734
              ],
              [
                -5.244066715240479,
                35.58015823364258
              ],
              [
                -5.708348751068115,
                35.58015823364258
              ]
            ]
          ],
          [
            [
              [
                35.46856689453125,
                -24.079296112060547
              ],
              [
                35.3939208984375,
                -24.079296112060547
              ],
              [
                35.39701843261719,
                -24.143585205078125
              ],
              [
                35.32859420776367,
                -24.272165298461914
              ],
              [
                35.02680587768555,
                -24.207876205444336
              ],
              [
                34.93407440185547,
                -23.822139739990234
              ],
              [
                35.381717681884766,
                -23.822139739990234
              ],
              [
                35.46856689453125,
                -24.079296112060547
              ]
            ]
          ],
          [
            [
              [
                34.53754806518555,
                -19.57921028137207
              ],
              [
                34.624267578125,
                -19.900644302368164
              ],
              [
                34.69834518432617,
                -19.900644302368164
              ],
              [
                34.70847702026367,
                -20.15778923034668
              ],
              [
                34.565277099609375,
                -20.28636360168457
              ],
              [
                34.337921142578125,
                -20.15778923034668
              ],
              [
                34.251380920410156,
                -19.83635711669922
              ],
              [
                34.53754806518555,
                -19.57921028137207
              ]
            ]
          ],
          [
            [
              [
                37.340152740478516,
                -17.650590896606445
              ],
              [
                37.342933654785156,
                -17.71487808227539
              ],
              [
                37.19808578491211,
                -17.779165267944336
              ],
              [
                37.25531005859375,
                -17.3934383392334
              ],
              [
                37.70072937011719,
                -17.457727432250977
              ],
              [
                37.63254928588867,
                -17.586301803588867
              ],
              [
                37.340152740478516,
                -17.650590896606445
              ]
            ]
          ],
          [
            [
              [
                40.530879974365234,
                -14.757633209228516
              ],
              [
                40.74872970581055,
                -14.69334602355957
              ],
              [
                40.55484390258789,
                -15.336224555969238
              ],
              [
                40.171207427978516,
                -14.9504976272583
              ],
              [
                40.307865142822266,
                -14.69334602355957
              ],
              [
                40.4573974609375,
                -14.757633209228516
              ],
              [
                40.530879974365234,
                -14.757633209228516
              ]
            ]
          ],
          [
            [
              [
                13.333793640136719,
                -12.443277359008789
              ],
              [
                13.333597183227539,
                -12.378990173339844
              ],
              [
                13.479941368103027,
                -12.314702033996582
              ],
              [
                13.626914024353027,
                -12.443277359008789
              ],
              [
                13.554931640625,
                -12.82900333404541
              ],
              [
                12.822331428527832,
                -13.021865844726562
              ],
              [
                12.894619941711426,
                -12.636139869689941
              ],
              [
                13.333793640136719,
                -12.443277359008789
              ]
            ]
          ],
          [
            [
              [
                13.5436429977417,
                -9.100326538085938
              ],
              [
                13.32464599609375,
                -9.1646146774292
              ],
              [
                13.324990272521973,
                -9.29318904876709
              ],
              [
                13.106270790100098,
                -9.486052513122559
              ],
              [
                12.88643741607666,
                -9.228901863098145
              ],
              [
                12.885685920715332,
                -8.907464027404785
              ],
              [
                12.958731651306152,
                -8.907464027404785
              ],
              [
                12.958577156066895,
                -8.84317684173584
              ],
              [
                13.250408172607422,
                -8.714601516723633
              ],
              [
                13.249732971191406,
                -8.457450866699219
              ],
              [
                13.468976020812988,
                -8.52173900604248
              ],
              [
                13.615582466125488,
                -8.714601516723633
              ],
              [
                13.5436429977417,
                -9.100326538085938
              ]
            ]
          ],
          [
            [
              [
                39.81732940673828,
                -7.878862857818604
              ],
              [
                39.74433898925781,
                -7.878862857818604
              ],
              [
                39.67397689819336,
                -8.007437705993652
              ],
              [
                39.52798080444336,
                -8.007437705993652
              ],
              [
                39.52406311035156,
                -7.8145751953125
              ],
              [
                39.66746139526367,
                -7.685999870300293
              ],
              [
                39.81342697143555,
                -7.685999870300293
              ],
              [
                39.81732940673828,
                -7.878862857818604
              ]
            ]
          ],
          [
            [
              [
                39.26820755004883,
                -5.757371425628662
              ],
              [
                39.34318161010742,
                -5.885946750640869
              ],
              [
                39.34423065185547,
                -5.950234413146973
              ],
              [
                39.3474235534668,
                -6.143096923828125
              ],
              [
                39.493255615234375,
                -6.143096923828125
              ],
              [
                39.42695236206055,
                -6.528822898864746
              ],
              [
                39.05683135986328,
                -6.207384586334229
              ],
              [
                39.12240219116211,
                -5.757371425628662
              ],
              [
                39.26820755004883,
                -5.757371425628662
              ]
            ]
          ],
          [
            [
              [
                39.54981994628906,
                -5.114494800567627
              ],
              [
                39.54886245727539,
                -5.050207138061523
              ],
              [
                39.546966552734375,
                -4.921631813049316
              ],
              [
                39.76653289794922,
                -4.98591947555542
              ],
              [
                39.70050048828125,
                -5.435933113098145
              ],
              [
                39.55472183227539,
                -5.435933113098145
              ],
              [
                39.54981994628906,
                -5.114494800567627
              ]
            ]
          ],
          [
            [
              [
                39.748905181884766,
                -3.700166940689087
              ],
              [
                39.67852783203125,
                -3.893029928207397
              ],
              [
                39.679359436035156,
                -3.957317352294922
              ],
              [
                39.53879928588867,
                -4.343043327331543
              ],
              [
                39.39396667480469,
                -4.407330989837646
              ],
              [
                39.24565887451172,
                -4.214468002319336
              ],
              [
                39.24230194091797,
                -3.957317352294922
              ],
              [
                39.385528564453125,
                -3.76445460319519
              ],
              [
                39.748905181884766,
                -3.700166940689087
              ]
            ]
          ],
          [
            [
              [
                6.665691375732422,
                0.414238125085831
              ],
              [
                6.661185741424561,
                0.15708801150322
              ],
              [
                6.382774829864502,
                0.028512962162495
              ],
              [
                6.299571514129639,
                0.285663068294525
              ],
              [
                6.300692081451416,
                0.349950581789017
              ],
              [
                6.665691375732422,
                0.414238125085831
              ]
            ]
          ],
          [
            [
              [
                7.339029312133789,
                1.507126569747925
              ],
              [
                7.193447589874268,
                1.507126569747925
              ],
              [
                7.269322872161865,
                1.699989318847656
              ],
              [
                7.342116832733154,
                1.699989318847656
              ],
              [
                7.339029312133789,
                1.507126569747925
              ]
            ]
          ],
          [
            [
              [
                102.01812744140625,
                2.7928786277771
              ],
              [
                102.10211181640625,
                3.050029039382935
              ],
              [
                102.39056396484375,
                2.985741376876831
              ],
              [
                102.67071533203125,
                2.728590965270996
              ],
              [
                102.58448791503906,
                2.407152891159058
              ],
              [
                102.43366241455078,
                2.27857780456543
              ],
              [
                102.50389099121094,
                2.214290142059326
              ],
              [
                102.42349243164062,
                2.021427392959595
              ],
              [
                102.35069274902344,
                2.021427392959595
              ],
              [
                101.85122680664062,
                2.27857780456543
              ],
              [
                101.85381317138672,
                2.342865228652954
              ],
              [
                101.781005859375,
                2.342865228652954
              ],
              [
                101.78361511230469,
                2.407152891159058
              ],
              [
                101.71080780029297,
                2.407152891159058
              ],
              [
                101.71343231201172,
                2.471440553665161
              ],
              [
                101.71607971191406,
                2.535728216171265
              ],
              [
                102.01812744140625,
                2.7928786277771
              ]
            ]
          ],
          [
            [
              [
                8.829950332641602,
                3.821480512619019
              ],
              [
                8.900080680847168,
                3.628617763519287
              ],
              [
                8.899168968200684,
                3.564330101013184
              ],
              [
                8.675135612487793,
                3.178604364395142
              ],
              [
                8.311943054199219,
                3.242892026901245
              ],
              [
                8.314693450927734,
                3.435754776000977
              ],
              [
                8.461264610290527,
                3.50004243850708
              ],
              [
                8.537701606750488,
                3.757192850112915
              ],
              [
                8.829950332641602,
                3.821480512619019
              ]
            ]
          ],
          [
            [
              [
                80.82710266113281,
                6.135835647583008
              ],
              [
                80.89362335205078,
                6.007260322570801
              ],
              [
                80.89044952392578,
                5.942972660064697
              ],
              [
                80.23114776611328,
                5.878684997558594
              ],
              [
                79.8855972290039,
                6.264410972595215
              ],
              [
                79.75935363769531,
                6.650136470794678
              ],
              [
                79.77961730957031,
                7.035862445831299
              ],
              [
                79.7066650390625,
                7.035862445831299
              ],
              [
                79.74190521240234,
                7.678738594055176
              ],
              [
                79.60686492919922,
                7.871601104736328
              ],
              [
                79.61796569824219,
                8.06446361541748
              ],
              [
                79.76396942138672,
                8.06446361541748
              ],
              [
                79.78673553466797,
                8.450189590454102
              ],
              [
                79.79059600830078,
                8.514476776123047
              ],
              [
                80.0096664428711,
                8.514476776123047
              ],
              [
                80.09050750732422,
                8.643052101135254
              ],
              [
                80.37870025634766,
                8.578764915466309
              ],
              [
                80.3593521118164,
                8.25732707977295
              ],
              [
                80.43235778808594,
                8.25732707977295
              ],
              [
                80.41349029541016,
                7.935888767242432
              ],
              [
                80.54106903076172,
                7.614450931549072
              ],
              [
                80.23837280273438,
                7.421587944030762
              ],
              [
                80.27662658691406,
                6.778711795806885
              ],
              [
                80.20368957519531,
                6.778711795806885
              ],
              [
                80.05780029296875,
                6.778711795806885
              ],
              [
                80.05110168457031,
                6.650136470794678
              ],
              [
                80.32636260986328,
                6.328698635101318
              ],
              [
                80.31990051269531,
                6.200123310089111
              ],
              [
                80.82710266113281,
                6.135835647583008
              ]
            ]
          ],
          [
            [
              [
                76.22550964355469,
                9.928803443908691
              ],
              [
                76.448974609375,
                9.993090629577637
              ],
              [
                76.58277130126953,
                9.800228118896484
              ],
              [
                76.57867431640625,
                9.735940933227539
              ],
              [
                76.5584716796875,
                9.41450309753418
              ],
              [
                76.26221466064453,
                9.350214958190918
              ],
              [
                76.20915222167969,
                9.671652793884277
              ],
              [
                76.3553237915039,
                9.671652793884277
              ],
              [
                76.36347961425781,
                9.800228118896484
              ],
              [
                76.22550964355469,
                9.928803443908691
              ]
            ]
          ],
          [
            [
              [
                79.86319166784804,
                10.72981261607007
              ],
              [
                79.85049699795815,
                10.82023413956879
              ],
              [
                79.85142885692666,
                10.828827857971191
              ],
              [
                79.87030029296875,
                10.828827857971191
              ],
              [
                79.86567687988281,
                10.764540672302246
              ],
              [
                79.86319166784804,
                10.72981261607007
              ]
            ]
          ],
          [
            [
              [
                75.78202819824219,
                10.957403182983398
              ],
              [
                75.72225189208984,
                11.15026569366455
              ],
              [
                75.72676849365234,
                11.214552879333496
              ],
              [
                75.58946228027344,
                11.343128204345703
              ],
              [
                75.81363677978516,
                11.407415390014648
              ],
              [
                75.94633483886719,
                11.214552879333496
              ],
              [
                75.92837524414062,
                10.957403182983398
              ],
              [
                75.78202819824219,
                10.957403182983398
              ]
            ]
          ],
          [
            [
              [
                75.06465148925781,
                12.178865432739258
              ],
              [
                75.06949615478516,
                12.24315357208252
              ],
              [
                75.29417419433594,
                12.307440757751465
              ],
              [
                75.43094635009766,
                12.178865432739258
              ],
              [
                75.4117202758789,
                11.92171573638916
              ],
              [
                75.26524353027344,
                11.92171573638916
              ],
              [
                75.20634460449219,
                12.114578247070312
              ],
              [
                75.06465148925781,
                12.178865432739258
              ]
            ]
          ],
          [
            [
              [
                120.10101318359375,
                13.721768379211426
              ],
              [
                120.11906433105469,
                13.850343704223633
              ],
              [
                120.26586151123047,
                13.850343704223633
              ],
              [
                120.32117462158203,
                13.721768379211426
              ],
              [
                120.31220245361328,
                13.657480239868164
              ],
              [
                120.10101318359375,
                13.721768379211426
              ]
            ]
          ],
          [
            [
              [
                73.79620361328125,
                15.393251419067383
              ],
              [
                73.8023452758789,
                15.457538604736328
              ],
              [
                74.10276794433594,
                15.52182674407959
              ],
              [
                74.51935577392578,
                15.26467514038086
              ],
              [
                74.55064392089844,
                14.81466007232666
              ],
              [
                74.3125991821289,
                14.621796607971191
              ],
              [
                74.23912811279297,
                14.621796607971191
              ],
              [
                73.9189682006836,
                15.136098861694336
              ],
              [
                73.92501068115234,
                15.200387001037598
              ],
              [
                73.93107604980469,
                15.26467514038086
              ],
              [
                73.8575439453125,
                15.26467514038086
              ],
              [
                73.86363220214844,
                15.328963279724121
              ],
              [
                73.79009246826172,
                15.328963279724121
              ],
              [
                73.79620361328125,
                15.393251419067383
              ]
            ]
          ],
          [
            [
              [
                113.68661499023438,
                22.400548934936523
              ],
              [
                113.63867950439453,
                22.143402099609375
              ],
              [
                113.41557312011719,
                22.143402099609375
              ],
              [
                113.52578735351562,
                22.33626365661621
              ],
              [
                113.53781127929688,
                22.400548934936523
              ],
              [
                113.68661499023438,
                22.400548934936523
              ]
            ]
          ],
          [
            [
              [
                55.535518646240234,
                26.70800018310547
              ],
              [
                55.79009246826172,
                26.96516990661621
              ],
              [
                56.01552963256836,
                26.96516990661621
              ],
              [
                56.02298355102539,
                27.029460906982422
              ],
              [
                56.32361602783203,
                27.029460906982422
              ],
              [
                56.30864334106445,
                26.900876998901367
              ],
              [
                56.06119155883789,
                26.70800018310547
              ],
              [
                55.28888702392578,
                26.515121459960938
              ],
              [
                55.31023025512695,
                26.70800018310547
              ],
              [
                55.535518646240234,
                26.70800018310547
              ]
            ]
          ],
          [
            [
              [
                124.3313980102539,
                -9.486052513122559
              ],
              [
                124.18524169921875,
                -9.486052513122559
              ],
              [
                124.1121597290039,
                -9.486052513122559
              ],
              [
                123.8198471069336,
                -9.486052513122559
              ],
              [
                123.80821228027344,
                -9.357477188110352
              ],
              [
                123.94285583496094,
                -9.228901863098145
              ],
              [
                124.37552642822266,
                -9.1646146774292
              ],
              [
                124.3313980102539,
                -9.486052513122559
              ]
            ]
          ],
          [
            [
              [
                125.1291275024414,
                -8.586026191711426
              ],
              [
                125.70795440673828,
                -8.52173900604248
              ],
              [
                125.51620483398438,
                -8.84317684173584
              ],
              [
                125.44316101074219,
                -8.84317684173584
              ],
              [
                125.1291275024414,
                -8.586026191711426
              ]
            ]
          ],
          [
            [
              [
                122.27579498291016,
                -8.52173900604248
              ],
              [
                122.47933959960938,
                -8.328875541687012
              ],
              [
                122.6253662109375,
                -8.328875541687012
              ],
              [
                122.60514831542969,
                -8.071725845336914
              ],
              [
                122.82415008544922,
                -8.071725845336914
              ],
              [
                122.82916259765625,
                -8.13601303100586
              ],
              [
                122.92778015136719,
                -8.457450866699219
              ],
              [
                122.7087173461914,
                -8.457450866699219
              ],
              [
                122.65679168701172,
                -8.714601516723633
              ],
              [
                122.28630828857422,
                -8.650314331054688
              ],
              [
                122.27579498291016,
                -8.52173900604248
              ]
            ]
          ],
          [
            [
              [
                127.94834899902344,
                -3.57159161567688
              ],
              [
                128.23690795898438,
                -3.507303953170776
              ],
              [
                128.2453155517578,
                -3.700166940689087
              ],
              [
                127.81404876708984,
                -3.828742265701294
              ],
              [
                127.80268096923828,
                -3.57159161567688
              ],
              [
                127.8755111694336,
                -3.57159161567688
              ],
              [
                127.94834899902344,
                -3.57159161567688
              ]
            ]
          ],
          [
            [
              [
                124.54899597167969,
                9.221640586853027
              ],
              [
                124.77455139160156,
                9.285927772521973
              ],
              [
                124.8223648071289,
                9.028778076171875
              ],
              [
                124.67626190185547,
                9.028778076171875
              ],
              [
                124.68251037597656,
                9.09306526184082
              ],
              [
                124.54899597167969,
                9.221640586853027
              ]
            ]
          ],
          [
            [
              [
                123.74530029296875,
                9.221640586853027
              ],
              [
                123.73902893066406,
                9.157352447509766
              ],
              [
                123.58047485351562,
                9.028778076171875
              ],
              [
                123.44056701660156,
                9.09306526184082
              ],
              [
                123.53874969482422,
                9.350214958190918
              ],
              [
                123.68489074707031,
                9.350214958190918
              ],
              [
                123.74530029296875,
                9.221640586853027
              ]
            ]
          ],
          [
            [
              [
                126.14250183105469,
                9.800228118896484
              ],
              [
                126.05599975585938,
                9.671652793884277
              ],
              [
                125.91650390625,
                9.735940933227539
              ],
              [
                125.94357299804688,
                9.993090629577637
              ],
              [
                126.09666442871094,
                10.057377815246582
              ],
              [
                126.1492691040039,
                9.86451530456543
              ],
              [
                126.14250183105469,
                9.800228118896484
              ]
            ]
          ],
          [
            [
              [
                123.98318481445312,
                10.121665954589844
              ],
              [
                124.05630493164062,
                10.121665954589844
              ],
              [
                124.50186157226562,
                10.185953140258789
              ],
              [
                124.62086486816406,
                9.928803443908691
              ],
              [
                124.5942153930664,
                9.671652793884277
              ],
              [
                123.7772216796875,
                9.543078422546387
              ],
              [
                123.7369384765625,
                9.86451530456543
              ],
              [
                123.98318481445312,
                10.121665954589844
              ]
            ]
          ],
          [
            [
              [
                122.32845306396484,
                9.671652793884277
              ],
              [
                122.36124420166016,
                9.993090629577637
              ],
              [
                122.81331634521484,
                10.121665954589844
              ],
              [
                122.78832244873047,
                10.571678161621094
              ],
              [
                122.89701080322266,
                10.893115997314453
              ],
              [
                123.057861328125,
                11.021690368652344
              ],
              [
                123.56278228759766,
                10.957403182983398
              ],
              [
                123.51274108886719,
                10.507390975952148
              ],
              [
                123.35253143310547,
                10.378815650939941
              ],
              [
                123.1455307006836,
                9.800228118896484
              ],
              [
                123.31321716308594,
                9.285927772521973
              ],
              [
                123.30692291259766,
                9.221640586853027
              ],
              [
                123.21521759033203,
                9.028778076171875
              ],
              [
                122.84996032714844,
                9.028778076171875
              ],
              [
                122.86854553222656,
                9.221640586853027
              ],
              [
                122.58883666992188,
                9.350214958190918
              ],
              [
                122.32845306396484,
                9.671652793884277
              ]
            ]
          ],
          [
            [
              [
                125.473388671875,
                10.378815650939941
              ],
              [
                125.69986724853516,
                10.443102836608887
              ],
              [
                125.71066284179688,
                9.86451530456543
              ],
              [
                125.57122802734375,
                9.928803443908691
              ],
              [
                125.49812316894531,
                9.928803443908691
              ],
              [
                125.473388671875,
                10.378815650939941
              ]
            ]
          ],
          [
            [
              [
                123.85063171386719,
                10.250240325927734
              ],
              [
                123.60409545898438,
                9.993090629577637
              ],
              [
                123.47845458984375,
                9.478790283203125
              ],
              [
                123.25921630859375,
                9.478790283203125
              ],
              [
                123.27210998535156,
                9.607365608215332
              ],
              [
                123.27861022949219,
                9.671652793884277
              ],
              [
                123.4118881225586,
                10.250240325927734
              ],
              [
                123.65902709960938,
                10.507390975952148
              ],
              [
                123.88501739501953,
                11.214552879333496
              ],
              [
                124.1120834350586,
                11.278841018676758
              ],
              [
                123.99688720703125,
                10.250240325927734
              ],
              [
                123.85063171386719,
                10.250240325927734
              ]
            ]
          ],
          [
            [
              [
                123.67292785644531,
                11.278841018676758
              ],
              [
                123.8193130493164,
                11.278841018676758
              ],
              [
                123.78961181640625,
                11.021690368652344
              ],
              [
                123.5700912475586,
                11.021690368652344
              ],
              [
                123.66545104980469,
                11.214552879333496
              ],
              [
                123.67292785644531,
                11.278841018676758
              ]
            ]
          ],
          [
            [
              [
                121.8726806640625,
                10.893115997314453
              ],
              [
                121.94584655761719,
                10.893115997314453
              ],
              [
                122.03459930419922,
                11.664566040039062
              ],
              [
                121.82258605957031,
                11.728853225708008
              ],
              [
                121.9268798828125,
                11.986002922058105
              ],
              [
                122.41613006591797,
                11.793140411376953
              ],
              [
                122.53948974609375,
                11.6002779006958
              ],
              [
                123.11756134033203,
                11.535990715026855
              ],
              [
                123.13835906982422,
                11.085978507995605
              ],
              [
                122.83833312988281,
                11.021690368652344
              ],
              [
                122.74349975585938,
                10.828827857971191
              ],
              [
                122.73635864257812,
                10.764540672302246
              ],
              [
                122.78832244873047,
                10.571678161621094
              ],
              [
                122.62120819091797,
                10.378815650939941
              ],
              [
                122.47493743896484,
                10.378815650939941
              ],
              [
                122.50274658203125,
                10.635965347290039
              ],
              [
                121.89673614501953,
                10.443102836608887
              ],
              [
                121.8726806640625,
                10.893115997314453
              ]
            ]
          ],
          [
            [
              [
                125.26813507080078,
                10.507390975952148
              ],
              [
                125.24000549316406,
                10.250240325927734
              ],
              [
                125.0206298828125,
                10.250240325927734
              ],
              [
                125.06626892089844,
                9.993090629577637
              ],
              [
                124.92005157470703,
                9.993090629577637
              ],
              [
                124.72122192382812,
                10.185953140258789
              ],
              [
                124.76324462890625,
                10.571678161621094
              ],
              [
                124.65301513671875,
                10.893115997314453
              ],
              [
                124.42623901367188,
                10.828827857971191
              ],
              [
                124.25096130371094,
                11.214552879333496
              ],
              [
                124.3698959350586,
                11.6002779006958
              ],
              [
                124.31226348876953,
                11.728853225708008
              ],
              [
                124.60516357421875,
                11.728853225708008
              ],
              [
                124.5740966796875,
                11.47170352935791
              ],
              [
                124.42002868652344,
                11.407415390014648
              ],
              [
                124.70521545410156,
                11.343128204345703
              ],
              [
                124.9712905883789,
                11.728853225708008
              ],
              [
                124.82483673095703,
                11.728853225708008
              ],
              [
                124.6369400024414,
                11.986002922058105
              ],
              [
                124.36007690429688,
                12.114578247070312
              ],
              [
                124.27135467529297,
                12.564591407775879
              ],
              [
                125.36222839355469,
                12.500303268432617
              ],
              [
                125.33709716796875,
                12.307440757751465
              ],
              [
                125.5486068725586,
                12.24315357208252
              ],
              [
                125.47598266601562,
                11.664566040039062
              ],
              [
                125.6491470336914,
                11.278841018676758
              ],
              [
                125.64154815673828,
                11.214552879333496
              ],
              [
                125.78035736083984,
                11.15026569366455
              ],
              [
                125.7653579711914,
                11.021690368652344
              ],
              [
                125.18739318847656,
                11.085978507995605
              ],
              [
                125.05603790283203,
                11.214552879333496
              ],
              [
                125.02620697021484,
                10.957403182983398
              ],
              [
                125.26813507080078,
                10.507390975952148
              ]
            ]
          ],
          [
            [
              [
                123.76673889160156,
                12.628878593444824
              ],
              [
                123.83161926269531,
                12.564591407775879
              ],
              [
                123.72517395019531,
                12.307440757751465
              ],
              [
                124.06705474853516,
                12.114578247070312
              ],
              [
                124.09258270263672,
                11.728853225708008
              ],
              [
                123.80750274658203,
                11.793140411376953
              ],
              [
                123.55427551269531,
                12.114578247070312
              ],
              [
                123.39974975585938,
                12.050291061401367
              ],
              [
                123.32649993896484,
                12.050291061401367
              ],
              [
                123.17204284667969,
                11.986002922058105
              ],
              [
                123.23698425292969,
                12.500303268432617
              ],
              [
                123.60340118408203,
                12.500303268432617
              ],
              [
                123.62014770507812,
                12.628878593444824
              ],
              [
                123.76673889160156,
                12.628878593444824
              ]
            ]
          ],
          [
            [
              [
                121.95064544677734,
                12.178865432739258
              ],
              [
                121.87738800048828,
                12.178865432739258
              ],
              [
                121.90153503417969,
                12.37172794342041
              ],
              [
                122.1295166015625,
                12.436016082763672
              ],
              [
                122.08918762207031,
                12.114578247070312
              ],
              [
                121.94268035888672,
                12.114578247070312
              ],
              [
                121.95064544677734,
                12.178865432739258
              ]
            ]
          ],
          [
            [
              [
                122.70755004882812,
                12.37172794342041
              ],
              [
                122.69129943847656,
                12.24315357208252
              ],
              [
                122.54476928710938,
                12.24315357208252
              ],
              [
                122.4144515991211,
                12.37172794342041
              ],
              [
                122.51241302490234,
                12.564591407775879
              ],
              [
                122.71574401855469,
                12.436016082763672
              ],
              [
                122.70755004882812,
                12.37172794342041
              ]
            ]
          ],
          [
            [
              [
                122.14596557617188,
                12.564591407775879
              ],
              [
                121.99114227294922,
                12.500303268432617
              ],
              [
                122.01599884033203,
                12.69316577911377
              ],
              [
                122.23590087890625,
                12.69316577911377
              ],
              [
                122.21925354003906,
                12.564591407775879
              ],
              [
                122.14596557617188,
                12.564591407775879
              ]
            ]
          ],
          [
            [
              [
                120.36778259277344,
                13.528904914855957
              ],
              [
                120.74353790283203,
                13.593193054199219
              ],
              [
                121.31269073486328,
                13.464617729187012
              ],
              [
                121.4417495727539,
                13.336042404174805
              ],
              [
                121.42427062988281,
                13.207467079162598
              ],
              [
                121.56228637695312,
                13.143178939819336
              ],
              [
                121.55143737792969,
                12.500303268432617
              ],
              [
                121.29131317138672,
                12.178865432739258
              ],
              [
                121.21804809570312,
                12.178865432739258
              ],
              [
                120.94896697998047,
                12.37172794342041
              ],
              [
                120.84320068359375,
                12.69316577911377
              ],
              [
                120.70488739013672,
                12.757453918457031
              ],
              [
                120.67367553710938,
                13.07889175415039
              ],
              [
                120.34144592285156,
                13.336042404174805
              ],
              [
                120.36778259277344,
                13.528904914855957
              ]
            ]
          ],
          [
            [
              [
                122.20203399658203,
                13.528904914855957
              ],
              [
                122.15769958496094,
                13.207467079162598
              ],
              [
                121.86432647705078,
                13.207467079162598
              ],
              [
                121.7439956665039,
                13.40032958984375
              ],
              [
                121.75287628173828,
                13.464617729187012
              ],
              [
                122.20203399658203,
                13.528904914855957
              ]
            ]
          ],
          [
            [
              [
                124.43084716796875,
                13.721768379211426
              ],
              [
                124.42155456542969,
                13.657480239868164
              ],
              [
                124.24726867675781,
                13.464617729187012
              ],
              [
                124.10964965820312,
                13.528904914855957
              ],
              [
                124.12057495117188,
                14.107494354248047
              ],
              [
                124.4685287475586,
                13.97891902923584
              ],
              [
                124.43084716796875,
                13.721768379211426
              ]
            ]
          ],
          [
            [
              [
                121.82450103759766,
                14.943235397338867
              ],
              [
                121.84484100341797,
                15.07181167602539
              ],
              [
                122.12867736816406,
                15.007523536682129
              ],
              [
                122.0685043334961,
                14.621796607971191
              ],
              [
                121.85796356201172,
                14.686083793640137
              ],
              [
                121.81441497802734,
                14.878947257995605
              ],
              [
                121.82450103759766,
                14.943235397338867
              ]
            ]
          ],
          [
            [
              [
                121.86782836914062,
                16.100418090820312
              ],
              [
                121.60336303710938,
                15.843266487121582
              ],
              [
                121.48748779296875,
                15.136098861694336
              ],
              [
                121.59392547607422,
                14.878947257995605
              ],
              [
                121.7944107055664,
                14.750371932983398
              ],
              [
                121.67190551757812,
                14.428933143615723
              ],
              [
                121.84449768066406,
                14.107494354248047
              ],
              [
                122.08374786376953,
                14.236069679260254
              ],
              [
                122.19281005859375,
                13.97891902923584
              ],
              [
                122.39672088623047,
                14.364645004272461
              ],
              [
                122.76395416259766,
                14.364645004272461
              ],
              [
                123.03838348388672,
                14.236069679260254
              ],
              [
                123.1191177368164,
                13.786055564880371
              ],
              [
                123.26589965820312,
                13.786055564880371
              ],
              [
                123.23951721191406,
                14.107494354248047
              ],
              [
                123.52367401123047,
                14.043206214904785
              ],
              [
                123.57817840576172,
                13.914630889892578
              ],
              [
                123.87179565429688,
                13.914630889892578
              ],
              [
                123.9171371459961,
                13.721768379211426
              ],
              [
                123.60518646240234,
                13.593193054199219
              ],
              [
                123.80708312988281,
                13.464617729187012
              ],
              [
                123.84456634521484,
                13.207467079162598
              ],
              [
                124.137939453125,
                13.207467079162598
              ],
              [
                124.11639404296875,
                12.500303268432617
              ],
              [
                123.89653778076172,
                12.500303268432617
              ],
              [
                123.79224395751953,
                12.821741104125977
              ],
              [
                123.64562225341797,
                12.821741104125977
              ],
              [
                123.45155334472656,
                13.014603614807129
              ],
              [
                123.23157501220703,
                13.014603614807129
              ],
              [
                123.34386444091797,
                12.757453918457031
              ],
              [
                123.05914306640625,
                12.821741104125977
              ],
              [
                122.92964172363281,
                12.950316429138184
              ],
              [
                122.95568084716797,
                13.143178939819336
              ],
              [
                123.24028015136719,
                13.07889175415039
              ],
              [
                123.26667785644531,
                13.271754264831543
              ],
              [
                122.79804992675781,
                13.593193054199219
              ],
              [
                122.68801879882812,
                13.850343704223633
              ],
              [
                122.54122161865234,
                13.850343704223633
              ],
              [
                122.52278137207031,
                13.721768379211426
              ],
              [
                122.74443817138672,
                13.207467079162598
              ],
              [
                122.52440643310547,
                13.207467079162598
              ],
              [
                122.47758483886719,
                13.40032958984375
              ],
              [
                122.15584564208984,
                13.721768379211426
              ],
              [
                122.00907135009766,
                13.721768379211426
              ],
              [
                121.81647491455078,
                13.914630889892578
              ],
              [
                121.50447845458984,
                13.786055564880371
              ],
              [
                121.40391540527344,
                13.593193054199219
              ],
              [
                121.03704071044922,
                13.593193054199219
              ],
              [
                120.8530502319336,
                13.850343704223633
              ],
              [
                120.62376403808594,
                13.786055564880371
              ],
              [
                120.62451934814453,
                14.300357818603516
              ],
              [
                120.947021484375,
                14.493220329284668
              ],
              [
                120.96644592285156,
                14.621796607971191
              ],
              [
                120.6186752319336,
                14.750371932983398
              ],
              [
                120.6435775756836,
                14.428933143615723
              ],
              [
                120.34976959228516,
                14.428933143615723
              ],
              [
                120.31494903564453,
                14.686083793640137
              ],
              [
                120.04063415527344,
                14.81466007232666
              ],
              [
                120.0271987915039,
                15.200387001037598
              ],
              [
                119.85801696777344,
                15.52182674407959
              ],
              [
                119.91065979003906,
                15.843266487121582
              ],
              [
                119.77412414550781,
                15.907554626464844
              ],
              [
                119.80636596679688,
                16.100418090820312
              ],
              [
                119.73274230957031,
                16.100418090820312
              ],
              [
                119.77629852294922,
                16.35757064819336
              ],
              [
                120.00827026367188,
                16.421857833862305
              ],
              [
                120.11172485351562,
                16.16470718383789
              ],
              [
                120.39535522460938,
                16.100418090820312
              ],
              [
                120.38765716552734,
                16.486146926879883
              ],
              [
                120.3139877319336,
                16.486146926879883
              ],
              [
                120.46136474609375,
                17.321889877319336
              ],
              [
                120.34858703613281,
                17.514753341674805
              ],
              [
                120.61154174804688,
                18.543354034423828
              ],
              [
                121.43663024902344,
                18.607641220092773
              ],
              [
                121.68395233154297,
                18.350492477416992
              ],
              [
                122.05338287353516,
                18.350492477416992
              ],
              [
                122.16364288330078,
                18.543354034423828
              ],
              [
                122.3853759765625,
                18.543354034423828
              ],
              [
                122.43495178222656,
                18.414779663085938
              ],
              [
                122.28857421875,
                18.029054641723633
              ],
              [
                122.27656555175781,
                17.964767456054688
              ],
              [
                122.2168960571289,
                17.643327713012695
              ],
              [
                122.53849792480469,
                17.38617706298828
              ],
              [
                122.50325012207031,
                17.193313598632812
              ],
              [
                122.63904571533203,
                17.129026412963867
              ],
              [
                122.25811767578125,
                16.228994369506836
              ],
              [
                121.86782836914062,
                16.100418090820312
              ]
            ]
          ]
        ]
      }
    }
  ]
}
