{
  "type": "FeatureCollection",
  "features": [
    {
      "type": "Feature",
      "properties": {
        "Name": "Tsardom of Russia",
        "FromYear": 1645,
        "ToYear": 1647,
        "Area": 9799184.007696638,
        "Type": "POLITY",
        "Wikipedia": "Tsardom of Russia",
        "Wikidata": "Q186096",
        "SeshatID": "ru_romanov_dyn_1",
        "Components": "",
        "MemberOf": "",
        "displayYear": 1645,
        "sourceYear": 1645,
        "mappedTerritoryId": "cliopatria_tsardom_of_russia"
      },
      "geometry": {
        "type": "MultiPolygon",
        "coordinates": [
          [
            [
              [
                113.58788299560547,
                73.72928619384766
              ],
              [
                113.35638427734375,
                73.56752014160156
              ],
              [
                114.437255859375,
                73.72928619384766
              ],
              [
                117.09153747558594,
                73.72928619384766
              ],
              [
                116.9715347290039,
                73.64835357666016
              ],
              [
                117.2896957397461,
                73.64835357666016
              ],
              [
                117.4100570678711,
                73.72928619384766
              ],
              [
                118.89645385742188,
                73.72928619384766
              ],
              [
                118.39991760253906,
                73.32563781738281
              ],
              [
                118.80906677246094,
                73.2452163696289
              ],
              [
                118.6910171508789,
                73.1648941040039
              ],
              [
                120.28575134277344,
                73.2452163696289
              ],
              [
                120.15247344970703,
                73.08467102050781
              ],
              [
                120.67872619628906,
                73.08467102050781
              ],
              [
                120.55989837646484,
                73.00454711914062
              ],
              [
                122.78376007080078,
                73.08467102050781
              ],
              [
                122.6626968383789,
                73.00454711914062
              ],
              [
                123.083251953125,
                73.00454711914062
              ],
              [
                123.32704162597656,
                73.1648941040039
              ],
              [
                123.22167205810547,
                73.1648941040039
              ],
              [
                123.36270141601562,
                73.32563781738281
              ],
              [
                123.15151977539062,
                73.32563781738281
              ],
              [
                123.27566528320312,
                73.40616607666016
              ],
              [
                123.06425476074219,
                73.40616607666016
              ],
              [
                123.31448364257812,
                73.56752014160156
              ],
              [
                123.20854949951172,
                73.56752014160156
              ],
              [
                123.46183013916016,
                73.72928619384766
              ],
              [
                124.014892578125,
                73.8103256225586
              ],
              [
                125.37291717529297,
                73.72928619384766
              ],
              [
                125.24374389648438,
                73.64835357666016
              ],
              [
                126.00994873046875,
                73.72928619384766
              ],
              [
                125.85697937011719,
                73.56752014160156
              ],
              [
                126.51639556884766,
                73.64835357666016
              ],
              [
                126.25778198242188,
                73.48678588867188
              ],
              [
                126.7868881225586,
                73.48678588867188
              ],
              [
                127.04666137695312,
                73.64835357666016
              ],
              [
                128.0816650390625,
                73.56752014160156
              ],
              [
                127.95092010498047,
                73.48678588867188
              ],
              [
                128.4552459716797,
                73.40616607666016
              ],
              [
                128.32550048828125,
                73.32563781738281
              ],
              [
                128.95904541015625,
                73.32563781738281
              ],
              [
                128.80596923828125,
                73.1648941040039
              ],
              [
                129.1220703125,
                73.1648941040039
              ],
              [
                128.7390594482422,
                72.92451477050781
              ],
              [
                129.05413818359375,
                72.92451477050781
              ],
              [
                128.9276885986328,
                72.84458923339844
              ],
              [
                129.2212371826172,
                72.76475524902344
              ],
              [
                128.74281311035156,
                72.52581787109375
              ],
              [
                129.47418212890625,
                72.52581787109375
              ],
              [
                129.33148193359375,
                72.36699676513672
              ],
              [
                129.644287109375,
                72.36699676513672
              ],
              [
                129.15695190429688,
                72.05043029785156
              ],
              [
                128.3105926513672,
                71.97151184082031
              ],
              [
                128.8136444091797,
                71.8926773071289
              ],
              [
                128.6948699951172,
                71.81393432617188
              ],
              [
                129.1090087890625,
                71.81393432617188
              ],
              [
                128.87254333496094,
                71.65669250488281
              ],
              [
                129.38919067382812,
                71.65669250488281
              ],
              [
                129.27137756347656,
                71.57820129394531
              ],
              [
                129.4778289794922,
                71.57820129394531
              ],
              [
                129.36041259765625,
                71.49979400634766
              ],
              [
                129.4635467529297,
                71.49979400634766
              ],
              [
                129.34661865234375,
                71.42146301269531
              ],
              [
                129.55267333984375,
                71.42146301269531
              ],
              [
                129.43614196777344,
                71.34321594238281
              ],
              [
                130.0399932861328,
                71.26505279541016
              ],
              [
                129.92391967773438,
                71.18696594238281
              ],
              [
                130.2321014404297,
                71.18696594238281
              ],
              [
                130.1162872314453,
                71.10896301269531
              ],
              [
                130.32156372070312,
                71.10896301269531
              ],
              [
                130.2061004638672,
                71.0310287475586
              ],
              [
                130.61624145507812,
                71.0310287475586
              ],
              [
                130.50094604492188,
                70.95317840576172
              ],
              [
                131.1025848388672,
                70.87539672851562
              ],
              [
                130.98768615722656,
                70.79769897460938
              ],
              [
                131.19216918945312,
                70.79769897460938
              ],
              [
                131.89093017578125,
                71.26505279541016
              ],
              [
                131.78810119628906,
                71.26505279541016
              ],
              [
                131.93865966796875,
                71.49979400634766
              ],
              [
                131.8355255126953,
                71.49979400634766
              ],
              [
                132.4602813720703,
                71.97151184082031
              ],
              [
                132.87525939941406,
                71.97151184082031
              ],
              [
                132.75192260742188,
                71.8926773071289
              ],
              [
                132.95919799804688,
                71.8926773071289
              ],
              [
                132.8363037109375,
                71.81393432617188
              ],
              [
                133.14691162109375,
                71.81393432617188
              ],
              [
                133.02438354492188,
                71.73527526855469
              ],
              [
                133.2312469482422,
                71.73527526855469
              ],
              [
                133.10914611816406,
                71.65669250488281
              ],
              [
                133.6070556640625,
                71.57820129394531
              ],
              [
                133.485595703125,
                71.49979400634766
              ],
              [
                134.72315979003906,
                71.49979400634766
              ],
              [
                135.71365356445312,
                71.73527526855469
              ],
              [
                136.33425903320312,
                71.73527526855469
              ],
              [
                136.20909118652344,
                71.65669250488281
              ],
              [
                136.7257537841797,
                71.65669250488281
              ],
              [
                136.60073852539062,
                71.57820129394531
              ],
              [
                137.01365661621094,
                71.57820129394531
              ],
              [
                136.8888702392578,
                71.49979400634766
              ],
              [
                137.40452575683594,
                71.49979400634766
              ],
              [
                137.27987670898438,
                71.42146301269531
              ],
              [
                137.48593139648438,
                71.42146301269531
              ],
              [
                137.36170959472656,
                71.34321594238281
              ],
              [
                137.77342224121094,
                71.34321594238281
              ],
              [
                137.920166015625,
                71.49979400634766
              ],
              [
                137.81704711914062,
                71.49979400634766
              ],
              [
                138.06906127929688,
                71.65669250488281
              ],
              [
                138.60980224609375,
                71.73527526855469
              ],
              [
                139.02352905273438,
                71.73527526855469
              ],
              [
                138.89572143554688,
                71.65669250488281
              ],
              [
                139.10238647460938,
                71.65669250488281
              ],
              [
                138.97503662109375,
                71.57820129394531
              ],
              [
                139.69764709472656,
                71.57820129394531
              ],
              [
                139.82571411132812,
                71.65669250488281
              ],
              [
                139.5406951904297,
                71.73527526855469
              ],
              [
                139.66969299316406,
                71.81393432617188
              ],
              [
                139.3590850830078,
                71.81393432617188
              ],
              [
                139.5147705078125,
                71.97151184082031
              ],
              [
                139.41102600097656,
                71.97151184082031
              ],
              [
                139.8048553466797,
                72.20853424072266
              ],
              [
                139.0491485595703,
                72.12944030761719
              ],
              [
                139.18051147460938,
                72.20853424072266
              ],
              [
                138.972412109375,
                72.20853424072266
              ],
              [
                139.1042938232422,
                72.2877197265625
              ],
              [
                139.00013732910156,
                72.2877197265625
              ],
              [
                139.639404296875,
                72.6053695678711
              ],
              [
                140.23585510253906,
                72.52581787109375
              ],
              [
                140.68531799316406,
                72.6053695678711
              ],
              [
                140.82212829589844,
                72.68501281738281
              ],
              [
                140.61273193359375,
                72.68501281738281
              ],
              [
                140.7501220703125,
                72.76475524902344
              ],
              [
                140.64532470703125,
                72.76475524902344
              ],
              [
                140.92236328125,
                72.92451477050781
              ],
              [
                141.93753051757812,
                72.84458923339844
              ],
              [
                141.79820251464844,
                72.76475524902344
              ],
              [
                146.05706787109375,
                72.68501281738281
              ],
              [
                145.91482543945312,
                72.6053695678711
              ],
              [
                146.81822204589844,
                72.52581787109375
              ],
              [
                146.49977111816406,
                72.2877197265625
              ],
              [
                145.8748016357422,
                72.2877197265625
              ],
              [
                145.59805297851562,
                72.12944030761719
              ],
              [
                146.01385498046875,
                72.12944030761719
              ],
              [
                145.6031494140625,
                71.8926773071289
              ],
              [
                145.18858337402344,
                71.8926773071289
              ],
              [
                145.05355834960938,
                71.81393432617188
              ],
              [
                145.26063537597656,
                71.81393432617188
              ],
              [
                145.12611389160156,
                71.73527526855469
              ],
              [
                145.88185119628906,
                71.81393432617188
              ],
              [
                147.4071807861328,
                72.44635772705078
              ],
              [
                149.1423797607422,
                72.36699676513672
              ],
              [
                148.99964904785156,
                72.2877197265625
              ],
              [
                149.62461853027344,
                72.2877197265625
              ],
              [
                149.4820556640625,
                72.20853424072266
              ],
              [
                149.89828491210938,
                72.20853424072266
              ],
              [
                149.75608825683594,
                72.12944030761719
              ],
              [
                150.1339111328125,
                72.05043029785156
              ],
              [
                149.81622314453125,
                71.81393432617188
              ],
              [
                148.95315551757812,
                71.73527526855469
              ],
              [
                150.09092712402344,
                71.73527526855469
              ],
              [
                149.91746520996094,
                71.57820129394531
              ],
              [
                150.74330139160156,
                71.57820129394531
              ],
              [
                150.57064819335938,
                71.42146301269531
              ],
              [
                151.8070068359375,
                71.42146301269531
              ],
              [
                151.6688995361328,
                71.34321594238281
              ],
              [
                152.0806121826172,
                71.34321594238281
              ],
              [
                151.9427947998047,
                71.26505279541016
              ],
              [
                152.21656799316406,
                71.18696594238281
              ],
              [
                152.0127716064453,
                70.95317840576172
              ],
              [
                152.6273956298828,
                70.95317840576172
              ],
              [
                152.49168395996094,
                70.87539672851562
              ],
              [
                153.20806884765625,
                70.87539672851562
              ],
              [
                155.50396728515625,
                71.18696594238281
              ],
              [
                157.25039672851562,
                71.18696594238281
              ],
              [
                157.10870361328125,
                71.10896301269531
              ],
              [
                158.2376708984375,
                71.10896301269531
              ],
              [
                158.09556579589844,
                71.0310287475586
              ],
              [
                159.3882598876953,
                70.95317840576172
              ],
              [
                159.2461395263672,
                70.87539672851562
              ],
              [
                159.65548706054688,
                70.87539672851562
              ],
              [
                159.51364135742188,
                70.79769897460938
              ],
              [
                159.82037353515625,
                70.79769897460938
              ],
              [
                159.67886352539062,
                70.7200698852539
              ],
              [
                160.1503143310547,
                70.64251708984375
              ],
              [
                159.97119140625,
                70.48763275146484
              ],
              [
                160.17491149902344,
                70.48763275146484
              ],
              [
                159.92349243164062,
                70.17870330810547
              ],
              [
                160.12646484375,
                70.17870330810547
              ],
              [
                159.78009033203125,
                69.8708724975586
              ],
              [
                160.75540161132812,
                69.79407501220703
              ],
              [
                160.6189727783203,
                69.71734619140625
              ],
              [
                161.088134765625,
                69.64068603515625
              ],
              [
                160.71620178222656,
                69.487548828125
              ],
              [
                159.00839233398438,
                69.25833129882812
              ],
              [
                158.2831268310547,
                68.95359802246094
              ],
              [
                157.71009826660156,
                68.49837493896484
              ],
              [
                156.4336395263672,
                67.97005462646484
              ],
              [
                152.8496551513672,
                65.95866394042969
              ],
              [
                151.62872314453125,
                65.66405487060547
              ],
              [
                146.81103515625,
                65.004150390625
              ],
              [
                144.90309143066406,
                65.07727813720703
              ],
              [
                144.20309448242188,
                64.78507995605469
              ],
              [
                142.54673767089844,
                64.34822845458984
              ],
              [
                139.10919189453125,
                63.84071350097656
              ],
              [
                133.35586547851562,
                63.4074821472168
              ],
              [
                131.11672973632812,
                63.11954879760742
              ],
              [
                127.58216094970703,
                61.47697448730469
              ],
              [
                123.98945617675781,
                60.065250396728516
              ],
              [
                122.82027435302734,
                59.99503707885742
              ],
              [
                122.89527130126953,
                60.065250396728516
              ],
              [
                122.16581726074219,
                60.065250396728516
              ],
              [
                121.47062683105469,
                59.92485809326172
              ],
              [
                121.5445785522461,
                59.99503707885742
              ],
              [
                120.88927459716797,
                60.065250396728516
              ],
              [
                120.96314239501953,
                60.135501861572266
              ],
              [
                119.64966583251953,
                60.276100158691406
              ],
              [
                119.7231674194336,
                60.34645080566406
              ],
              [
                119.44889068603516,
                60.34645080566406
              ],
              [
                119.52240753173828,
                60.416839599609375
              ],
              [
                119.32148742675781,
                60.48725891113281
              ],
              [
                119.39523315429688,
                60.557716369628906
              ],
              [
                119.21200561523438,
                60.557716369628906
              ],
              [
                119.25568389892578,
                61.12267303466797
              ],
              [
                119.07146453857422,
                61.12267303466797
              ],
              [
                119.11239624023438,
                61.335140228271484
              ],
              [
                118.92779541015625,
                61.335140228271484
              ],
              [
                118.98625946044922,
                61.47697448730469
              ],
              [
                118.50700378417969,
                61.547950744628906
              ],
              [
                118.58252716064453,
                61.618961334228516
              ],
              [
                118.39740753173828,
                61.618961334228516
              ],
              [
                118.47301483154297,
                61.69001388549805
              ],
              [
                117.99271392822266,
                61.7611083984375
              ],
              [
                118.06835174560547,
                61.832237243652344
              ],
              [
                116.62057495117188,
                61.69001388549805
              ],
              [
                114.56095123291016,
                60.48725891113281
              ],
              [
                113.95945739746094,
                60.065250396728516
              ],
              [
                113.84383392333984,
                59.85470962524414
              ],
              [
                113.43426513671875,
                59.714515686035156
              ],
              [
                110.76016235351562,
                57.62710189819336
              ],
              [
                109.26321411132812,
                57.14401626586914
              ],
              [
                107.64112854003906,
                56.182064056396484
              ],
              [
                106.50919342041016,
                55.021148681640625
              ],
              [
                106.59636688232422,
                55.021148681640625
              ],
              [
                106.42188262939453,
                54.47740173339844
              ],
              [
                106.54153442382812,
                54.4095458984375
              ],
              [
                106.43418884277344,
                54.27390670776367
              ],
              [
                106.52082061767578,
                54.27390670776367
              ],
              [
                106.44731903076172,
                54.07062530517578
              ],
              [
                106.53380584716797,
                54.07062530517578
              ],
              [
                106.26980590820312,
                53.732303619384766
              ],
              [
                105.6656723022461,
                53.39456558227539
              ],
              [
                105.32160186767578,
                53.39456558227539
              ],
              [
                105.33831024169922,
                53.52959060668945
              ],
              [
                105.252197265625,
                53.52959060668945
              ],
              [
                105.4283447265625,
                54.20612335205078
              ],
              [
                105.34175872802734,
                54.20612335205078
              ],
              [
                105.44763946533203,
                54.341712951660156
              ],
              [
                105.36095428466797,
                54.341712951660156
              ],
              [
                105.46734619140625,
                54.47740173339844
              ],
              [
                105.38057708740234,
                54.47740173339844
              ],
              [
                105.5411605834961,
                54.681121826171875
              ],
              [
                105.45423889160156,
                54.681121826171875
              ],
              [
                105.60478210449219,
                55.089229583740234
              ],
              [
                105.51757049560547,
                55.089229583740234
              ],
              [
                105.68165588378906,
                55.29362487792969
              ],
              [
                105.59428405761719,
                55.29362487792969
              ],
              [
                105.75093841552734,
                55.70311737060547
              ],
              [
                105.66326141357422,
                55.70311737060547
              ],
              [
                105.79918670654297,
                55.97663879394531
              ],
              [
                105.67961120605469,
                56.04508590698242
              ],
              [
                105.81776428222656,
                56.319149017333984
              ],
              [
                105.69829559326172,
                56.387733459472656
              ],
              [
                105.8123779296875,
                56.524986267089844
              ],
              [
                105.69296264648438,
                56.59365463256836
              ],
              [
                105.80778503417969,
                56.731075286865234
              ],
              [
                105.68842315673828,
                56.799827575683594
              ],
              [
                105.80398559570312,
                56.937416076660156
              ],
              [
                105.6846694946289,
                57.00625228881836
              ],
              [
                105.80097961425781,
                57.14401626586914
              ],
              [
                105.68171691894531,
                57.21294021606445
              ],
              [
                105.79876708984375,
                57.35087585449219
              ],
              [
                105.64933013916016,
                57.488929748535156
              ],
              [
                105.70825958251953,
                57.55800247192383
              ],
              [
                99.75326538085938,
                56.11355972290039
              ],
              [
                97.87516784667969,
                55.83982467651367
              ],
              [
                97.02084350585938,
                55.63479995727539
              ],
              [
                96.92012786865234,
                55.498252868652344
              ],
              [
                96.3074951171875,
                55.498252868652344
              ],
              [
                91.45099639892578,
                54.4095458984375
              ],
              [
                91.27381896972656,
                54.27390670776367
              ],
              [
                90.92729949951172,
                54.27390670776367
              ],
              [
                89.23546600341797,
                53.799922943115234
              ],
              [
                89.06307220458984,
                53.664710998535156
              ],
              [
                86.83163452148438,
                53.25962829589844
              ],
              [
                86.52890014648438,
                53.32708740234375
              ],
              [
                86.30136108398438,
                53.799922943115234
              ],
              [
                86.04247283935547,
                53.799922943115234
              ],
              [
                86.21207427978516,
                53.93522644042969
              ],
              [
                85.50299835205078,
                54.88506317138672
              ],
              [
                85.58875274658203,
                55.021148681640625
              ],
              [
                85.4131851196289,
                55.15733337402344
              ],
              [
                85.49959564208984,
                55.29362487792969
              ],
              [
                85.32408142089844,
                55.430015563964844
              ],
              [
                85.41116333007812,
                55.56651306152344
              ],
              [
                85.14789581298828,
                55.83982467651367
              ],
              [
                85.19184875488281,
                55.90821838378906
              ],
              [
                85.01619720458984,
                55.90821838378906
              ],
              [
                84.92870330810547,
                56.182064056396484
              ],
              [
                84.57657623291016,
                56.182064056396484
              ],
              [
                84.62103271484375,
                56.387733459472656
              ],
              [
                84.4012451171875,
                56.59365463256836
              ],
              [
                84.44680786132812,
                56.799827575683594
              ],
              [
                83.20771026611328,
                56.799827575683594
              ],
              [
                82.85459899902344,
                56.662349700927734
              ],
              [
                81.83916473388672,
                56.59365463256836
              ],
              [
                81.88219451904297,
                56.662349700927734
              ],
              [
                80.51009368896484,
                56.731075286865234
              ],
              [
                80.5525131225586,
                56.799827575683594
              ],
              [
                70.99378204345703,
                56.799827575683594
              ],
              [
                70.8321533203125,
                56.662349700927734
              ],
              [
                69.54186248779297,
                56.731075286865234
              ],
              [
                63.3109016418457,
                56.45634460449219
              ],
              [
                62.66188049316406,
                56.387733459472656
              ],
              [
                62.12825012207031,
                56.182064056396484
              ],
              [
                61.38474655151367,
                54.88506317138672
              ],
              [
                61.0698356628418,
                54.138362884521484
              ],
              [
                61.1865348815918,
                54.00291442871094
              ],
              [
                60.878353118896484,
                53.462066650390625
              ],
              [
                60.96441650390625,
                53.462066650390625
              ],
              [
                60.93703079223633,
                53.39456558227539
              ],
              [
                60.43758773803711,
                52.78806686401367
              ],
              [
                59.93108367919922,
                51.91512680053711
              ],
              [
                58.921852111816406,
                51.71418380737305
              ],
              [
                57.96393966674805,
                51.64724349975586
              ],
              [
                57.9879264831543,
                51.71418380737305
              ],
              [
                57.56341552734375,
                51.71418380737305
              ],
              [
                57.44123840332031,
                51.84812545776367
              ],
              [
                56.7849235534668,
                51.91512680053711
              ],
              [
                56.57699966430664,
                52.0491943359375
              ],
              [
                56.29814910888672,
                51.98215103149414
              ],
              [
                56.3216438293457,
                52.0491943359375
              ],
              [
                54.835174560546875,
                52.18334197998047
              ],
              [
                54.56289291381836,
                52.38472366333008
              ],
              [
                54.22154235839844,
                52.38472366333008
              ],
              [
                54.244361877441406,
                52.4518928527832
              ],
              [
                52.878257751464844,
                52.4518928527832
              ],
              [
                52.578224182128906,
                52.31757736206055
              ],
              [
                52.13068771362305,
                51.44654083251953
              ],
              [
                52.21541976928711,
                51.44654083251953
              ],
              [
                52.091575622558594,
                51.04566955566406
              ],
              [
                52.176055908203125,
                51.04566955566406
              ],
              [
                52.054664611816406,
                50.64549255371094
              ],
              [
                52.13890075683594,
                50.64549255371094
              ],
              [
                51.923011779785156,
                49.91355895996094
              ],
              [
                52.00680923461914,
                49.91355895996094
              ],
              [
                51.9115104675293,
                49.58156967163086
              ],
              [
                51.9951171875,
                49.58156967163086
              ],
              [
                51.938690185546875,
                49.38258361816406
              ],
              [
                52.022178649902344,
                49.38258361816406
              ],
              [
                51.95759582519531,
                48.852684020996094
              ],
              [
                52.04079055786133,
                48.852684020996094
              ],
              [
                52.00434494018555,
                48.72037124633789
              ],
              [
                52.08746337890625,
                48.72037124633789
              ],
              [
                52.05119705200195,
                48.5881233215332
              ],
              [
                52.228084564208984,
                48.323814392089844
              ],
              [
                52.174503326416016,
                48.1257438659668
              ],
              [
                52.25729751586914,
                48.1257438659668
              ],
              [
                52.09917068481445,
                47.53233337402344
              ],
              [
                52.18164825439453,
                47.53233337402344
              ],
              [
                52.10936737060547,
                46.94007873535156
              ],
              [
                52.027198791503906,
                46.94007873535156
              ],
              [
                51.58463668823242,
                47.13737487792969
              ],
              [
                50.84418869018555,
                47.13737487792969
              ],
              [
                50.3016242980957,
                46.94007873535156
              ],
              [
                49.990848541259766,
                46.677207946777344
              ],
              [
                49.303199768066406,
                46.54585266113281
              ],
              [
                49.06181335449219,
                46.21768569946289
              ],
              [
                48.6375732421875,
                46.1520881652832
              ],
              [
                48.59209442138672,
                45.95537567138672
              ],
              [
                48.34708023071289,
                45.95537567138672
              ],
              [
                48.05744171142578,
                45.75876998901367
              ],
              [
                47.56800079345703,
                45.75876998901367
              ],
              [
                47.457275390625,
                45.62776184082031
              ],
              [
                47.53878402709961,
                45.62776184082031
              ],
              [
                47.48066329956055,
                45.36587905883789
              ],
              [
                47.332332611083984,
                45.431331634521484
              ],
              [
                47.04105758666992,
                44.842647552490234
              ],
              [
                46.688507080078125,
                44.71194839477539
              ],
              [
                46.63267517089844,
                44.45067596435547
              ],
              [
                47.00926971435547,
                44.32010269165039
              ],
              [
                47.34308624267578,
                43.99384307861328
              ],
              [
                47.3150520324707,
                43.86341094970703
              ],
              [
                46.9924201965332,
                43.86341094970703
              ],
              [
                46.80354690551758,
                43.73301696777344
              ],
              [
                46.72294998168945,
                43.73301696777344
              ],
              [
                46.18683624267578,
                44.25482940673828
              ],
              [
                46.63859176635742,
                45.23500442504883
              ],
              [
                46.82962417602539,
                45.36587905883789
              ],
              [
                46.90104675292969,
                45.693260192871094
              ],
              [
                47.41102600097656,
                46.1520881652832
              ],
              [
                47.37343978881836,
                46.348915100097656
              ],
              [
                47.224430084228516,
                46.414546966552734
              ],
              [
                47.25398635864258,
                46.54585266113281
              ],
              [
                46.8504753112793,
                46.94007873535156
              ],
              [
                46.686134338378906,
                46.94007873535156
              ],
              [
                46.295936584472656,
                47.4006233215332
              ],
              [
                45.36500930786133,
                47.664100646972656
              ],
              [
                45.326290130615234,
                47.86185836791992
              ],
              [
                45.06378173828125,
                47.79592514038086
              ],
              [
                44.40626907348633,
                48.191749572753906
              ],
              [
                43.772098541259766,
                48.323814392089844
              ],
              [
                44.04530715942383,
                49.18375015258789
              ],
              [
                44.37160110473633,
                49.51522445678711
              ],
              [
                44.4492301940918,
                49.84712600708008
              ],
              [
                44.76419448852539,
                50.11296081542969
              ],
              [
                44.995506286621094,
                50.71213912963867
              ],
              [
                45.19767761230469,
                50.84549331665039
              ],
              [
                45.18115997314453,
                51.112430572509766
              ],
              [
                45.30006408691406,
                51.24601745605469
              ],
              [
                45.165321350097656,
                51.37968063354492
              ],
              [
                45.20003890991211,
                51.51342010498047
              ],
              [
                44.96303939819336,
                51.580322265625
              ],
              [
                43.877254486083984,
                51.64724349975586
              ],
              [
                43.334999084472656,
                51.51342010498047
              ],
              [
                42.84648895263672,
                51.24601745605469
              ],
              [
                42.76188278198242,
                51.24601745605469
              ],
              [
                42.57202911376953,
                51.51342010498047
              ],
              [
                42.1800651550293,
                51.64724349975586
              ],
              [
                41.65517807006836,
                51.580322265625
              ],
              [
                41.516883850097656,
                51.71418380737305
              ],
              [
                40.75276565551758,
                51.71418380737305
              ],
              [
                39.4499397277832,
                51.580322265625
              ],
              [
                38.46086120605469,
                51.31283950805664
              ],
              [
                37.579200744628906,
                50.71213912963867
              ],
              [
                36.770233154296875,
                50.445655822753906
              ],
              [
                36.433773040771484,
                50.445655822753906
              ],
              [
                35.425968170166016,
                51.37968063354492
              ],
              [
                34.86982345581055,
                51.580322265625
              ],
              [
                34.530555725097656,
                51.580322265625
              ],
              [
                34.252193450927734,
                51.44654083251953
              ],
              [
                34.30126953125,
                51.24601745605469
              ],
              [
                34.097049713134766,
                51.04566955566406
              ],
              [
                34.03960037231445,
                50.71213912963867
              ],
              [
                34.17397689819336,
                50.51224899291992
              ],
              [
                34.16267776489258,
                50.445655822753906
              ],
              [
                33.405643463134766,
                50.445655822753906
              ],
              [
                33.09078598022461,
                50.578861236572266
              ],
              [
                32.807952880859375,
                50.912200927734375
              ],
              [
                32.24917221069336,
                51.112430572509766
              ],
              [
                32.38808822631836,
                51.44654083251953
              ],
              [
                33.08866882324219,
                51.580322265625
              ],
              [
                33.134620666503906,
                51.84812545776367
              ],
              [
                32.87965393066406,
                51.84812545776367
              ],
              [
                32.73247528076172,
                51.98215103149414
              ],
              [
                32.96076965332031,
                52.31757736206055
              ],
              [
                33.59413146972656,
                52.51908493041992
              ],
              [
                33.569828033447266,
                52.85536575317383
              ],
              [
                33.69278335571289,
                53.057395935058594
              ],
              [
                33.1903076171875,
                53.124786376953125
              ],
              [
                33.424251556396484,
                53.462066650390625
              ],
              [
                32.96975326538086,
                53.799922943115234
              ],
              [
                32.99684143066406,
                54.4095458984375
              ],
              [
                33.382816314697266,
                54.613189697265625
              ],
              [
                34.19179153442383,
                54.74907684326172
              ],
              [
                34.49411392211914,
                54.95309066772461
              ],
              [
                34.43470001220703,
                55.089229583740234
              ],
              [
                34.710418701171875,
                55.15733337402344
              ],
              [
                34.67959213256836,
                55.430015563964844
              ],
              [
                34.592124938964844,
                55.430015563964844
              ],
              [
                34.80894088745117,
                56.04508590698242
              ],
              [
                32.83442687988281,
                55.83982467651367
              ],
              [
                32.81338119506836,
                56.182064056396484
              ],
              [
                33.11844253540039,
                56.387733459472656
              ],
              [
                32.316341400146484,
                56.799827575683594
              ],
              [
                31.785301208496094,
                56.799827575683594
              ],
              [
                31.481149673461914,
                56.59365463256836
              ],
              [
                31.442842483520508,
                56.387733459472656
              ],
              [
                30.636913299560547,
                56.319149017333984
              ],
              [
                30.260435104370117,
                56.182064056396484
              ],
              [
                29.996335983276367,
                56.182064056396484
              ],
              [
                29.843679428100586,
                56.319149017333984
              ],
              [
                29.87904167175293,
                56.524986267089844
              ],
              [
                29.43756866455078,
                56.524986267089844
              ],
              [
                29.414487838745117,
                56.387733459472656
              ],
              [
                29.13858413696289,
                56.319149017333984
              ],
              [
                29.09576988220215,
                56.59365463256836
              ],
              [
                28.28973960876465,
                56.524986267089844
              ],
              [
                28.31157684326172,
                56.662349700927734
              ],
              [
                28.48837661743164,
                56.662349700927734
              ],
              [
                28.477760314941406,
                57.14401626586914
              ],
              [
                28.12265968322754,
                57.14401626586914
              ],
              [
                28.100709915161133,
                57.00625228881836
              ],
              [
                27.72464370727539,
                56.86860656738281
              ],
              [
                27.678783416748047,
                57.14401626586914
              ],
              [
                27.767559051513672,
                57.14401626586914
              ],
              [
                27.800064086914062,
                57.35087585449219
              ],
              [
                27.298233032226562,
                57.55800247192383
              ],
              [
                27.698341369628906,
                57.8345832824707
              ],
              [
                27.72037696838379,
                57.97305679321289
              ],
              [
                27.809812545776367,
                57.97305679321289
              ],
              [
                27.977479934692383,
                57.903804779052734
              ],
              [
                28.01117706298828,
                58.11164855957031
              ],
              [
                27.921630859375,
                58.11164855957031
              ],
              [
                27.94413948059082,
                58.2503662109375
              ],
              [
                27.753662109375,
                58.180992126464844
              ],
              [
                27.664058685302734,
                58.180992126464844
              ],
              [
                27.484853744506836,
                58.180992126464844
              ],
              [
                27.54010581970215,
                58.528167724609375
              ],
              [
                27.629993438720703,
                58.528167724609375
              ],
              [
                27.719879150390625,
                58.528167724609375
              ],
              [
                27.79935646057129,
                59.015533447265625
              ],
              [
                27.720489501953125,
                59.08528518676758
              ],
              [
                27.731943130493164,
                59.15507125854492
              ],
              [
                27.93600082397461,
                59.294734954833984
              ],
              [
                28.172231674194336,
                59.08528518676758
              ],
              [
                28.726423263549805,
                59.15507125854492
              ],
              [
                28.750720977783203,
                59.294734954833984
              ],
              [
                29.293869018554688,
                59.294734954833984
              ],
              [
                29.54008674621582,
                59.15507125854492
              ],
              [
                30.082529067993164,
                59.15507125854492
              ],
              [
                30.276472091674805,
                59.22488784790039
              ],
              [
                30.302839279174805,
                59.36461639404297
              ],
              [
                30.859933853149414,
                59.434532165527344
              ],
              [
                30.79647445678711,
                59.574459075927734
              ],
              [
                30.614952087402344,
                59.574459075927734
              ],
              [
                30.655654907226562,
                59.78459548950195
              ],
              [
                30.74659538269043,
                59.78459548950195
              ],
              [
                31.103300094604492,
                60.20578384399414
              ],
              [
                31.819162368774414,
                60.135501861572266
              ],
              [
                31.86298179626465,
                60.34645080566406
              ],
              [
                32.090389251708984,
                60.557716369628906
              ],
              [
                32.165489196777344,
                60.91054153442383
              ],
              [
                31.889724731445312,
                60.91054153442383
              ],
              [
                31.857637405395508,
                61.193458557128906
              ],
              [
                31.595989227294922,
                61.264278411865234
              ],
              [
                31.610904693603516,
                61.335140228271484
              ],
              [
                31.64086151123047,
                61.47697448730469
              ],
              [
                32.05660629272461,
                61.69001388549805
              ],
              [
                32.05683135986328,
                62.117156982421875
              ],
              [
                32.19706344604492,
                62.331268310546875
              ],
              [
                32.103851318359375,
                62.331268310546875
              ],
              [
                32.13542175292969,
                62.474212646484375
              ],
              [
                32.042076110839844,
                62.474212646484375
              ],
              [
                31.99602699279785,
                62.68894577026367
              ],
              [
                31.62184715270996,
                62.68894577026367
              ],
              [
                31.57499122619629,
                62.904052734375
              ],
              [
                31.183259963989258,
                63.263427734375
              ],
              [
                30.048580169677734,
                63.69612503051758
              ],
              [
                30.078414916992188,
                63.84071350097656
              ],
              [
                30.50291633605957,
                64.05794525146484
              ],
              [
                30.549240112304688,
                64.27558898925781
              ],
              [
                29.928970336914062,
                64.49365234375
              ],
              [
                30.085460662841797,
                64.78507995605469
              ],
              [
                29.813926696777344,
                64.8580551147461
              ],
              [
                29.859777450561523,
                65.07727813720703
              ],
              [
                30.21004867553711,
                65.3702621459961
              ],
              [
                30.30548858642578,
                65.8112564086914
              ],
              [
                30.0633487701416,
                66.0324478149414
              ],
              [
                29.869653701782227,
                66.0324478149414
              ],
              [
                29.0543212890625,
                66.77322387695312
              ],
              [
                29.132892608642578,
                67.14566802978516
              ],
              [
                29.59016990661621,
                67.44463348388672
              ],
              [
                29.7868709564209,
                67.44463348388672
              ],
              [
                29.935470581054688,
                67.66946411132812
              ],
              [
                29.607641220092773,
                67.97005462646484
              ],
              [
                29.4097843170166,
                67.97005462646484
              ],
              [
                29.34401512145996,
                68.1207046508789
              ],
              [
                28.765607833862305,
                68.19611358642578
              ],
              [
                28.781841278076172,
                68.27159118652344
              ],
              [
                28.583311080932617,
                68.27159118652344
              ],
              [
                28.416759490966797,
                68.42272186279297
              ],
              [
                28.63077163696289,
                68.95359802246094
              ],
              [
                28.847667694091797,
                69.0296859741211
              ],
              [
                29.165199279785156,
                69.10584259033203
              ],
              [
                29.317562103271484,
                69.33467864990234
              ],
              [
                29.938522338867188,
                69.41107940673828
              ],
              [
                30.194869995117188,
                69.64068603515625
              ],
              [
                30.68014907836914,
                69.5640869140625
              ],
              [
                30.919960021972656,
                69.71734619140625
              ],
              [
                30.958600997924805,
                69.8708724975586
              ],
              [
                31.059717178344727,
                69.8708724975586
              ],
              [
                31.545385360717773,
                69.79407501220703
              ],
              [
                31.90928077697754,
                70.024658203125
              ],
              [
                32.31447982788086,
                70.024658203125
              ],
              [
                32.475337982177734,
                69.8708724975586
              ],
              [
                32.980918884277344,
                69.8708724975586
              ],
              [
                32.95972442626953,
                69.79407501220703
              ],
              [
                33.06074905395508,
                69.79407501220703
              ],
              [
                32.89668655395508,
                69.5640869140625
              ],
              [
                33.47982406616211,
                69.487548828125
              ],
              [
                33.43734359741211,
                69.33467864990234
              ],
              [
                34.46426010131836,
                69.41107940673828
              ],
              [
                34.442169189453125,
                69.33467864990234
              ],
              [
                34.84409713745117,
                69.33467864990234
              ],
              [
                34.82174301147461,
                69.25833129882812
              ],
              [
                36.12685775756836,
                69.25833129882812
              ],
              [
                36.10344314575195,
                69.18205261230469
              ],
              [
                36.30405044555664,
                69.18205261230469
              ],
              [
                36.28055191040039,
                69.10584259033203
              ],
              [
                37.96049880981445,
                68.7257080078125
              ],
              [
                38.01121139526367,
                68.57408905029297
              ],
              [
                38.21042251586914,
                68.57408905029297
              ],
              [
                38.18586349487305,
                68.49837493896484
              ],
              [
                38.38490295410156,
                68.49837493896484
              ],
              [
                38.36026382446289,
                68.42272186279297
              ],
              [
                38.931819915771484,
                68.34712219238281
              ],
              [
                38.906864166259766,
                68.27159118652344
              ],
              [
                39.477081298828125,
                68.19611358642578
              ],
              [
                39.451805114746094,
                68.1207046508789
              ],
              [
                39.97298049926758,
                68.19611358642578
              ],
              [
                39.94728469848633,
                68.1207046508789
              ],
              [
                40.145477294921875,
                68.1207046508789
              ],
              [
                40.26614761352539,
                67.89481353759766
              ],
              [
                40.66152572631836,
                67.89481353759766
              ],
              [
                40.63554382324219,
                67.81964111328125
              ],
              [
                41.004371643066406,
                67.74452209472656
              ],
              [
                41.02471923828125,
                67.51952362060547
              ],
              [
                41.12314987182617,
                67.51952362060547
              ],
              [
                41.07123565673828,
                67.36980438232422
              ],
              [
                41.3399772644043,
                67.29503631591797
              ],
              [
                41.288124084472656,
                67.14566802978516
              ],
              [
                41.38615036010742,
                67.14566802978516
              ],
              [
                41.03715515136719,
                66.69890594482422
              ],
              [
                39.79555892944336,
                66.18017578125
              ],
              [
                38.70561981201172,
                66.10628509521484
              ],
              [
                38.68277359008789,
                66.0324478149414
              ],
              [
                38.00484085083008,
                66.0324478149414
              ],
              [
                38.02715301513672,
                66.10628509521484
              ],
              [
                37.44560623168945,
                66.10628509521484
              ],
              [
                37.46752166748047,
                66.18017578125
              ],
              [
                36.42164611816406,
                66.25411987304688
              ],
              [
                36.44285583496094,
                66.32811737060547
              ],
              [
                35.56844711303711,
                66.32811737060547
              ],
              [
                35.58902359008789,
                66.40216064453125
              ],
              [
                35.20008850097656,
                66.40216064453125
              ],
              [
                35.220420837402344,
                66.47626495361328
              ],
              [
                34.92848587036133,
                66.47626495361328
              ],
              [
                34.94865036010742,
                66.55042266845703
              ],
              [
                34.26691818237305,
                66.55042266845703
              ],
              [
                34.11125946044922,
                66.69890594482422
              ],
              [
                33.7210693359375,
                66.69890594482422
              ],
              [
                33.740413665771484,
                66.77322387695312
              ],
              [
                33.05702209472656,
                66.77322387695312
              ],
              [
                32.741058349609375,
                67.0710678100586
              ],
              [
                32.545166015625,
                67.0710678100586
              ],
              [
                32.508087158203125,
                66.92203521728516
              ],
              [
                32.88046646118164,
                66.84760284423828
              ],
              [
                33.0008430480957,
                66.55042266845703
              ],
              [
                33.68257522583008,
                66.55042266845703
              ],
              [
                33.62532043457031,
                66.32811737060547
              ],
              [
                34.382991790771484,
                66.25411987304688
              ],
              [
                34.36347961425781,
                66.18017578125
              ],
              [
                34.55747985839844,
                66.18017578125
              ],
              [
                34.866214752197266,
                65.88493347167969
              ],
              [
                34.67220687866211,
                65.51705932617188
              ],
              [
                34.441368103027344,
                65.3702621459961
              ],
              [
                34.78746032714844,
                65.22367095947266
              ],
              [
                34.73003005981445,
                65.004150390625
              ],
              [
                34.90244674682617,
                64.93107604980469
              ],
              [
                34.845245361328125,
                64.71215057373047
              ],
              [
                34.94075012207031,
                64.71215057373047
              ],
              [
                34.9791145324707,
                64.49365234375
              ],
              [
                35.817100524902344,
                64.4209213256836
              ],
              [
                35.96824264526367,
                64.27558898925781
              ],
              [
                36.253456115722656,
                64.27558898925781
              ],
              [
                36.553855895996094,
                63.98548889160156
              ],
              [
                37.3864631652832,
                63.91307830810547
              ],
              [
                37.880855560302734,
                63.98548889160156
              ],
              [
                37.89069366455078,
                64.34822845458984
              ],
              [
                37.530948638916016,
                64.4209213256836
              ],
              [
                37.12955856323242,
                64.34822845458984
              ],
              [
                36.9801139831543,
                64.49365234375
              ],
              [
                36.78954315185547,
                64.49365234375
              ],
              [
                36.73489761352539,
                64.63926696777344
              ],
              [
                36.544036865234375,
                64.63926696777344
              ],
              [
                36.318058013916016,
                64.8580551147461
              ],
              [
                36.358558654785156,
                65.004150390625
              ],
              [
                36.64594650268555,
                65.004150390625
              ],
              [
                36.687129974365234,
                65.15044403076172
              ],
              [
                36.920738220214844,
                65.29694366455078
              ],
              [
                37.209014892578125,
                65.29694366455078
              ],
              [
                37.187896728515625,
                65.22367095947266
              ],
              [
                37.475948333740234,
                65.22367095947266
              ],
              [
                37.454673767089844,
                65.15044403076172
              ],
              [
                38.15700149536133,
                64.93107604980469
              ],
              [
                38.20941162109375,
                64.78507995605469
              ],
              [
                38.90058135986328,
                64.8580551147461
              ],
              [
                38.87844467163086,
                64.78507995605469
              ],
              [
                39.42938995361328,
                64.71215057373047
              ],
              [
                39.40694808959961,
                64.63926696777344
              ],
              [
                40.193416595458984,
                64.71215057373047
              ],
              [
                40.23966598510742,
                64.8580551147461
              ],
              [
                40.07144546508789,
                64.93107604980469
              ],
              [
                40.11780548095703,
                65.07727813720703
              ],
              [
                39.92606735229492,
                65.07727813720703
              ],
              [
                39.87638473510742,
                65.22367095947266
              ],
              [
                39.68435287475586,
                65.22367095947266
              ],
              [
                39.538185119628906,
                65.3702621459961
              ],
              [
                39.60750961303711,
                65.59053039550781
              ],
              [
                40.25718307495117,
                65.8112564086914
              ],
              [
                40.401878356933594,
                65.95866394042969
              ],
              [
                41.444580078125,
                66.18017578125
              ],
              [
                41.96076583862305,
                66.55042266845703
              ],
              [
                43.4919548034668,
                66.47626495361328
              ],
              [
                43.464988708496094,
                66.40216064453125
              ],
              [
                43.659454345703125,
                66.40216064453125
              ],
              [
                43.605472564697266,
                66.25411987304688
              ],
              [
                43.966617584228516,
                66.18017578125
              ],
              [
                44.13097381591797,
                66.6246337890625
              ],
              [
                44.35377883911133,
                66.69890594482422
              ],
              [
                44.38174057006836,
                66.77322387695312
              ],
              [
                44.284114837646484,
                66.77322387695312
              ],
              [
                44.36833190917969,
                66.99652099609375
              ],
              [
                44.102760314941406,
                67.0710678100586
              ],
              [
                44.13087844848633,
                67.14566802978516
              ],
              [
                43.73877716064453,
                67.14566802978516
              ],
              [
                43.69647979736328,
                67.29503631591797
              ],
              [
                43.59829330444336,
                67.29503631591797
              ],
              [
                43.83753967285156,
                67.66946411132812
              ],
              [
                43.93613815307617,
                67.66946411132812
              ],
              [
                44.167903900146484,
                68.27159118652344
              ],
              [
                43.729759216308594,
                68.42272186279297
              ],
              [
                43.75901412963867,
                68.49837493896484
              ],
              [
                43.460453033447266,
                68.49837493896484
              ],
              [
                43.44834899902344,
                68.7257080078125
              ],
              [
                44.216636657714844,
                68.64987182617188
              ],
              [
                44.18680953979492,
                68.57408905029297
              ],
              [
                45.612335205078125,
                68.64987182617188
              ],
              [
                45.581302642822266,
                68.57408905029297
              ],
              [
                45.88011932373047,
                68.57408905029297
              ],
              [
                45.91733169555664,
                68.42272186279297
              ],
              [
                46.1161994934082,
                68.42272186279297
              ],
              [
                46.08501052856445,
                68.34712219238281
              ],
              [
                46.45099639892578,
                68.27159118652344
              ],
              [
                46.48761749267578,
                68.1207046508789
              ],
              [
                46.68581008911133,
                68.1207046508789
              ],
              [
                46.660003662109375,
                67.81964111328125
              ],
              [
                45.34624099731445,
                67.74452209472656
              ],
              [
                45.286834716796875,
                67.5944595336914
              ],
              [
                45.08980941772461,
                67.5944595336914
              ],
              [
                44.932804107666016,
                67.44463348388672
              ],
              [
                45.198524475097656,
                67.36980438232422
              ],
              [
                45.16929244995117,
                67.29503631591797
              ],
              [
                45.56204605102539,
                67.29503631591797
              ],
              [
                45.806949615478516,
                66.92203521728516
              ],
              [
                47.37152099609375,
                66.92203521728516
              ],
              [
                47.597896575927734,
                66.99652099609375
              ],
              [
                47.62880325317383,
                67.0710678100586
              ],
              [
                47.53085708618164,
                67.0710678100586
              ],
              [
                47.816524505615234,
                67.51952362060547
              ],
              [
                47.71809387207031,
                67.51952362060547
              ],
              [
                47.78139114379883,
                67.66946411132812
              ],
              [
                48.70132064819336,
                67.74452209472656
              ],
              [
                48.70079040527344,
                67.97005462646484
              ],
              [
                49.29436111450195,
                67.97005462646484
              ],
              [
                50.82497787475586,
                68.49837493896484
              ],
              [
                51.52162170410156,
                68.49837493896484
              ],
              [
                51.892967224121094,
                68.64987182617188
              ],
              [
                52.25493240356445,
                68.57408905029297
              ],
              [
                52.465641021728516,
                68.8016128540039
              ],
              [
                53.27893829345703,
                69.0296859741211
              ],
              [
                54.04103469848633,
                68.95359802246094
              ],
              [
                53.78712844848633,
                68.64987182617188
              ],
              [
                53.9482421875,
                68.57408905029297
              ],
              [
                53.872135162353516,
                68.42272186279297
              ],
              [
                53.30027389526367,
                68.27159118652344
              ],
              [
                54.72844696044922,
                68.34712219238281
              ],
              [
                54.68998336791992,
                68.27159118652344
              ],
              [
                54.789249420166016,
                68.27159118652344
              ],
              [
                55.04391098022461,
                68.57408905029297
              ],
              [
                55.621395111083984,
                68.7257080078125
              ],
              [
                57.176673889160156,
                68.64987182617188
              ],
              [
                57.842567443847656,
                68.95359802246094
              ],
              [
                58.200279235839844,
                68.87757110595703
              ],
              [
                58.38547134399414,
                69.0296859741211
              ],
              [
                59.086368560791016,
                69.0296859741211
              ],
              [
                59.043052673339844,
                68.95359802246094
              ],
              [
                59.399715423583984,
                68.87757110595703
              ],
              [
                59.127777099609375,
                68.57408905029297
              ],
              [
                59.22738265991211,
                68.57408905029297
              ],
              [
                59.24163055419922,
                68.42272186279297
              ],
              [
                59.73880386352539,
                68.42272186279297
              ],
              [
                59.76868438720703,
                68.64987182617188
              ],
              [
                59.95558166503906,
                68.8016128540039
              ],
              [
                60.69910430908203,
                68.87757110595703
              ],
              [
                60.833534240722656,
                69.10584259033203
              ],
              [
                60.733314514160156,
                69.10584259033203
              ],
              [
                60.77838897705078,
                69.18205261230469
              ],
              [
                60.477474212646484,
                69.18205261230469
              ],
              [
                60.41181564331055,
                69.41107940673828
              ],
              [
                60.05451202392578,
                69.487548828125
              ],
              [
                60.089622497558594,
                69.71734619140625
              ],
              [
                59.48402404785156,
                69.71734619140625
              ],
              [
                59.52910232543945,
                69.79407501220703
              ],
              [
                59.32705307006836,
                69.79407501220703
              ],
              [
                59.372135162353516,
                69.8708724975586
              ],
              [
                59.06878662109375,
                69.8708724975586
              ],
              [
                59.11377716064453,
                69.9477310180664
              ],
              [
                58.765438079833984,
                69.8708724975586
              ],
              [
                58.81015396118164,
                69.9477310180664
              ],
              [
                58.44985580444336,
                70.024658203125
              ],
              [
                58.437992095947266,
                70.17870330810547
              ],
              [
                58.33650588989258,
                70.17870330810547
              ],
              [
                58.61920928955078,
                70.48763275146484
              ],
              [
                59.072845458984375,
                70.5650405883789
              ],
              [
                59.02665328979492,
                70.48763275146484
              ],
              [
                59.332237243652344,
                70.48763275146484
              ],
              [
                59.28596878051758,
                70.41029357910156
              ],
              [
                59.489501953125,
                70.41029357910156
              ],
              [
                59.44325256347656,
                70.3330307006836
              ],
              [
                59.74827194213867,
                70.3330307006836
              ],
              [
                59.70194625854492,
                70.2558364868164
              ],
              [
                59.90510177612305,
                70.2558364868164
              ],
              [
                59.85879135131836,
                70.17870330810547
              ],
              [
                60.163246154785156,
                70.17870330810547
              ],
              [
                60.116851806640625,
                70.10164642333984
              ],
              [
                60.475852966308594,
                70.024658203125
              ],
              [
                60.539344787597656,
                69.79407501220703
              ],
              [
                60.83430862426758,
                69.9477310180664
              ],
              [
                61.239139556884766,
                69.9477310180664
              ],
              [
                61.19221878051758,
                69.8708724975586
              ],
              [
                62.00114440917969,
                69.8708724975586
              ],
              [
                61.95368194580078,
                69.79407501220703
              ],
              [
                63.925079345703125,
                69.71734619140625
              ],
              [
                63.87618637084961,
                69.64068603515625
              ],
              [
                64.4320068359375,
                69.5640869140625
              ],
              [
                64.38296508789062,
                69.487548828125
              ],
              [
                64.78561401367188,
                69.487548828125
              ],
              [
                64.73640441894531,
                69.41107940673828
              ],
              [
                64.93755340576172,
                69.41107940673828
              ],
              [
                64.88836669921875,
                69.33467864990234
              ],
              [
                65.39077758789062,
                69.33467864990234
              ],
              [
                65.34133911132812,
                69.25833129882812
              ],
              [
                66.24520874023438,
                69.10584259033203
              ],
              [
                66.19547271728516,
                69.0296859741211
              ],
              [
                67.2959976196289,
                68.87757110595703
              ],
              [
                67.24578857421875,
                68.8016128540039
              ],
              [
                67.74408721923828,
                68.64987182617188
              ],
              [
                67.69393157958984,
                68.57408905029297
              ],
              [
                67.99275207519531,
                68.57408905029297
              ],
              [
                67.94252014160156,
                68.49837493896484
              ],
              [
                68.14156341552734,
                68.49837493896484
              ],
              [
                68.09134674072266,
                68.42272186279297
              ],
              [
                68.29022216796875,
                68.42272186279297
              ],
              [
                68.24002075195312,
                68.34712219238281
              ],
              [
                68.48780822753906,
                68.27159118652344
              ],
              [
                68.53964233398438,
                68.49837493896484
              ],
              [
                68.63916778564453,
                68.49837493896484
              ],
              [
                68.94705200195312,
                68.95359802246094
              ],
              [
                68.59539031982422,
                68.87757110595703
              ],
              [
                68.64693450927734,
                68.95359802246094
              ],
              [
                68.34680938720703,
                68.95359802246094
              ],
              [
                68.39828491210938,
                69.0296859741211
              ],
              [
                68.04910278320312,
                69.10584259033203
              ],
              [
                68.00332641601562,
                69.33467864990234
              ],
              [
                67.90283966064453,
                69.33467864990234
              ],
              [
                68.00678253173828,
                69.487548828125
              ],
              [
                66.59893035888672,
                69.64068603515625
              ],
              [
                66.80875396728516,
                70.10164642333984
              ],
              [
                67.1657485961914,
                70.17870330810547
              ],
              [
                67.015625,
                70.2558364868164
              ],
              [
                67.12200927734375,
                70.41029357910156
              ],
              [
                67.0202407836914,
                70.41029357910156
              ],
              [
                67.18770599365234,
                70.79769897460938
              ],
              [
                66.5742416381836,
                70.79769897460938
              ],
              [
                66.63455200195312,
                71.0310287475586
              ],
              [
                66.53201293945312,
                71.0310287475586
              ],
              [
                67.01390838623047,
                71.42146301269531
              ],
              [
                68.11344146728516,
                71.65669250488281
              ],
              [
                68.33336639404297,
                71.81393432617188
              ],
              [
                69.01949310302734,
                72.84458923339844
              ],
              [
                69.35682678222656,
                73.00454711914062
              ],
              [
                70.55322265625,
                72.92451477050781
              ],
              [
                70.6185073852539,
                73.00454711914062
              ],
              [
                71.7750473022461,
                73.00454711914062
              ],
              [
                71.70853424072266,
                72.92451477050781
              ],
              [
                72.44373321533203,
                72.92451477050781
              ],
              [
                72.37686920166016,
                72.84458923339844
              ],
              [
                72.6916275024414,
                72.84458923339844
              ],
              [
                72.62483978271484,
                72.76475524902344
              ],
              [
                72.97726440429688,
                72.68501281738281
              ],
              [
                72.81827545166016,
                72.36699676513672
              ],
              [
                72.92253875732422,
                72.36699676513672
              ],
              [
                72.6645278930664,
                72.05043029785156
              ],
              [
                72.56068420410156,
                72.05043029785156
              ],
              [
                72.24671173095703,
                71.65669250488281
              ],
              [
                71.8140869140625,
                71.49979400634766
              ],
              [
                72.06233978271484,
                71.42146301269531
              ],
              [
                72.00151824951172,
                71.34321594238281
              ],
              [
                72.20738220214844,
                71.34321594238281
              ],
              [
                72.14666748046875,
                71.26505279541016
              ],
              [
                72.55799102783203,
                71.26505279541016
              ],
              [
                72.4971923828125,
                71.18696594238281
              ],
              [
                72.70265197753906,
                71.18696594238281
              ],
              [
                72.64196014404297,
                71.10896301269531
              ],
              [
                72.88916778564453,
                71.0310287475586
              ],
              [
                72.69210815429688,
                70.64251708984375
              ],
              [
                72.8369369506836,
                70.5650405883789
              ],
              [
                72.50088500976562,
                70.2558364868164
              ],
              [
                72.60246276855469,
                70.2558364868164
              ],
              [
                72.54447937011719,
                70.17870330810547
              ],
              [
                72.64596557617188,
                70.17870330810547
              ],
              [
                72.58812713623047,
                70.10164642333984
              ],
              [
                72.77680969238281,
                69.9477310180664
              ],
              [
                72.6053237915039,
                69.71734619140625
              ],
              [
                72.70625305175781,
                69.71734619140625
              ],
              [
                72.59290313720703,
                69.5640869140625
              ],
              [
                72.69364929199219,
                69.5640869140625
              ],
              [
                72.58101654052734,
                69.41107940673828
              ],
              [
                72.68158721923828,
                69.41107940673828
              ],
              [
                72.4586181640625,
                69.10584259033203
              ],
              [
                72.55883026123047,
                69.10584259033203
              ],
              [
                72.5035400390625,
                69.0296859741211
              ],
              [
                73.6259536743164,
                68.64987182617188
              ],
              [
                73.09920501708984,
                68.19611358642578
              ],
              [
                73.24353790283203,
                68.1207046508789
              ],
              [
                73.02936553955078,
                67.81964111328125
              ],
              [
                73.12812805175781,
                67.81964111328125
              ],
              [
                73.07498168945312,
                67.74452209472656
              ],
              [
                72.72624206542969,
                67.66946411132812
              ],
              [
                72.41897583007812,
                67.36980438232422
              ],
              [
                72.02140045166016,
                67.22032165527344
              ],
              [
                71.86856842041016,
                66.99652099609375
              ],
              [
                71.52460479736328,
                66.92203521728516
              ],
              [
                71.47441101074219,
                66.84760284423828
              ],
              [
                71.61963653564453,
                66.77322387695312
              ],
              [
                71.51976776123047,
                66.6246337890625
              ],
              [
                71.03241729736328,
                66.6246337890625
              ],
              [
                70.39883422851562,
                66.40216064453125
              ],
              [
                72.09921264648438,
                66.32811737060547
              ],
              [
                72.29635620117188,
                66.47626495361328
              ],
              [
                72.19904327392578,
                66.47626495361328
              ],
              [
                72.29951477050781,
                66.6246337890625
              ],
              [
                73.4803237915039,
                66.92203521728516
              ],
              [
                73.99942016601562,
                67.51952362060547
              ],
              [
                74.65384674072266,
                67.74452209472656
              ],
              [
                74.76298522949219,
                67.89481353759766
              ],
              [
                74.53178405761719,
                68.1207046508789
              ],
              [
                74.58690643310547,
                68.19611358642578
              ],
              [
                74.3885498046875,
                68.19611358642578
              ],
              [
                74.39971160888672,
                68.34712219238281
              ],
              [
                74.20101165771484,
                68.34712219238281
              ],
              [
                74.32379913330078,
                68.64987182617188
              ],
              [
                74.59256744384766,
                68.87757110595703
              ],
              [
                76.46726989746094,
                69.10584259033203
              ],
              [
                76.40853881835938,
                69.0296859741211
              ],
              [
                76.75020599365234,
                68.95359802246094
              ],
              [
                76.73304748535156,
                68.8016128540039
              ],
              [
                77.07389068603516,
                68.7257080078125
              ],
              [
                77.0155029296875,
                68.64987182617188
              ],
              [
                77.31458282470703,
                68.64987182617188
              ],
              [
                77.25614929199219,
                68.57408905029297
              ],
              [
                77.39698028564453,
                68.49837493896484
              ],
              [
                77.24919128417969,
                68.04534912109375
              ],
              [
                77.87696075439453,
                68.34712219238281
              ],
              [
                77.69554138183594,
                68.49837493896484
              ],
              [
                77.75418090820312,
                68.57408905029297
              ],
              [
                77.65457153320312,
                68.57408905029297
              ],
              [
                77.71334838867188,
                68.64987182617188
              ],
              [
                77.61365509033203,
                68.64987182617188
              ],
              [
                77.67256927490234,
                68.7257080078125
              ],
              [
                77.57279205322266,
                68.7257080078125
              ],
              [
                77.59115600585938,
                68.87757110595703
              ],
              [
                76.5674819946289,
                69.10584259033203
              ],
              [
                76.62652587890625,
                69.18205261230469
              ],
              [
                75.48107147216797,
                69.25833129882812
              ],
              [
                74.96401977539062,
                69.10584259033203
              ],
              [
                73.66120910644531,
                69.10584259033203
              ],
              [
                73.78787994384766,
                69.41107940673828
              ],
              [
                73.41278839111328,
                69.71734619140625
              ],
              [
                73.7198257446289,
                70.2558364868164
              ],
              [
                74.04214477539062,
                70.41029357910156
              ],
              [
                74.22288513183594,
                70.64251708984375
              ],
              [
                73.97723388671875,
                70.7200698852539
              ],
              [
                73.99675750732422,
                70.87539672851562
              ],
              [
                73.79207611083984,
                70.87539672851562
              ],
              [
                73.8531494140625,
                70.95317840576172
              ],
              [
                73.64827728271484,
                70.95317840576172
              ],
              [
                73.66828918457031,
                71.10896301269531
              ],
              [
                73.46302032470703,
                71.10896301269531
              ],
              [
                73.52450561523438,
                71.18696594238281
              ],
              [
                73.31903839111328,
                71.18696594238281
              ],
              [
                73.38063049316406,
                71.26505279541016
              ],
              [
                72.8865737915039,
                71.42146301269531
              ],
              [
                73.44659423828125,
                71.73527526855469
              ],
              [
                73.63835906982422,
                71.97151184082031
              ],
              [
                74.42991638183594,
                72.05043029785156
              ],
              [
                74.87391662597656,
                72.20853424072266
              ],
              [
                75.00789642333984,
                72.36699676513672
              ],
              [
                74.83000946044922,
                72.52581787109375
              ],
              [
                74.8980712890625,
                72.6053695678711
              ],
              [
                74.7934799194336,
                72.6053695678711
              ],
              [
                74.82581329345703,
                72.76475524902344
              ],
              [
                74.72100830078125,
                72.76475524902344
              ],
              [
                74.8593978881836,
                72.92451477050781
              ],
              [
                75.38453674316406,
                72.92451477050781
              ],
              [
                75.3145751953125,
                72.84458923339844
              ],
              [
                75.66427612304688,
                72.76475524902344
              ],
              [
                75.59473419189453,
                72.68501281738281
              ],
              [
                75.69943237304688,
                72.68501281738281
              ],
              [
                75.63020324707031,
                72.6053695678711
              ],
              [
                75.77034759521484,
                72.52581787109375
              ],
              [
                75.27027893066406,
                71.81393432617188
              ],
              [
                75.37381744384766,
                71.81393432617188
              ],
              [
                75.30840301513672,
                71.73527526855469
              ],
              [
                75.4883041381836,
                71.57820129394531
              ],
              [
                75.398193359375,
                71.34321594238281
              ],
              [
                77.18534088134766,
                71.26505279541016
              ],
              [
                77.25092315673828,
                71.34321594238281
              ],
              [
                76.94213104248047,
                71.34321594238281
              ],
              [
                77.00774383544922,
                71.42146301269531
              ],
              [
                76.59562683105469,
                71.42146301269531
              ],
              [
                76.66117858886719,
                71.49979400634766
              ],
              [
                76.1455307006836,
                71.49979400634766
              ],
              [
                76.17332458496094,
                71.65669250488281
              ],
              [
                75.96665954589844,
                71.65669250488281
              ],
              [
                75.9577865600586,
                71.8926773071289
              ],
              [
                75.85414123535156,
                71.8926773071289
              ],
              [
                76.09146118164062,
                72.05043029785156
              ],
              [
                76.6786117553711,
                72.12944030761719
              ],
              [
                77.23377227783203,
                72.05043029785156
              ],
              [
                77.37126159667969,
                72.20853424072266
              ],
              [
                76.71146392822266,
                72.2877197265625
              ],
              [
                76.84984588623047,
                72.44635772705078
              ],
              [
                77.47931671142578,
                72.68501281738281
              ],
              [
                78.31690216064453,
                72.68501281738281
              ],
              [
                78.24495697021484,
                72.6053695678711
              ],
              [
                78.45413970947266,
                72.6053695678711
              ],
              [
                78.31109619140625,
                72.44635772705078
              ],
              [
                79.66796875,
                72.44635772705078
              ],
              [
                79.59568786621094,
                72.36699676513672
              ],
              [
                80.01275634765625,
                72.36699676513672
              ],
              [
                79.94047546386719,
                72.2877197265625
              ],
              [
                80.56544494628906,
                72.2877197265625
              ],
              [
                80.4929428100586,
                72.20853424072266
              ],
              [
                80.80510711669922,
                72.20853424072266
              ],
              [
                80.7645492553711,
                72.05043029785156
              ],
              [
                81.07608795166016,
                72.05043029785156
              ],
              [
                81.00406646728516,
                71.97151184082031
              ],
              [
                81.45064544677734,
                71.8926773071289
              ],
              [
                81.37890625,
                71.81393432617188
              ],
              [
                82.5177993774414,
                71.81393432617188
              ],
              [
                83.33147430419922,
                72.12944030761719
              ],
              [
                84.89073181152344,
                72.12944030761719
              ],
              [
                84.96734619140625,
                72.20853424072266
              ],
              [
                87.5687484741211,
                72.20853424072266
              ],
              [
                87.6484375,
                72.2877197265625
              ],
              [
                104.90574645996094,
                72.76475524902344
              ],
              [
                105.94547271728516,
                73.00454711914062
              ],
              [
                106.15178680419922,
                73.2452163696289
              ],
              [
                107.83942413330078,
                73.2452163696289
              ],
              [
                108.15972900390625,
                73.40616607666016
              ],
              [
                110.39618682861328,
                73.64835357666016
              ],
              [
                111.29757690429688,
                74.13555908203125
              ],
              [
                111.72465515136719,
                74.13555908203125
              ],
              [
                111.48148345947266,
                73.89147186279297
              ],
              [
                112.004150390625,
                73.8103256225586
              ],
              [
                111.8891372680664,
                73.72928619384766
              ],
              [
                112.52616882324219,
                73.72928619384766
              ],
              [
                112.99376678466797,
                74.05409240722656
              ],
              [
                113.20706939697266,
                74.05409240722656
              ],
              [
                113.08872985839844,
                73.97272491455078
              ],
              [
                113.40831756591797,
                73.97272491455078
              ],
              [
                113.2904281616211,
                73.89147186279297
              ],
              [
                113.59849548339844,
                73.8103256225586
              ],
              [
                113.4817123413086,
                73.72928619384766
              ],
              [
                113.58788299560547,
                73.72928619384766
              ]
            ]
          ],
          [
            [
              [
                36.13170623779297,
                65.22367095947266
              ],
              [
                36.09128952026367,
                65.07727813720703
              ],
              [
                35.49639892578125,
                65.004150390625
              ],
              [
                35.4595832824707,
                65.22367095947266
              ],
              [
                35.555599212646484,
                65.22367095947266
              ],
              [
                35.65161895751953,
                65.22367095947266
              ],
              [
                36.13170623779297,
                65.22367095947266
              ]
            ]
          ],
          [
            [
              [
                48.3375244140625,
                68.7257080078125
              ],
              [
                48.37113952636719,
                68.8016128540039
              ],
              [
                48.10503005981445,
                68.87757110595703
              ],
              [
                48.242610931396484,
                69.41107940673828
              ],
              [
                48.61397171020508,
                69.5640869140625
              ],
              [
                49.52073669433594,
                69.5640869140625
              ],
              [
                49.48503494262695,
                69.487548828125
              ],
              [
                50.31840515136719,
                69.33467864990234
              ],
              [
                50.210609436035156,
                69.10584259033203
              ],
              [
                50.01017761230469,
                69.10584259033203
              ],
              [
                49.70427703857422,
                68.87757110595703
              ],
              [
                48.83641815185547,
                68.7257080078125
              ],
              [
                48.73664093017578,
                68.7257080078125
              ],
              [
                48.3375244140625,
                68.7257080078125
              ]
            ]
          ]
        ]
      }
    }
  ]
}
