{
  "type": "FeatureCollection",
  "features": [
    {
      "type": "Feature",
      "properties": {
        "Name": "Roman Republic",
        "FromYear": -49,
        "ToYear": -49,
        "Area": 2214956.2329974035,
        "Type": "POLITY",
        "Wikipedia": "Roman Republic",
        "Wikidata": "Q175881",
        "SeshatID": "it_roman_rep_3",
        "Components": "",
        "MemberOf": "",
        "displayYear": -49,
        "sourceYear": -49,
        "mappedTerritoryId": "cliopatria_roman_republic"
      },
      "geometry": {
        "type": "MultiPolygon",
        "coordinates": [
          [
            [
              [
                10.85119342803955,
                34.93662643432617
              ],
              [
                10.851213455200195,
                34.80794906616211
              ],
              [
                10.543014526367188,
                34.55062484741211
              ],
              [
                10.004497528076172,
                34.2933349609375
              ],
              [
                10.081672668457031,
                34.22901916503906
              ],
              [
                10.005777359008789,
                33.90746307373047
              ],
              [
                10.23681354522705,
                33.71455001831055
              ],
              [
                10.544031143188477,
                33.71455001831055
              ],
              [
                10.697741508483887,
                33.52165222167969
              ],
              [
                11.081541061401367,
                33.5859489440918
              ],
              [
                11.157825469970703,
                33.20018768310547
              ],
              [
                11.464441299438477,
                33.20018768310547
              ],
              [
                12.228955268859863,
                32.81447219848633
              ],
              [
                12.612099647521973,
                32.878753662109375
              ],
              [
                12.534722328186035,
                32.75019073486328
              ],
              [
                12.840824127197266,
                32.75019073486328
              ],
              [
                12.841785430908203,
                32.878753662109375
              ],
              [
                13.301749229431152,
                32.94303894042969
              ],
              [
                13.453653335571289,
                32.81447219848633
              ],
              [
                13.760527610778809,
                32.878753662109375
              ],
              [
                13.759129524230957,
                32.75019073486328
              ],
              [
                14.065231323242188,
                32.75019073486328
              ],
              [
                14.444439888000488,
                32.493072509765625
              ],
              [
                14.674704551696777,
                32.557350158691406
              ],
              [
                14.749334335327148,
                32.428794860839844
              ],
              [
                15.055076599121094,
                32.428794860839844
              ],
              [
                15.282304763793945,
                32.30024337768555
              ],
              [
                15.424593925476074,
                31.65752601623535
              ],
              [
                15.575982093811035,
                31.593257904052734
              ],
              [
                15.64897632598877,
                31.40045166015625
              ],
              [
                16.178552627563477,
                31.20764923095703
              ],
              [
                16.8635196685791,
                31.20764923095703
              ],
              [
                17.846824645996094,
                30.950578689575195
              ],
              [
                18.222288131713867,
                30.757776260375977
              ],
              [
                18.592470169067383,
                30.372163772583008
              ],
              [
                18.896053314208984,
                30.372163772583008
              ],
              [
                18.968589782714844,
                30.243623733520508
              ],
              [
                19.50142478942871,
                30.307893753051758
              ],
              [
                19.964311599731445,
                30.564971923828125
              ],
              [
                19.968164443969727,
                30.69350814819336
              ],
              [
                20.202085494995117,
                30.886310577392578
              ],
              [
                20.13410186767578,
                31.143381118774414
              ],
              [
                20.214296340942383,
                31.271915435791016
              ],
              [
                19.996076583862305,
                31.593257904052734
              ],
              [
                20.089075088500977,
                32.107421875
              ],
              [
                20.016965866088867,
                32.23596954345703
              ],
              [
                20.246112823486328,
                32.23596954345703
              ],
              [
                20.33134651184082,
                32.493072509765625
              ],
              [
                20.481992721557617,
                32.428794860839844
              ],
              [
                20.562992095947266,
                32.557350158691406
              ],
              [
                20.71593475341797,
                32.557350158691406
              ],
              [
                20.644094467163086,
                32.685909271240234
              ],
              [
                20.87124252319336,
                32.62162780761719
              ],
              [
                21.108016967773438,
                32.81447219848633
              ],
              [
                21.41167449951172,
                32.75019073486328
              ],
              [
                21.87872886657715,
                32.94303894042969
              ],
              [
                22.562345504760742,
                32.81447219848633
              ],
              [
                22.70979118347168,
                32.685909271240234
              ],
              [
                23.089431762695312,
                32.62162780761719
              ],
              [
                23.148635864257812,
                32.23596954345703
              ],
              [
                23.680339813232422,
                32.171695709228516
              ],
              [
                24.129365921020508,
                31.978878021240234
              ],
              [
                24.892484664916992,
                31.978878021240234
              ],
              [
                25.11168098449707,
                31.78606605529785
              ],
              [
                25.105247497558594,
                31.65752601623535
              ],
              [
                25.102048873901367,
                31.593257904052734
              ],
              [
                24.864051818847656,
                31.40045166015625
              ],
              [
                24.982572555541992,
                30.69350814819336
              ],
              [
                24.7429256439209,
                30.436433792114258
              ],
              [
                24.72010040283203,
                29.922264099121094
              ],
              [
                24.86323356628418,
                29.729440689086914
              ],
              [
                24.8521671295166,
                29.472333908081055
              ],
              [
                24.776487350463867,
                29.472333908081055
              ],
              [
                23.962236404418945,
                29.922264099121094
              ],
              [
                23.51007843017578,
                29.986536026000977
              ],
              [
                22.91602325439453,
                30.307893753051758
              ],
              [
                22.76180076599121,
                30.243623733520508
              ],
              [
                22.76673698425293,
                30.372163772583008
              ],
              [
                21.938846588134766,
                30.564971923828125
              ],
              [
                20.95157814025879,
                30.564971923828125
              ],
              [
                19.651369094848633,
                30.243623733520508
              ],
              [
                19.496095657348633,
                30.115081787109375
              ],
              [
                18.810367584228516,
                29.986536026000977
              ],
              [
                18.736162185668945,
                30.050809860229492
              ],
              [
                18.66034507751465,
                30.050809860229492
              ],
              [
                18.212989807128906,
                30.372163772583008
              ],
              [
                17.159744262695312,
                30.822044372558594
              ],
              [
                16.24880027770996,
                30.886310577392578
              ],
              [
                15.492570877075195,
                31.143381118774414
              ],
              [
                14.82021713256836,
                32.043148040771484
              ],
              [
                13.680578231811523,
                32.557350158691406
              ],
              [
                11.921738624572754,
                32.557350158691406
              ],
              [
                11.69294261932373,
                32.75019073486328
              ],
              [
                11.463366508483887,
                32.75019073486328
              ],
              [
                10.69796371459961,
                33.07160949707031
              ],
              [
                10.467677116394043,
                33.393062591552734
              ],
              [
                10.314257621765137,
                33.393062591552734
              ],
              [
                10.083392143249512,
                33.65024948120117
              ],
              [
                9.775723457336426,
                33.77885055541992
              ],
              [
                9.696585655212402,
                34.2933349609375
              ],
              [
                9.850284576416016,
                34.3576545715332
              ],
              [
                9.84976577758789,
                34.48630142211914
              ],
              [
                9.385624885559082,
                34.80794906616211
              ],
              [
                9.228297233581543,
                35.258358001708984
              ],
              [
                8.917067527770996,
                35.51579284667969
              ],
              [
                8.992356300354004,
                35.77327346801758
              ],
              [
                8.836906433105469,
                35.837650299072266
              ],
              [
                8.83520221710205,
                36.03080368041992
              ],
              [
                8.678300857543945,
                36.2239875793457
              ],
              [
                8.676435470581055,
                36.417205810546875
              ],
              [
                8.908275604248047,
                36.5460319519043
              ],
              [
                8.828227996826172,
                36.80373764038086
              ],
              [
                8.827637672424316,
                36.8681755065918
              ],
              [
                8.748600006103516,
                36.9970588684082
              ],
              [
                8.903155326843262,
                37.12596130371094
              ],
              [
                9.05947494506836,
                37.06150817871094
              ],
              [
                9.603086471557617,
                37.3193473815918
              ],
              [
                9.993423461914062,
                37.1904182434082
              ],
              [
                10.226980209350586,
                37.254878997802734
              ],
              [
                10.227567672729492,
                37.06150817871094
              ],
              [
                10.305440902709961,
                37.06150817871094
              ],
              [
                10.228352546691895,
                36.80373764038086
              ],
              [
                10.461837768554688,
                36.73930740356445
              ],
              [
                11.006271362304688,
                36.9970588684082
              ],
              [
                11.006199836730957,
                36.80373764038086
              ],
              [
                10.462488174438477,
                36.417205810546875
              ],
              [
                10.540250778198242,
                36.3527946472168
              ],
              [
                10.463515281677246,
                35.902034759521484
              ],
              [
                10.851000785827637,
                35.708900451660156
              ],
              [
                10.851019859313965,
                35.644527435302734
              ],
              [
                11.08318042755127,
                35.58015823364258
              ],
              [
                11.083049774169922,
                35.38706970214844
              ],
              [
                11.005731582641602,
                35.38706970214844
              ],
              [
                11.082771301269531,
                35.00096893310547
              ],
              [
                10.85119342803955,
                34.93662643432617
              ]
            ]
          ],
          [
            [
              [
                14.339592933654785,
                36.03080368041992
              ],
              [
                14.417119026184082,
                36.03080368041992
              ],
              [
                14.571182250976562,
                35.9664192199707
              ],
              [
                14.568227767944336,
                35.77327346801758
              ],
              [
                14.33681869506836,
                35.837650299072266
              ],
              [
                14.339592933654785,
                36.03080368041992
              ]
            ]
          ],
          [
            [
              [
                20.328466415405273,
                38.351463317871094
              ],
              [
                20.488054275512695,
                38.416015625
              ],
              [
                20.566410064697266,
                38.416015625
              ],
              [
                20.795446395874023,
                38.28691864013672
              ],
              [
                20.7864933013916,
                38.09331130981445
              ],
              [
                20.319902420043945,
                38.157840728759766
              ],
              [
                20.328466415405273,
                38.351463317871094
              ]
            ]
          ],
          [
            [
              [
                1.273545265197754,
                38.80344009399414
              ],
              [
                1.183109045028687,
                39.06184005737305
              ],
              [
                1.258725643157959,
                39.1264533996582
              ],
              [
                1.337347388267517,
                39.1264533996582
              ],
              [
                1.651834011077881,
                39.1264533996582
              ],
              [
                1.657540321350098,
                38.997230529785156
              ],
              [
                1.430543661117554,
                38.80344009399414
              ],
              [
                1.273545265197754,
                38.80344009399414
              ]
            ]
          ],
          [
            [
              [
                2.712342262268066,
                42.041324615478516
              ],
              [
                2.869245767593384,
                42.10627746582031
              ],
              [
                2.792473604464514,
                42.372070501963975
              ],
              [
                2.778216123580933,
                42.36617660522461
              ],
              [
                1.732223868370056,
                42.496177673339844
              ],
              [
                1.725796341896057,
                42.62621307373047
              ],
              [
                1.325365662574768,
                42.62621307373047
              ],
              [
                0.994516909122467,
                42.82133865356445
              ],
              [
                -0.220030590891838,
                43.016544342041016
              ],
              [
                -0.388683497905731,
                43.146724700927734
              ],
              [
                -1.763375043869019,
                43.276947021484375
              ],
              [
                -1.459883332252502,
                43.53750228881836
              ],
              [
                -1.402047991752625,
                43.86341094970703
              ],
              [
                -1.321390628814697,
                43.86341094970703
              ],
              [
                -1.348801136016846,
                44.25482940673828
              ],
              [
                -1.267958283424377,
                44.25482940673828
              ],
              [
                -1.286344885826111,
                44.5159797668457
              ],
              [
                -1.205376982688904,
                44.5159797668457
              ],
              [
                -1.251859068870544,
                45.169586181640625
              ],
              [
                -1.170574903488159,
                45.169586181640625
              ],
              [
                -1.189373373985291,
                45.431331634521484
              ],
              [
                -1.031213998794556,
                45.496795654296875
              ],
              [
                -1.045281529426575,
                45.693260192871094
              ],
              [
                -1.213142395019531,
                45.75876998901367
              ],
              [
                -1.141096234321594,
                45.889827728271484
              ],
              [
                -1.222735166549683,
                45.889827728271484
              ],
              [
                -1.251809358596802,
                46.283294677734375
              ],
              [
                -1.666043281555176,
                46.348915100097656
              ],
              [
                -2.014399528503418,
                46.61152267456055
              ],
              [
                -2.024919986724854,
                46.74290466308594
              ],
              [
                -2.194406032562256,
                46.808616638183594
              ],
              [
                -2.139080047607422,
                47.13737487792969
              ],
              [
                -2.232228517532349,
                47.26897048950195
              ],
              [
                -2.561590671539307,
                47.26897048950195
              ],
              [
                -2.578423976898193,
                47.46647262573242
              ],
              [
                -2.825755596160889,
                47.46647262573242
              ],
              [
                -2.837259292602539,
                47.598209381103516
              ],
              [
                -3.155531167984009,
                47.46647262573242
              ],
              [
                -3.344320774078369,
                47.730003356933594
              ],
              [
                -3.757235288619995,
                47.730003356933594
              ],
              [
                -3.934937715530396,
                47.86185836791992
              ],
              [
                -4.424368858337402,
                47.79592514038086
              ],
              [
                -4.692053318023682,
                47.993770599365234
              ],
              [
                -4.705362796783447,
                48.1257438659668
              ],
              [
                -4.546383857727051,
                48.191749572753906
              ],
              [
                -4.642560005187988,
                48.323814392089844
              ],
              [
                -4.891265392303467,
                48.323814392089844
              ],
              [
                -4.911745548248291,
                48.52202224731445
              ],
              [
                -4.599917888641357,
                48.72037124633789
              ],
              [
                -3.85184383392334,
                48.72037124633789
              ],
              [
                -3.455082654953003,
                48.91886520385742
              ],
              [
                -3.122164011001587,
                48.91886520385742
              ],
              [
                -2.759404182434082,
                48.5881233215332
              ],
              [
                -2.521934509277344,
                48.72037124633789
              ],
              [
                -1.602181315422058,
                48.654239654541016
              ],
              [
                -1.718345284461975,
                49.051273345947266
              ],
              [
                -1.635041356086731,
                49.051273345947266
              ],
              [
                -1.651668906211853,
                49.2500114440918
              ],
              [
                -1.913302421569824,
                49.38258361816406
              ],
              [
                -2.031550645828247,
                49.78071212768555
              ],
              [
                -1.361783027648926,
                49.78071212768555
              ],
              [
                -1.250783205032349,
                49.44889450073242
              ],
              [
                0.007001183927059,
                49.38258361816406
              ],
              [
                -0.012448177672923,
                49.64793395996094
              ],
              [
                0.224112883210182,
                49.84712600708008
              ],
              [
                1.052847385406494,
                49.98000717163086
              ],
              [
                1.454967975616455,
                50.2459831237793
              ],
              [
                1.424705147743225,
                50.71213912963867
              ],
              [
                1.656218767166138,
                51.04566955566406
              ],
              [
                2.577829360961914,
                51.17921447753906
              ],
              [
                2.73940634727478,
                51.31283950805664
              ],
              [
                3.409677743911743,
                51.44654083251953
              ],
              [
                3.399252653121948,
                51.64724349975586
              ],
              [
                3.738690614700317,
                51.64724349975586
              ],
              [
                3.647099733352661,
                51.78114318847656
              ],
              [
                3.980464458465576,
                51.91512680053711
              ],
              [
                4.055951118469238,
                52.11625671386719
              ],
              [
                4.232470512390137,
                51.98215103149414
              ],
              [
                4.907567977905273,
                52.11625671386719
              ],
              [
                5.591265201568604,
                52.0491943359375
              ],
              [
                5.933963298797607,
                51.98215103149414
              ],
              [
                6.454195976257324,
                51.64724349975586
              ],
              [
                6.539055824279785,
                51.64724349975586
              ],
              [
                6.885428905487061,
                51.37968063354492
              ],
              [
                7.064663410186768,
                50.97892379760742
              ],
              [
                7.319498538970947,
                50.912200927734375
              ],
              [
                7.239763736724854,
                50.71213912963867
              ],
              [
                7.324039936065674,
                50.71213912963867
              ],
              [
                7.328577518463135,
                50.51224899291992
              ],
              [
                7.499749660491943,
                50.37908172607422
              ],
              [
                7.676015853881836,
                49.98000717163086
              ],
              [
                7.846244812011719,
                49.84712600708008
              ],
              [
                8.180161476135254,
                49.91355895996094
              ],
              [
                8.350894927978516,
                49.71431350708008
              ],
              [
                8.277022361755371,
                49.11750411987305
              ],
              [
                8.111507415771484,
                49.051273345947266
              ],
              [
                8.197071075439453,
                48.91886520385742
              ],
              [
                7.867981433868408,
                48.72037124633789
              ],
              [
                7.711149215698242,
                48.257774353027344
              ],
              [
                7.628283500671387,
                48.257774353027344
              ],
              [
                7.559404373168945,
                47.598209381103516
              ],
              [
                8.466045379638672,
                47.664100646972656
              ],
              [
                8.467049598693848,
                47.598209381103516
              ],
              [
                8.384536743164062,
                47.598209381103516
              ],
              [
                8.387642860412598,
                47.4006233215332
              ],
              [
                8.139277458190918,
                47.46647262573242
              ],
              [
                7.97559642791748,
                47.4006233215332
              ],
              [
                8.060341835021973,
                47.26897048950195
              ],
              [
                7.648638725280762,
                47.26897048950195
              ],
              [
                7.65130615234375,
                47.13737487792969
              ],
              [
                7.32368278503418,
                47.07159423828125
              ],
              [
                7.329505443572998,
                46.808616638183594
              ],
              [
                7.165299892425537,
                46.808616638183594
              ],
              [
                7.168322086334229,
                46.677207946777344
              ],
              [
                7.005822658538818,
                46.61152267456055
              ],
              [
                7.090887069702148,
                46.480194091796875
              ],
              [
                6.764803409576416,
                46.414546966552734
              ],
              [
                6.854751110076904,
                46.08650588989258
              ],
              [
                6.532960414886475,
                45.889827728271484
              ],
              [
                6.126636505126953,
                45.82429504394531
              ],
              [
                6.130359649658203,
                45.693260192871094
              ],
              [
                6.048818111419678,
                45.693260192871094
              ],
              [
                6.074601173400879,
                44.77729415893555
              ],
              [
                6.155694961547852,
                44.77729415893555
              ],
              [
                6.07639217376709,
                44.71194839477539
              ],
              [
                6.092220783233643,
                44.12431716918945
              ],
              [
                6.173001289367676,
                44.12431716918945
              ],
              [
                6.178073406219482,
                43.92862319946289
              ],
              [
                6.424880981445312,
                43.73301696777344
              ],
              [
                6.74871301651001,
                43.6678352355957
              ],
              [
                7.305196762084961,
                44.05907440185547
              ],
              [
                7.221852779388428,
                44.18956756591797
              ],
              [
                7.545100212097168,
                44.18956756591797
              ],
              [
                8.106903076171875,
                44.45067596435547
              ],
              [
                8.419122695922852,
                45.300437927246094
              ],
              [
                8.580960273742676,
                45.36587905883789
              ],
              [
                8.579230308532715,
                45.496795654296875
              ],
              [
                8.903517723083496,
                45.62776184082031
              ],
              [
                10.533697128295898,
                45.62776184082031
              ],
              [
                10.859674453735352,
                45.496795654296875
              ],
              [
                11.511229515075684,
                45.496795654296875
              ],
              [
                12.082368850708008,
                45.62776184082031
              ],
              [
                12.410323143005371,
                45.82429504394531
              ],
              [
                12.410961151123047,
                45.889827728271484
              ],
              [
                12.411598205566406,
                45.95537567138672
              ],
              [
                12.574941635131836,
                45.95537567138672
              ],
              [
                12.90495777130127,
                46.21768569946289
              ],
              [
                13.641183853149414,
                46.21768569946289
              ],
              [
                13.802400588989258,
                46.08650588989258
              ],
              [
                14.948372840881348,
                46.1520881652832
              ],
              [
                14.945066452026367,
                46.02093505859375
              ],
              [
                15.270102500915527,
                45.95537567138672
              ],
              [
                15.268322944641113,
                45.889827728271484
              ],
              [
                15.990674018859863,
                45.496795654296875
              ],
              [
                15.907200813293457,
                45.431331634521484
              ],
              [
                15.982434272766113,
                45.23500442504883
              ],
              [
                15.819802284240723,
                45.23500442504883
              ],
              [
                15.805839538574219,
                44.77729415893555
              ],
              [
                16.125972747802734,
                44.64661407470703
              ],
              [
                16.517484664916992,
                44.25482940673828
              ],
              [
                16.679170608520508,
                44.25482940673828
              ],
              [
                16.912017822265625,
                43.99384307861328
              ],
              [
                17.073455810546875,
                43.99384307861328
              ],
              [
                17.1491641998291,
                43.86341094970703
              ],
              [
                17.313045501708984,
                43.92862319946289
              ],
              [
                17.385955810546875,
                43.73301696777344
              ],
              [
                17.861238479614258,
                43.53750228881836
              ],
              [
                18.344266891479492,
                43.53750228881836
              ],
              [
                18.573694229125977,
                43.276947021484375
              ],
              [
                18.73753547668457,
                43.342071533203125
              ],
              [
                18.81536025566707,
                43.287738306107826
              ],
              [
                18.817949295043945,
                43.342071533203125
              ],
              [
                18.89836311340332,
                43.342071533203125
              ],
              [
                18.89522933959961,
                43.276947021484375
              ],
              [
                18.83081726762192,
                43.276947021484375
              ],
              [
                19.203807830810547,
                43.016544342041016
              ],
              [
                19.605127334594727,
                43.016544342041016
              ],
              [
                19.521520614624023,
                42.95146560668945
              ],
              [
                19.595033645629883,
                42.82133865356445
              ],
              [
                20.236431121826172,
                42.82133865356445
              ],
              [
                20.149150848388672,
                42.691246032714844
              ],
              [
                20.309383392333984,
                42.691246032714844
              ],
              [
                20.38224983215332,
                42.56119155883789
              ],
              [
                20.626129150390625,
                42.62621307373047
              ],
              [
                20.618722915649414,
                42.496177673339844
              ],
              [
                21.07966423034668,
                42.17123794555664
              ],
              [
                22.454994201660156,
                42.43117141723633
              ],
              [
                22.441980361938477,
                42.236209869384766
              ],
              [
                23.13391876220703,
                41.84651184082031
              ],
              [
                23.21365737915039,
                41.84651184082031
              ],
              [
                23.44826316833496,
                41.781593322753906
              ],
              [
                23.743696212768555,
                41.45711898803711
              ],
              [
                23.902835845947266,
                41.45711898803711
              ],
              [
                24.151145935058594,
                41.586883544921875
              ],
              [
                25.680164337158203,
                41.781593322753906
              ],
              [
                26.2325496673584,
                41.71668243408203
              ],
              [
                26.574190139770508,
                41.97637939453125
              ],
              [
                27.46413230895996,
                42.10627746582031
              ],
              [
                27.611539840698242,
                41.97637939453125
              ],
              [
                27.93072509765625,
                41.97637939453125
              ],
              [
                27.92448616027832,
                41.911441802978516
              ],
              [
                28.004253387451172,
                41.911441802978516
              ],
              [
                28.052820205688477,
                41.586883544921875
              ],
              [
                28.21833038330078,
                41.65177917480469
              ],
              [
                28.352495193481445,
                41.39224624633789
              ],
              [
                28.975934982299805,
                41.26253128051758
              ],
              [
                28.96312141418457,
                41.132843017578125
              ],
              [
                30.47923469543457,
                41.19768524169922
              ],
              [
                30.62422752380371,
                41.06801223754883
              ],
              [
                31.1800537109375,
                41.06801223754883
              ],
              [
                31.534175872802734,
                41.39224624633789
              ],
              [
                32.02653121948242,
                41.521995544433594
              ],
              [
                32.04172897338867,
                41.65177917480469
              ],
              [
                32.1933708190918,
                41.586883544921875
              ],
              [
                32.694705963134766,
                41.781593322753906
              ],
              [
                32.630775451660156,
                41.911441802978516
              ],
              [
                34.78450012207031,
                41.911441802978516
              ],
              [
                34.881736755371094,
                42.041324615478516
              ],
              [
                35.121212005615234,
                42.041324615478516
              ],
              [
                35.08602523803711,
                41.781593322753906
              ],
              [
                35.30754852294922,
                41.65177917480469
              ],
              [
                35.953800201416016,
                41.71668243408203
              ],
              [
                36.20920181274414,
                41.26253128051758
              ],
              [
                36.92457962036133,
                41.26253128051758
              ],
              [
                36.91539764404297,
                41.19768524169922
              ],
              [
                36.897125244140625,
                41.06801223754883
              ],
              [
                36.47333526611328,
                40.873565673828125
              ],
              [
                36.411773681640625,
                41.00318908691406
              ],
              [
                36.08548355102539,
                40.93837356567383
              ],
              [
                35.64405822753906,
                41.19768524169922
              ],
              [
                35.32622146606445,
                41.19768524169922
              ],
              [
                35.10496520996094,
                41.32738494873047
              ],
              [
                34.577850341796875,
                40.93837356567383
              ],
              [
                34.561397552490234,
                40.80876541137695
              ],
              [
                34.791015625,
                40.74397277832031
              ],
              [
                34.616146087646484,
                40.614410400390625
              ],
              [
                34.48881149291992,
                40.225894927978516
              ],
              [
                33.555442810058594,
                40.355369567871094
              ],
              [
                33.41252517700195,
                40.4848747253418
              ],
              [
                33.095882415771484,
                40.4848747253418
              ],
              [
                33.00168991088867,
                40.355369567871094
              ],
              [
                32.30427932739258,
                40.4848747253418
              ],
              [
                32.110042572021484,
                40.16116714477539
              ],
              [
                31.306106567382812,
                40.031734466552734
              ],
              [
                31.37827491760254,
                39.9670295715332
              ],
              [
                31.23297691345215,
                39.320335388183594
              ],
              [
                31.442956924438477,
                39.06184005737305
              ],
              [
                31.385658264160156,
                38.48057174682617
              ],
              [
                30.98763656616211,
                38.416015625
              ],
              [
                30.891101837158203,
                38.22237777709961
              ],
              [
                30.24740982055664,
                38.028785705566406
              ],
              [
                30.15203285217285,
                37.835243225097656
              ],
              [
                30.531185150146484,
                37.706241607666016
              ],
              [
                30.748069763183594,
                37.51277160644531
              ],
              [
                30.73656463623047,
                37.38381576538086
              ],
              [
                31.04850196838379,
                37.38381576538086
              ],
              [
                31.216249465942383,
                37.51277160644531
              ],
              [
                31.522380828857422,
                37.44829177856445
              ],
              [
                31.51641082763672,
                37.38381576538086
              ],
              [
                31.59439468383789,
                37.38381576538086
              ],
              [
                31.972171783447266,
                37.254878997802734
              ],
              [
                32.241424560546875,
                36.80373764038086
              ],
              [
                32.55256271362305,
                36.80373764038086
              ],
              [
                32.79827117919922,
                36.932613372802734
              ],
              [
                32.86370086669922,
                36.80373764038086
              ],
              [
                33.09705352783203,
                36.80373764038086
              ],
              [
                33.433685302734375,
                37.06150817871094
              ],
              [
                34.30364990234375,
                37.1904182434082
              ],
              [
                34.56466293334961,
                37.44829177856445
              ],
              [
                34.87669372558594,
                37.44829177856445
              ],
              [
                35.05380630493164,
                37.641746520996094
              ],
              [
                35.67116928100586,
                37.5772590637207
              ],
              [
                35.998069763183594,
                37.706241607666016
              ],
              [
                36.34809112548828,
                38.028785705566406
              ],
              [
                37.1146354675293,
                37.89975357055664
              ],
              [
                37.13022994995117,
                38.028785705566406
              ],
              [
                37.451019287109375,
                38.09331130981445
              ],
              [
                38.31162643432617,
                38.09331130981445
              ],
              [
                38.38986587524414,
                38.09331130981445
              ],
              [
                38.38165283203125,
                38.028785705566406
              ],
              [
                38.45986557006836,
                38.028785705566406
              ],
              [
                38.45166015625,
                37.96426773071289
              ],
              [
                38.4434814453125,
                37.89975357055664
              ],
              [
                38.332977294921875,
                37.641746520996094
              ],
              [
                37.989139556884766,
                37.38381576538086
              ],
              [
                37.95802688598633,
                37.12596130371094
              ],
              [
                38.176177978515625,
                36.9970588684082
              ],
              [
                38.130165100097656,
                36.61045455932617
              ],
              [
                38.2078857421875,
                36.61045455932617
              ],
              [
                38.07014083862305,
                36.09519577026367
              ],
              [
                38.42798614501953,
                35.837650299072266
              ],
              [
                39.497074127197266,
                35.708900451660156
              ],
              [
                39.938289642333984,
                35.51579284667969
              ],
              [
                40.06206512451172,
                35.258358001708984
              ],
              [
                40.27842712402344,
                35.12965774536133
              ],
              [
                40.26304244995117,
                35.00096893310547
              ],
              [
                40.47920608520508,
                34.87228775024414
              ],
              [
                40.549720764160156,
                34.164703369140625
              ],
              [
                40.472782135009766,
                34.164703369140625
              ],
              [
                40.31147003173828,
                34.10039138793945
              ],
              [
                40.403316497802734,
                34.22901916503906
              ],
              [
                40.25685501098633,
                34.2933349609375
              ],
              [
                39.12379455566406,
                34.48630142211914
              ],
              [
                37.990238189697266,
                33.971771240234375
              ],
              [
                37.73945236206055,
                33.77885055541992
              ],
              [
                37.72612380981445,
                33.65024948120117
              ],
              [
                37.57255172729492,
                33.65024948120117
              ],
              [
                37.0732307434082,
                33.26447677612305
              ],
              [
                37.054195404052734,
                33.07160949707031
              ],
              [
                36.90095901489258,
                33.07160949707031
              ],
              [
                36.716766357421875,
                32.75019073486328
              ],
              [
                36.750667572021484,
                32.30024337768555
              ],
              [
                36.5155143737793,
                32.23596954345703
              ],
              [
                36.65636444091797,
                32.107421875
              ],
              [
                36.491905212402344,
                31.978878021240234
              ],
              [
                36.46286392211914,
                31.65752601623535
              ],
              [
                36.38663864135742,
                31.65752601623535
              ],
              [
                36.423099517822266,
                31.20764923095703
              ],
              [
                36.2708854675293,
                31.20764923095703
              ],
              [
                36.40085220336914,
                30.950578689575195
              ],
              [
                36.15641784667969,
                30.757776260375977
              ],
              [
                36.14565658569336,
                30.629240036010742
              ],
              [
                35.83653259277344,
                30.564971923828125
              ],
              [
                35.760589599609375,
                30.564971923828125
              ],
              [
                35.808780670166016,
                31.143381118774414
              ],
              [
                35.814239501953125,
                31.20764923095703
              ],
              [
                35.847450256347656,
                31.593257904052734
              ],
              [
                35.92366027832031,
                31.593257904052734
              ],
              [
                35.963470458984375,
                32.878753662109375
              ],
              [
                36.05210876464844,
                33.00732421875
              ],
              [
                35.69917678833008,
                33.32876968383789
              ],
              [
                35.53378677368164,
                33.20018768310547
              ],
              [
                35.39841842651367,
                32.557350158691406
              ],
              [
                35.15760040283203,
                32.428794860839844
              ],
              [
                34.85185623168945,
                32.428794860839844
              ],
              [
                34.857479095458984,
                32.493072509765625
              ],
              [
                35.021759033203125,
                32.62162780761719
              ],
              [
                35.05632781982422,
                33.00732421875
              ],
              [
                35.21538543701172,
                33.07160949707031
              ],
              [
                35.39840316772461,
                33.393062591552734
              ],
              [
                35.34577560424805,
                33.65024948120117
              ],
              [
                35.49934768676758,
                33.65024948120117
              ],
              [
                35.4470100402832,
                33.90746307373047
              ],
              [
                35.68381118774414,
                33.971771240234375
              ],
              [
                35.64447784423828,
                34.3576545715332
              ],
              [
                35.79212951660156,
                34.2933349609375
              ],
              [
                36.048770904541016,
                34.55062484741211
              ],
              [
                36.0682373046875,
                34.743614196777344
              ],
              [
                35.92698669433594,
                34.87228775024414
              ],
              [
                35.959747314453125,
                35.194007873535156
              ],
              [
                35.88248825073242,
                35.194007873535156
              ],
              [
                35.99294662475586,
                35.51579284667969
              ],
              [
                35.84488296508789,
                35.58015823364258
              ],
              [
                35.990074157714844,
                36.2239875793457
              ],
              [
                35.84174346923828,
                36.28839111328125
              ],
              [
                36.26490020751953,
                36.61045455932617
              ],
              [
                36.28622817993164,
                36.80373764038086
              ],
              [
                36.144901275634766,
                36.932613372802734
              ],
              [
                35.833587646484375,
                36.932613372802734
              ],
              [
                35.487709045410156,
                36.61045455932617
              ],
              [
                35.11265563964844,
                36.73930740356445
              ],
              [
                34.95038986206055,
                36.67487716674805
              ],
              [
                34.892860412597656,
                36.8681755065918
              ],
              [
                34.581634521484375,
                36.8681755065918
              ],
              [
                34.2507209777832,
                36.67487716674805
              ],
              [
                33.97906494140625,
                36.28839111328125
              ],
              [
                33.2744140625,
                36.2239875793457
              ],
              [
                32.713401794433594,
                36.03080368041992
              ],
              [
                32.558349609375,
                36.03080368041992
              ],
              [
                32.498512268066406,
                36.2239875793457
              ],
              [
                32.06806182861328,
                36.61045455932617
              ],
              [
                31.08603858947754,
                36.932613372802734
              ],
              [
                30.619068145751953,
                36.932613372802734
              ],
              [
                30.49193572998047,
                36.3527946472168
              ],
              [
                30.02613639831543,
                36.3527946472168
              ],
              [
                29.938032150268555,
                36.2239875793457
              ],
              [
                29.239721298217773,
                36.2239875793457
              ],
              [
                29.124916076660156,
                36.73930740356445
              ],
              [
                28.736103057861328,
                36.73930740356445
              ],
              [
                28.590524673461914,
                36.8681755065918
              ],
              [
                28.357105255126953,
                36.8681755065918
              ],
              [
                28.186922073364258,
                36.67487716674805
              ],
              [
                28.03143882751465,
                36.67487716674805
              ],
              [
                28.138330459594727,
                37.06150817871094
              ],
              [
                28.065349578857422,
                37.12596130371094
              ],
              [
                27.597978591918945,
                37.12596130371094
              ],
              [
                27.53919219970703,
                37.38381576538086
              ],
              [
                27.22254180908203,
                37.3193473815918
              ],
              [
                27.309988021850586,
                37.44829177856445
              ],
              [
                27.16343116760254,
                37.5772590637207
              ],
              [
                27.2558650970459,
                37.7707405090332
              ],
              [
                27.177743911743164,
                37.7707405090332
              ],
              [
                27.27528190612793,
                38.028785705566406
              ],
              [
                26.888994216918945,
                38.09331130981445
              ],
              [
                26.820327758789062,
                38.22237777709961
              ],
              [
                26.42890739440918,
                38.22237777709961
              ],
              [
                26.38368797302246,
                38.67427444458008
              ],
              [
                26.535762786865234,
                38.60969924926758
              ],
              [
                26.594974517822266,
                38.351463317871094
              ],
              [
                27.06496238708496,
                38.351463317871094
              ],
              [
                27.079774856567383,
                38.54513168334961
              ],
              [
                26.849470138549805,
                38.60969924926758
              ],
              [
                26.95786476135254,
                38.997230529785156
              ],
              [
                26.879291534423828,
                38.997230529785156
              ],
              [
                26.894468307495117,
                39.19107437133789
              ],
              [
                26.742225646972656,
                39.25570297241211
              ],
              [
                26.84657859802246,
                39.57893371582031
              ],
              [
                26.132457733154297,
                39.51427459716797
              ],
              [
                26.2723331451416,
                40.29063034057617
              ],
              [
                26.604726791381836,
                40.4848747253418
              ],
              [
                26.683887481689453,
                40.4848747253418
              ],
              [
                26.673099517822266,
                40.355369567871094
              ],
              [
                27.46982192993164,
                40.42012023925781
              ],
              [
                27.537628173828125,
                40.29063034057617
              ],
              [
                27.695789337158203,
                40.29063034057617
              ],
              [
                27.792133331298828,
                40.4848747253418
              ],
              [
                27.950454711914062,
                40.4848747253418
              ],
              [
                27.938817977905273,
                40.355369567871094
              ],
              [
                29.046321868896484,
                40.355369567871094
              ],
              [
                28.900379180908203,
                40.4848747253418
              ],
              [
                28.91274642944336,
                40.614410400390625
              ],
              [
                29.480079650878906,
                40.74397277832031
              ],
              [
                29.493009567260742,
                40.873565673828125
              ],
              [
                29.24864959716797,
                40.80876541137695
              ],
              [
                29.10276222229004,
                40.93837356567383
              ],
              [
                29.115554809570312,
                41.06801223754883
              ],
              [
                28.632890701293945,
                41.00318908691406
              ],
              [
                28.16880989074707,
                41.132843017578125
              ],
              [
                28.077255249023438,
                41.00318908691406
              ],
              [
                27.527481079101562,
                41.06801223754883
              ],
              [
                27.017187118530273,
                40.6791877746582
              ],
              [
                26.921367645263672,
                40.4848747253418
              ],
              [
                26.62644386291504,
                40.74397277832031
              ],
              [
                26.140260696411133,
                40.614410400390625
              ],
              [
                26.082168579101562,
                40.873565673828125
              ],
              [
                25.37845802307129,
                41.00318908691406
              ],
              [
                24.34656524658203,
                41.00318908691406
              ],
              [
                24.010608673095703,
                40.74397277832031
              ],
              [
                23.698017120361328,
                40.80876541137695
              ],
              [
                23.684629440307617,
                40.614410400390625
              ],
              [
                23.83857536315918,
                40.54964065551758
              ],
              [
                23.73737335205078,
                40.225894927978516
              ],
              [
                23.267255783081055,
                40.29063034057617
              ],
              [
                22.884185791015625,
                40.4848747253418
              ],
              [
                22.89249038696289,
                40.614410400390625
              ],
              [
                22.654850006103516,
                40.614410400390625
              ],
              [
                22.55951499938965,
                40.355369567871094
              ],
              [
                22.543659210205078,
                40.0964469909668
              ],
              [
                22.701663970947266,
                40.0964469909668
              ],
              [
                22.610868453979492,
                39.90232849121094
              ],
              [
                23.135168075561523,
                39.449623107910156
              ],
              [
                22.816326141357422,
                39.38497543334961
              ],
              [
                22.797286987304688,
                39.06184005737305
              ],
              [
                22.95830535888672,
                39.1264533996582
              ],
              [
                23.492761611938477,
                38.8680305480957
              ],
              [
                23.331829071044922,
                38.80344009399414
              ],
              [
                23.025423049926758,
                38.93262481689453
              ],
              [
                22.935583114624023,
                38.738853454589844
              ],
              [
                23.16720199584961,
                38.67427444458008
              ],
              [
                23.312631607055664,
                38.48057174682617
              ],
              [
                23.626148223876953,
                38.48057174682617
              ],
              [
                23.563383102416992,
                38.738853454589844
              ],
              [
                24.030162811279297,
                38.67427444458008
              ],
              [
                24.178871154785156,
                38.54513168334961
              ],
              [
                24.158668518066406,
                38.22237777709961
              ],
              [
                24.002099990844727,
                38.22237777709961
              ],
              [
                23.9786319732666,
                37.835243225097656
              ],
              [
                23.44280242919922,
                38.028785705566406
              ],
              [
                23.208162307739258,
                38.028785705566406
              ],
              [
                23.20083236694336,
                37.89975357055664
              ],
              [
                23.044498443603516,
                37.89975357055664
              ],
              [
                23.108261108398438,
                37.641746520996094
              ],
              [
                23.342487335205078,
                37.641746520996094
              ],
              [
                23.402393341064453,
                37.3193473815918
              ],
              [
                23.168506622314453,
                37.3193473815918
              ],
              [
                23.175601959228516,
                37.44829177856445
              ],
              [
                22.94858741760254,
                37.5772590637207
              ],
              [
                22.71442985534668,
                37.5772590637207
              ],
              [
                22.700735092163086,
                37.3193473815918
              ],
              [
                22.853219985961914,
                37.254878997802734
              ],
              [
                23.056013107299805,
                36.67487716674805
              ],
              [
                22.83283233642578,
                36.8681755065918
              ],
              [
                22.59941291809082,
                36.8681755065918
              ],
              [
                22.51182746887207,
                36.67487716674805
              ],
              [
                22.35634422302246,
                36.67487716674805
              ],
              [
                22.21999168395996,
                37.06150817871094
              ],
              [
                21.90850067138672,
                37.06150817871094
              ],
              [
                21.899152755737305,
                36.8681755065918
              ],
              [
                21.743539810180664,
                36.8681755065918
              ],
              [
                21.681032180786133,
                37.1904182434082
              ],
              [
                21.60311508178711,
                37.1904182434082
              ],
              [
                21.696598052978516,
                37.51277160644531
              ],
              [
                21.243581771850586,
                37.835243225097656
              ],
              [
                21.415550231933594,
                38.157840728759766
              ],
              [
                21.728593826293945,
                38.157840728759766
              ],
              [
                21.738431930541992,
                38.351463317871094
              ],
              [
                21.19325065612793,
                38.416015625
              ],
              [
                20.973709106445312,
                38.738853454589844
              ],
              [
                20.74135398864746,
                38.80344009399414
              ],
              [
                20.91095733642578,
                39.06184005737305
              ],
              [
                20.29724884033203,
                39.38497543334961
              ],
              [
                20.15495491027832,
                39.70827102661133
              ],
              [
                19.918411254882812,
                39.70827102661133
              ],
              [
                19.912464141845703,
                39.57893371582031
              ],
              [
                19.75778579711914,
                39.64360046386719
              ],
              [
                19.76365852355957,
                39.77294921875
              ],
              [
                20.00027847290039,
                39.77294921875
              ],
              [
                20.009418487548828,
                39.9670295715332
              ],
              [
                19.62952995300293,
                40.29063034057617
              ],
              [
                19.47136878967285,
                40.29063034057617
              ],
              [
                19.48629379272461,
                40.614410400390625
              ],
              [
                19.2486515045166,
                40.614410400390625
              ],
              [
                19.254547119140625,
                40.74397277832031
              ],
              [
                19.498455047607422,
                40.873565673828125
              ],
              [
                19.437559127807617,
                41.26253128051758
              ],
              [
                19.523332595825195,
                41.39224624633789
              ],
              [
                19.443790435791016,
                41.39224624633789
              ],
              [
                19.529659271240234,
                41.521995544433594
              ],
              [
                19.450061798095703,
                41.521995544433594
              ],
              [
                19.54244041442871,
                41.781593322753906
              ],
              [
                18.85202980041504,
                42.36617660522461
              ],
              [
                18.143457412719727,
                42.62621307373047
              ],
              [
                17.991540908813477,
                42.82133865356445
              ],
              [
                17.593284606933594,
                42.88639831542969
              ],
              [
                17.50791358947754,
                42.75628662109375
              ],
              [
                17.515670776367188,
                42.95146560668945
              ],
              [
                17.35520362854004,
                42.95146560668945
              ],
              [
                17.36538314819336,
                43.211830139160156
              ],
              [
                17.12186050415039,
                43.146724700927734
              ],
              [
                17.05129051208496,
                43.407203674316406
              ],
              [
                16.727190017700195,
                43.342071533203125
              ],
              [
                16.734172821044922,
                43.53750228881836
              ],
              [
                16.575437545776367,
                43.6026611328125
              ],
              [
                15.927099227905273,
                43.472347259521484
              ],
              [
                16.01169204711914,
                43.6026611328125
              ],
              [
                15.856636047363281,
                43.79821014404297
              ],
              [
                15.695383071899414,
                43.79821014404297
              ],
              [
                15.618592262268066,
                43.92862319946289
              ],
              [
                15.374701499938965,
                43.86341094970703
              ],
              [
                15.459075927734375,
                43.99384307861328
              ],
              [
                15.218687057495117,
                44.05907440185547
              ],
              [
                15.146636962890625,
                44.38538360595703
              ],
              [
                14.908865928649902,
                44.58129119873047
              ],
              [
                14.91874885559082,
                44.973392486572266
              ],
              [
                14.515777587890625,
                45.10417556762695
              ],
              [
                14.603090286254883,
                45.36587905883789
              ],
              [
                14.196189880371094,
                45.36587905883789
              ],
              [
                14.189410209655762,
                45.03877639770508
              ],
              [
                13.945749282836914,
                45.03877639770508
              ],
              [
                13.943220138549805,
                44.908016204833984
              ],
              [
                13.780906677246094,
                44.908016204833984
              ],
              [
                13.705584526062012,
                45.23500442504883
              ],
              [
                13.544051170349121,
                45.300437927246094
              ],
              [
                13.547340393066406,
                45.496795654296875
              ],
              [
                13.710229873657227,
                45.496795654296875
              ],
              [
                13.714865684509277,
                45.75876998901367
              ],
              [
                13.144780158996582,
                45.82429504394531
              ],
              [
                13.14291763305664,
                45.693260192871094
              ],
              [
                13.061376571655273,
                45.693260192871094
              ],
              [
                13.060476303100586,
                45.62776184082031
              ],
              [
                12.816752433776855,
                45.693260192871094
              ],
              [
                12.652192115783691,
                45.56227111816406
              ],
              [
                12.162785530090332,
                45.496795654296875
              ],
              [
                12.160021781921387,
                45.169586181640625
              ],
              [
                12.40256118774414,
                45.03877639770508
              ],
              [
                12.399906158447266,
                44.77729415893555
              ],
              [
                12.157197952270508,
                44.842647552490234
              ],
              [
                12.153728485107422,
                44.45067596435547
              ],
              [
                12.234664916992188,
                44.45067596435547
              ],
              [
                12.234047889709473,
                44.38538360595703
              ],
              [
                12.233428955078125,
                44.32010269165039
              ],
              [
                12.553191184997559,
                43.99384307861328
              ],
              [
                12.714629173278809,
                43.99384307861328
              ],
              [
                12.873446464538574,
                43.79821014404297
              ],
              [
                13.035634994506836,
                43.86341094970703
              ],
              [
                13.033763885498047,
                43.73301696777344
              ],
              [
                13.355091094970703,
                43.6678352355957
              ],
              [
                13.672640800476074,
                43.407203674316406
              ],
              [
                13.747068405151367,
                43.08163070678711
              ],
              [
                13.98537540435791,
                42.95146560668945
              ],
              [
                13.901384353637695,
                42.75628662109375
              ],
              [
                14.292407989501953,
                42.30118942260742
              ],
              [
                14.372347831726074,
                42.30118942260742
              ],
              [
                14.607714653015137,
                42.10627746582031
              ],
              [
                14.768959999084473,
                42.17123794555664
              ],
              [
                14.765887260437012,
                42.041324615478516
              ],
              [
                14.9239501953125,
                41.97637939453125
              ],
              [
                15.165011405944824,
                42.041324615478516
              ],
              [
                15.241438865661621,
                41.911441802978516
              ],
              [
                16.11888313293457,
                41.911441802978516
              ],
              [
                16.114879608154297,
                41.781593322753906
              ],
              [
                15.87384033203125,
                41.71668243408203
              ],
              [
                15.943941116333008,
                41.39224624633789
              ],
              [
                17.20269203186035,
                41.00318908691406
              ],
              [
                17.510658264160156,
                40.74397277832031
              ],
              [
                17.981229782104492,
                40.614410400390625
              ],
              [
                18.43811798095703,
                40.16116714477539
              ],
              [
                18.34894371032715,
                39.90232849121094
              ],
              [
                18.11216926574707,
                39.90232849121094
              ],
              [
                17.813072204589844,
                40.355369567871094
              ],
              [
                17.41753578186035,
                40.355369567871094
              ],
              [
                17.345230102539062,
                40.54964065551758
              ],
              [
                17.02848243713379,
                40.54964065551758
              ],
              [
                16.867990493774414,
                40.4848747253418
              ],
              [
                16.945016860961914,
                40.42012023925781
              ],
              [
                16.861696243286133,
                40.29063034057617
              ],
              [
                16.624452590942383,
                40.29063034057617
              ],
              [
                16.697484970092773,
                40.0964469909668
              ],
              [
                16.45665168762207,
                39.9670295715332
              ],
              [
                16.44725799560547,
                39.64360046386719
              ],
              [
                16.916194915771484,
                39.51427459716797
              ],
              [
                17.069679260253906,
                39.38497543334961
              ],
              [
                17.138301849365234,
                39.06184005737305
              ],
              [
                16.502395629882812,
                38.80344009399414
              ],
              [
                16.491945266723633,
                38.416015625
              ],
              [
                15.932764053344727,
                37.96426773071289
              ],
              [
                15.698192596435547,
                37.96426773071289
              ],
              [
                15.62426471710205,
                38.157840728759766
              ],
              [
                15.389483451843262,
                38.157840728759766
              ],
              [
                15.066489219665527,
                37.641746520996094
              ],
              [
                15.059245109558105,
                37.254878997802734
              ],
              [
                15.213889122009277,
                37.1904182434082
              ],
              [
                15.049844741821289,
                36.73930740356445
              ],
              [
                14.661029815673828,
                36.73930740356445
              ],
              [
                14.27791690826416,
                37.12596130371094
              ],
              [
                13.578389167785645,
                37.254878997802734
              ],
              [
                13.192005157470703,
                37.5772590637207
              ],
              [
                12.490468978881836,
                37.706241607666016
              ],
              [
                12.49189567565918,
                37.89975357055664
              ],
              [
                12.649824142456055,
                38.09331130981445
              ],
              [
                13.040358543395996,
                38.028785705566406
              ],
              [
                13.119925498962402,
                38.157840728759766
              ],
              [
                13.354706764221191,
                38.157840728759766
              ],
              [
                13.665236473083496,
                37.96426773071289
              ],
              [
                14.05618953704834,
                37.96426773071289
              ],
              [
                15.862062454223633,
                38.28691864013672
              ],
              [
                15.949724197387695,
                38.67427444458008
              ],
              [
                16.265209197998047,
                38.738853454589844
              ],
              [
                16.270299911499023,
                38.93262481689453
              ],
              [
                16.116540908813477,
                39.06184005737305
              ],
              [
                15.898874282836914,
                39.77294921875
              ],
              [
                15.665508270263672,
                39.90232849121094
              ],
              [
                15.747773170471191,
                40.031734466552734
              ],
              [
                15.431868553161621,
                40.031734466552734
              ],
              [
                15.199469566345215,
                40.225894927978516
              ],
              [
                15.041359901428223,
                40.225894927978516
              ],
              [
                14.893351554870605,
                40.6791877746582
              ],
              [
                14.417906761169434,
                40.6791877746582
              ],
              [
                14.421854972839355,
                40.873565673828125
              ],
              [
                14.104567527770996,
                40.873565673828125
              ],
              [
                13.950616836547852,
                41.132843017578125
              ],
              [
                13.791753768920898,
                41.132843017578125
              ],
              [
                13.714534759521484,
                41.26253128051758
              ],
              [
                13.000019073486328,
                41.32738494873047
              ],
              [
                12.130502700805664,
                41.911441802978516
              ],
              [
                12.131669044494629,
                42.041324615478516
              ],
              [
                11.812841415405273,
                42.10627746582031
              ],
              [
                11.654799461364746,
                42.36617660522461
              ],
              [
                11.494501113891602,
                42.30118942260742
              ],
              [
                11.415224075317383,
                42.43117141723633
              ],
              [
                11.255227088928223,
                42.43117141723633
              ],
              [
                11.175962448120117,
                42.62621307373047
              ],
              [
                11.015789985656738,
                42.62621307373047
              ],
              [
                11.01634693145752,
                42.82133865356445
              ],
              [
                10.535322189331055,
                43.08163070678711
              ],
              [
                10.293390274047852,
                43.79821014404297
              ],
              [
                10.293281555175781,
                43.86341094970703
              ],
              [
                10.212624549865723,
                43.86341094970703
              ],
              [
                10.13144302368164,
                44.05907440185547
              ],
              [
                9.889463424682617,
                43.99384307861328
              ],
              [
                9.969700813293457,
                44.12431716918945
              ],
              [
                9.7273588180542,
                44.12431716918945
              ],
              [
                9.159077644348145,
                44.45067596435547
              ],
              [
                8.592522621154785,
                44.45067596435547
              ],
              [
                8.191595077514648,
                44.18956756591797
              ],
              [
                8.033902168273926,
                43.92862319946289
              ],
              [
                7.150246143341064,
                43.73301696777344
              ],
              [
                6.993107318878174,
                43.53750228881836
              ],
              [
                6.67255163192749,
                43.472347259521484
              ],
              [
                6.517646789550781,
                43.211830139160156
              ],
              [
                5.796233177185059,
                43.146724700927734
              ],
              [
                5.631923198699951,
                43.276947021484375
              ],
              [
                5.551539421081543,
                43.276947021484375
              ],
              [
                5.381059169769287,
                43.6026611328125
              ],
              [
                5.058918952941895,
                43.6026611328125
              ],
              [
                5.063065528869629,
                43.472347259521484
              ],
              [
                4.982591152191162,
                43.472347259521484
              ],
              [
                4.177847862243652,
                43.472347259521484
              ],
              [
                4.173032760620117,
                43.6026611328125
              ],
              [
                3.850892543792725,
                43.6026611328125
              ],
              [
                3.617136240005493,
                43.407203674316406
              ],
              [
                3.140029191970825,
                43.276947021484375
              ],
              [
                2.984907388687134,
                43.146724700927734
              ],
              [
                3.009923458099365,
                42.56119155883789
              ],
              [
                3.092691898345947,
                42.496177673339844
              ],
              [
                3.18072247505188,
                42.30118942260742
              ],
              [
                3.10078239440918,
                42.30118942260742
              ],
              [
                3.116764783859253,
                41.911441802978516
              ],
              [
                2.885612010955811,
                41.71668243408203
              ],
              [
                2.333626985549927,
                41.586883544921875
              ],
              [
                2.106574535369873,
                41.32738494873047
              ],
              [
                1.238392949104309,
                41.19768524169922
              ],
              [
                0.695793092250824,
                40.93837356567383
              ],
              [
                0.709256291389465,
                40.6791877746582
              ],
              [
                0.247769102454185,
                40.42012023925781
              ],
              [
                0.182543575763702,
                40.16116714477539
              ],
              [
                -0.126465529203415,
                40.031734466552734
              ],
              [
                -0.345421016216278,
                39.70827102661133
              ],
              [
                -0.313707679510117,
                39.1264533996582
              ],
              [
                0.099359586834908,
                38.738853454589844
              ],
              [
                -0.660861134529114,
                38.28691864013672
              ],
              [
                -0.803495347499847,
                38.028785705566406
              ],
              [
                -0.704753637313843,
                37.641746520996094
              ],
              [
                -1.708719491958618,
                37.44829177856445
              ],
              [
                -1.623468399047852,
                37.3193473815918
              ],
              [
                -1.857354998588562,
                37.3193473815918
              ],
              [
                -2.061630010604858,
                36.80373764038086
              ],
              [
                -2.532132625579834,
                36.8681755065918
              ],
              [
                -2.680080890655518,
                36.73930740356445
              ],
              [
                -4.468626022338867,
                36.73930740356445
              ],
              [
                -4.688807487487793,
                36.5460319519043
              ],
              [
                -5.22819709777832,
                36.48161697387695
              ],
              [
                -5.287947177886963,
                36.2239875793457
              ],
              [
                -5.662277221679688,
                36.03080368041992
              ],
              [
                -5.831079006195068,
                36.2239875793457
              ],
              [
                -6.063849925994873,
                36.2239875793457
              ],
              [
                -6.330093860626221,
                36.67487716674805
              ],
              [
                -6.349542140960693,
                36.932613372802734
              ],
              [
                -6.587993621826172,
                36.9970588684082
              ],
              [
                -6.84182596206665,
                37.254878997802734
              ],
              [
                -7.465344429016113,
                37.254878997802734
              ],
              [
                -7.454815864562988,
                37.12596130371094
              ],
              [
                -7.677903652191162,
                36.9970588684082
              ],
              [
                -8.70113754272461,
                37.12596130371094
              ],
              [
                -9.00136661529541,
                36.9970588684082
              ],
              [
                -8.896896362304688,
                37.5772590637207
              ],
              [
                -8.818843841552734,
                37.5772590637207
              ],
              [
                -8.822718620300293,
                38.48057174682617
              ],
              [
                -9.20852279663086,
                38.416015625
              ],
              [
                -9.23299789428711,
                38.67427444458008
              ],
              [
                -9.38370418548584,
                38.60969924926758
              ],
              [
                -9.553065299987793,
                38.738853454589844
              ],
              [
                -9.571974754333496,
                38.93262481689453
              ],
              [
                -9.42748737335205,
                39.06184005737305
              ],
              [
                -9.387048721313477,
                39.449623107910156
              ],
              [
                -9.157164573669434,
                39.51427459716797
              ],
              [
                -9.103915214538574,
                39.77294921875
              ],
              [
                -9.025042533874512,
                39.77294921875
              ],
              [
                -8.925222396850586,
                40.355369567871094
              ],
              [
                -8.846114158630371,
                40.355369567871094
              ],
              [
                -8.872282981872559,
                40.614410400390625
              ],
              [
                -8.72695255279541,
                40.74397277832031
              ],
              [
                -8.914280891418457,
                41.781593322753906
              ],
              [
                -8.668333053588867,
                41.71668243408203
              ],
              [
                -8.356306076049805,
                41.781593322753906
              ],
              [
                -8.290000915527344,
                41.911441802978516
              ],
              [
                -7.253022193908691,
                41.911441802978516
              ],
              [
                -7.185933589935303,
                42.041324615478516
              ],
              [
                -6.461419582366943,
                41.97637939453125
              ],
              [
                -5.840682506561279,
                42.17123794555664
              ],
              [
                -3.114868402481079,
                42.041324615478516
              ],
              [
                -2.964918613433838,
                42.17123794555664
              ],
              [
                -2.17987585067749,
                42.36617660522461
              ],
              [
                -2.113712072372437,
                42.56119155883789
              ],
              [
                -1.949042797088623,
                42.496177673339844
              ],
              [
                -1.482053637504578,
                42.691246032714844
              ],
              [
                -1.490897059440613,
                42.82133865356445
              ],
              [
                -1.330547690391541,
                42.82133865356445
              ],
              [
                -1.259086012840271,
                42.95146560668945
              ],
              [
                -0.938149929046631,
                42.95146560668945
              ],
              [
                -0.685018658638,
                42.75628662109375
              ],
              [
                0.287992000579834,
                42.56119155883789
              ],
              [
                0.455450922250748,
                42.43117141723633
              ],
              [
                0.771893441677094,
                42.496177673339844
              ],
              [
                0.858954727649689,
                42.36617660522461
              ],
              [
                1.178831577301025,
                42.36617660522461
              ],
              [
                1.182217955589294,
                42.30118942260742
              ],
              [
                1.748139262199402,
                42.17123794555664
              ],
              [
                1.996972918510437,
                41.97637939453125
              ],
              [
                2.717926979064941,
                41.911441802978516
              ],
              [
                2.712342262268066,
                42.041324615478516
              ]
            ]
          ],
          [
            [
              [
                20.151897430419922,
                39.64360046386719
              ],
              [
                20.148855209350586,
                39.57893371582031
              ],
              [
                20.070056915283203,
                39.57893371582031
              ],
              [
                20.073074340820312,
                39.64360046386719
              ],
              [
                20.151897430419922,
                39.64360046386719
              ]
            ]
          ],
          [
            [
              [
                3.295835733413696,
                39.320335388183594
              ],
              [
                2.82365870475769,
                39.320335388183594
              ],
              [
                2.658556938171387,
                39.51427459716797
              ],
              [
                2.346148252487183,
                39.449623107910156
              ],
              [
                2.338095426559448,
                39.64360046386719
              ],
              [
                2.877186298370361,
                39.9670295715332
              ],
              [
                2.956136703491211,
                39.9670295715332
              ],
              [
                3.19298791885376,
                39.9670295715332
              ],
              [
                3.197866439819336,
                39.8376350402832
              ],
              [
                3.515789270401001,
                39.77294921875
              ],
              [
                3.295835733413696,
                39.320335388183594
              ]
            ]
          ],
          [
            [
              [
                3.741101741790771,
                40.0964469909668
              ],
              [
                3.820104122161865,
                40.0964469909668
              ],
              [
                4.215116024017334,
                40.0964469909668
              ],
              [
                4.302449703216553,
                39.8376350402832
              ],
              [
                3.826826572418213,
                39.90232849121094
              ],
              [
                3.741101741790771,
                40.0964469909668
              ]
            ]
          ],
          [
            [
              [
                9.665326118469238,
                40.29063034057617
              ],
              [
                9.74737548828125,
                39.64360046386719
              ],
              [
                9.668553352355957,
                39.64360046386719
              ],
              [
                9.592622756958008,
                39.1264533996582
              ],
              [
                9.120378494262695,
                39.19107437133789
              ],
              [
                8.96590518951416,
                38.8680305480957
              ],
              [
                8.730334281921387,
                38.8680305480957
              ],
              [
                8.336196899414062,
                38.997230529785156
              ],
              [
                8.411824226379395,
                39.25570297241211
              ],
              [
                8.333152770996094,
                39.25570297241211
              ],
              [
                8.330102920532227,
                39.51427459716797
              ],
              [
                8.40887451171875,
                39.51427459716797
              ],
              [
                8.48337459564209,
                39.90232849121094
              ],
              [
                8.324762344360352,
                39.9670295715332
              ],
              [
                8.400031089782715,
                40.29063034057617
              ],
              [
                8.32094955444336,
                40.29063034057617
              ],
              [
                8.318660736083984,
                40.4848747253418
              ],
              [
                8.159523010253906,
                40.54964065551758
              ],
              [
                8.154606819152832,
                40.93837356567383
              ],
              [
                8.552037239074707,
                40.873565673828125
              ],
              [
                9.024832725524902,
                41.26253128051758
              ],
              [
                9.10431957244873,
                41.26253128051758
              ],
              [
                9.50210952758789,
                41.19768524169922
              ],
              [
                9.821690559387207,
                40.74397277832031
              ],
              [
                9.823226928710938,
                40.355369567871094
              ],
              [
                9.665326118469238,
                40.29063034057617
              ]
            ]
          ],
          [
            [
              [
                9.577608108520508,
                41.97637939453125
              ],
              [
                9.497812271118164,
                41.97637939453125
              ],
              [
                9.49889087677002,
                41.781593322753906
              ],
              [
                9.262411117553711,
                41.39224624633789
              ],
              [
                9.1038236618042,
                41.32738494873047
              ],
              [
                8.783942222595215,
                41.521995544433594
              ],
              [
                8.782108306884766,
                41.71668243408203
              ],
              [
                8.622743606567383,
                41.71668243408203
              ],
              [
                8.700496673583984,
                41.911441802978516
              ],
              [
                8.538846015930176,
                42.10627746582031
              ],
              [
                8.534564018249512,
                42.496177673339844
              ],
              [
                8.772740364074707,
                42.691246032714844
              ],
              [
                9.17282485961914,
                42.75628662109375
              ],
              [
                9.251097679138184,
                43.016544342041016
              ],
              [
                9.331360816955566,
                43.016544342041016
              ],
              [
                9.491888999938965,
                43.016544342041016
              ],
              [
                9.49340534210205,
                42.75628662109375
              ],
              [
                9.5735502243042,
                42.75628662109375
              ],
              [
                9.577608108520508,
                41.97637939453125
              ]
            ]
          ],
          [
            [
              [
                10.134284973144531,
                42.88639831542969
              ],
              [
                10.214488983154297,
                42.88639831542969
              ],
              [
                10.45510196685791,
                42.88639831542969
              ],
              [
                10.455166816711426,
                42.691246032714844
              ],
              [
                10.21481990814209,
                42.691246032714844
              ],
              [
                10.134284973144531,
                42.88639831542969
              ]
            ]
          ],
          [
            [
              [
                -0.857915937900543,
                42.95146560668945
              ],
              [
                -0.938149929046631,
                42.95146560668945
              ],
              [
                -0.942404747009277,
                43.016544342041016
              ],
              [
                -0.862140953540802,
                43.016544342041016
              ],
              [
                -0.857915937900543,
                42.95146560668945
              ]
            ]
          ],
          [
            [
              [
                -1.767988562583923,
                43.342071533203125
              ],
              [
                -1.848402380943298,
                43.342071533203125
              ],
              [
                -1.853058218955994,
                43.407203674316406
              ],
              [
                -1.772614240646362,
                43.407203674316406
              ],
              [
                -1.767988562583923,
                43.342071533203125
              ]
            ]
          ],
          [
            [
              [
                14.350428581237793,
                44.973392486572266
              ],
              [
                14.51131820678711,
                44.908016204833984
              ],
              [
                14.502378463745117,
                44.5159797668457
              ],
              [
                14.260871887207031,
                44.58129119873047
              ],
              [
                14.269240379333496,
                44.973392486572266
              ],
              [
                14.350428581237793,
                44.973392486572266
              ]
            ]
          ],
          [
            [
              [
                6.278356552124023,
                51.84812545776367
              ],
              [
                6.193368434906006,
                51.84812545776367
              ],
              [
                6.191279411315918,
                51.91512680053711
              ],
              [
                6.276310443878174,
                51.91512680053711
              ],
              [
                6.278356552124023,
                51.84812545776367
              ]
            ]
          ],
          [
            [
              [
                34.08732223510742,
                35.00096893310547
              ],
              [
                33.69539260864258,
                34.93662643432617
              ],
              [
                33.523399353027344,
                34.743614196777344
              ],
              [
                33.1320686340332,
                34.679283142089844
              ],
              [
                33.04356002807617,
                34.55062484741211
              ],
              [
                32.36665725708008,
                34.743614196777344
              ],
              [
                32.229042053222656,
                34.93662643432617
              ],
              [
                32.24578857421875,
                35.12965774536133
              ],
              [
                32.55473709106445,
                35.12965774536133
              ],
              [
                32.875247955322266,
                35.258358001708984
              ],
              [
                32.886871337890625,
                35.38706970214844
              ],
              [
                33.73737716674805,
                35.38706970214844
              ],
              [
                34.309810638427734,
                35.708900451660156
              ],
              [
                34.38723373413086,
                35.708900451660156
              ],
              [
                34.542076110839844,
                35.708900451660156
              ],
              [
                34.5294189453125,
                35.58015823364258
              ],
              [
                33.95713424682617,
                35.258358001708984
              ],
              [
                34.08732223510742,
                35.00096893310547
              ]
            ]
          ],
          [
            [
              [
                24.149879455566406,
                35.38706970214844
              ],
              [
                24.30097007751465,
                35.32271194458008
              ],
              [
                25.69233512878418,
                35.32271194458008
              ],
              [
                25.680648803710938,
                35.12965774536133
              ],
              [
                26.22533416748047,
                35.194007873535156
              ],
              [
                26.140073776245117,
                35.065311431884766
              ],
              [
                24.823745727539062,
                35.00096893310547
              ],
              [
                24.7574462890625,
                35.194007873535156
              ],
              [
                24.52567481994629,
                35.194007873535156
              ],
              [
                24.44841766357422,
                35.194007873535156
              ],
              [
                23.679210662841797,
                35.258358001708984
              ],
              [
                23.615402221679688,
                35.51579284667969
              ],
              [
                24.156919479370117,
                35.51579284667969
              ],
              [
                24.149879455566406,
                35.38706970214844
              ]
            ]
          ],
          [
            [
              [
                27.692523956298828,
                36.28839111328125
              ],
              [
                28.01713752746582,
                36.48161697387695
              ],
              [
                28.09481430053711,
                36.48161697387695
              ],
              [
                28.250165939331055,
                36.48161697387695
              ],
              [
                28.139331817626953,
                36.03080368041992
              ],
              [
                27.742563247680664,
                35.902034759521484
              ],
              [
                27.692523956298828,
                36.28839111328125
              ]
            ]
          ],
          [
            [
              [
                22.887205123901367,
                36.417205810546875
              ],
              [
                22.964859008789062,
                36.417205810546875
              ],
              [
                23.116798400878906,
                36.3527946472168
              ],
              [
                23.10675048828125,
                36.15959167480469
              ],
              [
                22.87404441833496,
                36.15959167480469
              ],
              [
                22.887205123901367,
                36.417205810546875
              ]
            ]
          ],
          [
            [
              [
                27.116777420043945,
                36.932613372802734
              ],
              [
                27.18541717529297,
                36.80373764038086
              ],
              [
                26.865324020385742,
                36.67487716674805
              ],
              [
                27.038949966430664,
                36.932613372802734
              ],
              [
                27.116777420043945,
                36.932613372802734
              ]
            ]
          ],
          [
            [
              [
                25.339021682739258,
                37.12596130371094
              ],
              [
                25.416915893554688,
                37.12596130371094
              ],
              [
                25.57270622253418,
                37.12596130371094
              ],
              [
                25.56435775756836,
                36.9970588684082
              ],
              [
                25.330806732177734,
                36.9970588684082
              ],
              [
                25.339021682739258,
                37.12596130371094
              ]
            ]
          ],
          [
            [
              [
                24.36141586303711,
                37.706241607666016
              ],
              [
                24.43158721923828,
                37.5772590637207
              ],
              [
                24.27158546447754,
                37.51277160644531
              ],
              [
                24.201318740844727,
                37.641746520996094
              ],
              [
                24.28331756591797,
                37.706241607666016
              ],
              [
                24.36141586303711,
                37.706241607666016
              ]
            ]
          ],
          [
            [
              [
                25.064300537109375,
                37.706241607666016
              ],
              [
                25.220497131347656,
                37.706241607666016
              ],
              [
                25.285974502563477,
                37.51277160644531
              ],
              [
                25.0518856048584,
                37.51277160644531
              ],
              [
                24.986202239990234,
                37.706241607666016
              ],
              [
                25.064300537109375,
                37.706241607666016
              ]
            ]
          ],
          [
            [
              [
                26.079580307006836,
                37.706241607666016
              ],
              [
                26.157678604125977,
                37.706241607666016
              ],
              [
                26.313875198364258,
                37.706241607666016
              ],
              [
                26.304851531982422,
                37.5772590637207
              ],
              [
                25.988245010375977,
                37.51277160644531
              ],
              [
                26.079580307006836,
                37.706241607666016
              ]
            ]
          ],
          [
            [
              [
                20.621307373046875,
                37.89975357055664
              ],
              [
                20.69947624206543,
                37.89975357055664
              ],
              [
                20.933977127075195,
                37.89975357055664
              ],
              [
                20.922147750854492,
                37.641746520996094
              ],
              [
                20.612695693969727,
                37.706241607666016
              ],
              [
                20.621307373046875,
                37.89975357055664
              ]
            ]
          ],
          [
            [
              [
                24.694225311279297,
                38.028785705566406
              ],
              [
                24.772438049316406,
                38.028785705566406
              ],
              [
                25.068470001220703,
                37.7707405090332
              ],
              [
                24.830005645751953,
                37.706241607666016
              ],
              [
                24.681930541992188,
                37.835243225097656
              ],
              [
                24.694225311279297,
                38.028785705566406
              ]
            ]
          ],
          [
            [
              [
                25.89913558959961,
                38.48057174682617
              ],
              [
                25.820756912231445,
                38.48057174682617
              ],
              [
                25.912982940673828,
                38.67427444458008
              ],
              [
                25.99143409729004,
                38.67427444458008
              ],
              [
                26.217344284057617,
                38.54513168334961
              ],
              [
                26.111188888549805,
                38.157840728759766
              ],
              [
                25.876405715942383,
                38.157840728759766
              ],
              [
                25.89913558959961,
                38.48057174682617
              ]
            ]
          ],
          [
            [
              [
                23.56732749938965,
                38.80344009399414
              ],
              [
                23.563383102416992,
                38.738853454589844
              ],
              [
                23.484909057617188,
                38.738853454589844
              ],
              [
                23.488826751708984,
                38.80344009399414
              ],
              [
                23.56732749938965,
                38.80344009399414
              ]
            ]
          ],
          [
            [
              [
                24.364974975585938,
                38.997230529785156
              ],
              [
                24.443546295166016,
                38.997230529785156
              ],
              [
                24.674930572509766,
                38.93262481689453
              ],
              [
                24.662033081054688,
                38.738853454589844
              ],
              [
                24.35651969909668,
                38.8680305480957
              ],
              [
                24.364974975585938,
                38.997230529785156
              ]
            ]
          ],
          [
            [
              [
                26.103172302246094,
                39.1264533996582
              ],
              [
                25.793418884277344,
                39.19107437133789
              ],
              [
                26.043895721435547,
                39.38497543334961
              ],
              [
                26.122615814208984,
                39.38497543334961
              ],
              [
                26.511207580566406,
                39.320335388183594
              ],
              [
                26.643573760986328,
                38.997230529785156
              ],
              [
                26.24588966369629,
                38.93262481689453
              ],
              [
                26.09356689453125,
                38.997230529785156
              ],
              [
                26.103172302246094,
                39.1264533996582
              ]
            ]
          ],
          [
            [
              [
                25.145954132080078,
                40.031734466552734
              ],
              [
                25.46186065673828,
                40.031734466552734
              ],
              [
                25.447328567504883,
                39.8376350402832
              ],
              [
                24.973936080932617,
                39.8376350402832
              ],
              [
                25.066978454589844,
                40.031734466552734
              ],
              [
                25.145954132080078,
                40.031734466552734
              ]
            ]
          ]
        ]
      }
    }
  ]
}
