{
  "type": "FeatureCollection",
  "features": [
    {
      "type": "Feature",
      "properties": {
        "Name": "British Colonial Empire",
        "FromYear": 1911,
        "ToYear": 1913,
        "Area": 11399038.327405863,
        "Type": "POLITY",
        "Wikipedia": "British Empire",
        "Wikidata": "Q8680",
        "SeshatID": "gb_british_emp_2",
        "Components": "",
        "MemberOf": "(British Empire)",
        "displayYear": 1912,
        "sourceYear": 1912,
        "mappedTerritoryId": "cliopatria_british_colonial_empire"
      },
      "geometry": {
        "type": "MultiPolygon",
        "coordinates": [
          [
            [
              [
                -89.16804504394531,
                17.77190399169922
              ],
              [
                -89.05091857910156,
                17.964767456054688
              ],
              [
                -88.75556182861328,
                17.964767456054688
              ],
              [
                -88.3945083618164,
                18.479066848754883
              ],
              [
                -88.2467041015625,
                18.479066848754883
              ],
              [
                -88.23637390136719,
                18.414779663085938
              ],
              [
                -88.07830810546875,
                18.350492477416992
              ],
              [
                -88.02729034423828,
                18.029054641723633
              ],
              [
                -88.18842315673828,
                17.643327713012695
              ],
              [
                -88.13533020019531,
                16.807586669921875
              ],
              [
                -88.20903015136719,
                16.807586669921875
              ],
              [
                -88.23552703857422,
                16.486146926879883
              ],
              [
                -88.30919647216797,
                16.486146926879883
              ],
              [
                -88.82465362548828,
                15.971842765808105
              ],
              [
                -88.81562042236328,
                15.907554626464844
              ],
              [
                -89.11003112792969,
                15.907554626464844
              ],
              [
                -89.10779571533203,
                17.38617706298828
              ],
              [
                -89.03401947021484,
                17.38617706298828
              ],
              [
                -89.16804504394531,
                17.77190399169922
              ]
            ]
          ],
          [
            [
              [
                -81.69781494140625,
                45.56227111816406
              ],
              [
                -82.18667602539062,
                45.56227111816406
              ],
              [
                -83.15068054199219,
                45.82429504394531
              ],
              [
                -83.34516143798828,
                46.02093505859375
              ],
              [
                -83.26345825195312,
                46.02093505859375
              ],
              [
                -82.6167221069336,
                45.889827728271484
              ],
              [
                -82.52811431884766,
                46.02093505859375
              ],
              [
                -81.95618438720703,
                46.02093505859375
              ],
              [
                -81.67401885986328,
                45.95537567138672
              ],
              [
                -81.5633544921875,
                45.75876998901367
              ],
              [
                -81.69781494140625,
                45.56227111816406
              ]
            ]
          ],
          [
            [
              [
                -79.31082916259766,
                51.98215103149414
              ],
              [
                -79.69036865234375,
                51.91512680053711
              ],
              [
                -79.74313354492188,
                52.11625671386719
              ],
              [
                -79.44853973388672,
                52.18334197998047
              ],
              [
                -79.36333465576172,
                52.18334197998047
              ],
              [
                -79.31082916259766,
                51.98215103149414
              ]
            ]
          ],
          [
            [
              [
                -82.0826187133789,
                53.124786376953125
              ],
              [
                -82.13189697265625,
                53.192195892333984
              ],
              [
                -81.15023803710938,
                53.25962829589844
              ],
              [
                -80.67776489257812,
                52.720787048339844
              ],
              [
                -81.49601745605469,
                52.78806686401367
              ],
              [
                -82.07024383544922,
                52.99003219604492
              ],
              [
                -82.16844940185547,
                53.124786376953125
              ],
              [
                -82.0826187133789,
                53.124786376953125
              ]
            ]
          ],
          [
            [
              [
                -131.59732055664062,
                52.653533935546875
              ],
              [
                -131.694091796875,
                52.586299896240234
              ],
              [
                -131.21670532226562,
                52.38472366333008
              ],
              [
                -130.95114135742188,
                51.98215103149414
              ],
              [
                -131.12127685546875,
                51.98215103149414
              ],
              [
                -131.72872924804688,
                52.38472366333008
              ],
              [
                -132.7141876220703,
                53.192195892333984
              ],
              [
                -132.62831115722656,
                53.192195892333984
              ],
              [
                -132.8583984375,
                53.39456558227539
              ],
              [
                -132.7723846435547,
                53.39456558227539
              ],
              [
                -133.16839599609375,
                53.664710998535156
              ],
              [
                -132.99598693847656,
                53.664710998535156
              ],
              [
                -133.23062133789062,
                53.86756134033203
              ],
              [
                -133.14427185058594,
                53.86756134033203
              ],
              [
                -133.30174255371094,
                54.00291442871094
              ],
              [
                -133.2078399658203,
                54.07062530517578
              ],
              [
                -133.28704833984375,
                54.138362884521484
              ],
              [
                -131.8159637451172,
                54.138362884521484
              ],
              [
                -131.65939331054688,
                54.00291442871094
              ],
              [
                -131.74583435058594,
                54.00291442871094
              ],
              [
                -131.67642211914062,
                53.86756134033203
              ],
              [
                -131.84910583496094,
                53.86756134033203
              ],
              [
                -131.78915405273438,
                53.664710998535156
              ],
              [
                -131.9615478515625,
                53.664710998535156
              ],
              [
                -131.8935089111328,
                53.52959060668945
              ],
              [
                -131.99822998046875,
                53.39456558227539
              ],
              [
                -131.92176818847656,
                53.32708740234375
              ],
              [
                -132.0077362060547,
                53.32708740234375
              ],
              [
                -131.6182098388672,
                53.057395935058594
              ],
              [
                -131.78977966308594,
                53.057395935058594
              ],
              [
                -131.63919067382812,
                52.92268753051758
              ],
              [
                -131.82119750976562,
                52.85536575317383
              ],
              [
                -131.59732055664062,
                52.653533935546875
              ]
            ]
          ],
          [
            [
              [
                -91.0931625366211,
                73.32563781738281
              ],
              [
                -91.40733337402344,
                73.2452163696289
              ],
              [
                -91.29805755615234,
                73.08467102050781
              ],
              [
                -91.50856018066406,
                73.08467102050781
              ],
              [
                -91.40188598632812,
                73.00454711914062
              ],
              [
                -91.61216735839844,
                73.00454711914062
              ],
              [
                -91.50587463378906,
                72.92451477050781
              ],
              [
                -91.8198471069336,
                72.84458923339844
              ],
              [
                -91.71430206298828,
                72.76475524902344
              ],
              [
                -92.02872467041016,
                72.76475524902344
              ],
              [
                -91.9234390258789,
                72.68501281738281
              ],
              [
                -93.918212890625,
                72.84458923339844
              ],
              [
                -93.38477325439453,
                72.36699676513672
              ],
              [
                -93.80117797851562,
                72.2877197265625
              ],
              [
                -93.69679260253906,
                72.20853424072266
              ],
              [
                -93.90489959716797,
                72.20853424072266
              ],
              [
                -93.80084991455078,
                72.12944030761719
              ],
              [
                -94.11271667480469,
                72.05043029785156
              ],
              [
                -94.00930786132812,
                71.97151184082031
              ],
              [
                -94.73550415039062,
                71.97151184082031
              ],
              [
                -94.32279205322266,
                71.73527526855469
              ],
              [
                -94.21935272216797,
                71.73527526855469
              ],
              [
                -94.32173156738281,
                71.81393432617188
              ],
              [
                -93.8040542602539,
                71.81393432617188
              ],
              [
                -93.49994659423828,
                71.57820129394531
              ],
              [
                -93.19329833984375,
                71.49979400634766
              ],
              [
                -92.79724884033203,
                71.18696594238281
              ],
              [
                -92.9046401977539,
                71.10896301269531
              ],
              [
                -92.70983123779297,
                70.95317840576172
              ],
              [
                -92.8177490234375,
                70.87539672851562
              ],
              [
                -91.55757141113281,
                70.17870330810547
              ],
              [
                -92.2679672241211,
                70.17870330810547
              ],
              [
                -92.09046173095703,
                69.9477310180664
              ],
              [
                -92.60487365722656,
                69.8708724975586
              ],
              [
                -92.52120208740234,
                69.71734619140625
              ],
              [
                -91.93479919433594,
                69.5640869140625
              ],
              [
                -91.72343444824219,
                69.64068603515625
              ],
              [
                -91.81466674804688,
                69.71734619140625
              ],
              [
                -90.81585693359375,
                69.64068603515625
              ],
              [
                -90.33406066894531,
                69.487548828125
              ],
              [
                -90.16805267333984,
                69.25833129882812
              ],
              [
                -90.68164825439453,
                69.18205261230469
              ],
              [
                -91.07159423828125,
                69.25833129882812
              ],
              [
                -90.35538482666016,
                68.7257080078125
              ],
              [
                -90.45516204833984,
                68.7257080078125
              ],
              [
                -90.3814926147461,
                68.57408905029297
              ],
              [
                -90.58070373535156,
                68.57408905029297
              ],
              [
                -90.32231903076172,
                68.34712219238281
              ],
              [
                -90.12361907958984,
                68.34712219238281
              ],
              [
                -90.19570922851562,
                68.49837493896484
              ],
              [
                -89.99666595458984,
                68.49837493896484
              ],
              [
                -90.1427993774414,
                68.8016128540039
              ],
              [
                -89.83006286621094,
                68.87757110595703
              ],
              [
                -90.00445556640625,
                69.0296859741211
              ],
              [
                -89.80419921875,
                69.0296859741211
              ],
              [
                -89.87921142578125,
                69.18205261230469
              ],
              [
                -89.56568908691406,
                69.25833129882812
              ],
              [
                -89.65371704101562,
                69.33467864990234
              ],
              [
                -88.8629379272461,
                69.25833129882812
              ],
              [
                -88.21641540527344,
                68.95359802246094
              ],
              [
                -87.80721282958984,
                68.49837493896484
              ],
              [
                -87.90673828125,
                68.49837493896484
              ],
              [
                -87.85443878173828,
                68.27159118652344
              ],
              [
                -88.46550750732422,
                68.19611358642578
              ],
              [
                -88.3148193359375,
                67.97005462646484
              ],
              [
                -88.41374206542969,
                67.97005462646484
              ],
              [
                -87.40198516845703,
                67.22032165527344
              ],
              [
                -87.08940887451172,
                67.29503631591797
              ],
              [
                -87.15155029296875,
                67.44463348388672
              ],
              [
                -86.65979766845703,
                67.44463348388672
              ],
              [
                -86.7038803100586,
                67.66946411132812
              ],
              [
                -86.60528564453125,
                67.66946411132812
              ],
              [
                -86.88336181640625,
                67.74452209472656
              ],
              [
                -87.12767791748047,
                67.97005462646484
              ],
              [
                -87.01165008544922,
                68.04534912109375
              ],
              [
                -87.17616271972656,
                68.19611358642578
              ],
              [
                -86.9778060913086,
                68.19611358642578
              ],
              [
                -87.04377746582031,
                68.34712219238281
              ],
              [
                -86.64637756347656,
                68.34712219238281
              ],
              [
                -86.4175796508789,
                68.04534912109375
              ],
              [
                -86.21955871582031,
                68.04534912109375
              ],
              [
                -86.30099487304688,
                68.1207046508789
              ],
              [
                -85.869140625,
                68.27159118652344
              ],
              [
                -85.91632080078125,
                68.49837493896484
              ],
              [
                -85.81680297851562,
                68.49837493896484
              ],
              [
                -85.98189544677734,
                68.64987182617188
              ],
              [
                -85.86532592773438,
                68.7257080078125
              ],
              [
                -85.94843292236328,
                68.8016128540039
              ],
              [
                -85.14950561523438,
                68.8016128540039
              ],
              [
                -85.29843139648438,
                69.0296859741211
              ],
              [
                -85.09817504882812,
                69.0296859741211
              ],
              [
                -85.71919250488281,
                69.41107940673828
              ],
              [
                -85.5180435180664,
                69.41107940673828
              ],
              [
                -85.68818664550781,
                69.5640869140625
              ],
              [
                -85.57205963134766,
                69.64068603515625
              ],
              [
                -85.74376678466797,
                69.79407501220703
              ],
              [
                -85.64274597167969,
                69.79407501220703
              ],
              [
                -85.81558227539062,
                69.9477310180664
              ],
              [
                -84.92007446289062,
                69.8708724975586
              ],
              [
                -85.00592041015625,
                69.9477310180664
              ],
              [
                -84.60108947753906,
                69.9477310180664
              ],
              [
                -84.975830078125,
                70.10164642333984
              ],
              [
                -86.2063980102539,
                70.024658203125
              ],
              [
                -86.95285034179688,
                70.41029357910156
              ],
              [
                -87.89213562011719,
                70.2558364868164
              ],
              [
                -88.6828842163086,
                70.41029357910156
              ],
              [
                -89.44942474365234,
                70.79769897460938
              ],
              [
                -89.63671112060547,
                70.95317840576172
              ],
              [
                -89.43183898925781,
                70.95317840576172
              ],
              [
                -89.71531677246094,
                71.18696594238281
              ],
              [
                -89.09893035888672,
                71.18696594238281
              ],
              [
                -88.50055694580078,
                71.0310287475586
              ],
              [
                -87.47521209716797,
                71.0310287475586
              ],
              [
                -87.95973205566406,
                71.26505279541016
              ],
              [
                -89.9064712524414,
                71.34321594238281
              ],
              [
                -90.19657135009766,
                71.57820129394531
              ],
              [
                -90.08753967285156,
                71.65669250488281
              ],
              [
                -90.18544006347656,
                71.73527526855469
              ],
              [
                -90.0820083618164,
                71.73527526855469
              ],
              [
                -90.17542266845703,
                71.8926773071289
              ],
              [
                -90.07178497314453,
                71.8926773071289
              ],
              [
                -90.27040100097656,
                72.05043029785156
              ],
              [
                -89.95466613769531,
                72.12944030761719
              ],
              [
                -90.14974212646484,
                72.44635772705078
              ],
              [
                -89.83389282226562,
                72.52581787109375
              ],
              [
                -89.93415832519531,
                72.68501281738281
              ],
              [
                -89.72476196289062,
                72.68501281738281
              ],
              [
                -89.82640838623047,
                72.84458923339844
              ],
              [
                -89.40673828125,
                72.84458923339844
              ],
              [
                -89.50878143310547,
                73.08467102050781
              ],
              [
                -89.40353393554688,
                73.08467102050781
              ],
              [
                -89.5085678100586,
                73.1648941040039
              ],
              [
                -89.19230651855469,
                73.2452163696289
              ],
              [
                -89.29811096191406,
                73.32563781738281
              ],
              [
                -88.98133850097656,
                73.32563781738281
              ],
              [
                -89.0874252319336,
                73.40616607666016
              ],
              [
                -88.87601470947266,
                73.40616607666016
              ],
              [
                -88.98250579833984,
                73.48678588867188
              ],
              [
                -88.6650390625,
                73.48678588867188
              ],
              [
                -88.77181243896484,
                73.56752014160156
              ],
              [
                -88.4540023803711,
                73.56752014160156
              ],
              [
                -88.56107330322266,
                73.64835357666016
              ],
              [
                -88.24291229248047,
                73.64835357666016
              ],
              [
                -88.35028076171875,
                73.72928619384766
              ],
              [
                -88.03176879882812,
                73.72928619384766
              ],
              [
                -88.13944244384766,
                73.8103256225586
              ],
              [
                -85.16192626953125,
                73.89147186279297
              ],
              [
                -84.84918212890625,
                73.64835357666016
              ],
              [
                -85.16734313964844,
                73.64835357666016
              ],
              [
                -85.06401062011719,
                73.56752014160156
              ],
              [
                -85.48776245117188,
                73.56752014160156
              ],
              [
                -85.38458251953125,
                73.48678588867188
              ],
              [
                -85.91625213623047,
                73.40616607666016
              ],
              [
                -85.81360626220703,
                73.32563781738281
              ],
              [
                -86.02478790283203,
                73.32563781738281
              ],
              [
                -85.9225082397461,
                73.2452163696289
              ],
              [
                -86.13346099853516,
                73.2452163696289
              ],
              [
                -86.03155517578125,
                73.1648941040039
              ],
              [
                -86.24227905273438,
                73.1648941040039
              ],
              [
                -86.14073181152344,
                73.08467102050781
              ],
              [
                -86.35123443603516,
                73.08467102050781
              ],
              [
                -86.25003814697266,
                73.00454711914062
              ],
              [
                -86.46031951904297,
                73.00454711914062
              ],
              [
                -86.3594741821289,
                72.92451477050781
              ],
              [
                -86.56953430175781,
                72.92451477050781
              ],
              [
                -86.46903228759766,
                72.84458923339844
              ],
              [
                -86.67886352539062,
                72.84458923339844
              ],
              [
                -86.57870483398438,
                72.76475524902344
              ],
              [
                -86.68350982666016,
                72.76475524902344
              ],
              [
                -86.1834945678711,
                72.44635772705078
              ],
              [
                -86.28787231445312,
                72.44635772705078
              ],
              [
                -86.19737243652344,
                72.2877197265625
              ],
              [
                -86.40570068359375,
                72.2877197265625
              ],
              [
                -86.3088150024414,
                72.20853424072266
              ],
              [
                -86.41287231445312,
                72.20853424072266
              ],
              [
                -86.3323745727539,
                71.97151184082031
              ],
              [
                -84.95427703857422,
                71.42146301269531
              ],
              [
                -84.74822235107422,
                71.42146301269531
              ],
              [
                -84.8285903930664,
                71.57820129394531
              ],
              [
                -84.72535705566406,
                71.57820129394531
              ],
              [
                -85.33427429199219,
                71.65669250488281
              ],
              [
                -86.21243286132812,
                72.12944030761719
              ],
              [
                -85.69268035888672,
                72.12944030761719
              ],
              [
                -85.78853607177734,
                72.20853424072266
              ],
              [
                -85.46824645996094,
                72.2877197265625
              ],
              [
                -85.56468200683594,
                72.36699676513672
              ],
              [
                -85.25187683105469,
                72.36699676513672
              ],
              [
                -85.65460968017578,
                72.52581787109375
              ],
              [
                -85.94444274902344,
                72.84458923339844
              ],
              [
                -85.73460388183594,
                72.84458923339844
              ],
              [
                -85.82948303222656,
                73.00454711914062
              ],
              [
                -85.40396881103516,
                73.08467102050781
              ],
              [
                -85.50059509277344,
                73.2452163696289
              ],
              [
                -85.18416595458984,
                73.2452163696289
              ],
              [
                -85.28201293945312,
                73.40616607666016
              ],
              [
                -85.07060241699219,
                73.40616607666016
              ],
              [
                -85.17294311523438,
                73.48678588867188
              ],
              [
                -84.64778137207031,
                73.40616607666016
              ],
              [
                -84.7496566772461,
                73.48678588867188
              ],
              [
                -84.53800964355469,
                73.48678588867188
              ],
              [
                -84.64026641845703,
                73.56752014160156
              ],
              [
                -83.14788055419922,
                73.72928619384766
              ],
              [
                -83.25011444091797,
                73.8103256225586
              ],
              [
                -81.65576171875,
                73.8103256225586
              ],
              [
                -81.06199645996094,
                73.32563781738281
              ],
              [
                -80.64863586425781,
                73.2452163696289
              ],
              [
                -80.45714569091797,
                73.08467102050781
              ],
              [
                -80.57249450683594,
                73.00454711914062
              ],
              [
                -80.18540954589844,
                72.76475524902344
              ],
              [
                -80.29021453857422,
                72.76475524902344
              ],
              [
                -80.1971664428711,
                72.68501281738281
              ],
              [
                -80.62757110595703,
                72.6053695678711
              ],
              [
                -80.53498077392578,
                72.52581787109375
              ],
              [
                -80.74394226074219,
                72.52581787109375
              ],
              [
                -80.57264709472656,
                72.2877197265625
              ],
              [
                -80.14274597167969,
                72.36699676513672
              ],
              [
                -80.23413848876953,
                72.44635772705078
              ],
              [
                -79.90808868408203,
                72.52581787109375
              ],
              [
                -80.0000228881836,
                72.6053695678711
              ],
              [
                -79.79084777832031,
                72.6053695678711
              ],
              [
                -79.6078872680664,
                72.44635772705078
              ],
              [
                -79.19039154052734,
                72.44635772705078
              ],
              [
                -78.71273040771484,
                72.20853424072266
              ],
              [
                -78.89153289794922,
                72.36699676513672
              ],
              [
                -78.4744644165039,
                72.36699676513672
              ],
              [
                -78.74494171142578,
                72.6053695678711
              ],
              [
                -78.5357666015625,
                72.6053695678711
              ],
              [
                -78.62667846679688,
                72.68501281738281
              ],
              [
                -77.87963104248047,
                72.76475524902344
              ],
              [
                -77.97067260742188,
                72.84458923339844
              ],
              [
                -79.66136932373047,
                72.76475524902344
              ],
              [
                -79.964111328125,
                72.84458923339844
              ],
              [
                -80.33220672607422,
                73.2452163696289
              ],
              [
                -80.85081481933594,
                73.32563781738281
              ],
              [
                -81.04591369628906,
                73.48678588867188
              ],
              [
                -80.93246459960938,
                73.56752014160156
              ],
              [
                -81.03124237060547,
                73.64835357666016
              ],
              [
                -80.92518615722656,
                73.64835357666016
              ],
              [
                -81.01802825927734,
                73.8103256225586
              ],
              [
                -80.58634948730469,
                73.89147186279297
              ],
              [
                -79.96273040771484,
                73.72928619384766
              ],
              [
                -77.42540740966797,
                73.64835357666016
              ],
              [
                -76.53501892089844,
                73.2452163696289
              ],
              [
                -75.97722625732422,
                72.84458923339844
              ],
              [
                -76.51712799072266,
                72.76475524902344
              ],
              [
                -76.4280014038086,
                72.68501281738281
              ],
              [
                -75.39805603027344,
                72.6053695678711
              ],
              [
                -75.1197738647461,
                72.44635772705078
              ],
              [
                -74.96671295166016,
                72.20853424072266
              ],
              [
                -74.2580795288086,
                72.12944030761719
              ],
              [
                -74.09077453613281,
                71.97151184082031
              ],
              [
                -74.31866455078125,
                71.8926773071289
              ],
              [
                -74.2357406616211,
                71.81393432617188
              ],
              [
                -73.92513275146484,
                71.81393432617188
              ],
              [
                -73.49554443359375,
                71.49979400634766
              ],
              [
                -73.39241790771484,
                71.49979400634766
              ],
              [
                -73.4732437133789,
                71.57820129394531
              ],
              [
                -73.06031799316406,
                71.57820129394531
              ],
              [
                -73.11888885498047,
                71.73527526855469
              ],
              [
                -71.6944808959961,
                71.65669250488281
              ],
              [
                -71.32981872558594,
                71.49979400634766
              ],
              [
                -71.1209716796875,
                71.18696594238281
              ],
              [
                -70.71005249023438,
                71.18696594238281
              ],
              [
                -70.48094177246094,
                70.95317840576172
              ],
              [
                -69.27950286865234,
                70.87539672851562
              ],
              [
                -68.62047576904297,
                70.7200698852539
              ],
              [
                -68.29995727539062,
                70.48763275146484
              ],
              [
                -68.70740509033203,
                70.48763275146484
              ],
              [
                -68.66423034667969,
                70.3330307006836
              ],
              [
                -69.0709228515625,
                70.3330307006836
              ],
              [
                -68.99846649169922,
                70.2558364868164
              ],
              [
                -68.5203628540039,
                70.17870330810547
              ],
              [
                -68.56256103515625,
                70.3330307006836
              ],
              [
                -68.15586853027344,
                70.3330307006836
              ],
              [
                -68.22776794433594,
                70.41029357910156
              ],
              [
                -68.1259994506836,
                70.41029357910156
              ],
              [
                -67.50550842285156,
                70.17870330810547
              ],
              [
                -67.15530395507812,
                69.79407501220703
              ],
              [
                -67.25633239746094,
                69.79407501220703
              ],
              [
                -67.18699645996094,
                69.71734619140625
              ],
              [
                -68.19632720947266,
                69.71734619140625
              ],
              [
                -68.1573715209961,
                69.5640869140625
              ],
              [
                -67.2506103515625,
                69.5640869140625
              ],
              [
                -66.8116683959961,
                69.41107940673828
              ],
              [
                -66.60852813720703,
                69.18205261230469
              ],
              [
                -68.18189239501953,
                69.25833129882812
              ],
              [
                -67.97625732421875,
                69.0296859741211
              ],
              [
                -68.37677001953125,
                69.0296859741211
              ],
              [
                -68.17230987548828,
                68.8016128540039
              ],
              [
                -68.87137603759766,
                68.8016128540039
              ],
              [
                -68.73507690429688,
                68.64987182617188
              ],
              [
                -67.87043762207031,
                68.57408905029297
              ],
              [
                -67.93753051757812,
                68.64987182617188
              ],
              [
                -67.73815155029297,
                68.64987182617188
              ],
              [
                -67.47200775146484,
                68.57408905029297
              ],
              [
                -67.27315521240234,
                68.34712219238281
              ],
              [
                -66.8757553100586,
                68.34712219238281
              ],
              [
                -66.7450180053711,
                68.19611358642578
              ],
              [
                -66.28360748291016,
                68.1207046508789
              ],
              [
                -65.95157623291016,
                68.19611358642578
              ],
              [
                -65.56132507324219,
                67.97005462646484
              ],
              [
                -65.32803344726562,
                68.04534912109375
              ],
              [
                -65.3917465209961,
                68.1207046508789
              ],
              [
                -64.995361328125,
                68.1207046508789
              ],
              [
                -64.90472412109375,
                67.89481353759766
              ],
              [
                -64.60819244384766,
                67.89481353759766
              ],
              [
                -64.4832763671875,
                67.74452209472656
              ],
              [
                -64.1253433227539,
                67.66946411132812
              ],
              [
                -63.91713333129883,
                67.29503631591797
              ],
              [
                -63.09366989135742,
                67.36980438232422
              ],
              [
                -62.97341537475586,
                67.22032165527344
              ],
              [
                -63.20766067504883,
                67.14566802978516
              ],
              [
                -63.14778518676758,
                67.0710678100586
              ],
              [
                -62.403038024902344,
                66.99652099609375
              ],
              [
                -62.462162017822266,
                67.0710678100586
              ],
              [
                -62.16832733154297,
                67.0710678100586
              ],
              [
                -62.05074691772461,
                66.92203521728516
              ],
              [
                -61.50371170043945,
                66.84760284423828
              ],
              [
                -61.27311706542969,
                66.55042266845703
              ],
              [
                -61.662681579589844,
                66.55042266845703
              ],
              [
                -61.60517120361328,
                66.47626495361328
              ],
              [
                -61.79979705810547,
                66.47626495361328
              ],
              [
                -61.782161712646484,
                66.32811737060547
              ],
              [
                -62.36509704589844,
                66.32811737060547
              ],
              [
                -62.30742645263672,
                66.25411987304688
              ],
              [
                -62.404502868652344,
                66.25411987304688
              ],
              [
                -62.135467529296875,
                66.0324478149414
              ],
              [
                -62.522857666015625,
                66.0324478149414
              ],
              [
                -62.408477783203125,
                65.88493347167969
              ],
              [
                -62.50517272949219,
                65.88493347167969
              ],
              [
                -62.238189697265625,
                65.66405487060547
              ],
              [
                -62.334659576416016,
                65.66405487060547
              ],
              [
                -62.27815628051758,
                65.59053039550781
              ],
              [
                -62.64139938354492,
                65.8112564086914
              ],
              [
                -62.777496337890625,
                65.73763275146484
              ],
              [
                -62.66372299194336,
                65.59053039550781
              ],
              [
                -63.14567947387695,
                65.59053039550781
              ],
              [
                -63.549835205078125,
                65.73763275146484
              ],
              [
                -63.473934173583984,
                65.51705932617188
              ],
              [
                -63.57025146484375,
                65.51705932617188
              ],
              [
                -63.3253059387207,
                65.07727813720703
              ],
              [
                -63.51704406738281,
                65.07727813720703
              ],
              [
                -63.539466857910156,
                64.8580551147461
              ],
              [
                -63.99639129638672,
                65.07727813720703
              ],
              [
                -64.28399658203125,
                65.07727813720703
              ],
              [
                -64.39857482910156,
                65.22367095947266
              ],
              [
                -64.8209228515625,
                65.15044403076172
              ],
              [
                -65.18698120117188,
                65.3702621459961
              ],
              [
                -65.32512664794922,
                65.66405487060547
              ],
              [
                -65.51805877685547,
                65.66405487060547
              ],
              [
                -65.65901947021484,
                65.95866394042969
              ],
              [
                -65.94933319091797,
                65.95866394042969
              ],
              [
                -66.22698974609375,
                66.18017578125
              ],
              [
                -66.614990234375,
                66.18017578125
              ],
              [
                -66.98369598388672,
                66.6246337890625
              ],
              [
                -67.21393585205078,
                66.55042266845703
              ],
              [
                -67.0901870727539,
                66.40216064453125
              ],
              [
                -67.38188934326172,
                66.40216064453125
              ],
              [
                -67.25843811035156,
                66.25411987304688
              ],
              [
                -67.77082824707031,
                66.40216064453125
              ],
              [
                -67.20735168457031,
                65.95866394042969
              ],
              [
                -67.9200668334961,
                65.88493347167969
              ],
              [
                -67.7977066040039,
                65.73763275146484
              ],
              [
                -67.41153717041016,
                65.73763275146484
              ],
              [
                -67.29051208496094,
                65.59053039550781
              ],
              [
                -67.38690185546875,
                65.59053039550781
              ],
              [
                -66.81343841552734,
                65.004150390625
              ],
              [
                -66.5848617553711,
                65.07727813720703
              ],
              [
                -66.15946960449219,
                64.78507995605469
              ],
              [
                -66.02633666992188,
                64.8580551147461
              ],
              [
                -66.08451843261719,
                64.93107604980469
              ],
              [
                -65.79735565185547,
                64.93107604980469
              ],
              [
                -65.68159484863281,
                64.78507995605469
              ],
              [
                -65.39486694335938,
                64.78507995605469
              ],
              [
                -65.28019714355469,
                64.63926696777344
              ],
              [
                -65.37562561035156,
                64.63926696777344
              ],
              [
                -65.05280303955078,
                64.34822845458984
              ],
              [
                -65.37663269042969,
                64.27558898925781
              ],
              [
                -65.11253356933594,
                64.05794525146484
              ],
              [
                -64.92282104492188,
                64.05794525146484
              ],
              [
                -64.75564575195312,
                63.84071350097656
              ],
              [
                -64.85028839111328,
                63.84071350097656
              ],
              [
                -64.48013305664062,
                63.479576110839844
              ],
              [
                -64.61394500732422,
                63.4074821472168
              ],
              [
                -64.50485229492188,
                63.263427734375
              ],
              [
                -64.78711700439453,
                63.263427734375
              ],
              [
                -65.00675201416016,
                63.55171203613281
              ],
              [
                -65.14019775390625,
                63.479576110839844
              ],
              [
                -64.70350646972656,
                62.904052734375
              ],
              [
                -64.9306411743164,
                62.83230972290039
              ],
              [
                -65.1722412109375,
                62.904052734375
              ],
              [
                -64.95618438720703,
                62.61732482910156
              ],
              [
                -64.67575073242188,
                62.61732482910156
              ],
              [
                -64.56902313232422,
                62.474212646484375
              ],
              [
                -64.88899230957031,
                62.4027214050293
              ],
              [
                -64.99595642089844,
                62.54574966430664
              ],
              [
                -65.27619171142578,
                62.54574966430664
              ],
              [
                -65.49272155761719,
                62.83230972290039
              ],
              [
                -65.88334655761719,
                62.9758415222168
              ],
              [
                -66.29721069335938,
                62.904052734375
              ],
              [
                -66.5572509765625,
                63.11954879760742
              ],
              [
                -66.83910369873047,
                63.11954879760742
              ],
              [
                -66.95115661621094,
                63.263427734375
              ],
              [
                -67.2334213256836,
                63.263427734375
              ],
              [
                -67.59188842773438,
                63.479576110839844
              ],
              [
                -68.00609588623047,
                63.4074821472168
              ],
              [
                -68.42515563964844,
                63.69612503051758
              ],
              [
                -68.89767456054688,
                63.69612503051758
              ],
              [
                -68.1173095703125,
                63.191463470458984
              ],
              [
                -67.83525085449219,
                63.191463470458984
              ],
              [
                -67.12338256835938,
                62.76060485839844
              ],
              [
                -66.69377899169922,
                62.68894577026367
              ],
              [
                -65.97901916503906,
                62.117156982421875
              ],
              [
                -66.111328125,
                62.045867919921875
              ],
              [
                -66.00433349609375,
                61.90340805053711
              ],
              [
                -66.65404510498047,
                61.90340805053711
              ],
              [
                -67.28120422363281,
                62.117156982421875
              ],
              [
                -69.03023529052734,
                62.331268310546875
              ],
              [
                -69.74452209472656,
                62.76060485839844
              ],
              [
                -70.3998031616211,
                62.76060485839844
              ],
              [
                -70.28441619873047,
                62.61732482910156
              ],
              [
                -70.50719451904297,
                62.54574966430664
              ],
              [
                -70.44969940185547,
                62.474212646484375
              ],
              [
                -70.78742980957031,
                62.54574966430664
              ],
              [
                -71.17207336425781,
                62.904052734375
              ],
              [
                -70.89083099365234,
                62.904052734375
              ],
              [
                -70.9493637084961,
                62.9758415222168
              ],
              [
                -71.47747802734375,
                63.047672271728516
              ],
              [
                -72.11808013916016,
                63.479576110839844
              ],
              [
                -71.74089813232422,
                63.479576110839844
              ],
              [
                -71.80104064941406,
                63.55171203613281
              ],
              [
                -71.5179443359375,
                63.55171203613281
              ],
              [
                -71.57804107666016,
                63.623897552490234
              ],
              [
                -72.39434814453125,
                63.69612503051758
              ],
              [
                -73.8053207397461,
                64.56643676757812
              ],
              [
                -73.90068054199219,
                64.56643676757812
              ],
              [
                -73.86906433105469,
                64.4209213256836
              ],
              [
                -74.05949401855469,
                64.4209213256836
              ],
              [
                -74.28211212158203,
                64.56643676757812
              ],
              [
                -74.18675231933594,
                64.56643676757812
              ],
              [
                -74.25065612792969,
                64.63926696777344
              ],
              [
                -74.63237762451172,
                64.63926696777344
              ],
              [
                -74.53556060791016,
                64.4209213256836
              ],
              [
                -75.20205688476562,
                64.4209213256836
              ],
              [
                -75.8078384399414,
                64.56643676757812
              ],
              [
                -75.70868682861328,
                64.34822845458984
              ],
              [
                -77.00491333007812,
                64.20299530029297
              ],
              [
                -77.73576354980469,
                64.27558898925781
              ],
              [
                -78.0584716796875,
                64.4209213256836
              ],
              [
                -78.3931884765625,
                64.78507995605469
              ],
              [
                -78.24124908447266,
                64.93107604980469
              ],
              [
                -78.30892944335938,
                65.004150390625
              ],
              [
                -78.213134765625,
                65.004150390625
              ],
              [
                -78.28093719482422,
                65.07727813720703
              ],
              [
                -78.08919525146484,
                65.07727813720703
              ],
              [
                -78.15704345703125,
                65.15044403076172
              ],
              [
                -77.55296325683594,
                65.22367095947266
              ],
              [
                -77.68860626220703,
                65.3702621459961
              ],
              [
                -77.46800231933594,
                65.44363403320312
              ],
              [
                -77.53608703613281,
                65.51705932617188
              ],
              [
                -76.95819091796875,
                65.51705932617188
              ],
              [
                -76.43844604492188,
                65.3702621459961
              ],
              [
                -75.2844467163086,
                65.3702621459961
              ],
              [
                -75.35069274902344,
                65.44363403320312
              ],
              [
                -74.4845199584961,
                65.44363403320312
              ],
              [
                -74.55029296875,
                65.51705932617188
              ],
              [
                -74.35765838623047,
                65.51705932617188
              ],
              [
                -74.42346954345703,
                65.59053039550781
              ],
              [
                -73.65233612060547,
                65.59053039550781
              ],
              [
                -73.78334045410156,
                65.73763275146484
              ],
              [
                -74.36840057373047,
                65.95866394042969
              ],
              [
                -74.63642120361328,
                66.25411987304688
              ],
              [
                -74.4124755859375,
                66.32811737060547
              ],
              [
                -74.47998046875,
                66.40216064453125
              ],
              [
                -74.28550720214844,
                66.40216064453125
              ],
              [
                -74.35306549072266,
                66.47626495361328
              ],
              [
                -73.83648681640625,
                66.55042266845703
              ],
              [
                -73.90399169921875,
                66.6246337890625
              ],
              [
                -72.96575927734375,
                66.77322387695312
              ],
              [
                -73.16825866699219,
                66.99652099609375
              ],
              [
                -72.36126708984375,
                67.29503631591797
              ],
              [
                -73.14997863769531,
                68.04534912109375
              ],
              [
                -73.05096435546875,
                68.04534912109375
              ],
              [
                -73.26249694824219,
                68.27159118652344
              ],
              [
                -73.53219604492188,
                68.34712219238281
              ],
              [
                -73.46102905273438,
                68.27159118652344
              ],
              [
                -73.75881958007812,
                68.27159118652344
              ],
              [
                -74.07337188720703,
                68.49837493896484
              ],
              [
                -74.27241516113281,
                68.49837493896484
              ],
              [
                -74.0566177368164,
                68.27159118652344
              ],
              [
                -74.35440826416016,
                68.27159118652344
              ],
              [
                -74.5440673828125,
                68.57408905029297
              ],
              [
                -74.93707275390625,
                68.87757110595703
              ],
              [
                -75.23693084716797,
                68.87757110595703
              ],
              [
                -75.48587036132812,
                69.0296859741211
              ],
              [
                -75.58599853515625,
                69.0296859741211
              ],
              [
                -75.53678894042969,
                68.87757110595703
              ],
              [
                -75.86198425292969,
                68.8016128540039
              ],
              [
                -75.78763580322266,
                68.7257080078125
              ],
              [
                -76.71047973632812,
                68.64987182617188
              ],
              [
                -76.86064147949219,
                68.8016128540039
              ],
              [
                -76.73622131347656,
                68.87757110595703
              ],
              [
                -76.86358642578125,
                69.10584259033203
              ],
              [
                -75.7612075805664,
                69.10584259033203
              ],
              [
                -75.83655548095703,
                69.18205261230469
              ],
              [
                -75.73625183105469,
                69.18205261230469
              ],
              [
                -75.88761138916016,
                69.33467864990234
              ],
              [
                -77.0235366821289,
                69.5640869140625
              ],
              [
                -77.25772857666016,
                69.79407501220703
              ],
              [
                -77.76285552978516,
                69.79407501220703
              ],
              [
                -77.92138671875,
                69.9477310180664
              ],
              [
                -77.79850769042969,
                70.024658203125
              ],
              [
                -77.93740844726562,
                70.2558364868164
              ],
              [
                -78.54688262939453,
                70.2558364868164
              ],
              [
                -78.81150817871094,
                70.41029357910156
              ],
              [
                -79.0150375366211,
                70.41029357910156
              ],
              [
                -78.62983703613281,
                69.9477310180664
              ],
              [
                -79.45982360839844,
                69.8708724975586
              ],
              [
                -79.31983184814453,
                69.64068603515625
              ],
              [
                -80.04608917236328,
                69.5640869140625
              ],
              [
                -79.96590423583984,
                69.487548828125
              ],
              [
                -80.4490966796875,
                69.5640869140625
              ],
              [
                -80.7935791015625,
                69.79407501220703
              ],
              [
                -80.26874542236328,
                69.8708724975586
              ],
              [
                -79.98538208007812,
                69.79407501220703
              ],
              [
                -80.06651306152344,
                69.8708724975586
              ],
              [
                -79.8642807006836,
                69.8708724975586
              ],
              [
                -79.94554138183594,
                69.9477310180664
              ],
              [
                -80.55278778076172,
                69.9477310180664
              ],
              [
                -81.02152252197266,
                70.10164642333984
              ],
              [
                -81.32569885253906,
                70.10164642333984
              ],
              [
                -80.81295776367188,
                69.71734619140625
              ],
              [
                -81.11576080322266,
                69.71734619140625
              ],
              [
                -81.66606903076172,
                69.9477310180664
              ],
              [
                -81.76728057861328,
                69.9477310180664
              ],
              [
                -81.68436431884766,
                69.8708724975586
              ],
              [
                -81.98771667480469,
                69.8708724975586
              ],
              [
                -81.90484619140625,
                69.79407501220703
              ],
              [
                -82.40996551513672,
                69.79407501220703
              ],
              [
                -83.16740417480469,
                70.024658203125
              ],
              [
                -84.39867401123047,
                69.9477310180664
              ],
              [
                -83.62226104736328,
                69.79407501220703
              ],
              [
                -82.8140640258789,
                69.79407501220703
              ],
              [
                -82.21800994873047,
                69.33467864990234
              ],
              [
                -81.43382263183594,
                69.25833129882812
              ],
              [
                -81.2730941772461,
                69.10584259033203
              ],
              [
                -81.49356079101562,
                69.0296859741211
              ],
              [
                -81.19664764404297,
                68.64987182617188
              ],
              [
                -81.81533813476562,
                68.57408905029297
              ],
              [
                -81.73645782470703,
                68.49837493896484
              ],
              [
                -82.41297912597656,
                68.57408905029297
              ],
              [
                -82.25447082519531,
                68.42272186279297
              ],
              [
                -82.45333862304688,
                68.42272186279297
              ],
              [
                -82.00487518310547,
                67.89481353759766
              ],
              [
                -81.47827911376953,
                67.66946411132812
              ],
              [
                -81.25053405761719,
                67.44463348388672
              ],
              [
                -81.34888458251953,
                67.44463348388672
              ],
              [
                -81.19815063476562,
                67.29503631591797
              ],
              [
                -81.29633331298828,
                67.29503631591797
              ],
              [
                -81.24446105957031,
                67.14566802978516
              ],
              [
                -81.56157684326172,
                67.0710678100586
              ],
              [
                -81.48683166503906,
                66.99652099609375
              ],
              [
                -81.97615814208984,
                66.99652099609375
              ],
              [
                -81.90126037597656,
                66.92203521728516
              ],
              [
                -82.09683227539062,
                66.92203521728516
              ],
              [
                -82.04505920410156,
                66.77322387695312
              ],
              [
                -82.55592346191406,
                66.69890594482422
              ],
              [
                -82.48126983642578,
                66.6246337890625
              ],
              [
                -82.7964096069336,
                66.55042266845703
              ],
              [
                -82.72190856933594,
                66.47626495361328
              ],
              [
                -83.01384735107422,
                66.47626495361328
              ],
              [
                -82.93934631347656,
                66.40216064453125
              ],
              [
                -83.23104858398438,
                66.40216064453125
              ],
              [
                -83.15654754638672,
                66.32811737060547
              ],
              [
                -83.64232635498047,
                66.32811737060547
              ],
              [
                -84.52066802978516,
                66.99652099609375
              ],
              [
                -84.81426239013672,
                66.99652099609375
              ],
              [
                -84.66007995605469,
                66.84760284423828
              ],
              [
                -84.29047393798828,
                66.77322387695312
              ],
              [
                -83.76182556152344,
                66.25411987304688
              ],
              [
                -83.9782485961914,
                66.18017578125
              ],
              [
                -84.5384521484375,
                66.25411987304688
              ],
              [
                -83.82930755615234,
                66.0324478149414
              ],
              [
                -83.46089172363281,
                65.66405487060547
              ],
              [
                -84.1133804321289,
                65.73763275146484
              ],
              [
                -84.56025695800781,
                66.18017578125
              ],
              [
                -85.3150863647461,
                66.25411987304688
              ],
              [
                -85.62073516845703,
                66.55042266845703
              ],
              [
                -86.71170806884766,
                66.47626495361328
              ],
              [
                -86.55701446533203,
                66.32811737060547
              ],
              [
                -86.16838836669922,
                66.32811737060547
              ],
              [
                -85.95995330810547,
                66.0324478149414
              ],
              [
                -86.46475982666016,
                65.95866394042969
              ],
              [
                -86.4095230102539,
                65.8112564086914
              ],
              [
                -86.6027603149414,
                65.8112564086914
              ],
              [
                -86.52694702148438,
                65.73763275146484
              ],
              [
                -86.72003173828125,
                65.73763275146484
              ],
              [
                -86.64429473876953,
                65.66405487060547
              ],
              [
                -86.83722686767578,
                65.66405487060547
              ],
              [
                -86.76156616210938,
                65.59053039550781
              ],
              [
                -87.1883544921875,
                65.44363403320312
              ],
              [
                -87.11290740966797,
                65.3702621459961
              ],
              [
                -87.40140533447266,
                65.3702621459961
              ],
              [
                -87.00505065917969,
                65.07727813720703
              ],
              [
                -87.10092163085938,
                65.07727813720703
              ],
              [
                -87.0691146850586,
                64.8580551147461
              ],
              [
                -87.82293701171875,
                64.56643676757812
              ],
              [
                -87.79170227050781,
                64.34822845458984
              ],
              [
                -88.09841918945312,
                64.27558898925781
              ],
              [
                -88.04627227783203,
                64.13044738769531
              ],
              [
                -88.3310546875,
                64.13044738769531
              ],
              [
                -88.2575454711914,
                64.05794525146484
              ],
              [
                -88.44725799560547,
                64.05794525146484
              ],
              [
                -88.37380981445312,
                63.98548889160156
              ],
              [
                -89.70081329345703,
                63.98548889160156
              ],
              [
                -90.03974914550781,
                64.13044738769531
              ],
              [
                -89.89038848876953,
                63.98548889160156
              ],
              [
                -90.0799560546875,
                63.98548889160156
              ],
              [
                -89.9516372680664,
                63.768394470214844
              ],
              [
                -90.14078521728516,
                63.768394470214844
              ],
              [
                -90.08724975585938,
                63.623897552490234
              ],
              [
                -90.65385437011719,
                63.623897552490234
              ],
              [
                -90.57969665527344,
                63.55171203613281
              ],
              [
                -91.67327117919922,
                63.69612503051758
              ],
              [
                -90.97721862792969,
                63.479576110839844
              ],
              [
                -90.60883331298828,
                63.11954879760742
              ],
              [
                -90.70278930664062,
                63.11954879760742
              ],
              [
                -90.65055084228516,
                62.9758415222168
              ],
              [
                -91.23400115966797,
                62.904052734375
              ],
              [
                -91.16094207763672,
                62.83230972290039
              ],
              [
                -92.47245788574219,
                62.83230972290039
              ],
              [
                -92.21143341064453,
                62.76060485839844
              ],
              [
                -91.9916763305664,
                62.54574966430664
              ],
              [
                -92.64555358886719,
                62.54574966430664
              ],
              [
                -92.49913024902344,
                62.4027214050293
              ],
              [
                -92.9854965209961,
                62.331268310546875
              ],
              [
                -92.8395004272461,
                62.18848419189453
              ],
              [
                -93.11873626708984,
                62.18848419189453
              ],
              [
                -93.08643341064453,
                61.97461700439453
              ],
              [
                -93.47810363769531,
                61.90340805053711
              ],
              [
                -93.35369873046875,
                61.69001388549805
              ],
              [
                -93.83704376220703,
                61.618961334228516
              ],
              [
                -93.76484680175781,
                61.547950744628906
              ],
              [
                -94.06256866455078,
                61.47697448730469
              ],
              [
                -93.91866302490234,
                61.335140228271484
              ],
              [
                -94.103271484375,
                61.335140228271484
              ],
              [
                -94.09346771240234,
                61.05192565917969
              ],
              [
                -94.29823303222656,
                60.9812126159668
              ],
              [
                -94.22705841064453,
                60.91054153442383
              ],
              [
                -94.31898498535156,
                60.91054153442383
              ],
              [
                -94.31098937988281,
                60.628211975097656
              ],
              [
                -94.60697937011719,
                60.557716369628906
              ],
              [
                -94.53646850585938,
                60.48725891113281
              ],
              [
                -94.81111907958984,
                60.48725891113281
              ],
              [
                -94.6001968383789,
                60.276100158691406
              ],
              [
                -94.69155883789062,
                60.276100158691406
              ],
              [
                -94.66454315185547,
                60.065250396728516
              ],
              [
                -94.75572967529297,
                60.065250396728516
              ],
              [
                -94.7077865600586,
                59.92485809326172
              ],
              [
                -94.7988510131836,
                59.92485809326172
              ],
              [
                -94.7295150756836,
                59.85470962524414
              ],
              [
                -94.86405181884766,
                59.714515686035156
              ],
              [
                -94.63420867919922,
                59.294734954833984
              ],
              [
                -94.81525421142578,
                59.294734954833984
              ],
              [
                -94.74718475341797,
                59.22488784790039
              ],
              [
                -94.86012268066406,
                59.15507125854492
              ],
              [
                -94.65724182128906,
                58.94581604003906
              ],
              [
                -94.74747467041016,
                58.94581604003906
              ],
              [
                -94.52290344238281,
                58.80647277832031
              ],
              [
                -93.26127624511719,
                58.80647277832031
              ],
              [
                -92.87709045410156,
                58.11164855957031
              ],
              [
                -92.96663665771484,
                58.11164855957031
              ],
              [
                -92.48117065429688,
                57.488929748535156
              ],
              [
                -92.5702133178711,
                57.488929748535156
              ],
              [
                -92.40776062011719,
                57.21294021606445
              ],
              [
                -92.54920196533203,
                57.07511901855469
              ],
              [
                -92.42483520507812,
                56.937416076660156
              ],
              [
                -92.24760437011719,
                56.937416076660156
              ],
              [
                -92.37175750732422,
                57.07511901855469
              ],
              [
                -91.6082992553711,
                57.21294021606445
              ],
              [
                -91.67042541503906,
                57.28189468383789
              ],
              [
                -90.7815933227539,
                57.28189468383789
              ],
              [
                -89.82691192626953,
                57.00625228881836
              ],
              [
                -89.05751037597656,
                56.937416076660156
              ],
              [
                -87.87738037109375,
                56.387733459472656
              ],
              [
                -87.64559936523438,
                56.11355972290039
              ],
              [
                -85.95584869384766,
                55.77145767211914
              ],
              [
                -84.95580291748047,
                55.29362487792969
              ],
              [
                -83.87405395507812,
                55.36180877685547
              ],
              [
                -82.31610107421875,
                55.15733337402344
              ],
              [
                -82.17543029785156,
                54.74907684326172
              ],
              [
                -82.26239776611328,
                54.74907684326172
              ],
              [
                -82.2452621459961,
                54.613189697265625
              ],
              [
                -82.47217559814453,
                54.341712951660156
              ],
              [
                -82.36933135986328,
                54.20612335205078
              ],
              [
                -82.4559097290039,
                54.20612335205078
              ],
              [
                -82.10021209716797,
                53.732303619384766
              ],
              [
                -82.22239685058594,
                53.664710998535156
              ],
              [
                -82.1221923828125,
                53.52959060668945
              ],
              [
                -82.20830535888672,
                53.52959060668945
              ],
              [
                -82.10859680175781,
                53.39456558227539
              ],
              [
                -82.23090362548828,
                53.32708740234375
              ],
              [
                -82.13189697265625,
                53.192195892333984
              ],
              [
                -82.29084777832031,
                53.057395935058594
              ],
              [
                -81.69371032714844,
                52.586299896240234
              ],
              [
                -81.50281524658203,
                52.31757736206055
              ],
              [
                -81.67340087890625,
                52.31757736206055
              ],
              [
                -81.62596130371094,
                52.250450134277344
              ],
              [
                -80.7957763671875,
                51.91512680053711
              ],
              [
                -80.5268325805664,
                51.64724349975586
              ],
              [
                -80.42998504638672,
                51.37968063354492
              ],
              [
                -80.17591857910156,
                51.37968063354492
              ],
              [
                -79.78787994384766,
                51.17921447753906
              ],
              [
                -79.837158203125,
                51.37968063354492
              ],
              [
                -79.633056640625,
                51.580322265625
              ],
              [
                -79.67823791503906,
                51.64724349975586
              ],
              [
                -79.5085220336914,
                51.64724349975586
              ],
              [
                -79.55376434326172,
                51.71418380737305
              ],
              [
                -78.95001220703125,
                51.44654083251953
              ],
              [
                -79.13475799560547,
                51.84812545776367
              ],
              [
                -78.96478271484375,
                51.84812545776367
              ],
              [
                -79.05560302734375,
                51.98215103149414
              ],
              [
                -78.88545227050781,
                51.98215103149414
              ],
              [
                -78.81273651123047,
                52.250450134277344
              ],
              [
                -78.60284423828125,
                52.31757736206055
              ],
              [
                -78.65584564208984,
                52.51908493041992
              ],
              [
                -78.97486114501953,
                52.85536575317383
              ],
              [
                -78.88921356201172,
                52.85536575317383
              ],
              [
                -79.16432189941406,
                53.124786376953125
              ],
              [
                -79.040283203125,
                53.192195892333984
              ],
              [
                -79.19446563720703,
                53.52959060668945
              ],
              [
                -79.10836029052734,
                53.52959060668945
              ],
              [
                -79.30278778076172,
                53.799922943115234
              ],
              [
                -79.13018798828125,
                53.799922943115234
              ],
              [
                -79.2772216796875,
                54.00291442871094
              ],
              [
                -79.19078063964844,
                54.00291442871094
              ],
              [
                -79.5121078491211,
                54.20612335205078
              ],
              [
                -79.62523651123047,
                54.47740173339844
              ],
              [
                -79.8634262084961,
                54.681121826171875
              ],
              [
                -79.74024200439453,
                54.74907684326172
              ],
              [
                -79.7910385131836,
                54.817054748535156
              ],
              [
                -79.058349609375,
                54.88506317138672
              ],
              [
                -79.10897827148438,
                54.95309066772461
              ],
              [
                -78.42569732666016,
                55.089229583740234
              ],
              [
                -78.47630310058594,
                55.15733337402344
              ],
              [
                -78.30176544189453,
                55.15733337402344
              ],
              [
                -78.35240936279297,
                55.225467681884766
              ],
              [
                -78.0904541015625,
                55.225467681884766
              ],
              [
                -78.14108276367188,
                55.29362487792969
              ],
              [
                -77.34486389160156,
                55.63479995727539
              ],
              [
                -77.39571380615234,
                55.70311737060547
              ],
              [
                -77.22037506103516,
                55.70311737060547
              ],
              [
                -77.2345199584961,
                55.83982467651367
              ],
              [
                -77.02216339111328,
                55.90821838378906
              ],
              [
                -77.07327270507812,
                55.97663879394531
              ],
              [
                -76.89751434326172,
                55.97663879394531
              ],
              [
                -76.80207061767578,
                56.319149017333984
              ],
              [
                -76.71393585205078,
                56.319149017333984
              ],
              [
                -76.76551818847656,
                56.387733459472656
              ],
              [
                -76.67733001708984,
                56.387733459472656
              ],
              [
                -76.72899627685547,
                56.45634460449219
              ],
              [
                -76.64075469970703,
                56.45634460449219
              ],
              [
                -76.69251251220703,
                56.524986267089844
              ],
              [
                -76.60421752929688,
                56.524986267089844
              ],
              [
                -76.65606689453125,
                56.59365463256836
              ],
              [
                -76.56771850585938,
                56.59365463256836
              ],
              [
                -76.72087860107422,
                57.14401626586914
              ],
              [
                -76.6321029663086,
                57.14401626586914
              ],
              [
                -76.79113006591797,
                57.35087585449219
              ],
              [
                -76.70218658447266,
                57.35087585449219
              ],
              [
                -77.18665313720703,
                57.97305679321289
              ],
              [
                -78.40269470214844,
                58.59769821166992
              ],
              [
                -78.58258056640625,
                58.59769821166992
              ],
              [
                -78.69572448730469,
                58.73685073852539
              ],
              [
                -78.57229614257812,
                58.80647277832031
              ],
              [
                -78.65299224853516,
                59.015533447265625
              ],
              [
                -78.38212585449219,
                59.015533447265625
              ],
              [
                -78.4060287475586,
                59.15507125854492
              ],
              [
                -78.19195556640625,
                59.22488784790039
              ],
              [
                -78.249267578125,
                59.294734954833984
              ],
              [
                -78.0682144165039,
                59.294734954833984
              ],
              [
                -78.0924301147461,
                59.434532165527344
              ],
              [
                -77.91114044189453,
                59.434532165527344
              ],
              [
                -78.0262680053711,
                59.574459075927734
              ],
              [
                -77.86937713623047,
                59.714515686035156
              ],
              [
                -77.92731475830078,
                59.78459548950195
              ],
              [
                -77.59673309326172,
                59.714515686035156
              ],
              [
                -77.71240234375,
                59.85470962524414
              ],
              [
                -77.43939971923828,
                59.85470962524414
              ],
              [
                -77.46421813964844,
                59.99503707885742
              ],
              [
                -77.37309265136719,
                59.99503707885742
              ],
              [
                -77.6135482788086,
                60.065250396728516
              ],
              [
                -77.9338607788086,
                60.557716369628906
              ],
              [
                -77.84225463867188,
                60.557716369628906
              ],
              [
                -77.96115112304688,
                60.69873809814453
              ],
              [
                -77.86942291259766,
                60.69873809814453
              ],
              [
                -78.29290771484375,
                60.9812126159668
              ],
              [
                -78.07718658447266,
                61.05192565917969
              ],
              [
                -78.13758087158203,
                61.12267303466797
              ],
              [
                -77.95336151123047,
                61.12267303466797
              ],
              [
                -78.0137939453125,
                61.193458557128906
              ],
              [
                -77.8294448852539,
                61.193458557128906
              ],
              [
                -77.95056915283203,
                61.335140228271484
              ],
              [
                -77.7635269165039,
                61.547950744628906
              ],
              [
                -78.34976959228516,
                62.117156982421875
              ],
              [
                -78.22610473632812,
                62.18848419189453
              ],
              [
                -78.35134887695312,
                62.331268310546875
              ],
              [
                -77.7932357788086,
                62.54574966430664
              ],
              [
                -77.85610961914062,
                62.61732482910156
              ],
              [
                -77.01480865478516,
                62.61732482910156
              ],
              [
                -76.26884460449219,
                62.4027214050293
              ],
              [
                -75.028564453125,
                62.259857177734375
              ],
              [
                -74.21674346923828,
                62.4027214050293
              ],
              [
                -74.27680969238281,
                62.474212646484375
              ],
              [
                -73.5300521850586,
                62.474212646484375
              ],
              [
                -73.01368713378906,
                62.18848419189453
              ],
              [
                -72.73444366455078,
                62.18848419189453
              ],
              [
                -72.65238189697266,
                61.97461700439453
              ],
              [
                -72.22305297851562,
                61.90340805053711
              ],
              [
                -72.10794067382812,
                61.7611083984375
              ],
              [
                -71.73719024658203,
                61.7611083984375
              ],
              [
                -71.56648254394531,
                61.547950744628906
              ],
              [
                -71.75147247314453,
                61.547950744628906
              ],
              [
                -71.69475555419922,
                61.47697448730469
              ],
              [
                -71.82292175292969,
                61.40604019165039
              ],
              [
                -71.71001434326172,
                61.264278411865234
              ],
              [
                -70.30817413330078,
                61.12267303466797
              ],
              [
                -70.0516128540039,
                60.91054153442383
              ],
              [
                -69.86776733398438,
                60.91054153442383
              ],
              [
                -69.84761810302734,
                61.12267303466797
              ],
              [
                -69.66339874267578,
                61.12267303466797
              ],
              [
                -69.35408020019531,
                60.83990478515625
              ],
              [
                -69.70504760742188,
                60.69873809814453
              ],
              [
                -69.6511001586914,
                60.628211975097656
              ],
              [
                -69.78052520751953,
                60.557716369628906
              ],
              [
                -69.60442352294922,
                60.20578384399414
              ],
              [
                -69.69573211669922,
                60.20578384399414
              ],
              [
                -69.68072509765625,
                60.065250396728516
              ],
              [
                -69.86309051513672,
                60.065250396728516
              ],
              [
                -69.5992431640625,
                59.714515686035156
              ],
              [
                -69.69012451171875,
                59.714515686035156
              ],
              [
                -69.5854721069336,
                59.574459075927734
              ],
              [
                -69.71475982666016,
                59.504478454589844
              ],
              [
                -69.3389663696289,
                59.36461639404297
              ],
              [
                -69.23584747314453,
                59.22488784790039
              ],
              [
                -69.45571899414062,
                59.15507125854492
              ],
              [
                -69.3019790649414,
                58.94581604003906
              ],
              [
                -68.67035675048828,
                58.94581604003906
              ],
              [
                -68.32897186279297,
                58.59769821166992
              ],
              [
                -67.96920013427734,
                58.59769821166992
              ],
              [
                -67.68192291259766,
                58.31977081298828
              ],
              [
                -66.7099838256836,
                58.59769821166992
              ],
              [
                -66.72613525390625,
                58.876129150390625
              ],
              [
                -66.0047378540039,
                58.876129150390625
              ],
              [
                -66.10263061523438,
                59.015533447265625
              ],
              [
                -65.79039001464844,
                59.08528518676758
              ],
              [
                -65.93793487548828,
                59.294734954833984
              ],
              [
                -65.6663589477539,
                59.294734954833984
              ],
              [
                -65.71562957763672,
                59.36461639404297
              ],
              [
                -65.53446197509766,
                59.36461639404297
              ],
              [
                -65.6331787109375,
                59.504478454589844
              ],
              [
                -65.45177459716797,
                59.504478454589844
              ],
              [
                -65.69137573242188,
                59.714515686035156
              ],
              [
                -65.60049438476562,
                59.714515686035156
              ],
              [
                -65.70032501220703,
                59.85470962524414
              ],
              [
                -65.24532318115234,
                59.85470962524414
              ],
              [
                -65.3450927734375,
                59.99503707885742
              ],
              [
                -65.08944702148438,
                60.276100158691406
              ],
              [
                -65.13977813720703,
                60.34645080566406
              ],
              [
                -64.91578674316406,
                60.416839599609375
              ],
              [
                -65.01677703857422,
                60.557716369628906
              ],
              [
                -64.69156646728516,
                60.48725891113281
              ],
              [
                -64.43387603759766,
                59.99503707885742
              ],
              [
                -64.1113510131836,
                59.92485809326172
              ],
              [
                -63.96464920043945,
                59.714515686035156
              ],
              [
                -64.14640808105469,
                59.714515686035156
              ],
              [
                -64.09765625,
                59.64447021484375
              ],
              [
                -63.07595443725586,
                58.94581604003906
              ],
              [
                -62.888851165771484,
                58.66725540161133
              ],
              [
                -62.97885513305664,
                58.66725540161133
              ],
              [
                -62.975833892822266,
                58.528167724609375
              ],
              [
                -62.706172943115234,
                58.528167724609375
              ],
              [
                -62.6140022277832,
                58.38920593261719
              ],
              [
                -62.703773498535156,
                58.38920593261719
              ],
              [
                -62.7016487121582,
                58.2503662109375
              ],
              [
                -62.475242614746094,
                58.042335510253906
              ],
              [
                -61.98273468017578,
                57.97305679321289
              ],
              [
                -61.848304748535156,
                57.7653923034668
              ],
              [
                -62.02684020996094,
                57.7653923034668
              ],
              [
                -61.804664611816406,
                57.41988754272461
              ],
              [
                -61.89365768432617,
                57.41988754272461
              ],
              [
                -61.805519104003906,
                57.28189468383789
              ],
              [
                -61.4515380859375,
                57.14401626586914
              ],
              [
                -61.32142639160156,
                56.937416076660156
              ],
              [
                -61.455413818359375,
                56.86860656738281
              ],
              [
                -61.326393127441406,
                56.662349700927734
              ],
              [
                -61.679996490478516,
                56.662349700927734
              ],
              [
                -61.85482406616211,
                56.799827575683594
              ],
              [
                -61.768394470214844,
                56.662349700927734
              ],
              [
                -61.85679626464844,
                56.662349700927734
              ],
              [
                -61.77073287963867,
                56.524986267089844
              ],
              [
                -61.85902786254883,
                56.524986267089844
              ],
              [
                -61.688087463378906,
                56.25059127807617
              ],
              [
                -61.51192092895508,
                56.25059127807617
              ],
              [
                -61.29731750488281,
                56.04508590698242
              ],
              [
                -61.335750579833984,
                56.25059127807617
              ],
              [
                -61.15958023071289,
                56.25059127807617
              ],
              [
                -60.94560241699219,
                56.04508590698242
              ],
              [
                -61.1214599609375,
                56.04508590698242
              ],
              [
                -61.12571716308594,
                55.90821838378906
              ],
              [
                -60.469635009765625,
                55.83982467651367
              ],
              [
                -60.31796646118164,
                55.29362487792969
              ],
              [
                -59.26954650878906,
                55.29362487792969
              ],
              [
                -59.1900520324707,
                55.15733337402344
              ],
              [
                -59.01551818847656,
                55.15733337402344
              ],
              [
                -58.89738845825195,
                54.95309066772461
              ],
              [
                -57.93907928466797,
                54.95309066772461
              ],
              [
                -57.91051483154297,
                54.74907684326172
              ],
              [
                -57.437557220458984,
                54.681121826171875
              ],
              [
                -57.32387924194336,
                54.47740173339844
              ],
              [
                -58.202091217041016,
                54.341712951660156
              ],
              [
                -57.55767822265625,
                54.27390670776367
              ],
              [
                -57.124427795410156,
                53.799922943115234
              ],
              [
                -56.18907165527344,
                53.664710998535156
              ],
              [
                -55.909156799316406,
                53.462066650390625
              ],
              [
                -55.73207092285156,
                53.124786376953125
              ],
              [
                -56.04011535644531,
                53.057395935058594
              ],
              [
                -55.8492431640625,
                52.85536575317383
              ],
              [
                -55.985633850097656,
                52.78806686401367
              ],
              [
                -55.761634826660156,
                52.51908493041992
              ],
              [
                -55.676231384277344,
                52.18334197998047
              ],
              [
                -55.83022689819336,
                51.98215103149414
              ],
              [
                -56.00037384033203,
                51.98215103149414
              ],
              [
                -56.017974853515625,
                51.84812545776367
              ],
              [
                -56.54524612426758,
                51.71418380737305
              ],
              [
                -56.56284713745117,
                51.580322265625
              ],
              [
                -56.95323181152344,
                51.51342010498047
              ],
              [
                -56.91964340209961,
                51.44654083251953
              ],
              [
                -57.766963958740234,
                51.44654083251953
              ],
              [
                -57.73305892944336,
                51.37968063354492
              ],
              [
                -58.12250518798828,
                51.31283950805664
              ],
              [
                -58.0886116027832,
                51.24601745605469
              ],
              [
                -58.630393981933594,
                51.31283950805664
              ],
              [
                -58.61281967163086,
                51.112430572509766
              ],
              [
                -58.91689682006836,
                51.04566955566406
              ],
              [
                -58.95059585571289,
                50.77880859375
              ],
              [
                -59.47329330444336,
                50.64549255371094
              ],
              [
                -59.49038314819336,
                50.51224899291992
              ],
              [
                -59.928138732910156,
                50.37908172607422
              ],
              [
                -59.94542694091797,
                50.2459831237793
              ],
              [
                -61.809165954589844,
                50.11296081542969
              ],
              [
                -62.04530334472656,
                50.2459831237793
              ],
              [
                -62.667877197265625,
                50.312522888183594
              ],
              [
                -63.088050842285156,
                50.312522888183594
              ],
              [
                -63.05324172973633,
                50.2459831237793
              ],
              [
                -63.389225006103516,
                50.2459831237793
              ],
              [
                -63.35437774658203,
                50.17946243286133
              ],
              [
                -63.92839813232422,
                50.312522888183594
              ],
              [
                -65.77716064453125,
                50.312522888183594
              ],
              [
                -65.7410888671875,
                50.2459831237793
              ],
              [
                -66.16106414794922,
                50.2459831237793
              ],
              [
                -66.12490844726562,
                50.17946243286133
              ],
              [
                -66.49703979492188,
                50.2459831237793
              ],
              [
                -66.42454528808594,
                50.11296081542969
              ],
              [
                -66.97563171386719,
                50.04647445678711
              ],
              [
                -67.21428680419922,
                49.71431350708008
              ],
              [
                -67.14286041259766,
                49.58156967163086
              ],
              [
                -67.28711700439453,
                49.38258361816406
              ],
              [
                -68.21765899658203,
                49.2500114440918
              ],
              [
                -68.19480895996094,
                49.051273345947266
              ],
              [
                -68.52802276611328,
                49.051273345947266
              ],
              [
                -68.54067993164062,
                48.91886520385742
              ],
              [
                -69.05258178710938,
                48.786521911621094
              ],
              [
                -69.30597686767578,
                48.323814392089844
              ],
              [
                -69.65092468261719,
                48.191749572753906
              ],
              [
                -69.7611083984375,
                47.92780685424805
              ],
              [
                -69.5957260131836,
                47.92780685424805
              ],
              [
                -69.40243530273438,
                48.191749572753906
              ],
              [
                -68.974365234375,
                48.323814392089844
              ],
              [
                -68.8294906616211,
                48.52202224731445
              ],
              [
                -68.58045959472656,
                48.52202224731445
              ],
              [
                -68.48382568359375,
                48.654239654541016
              ],
              [
                -68.31765747070312,
                48.654239654541016
              ],
              [
                -68.3524398803711,
                48.72037124633789
              ],
              [
                -68.18620300292969,
                48.72037124633789
              ],
              [
                -68.22102355957031,
                48.786521911621094
              ],
              [
                -67.3754653930664,
                48.91886520385742
              ],
              [
                -67.41020965576172,
                48.98506164550781
              ],
              [
                -66.51458740234375,
                49.18375015258789
              ],
              [
                -66.5493392944336,
                49.2500114440918
              ],
              [
                -64.79759979248047,
                49.2500114440918
              ],
              [
                -64.24607849121094,
                48.98506164550781
              ],
              [
                -64.14637756347656,
                48.786521911621094
              ],
              [
                -64.31269073486328,
                48.786521911621094
              ],
              [
                -64.18092346191406,
                48.52202224731445
              ],
              [
                -64.28152465820312,
                48.38986587524414
              ],
              [
                -64.53033447265625,
                48.38986587524414
              ],
              [
                -64.49766540527344,
                48.323814392089844
              ],
              [
                -64.6634750366211,
                48.323814392089844
              ],
              [
                -64.63082885742188,
                48.257774353027344
              ],
              [
                -64.79656219482422,
                48.257774353027344
              ],
              [
                -64.76394653320312,
                48.191749572753906
              ],
              [
                -64.92960357666016,
                48.191749572753906
              ],
              [
                -64.89701080322266,
                48.1257438659668
              ],
              [
                -65.0625991821289,
                48.1257438659668
              ],
              [
                -65.16300964355469,
                47.993770599365234
              ],
              [
                -66.47010803222656,
                48.1257438659668
              ],
              [
                -65.90752410888672,
                47.993770599365234
              ],
              [
                -65.6944351196289,
                47.730003356933594
              ],
              [
                -65.39641571044922,
                47.79592514038086
              ],
              [
                -65.42881774902344,
                47.86185836791992
              ],
              [
                -64.7354736328125,
                47.79592514038086
              ],
              [
                -64.67150115966797,
                47.664100646972656
              ],
              [
                -65.02649688720703,
                47.20316696166992
              ],
              [
                -65.19110870361328,
                47.20316696166992
              ],
              [
                -64.83045959472656,
                47.13737487792969
              ],
              [
                -64.76785278320312,
                47.005828857421875
              ],
              [
                -64.90101623535156,
                46.94007873535156
              ],
              [
                -64.51091766357422,
                46.283294677734375
              ],
              [
                -64.10173797607422,
                46.283294677734375
              ],
              [
                -63.90790557861328,
                46.21768569946289
              ],
              [
                -63.869625091552734,
                45.95537567138672
              ],
              [
                -62.74909973144531,
                45.82429504394531
              ],
              [
                -62.69055938720703,
                45.693260192871094
              ],
              [
                -61.96207809448242,
                45.889827728271484
              ],
              [
                -61.79360580444336,
                45.693260192871094
              ],
              [
                -61.548980712890625,
                45.693260192871094
              ],
              [
                -61.64089584350586,
                46.08650588989258
              ],
              [
                -61.48299026489258,
                46.283294677734375
              ],
              [
                -61.31931686401367,
                46.283294677734375
              ],
              [
                -60.822059631347656,
                47.005828857421875
              ],
              [
                -60.604976654052734,
                47.07159423828125
              ],
              [
                -60.264854431152344,
                46.677207946777344
              ],
              [
                -60.34688949584961,
                46.677207946777344
              ],
              [
                -60.28885269165039,
                46.54585266113281
              ],
              [
                -60.44792938232422,
                46.348915100097656
              ],
              [
                -59.899566650390625,
                46.21768569946289
              ],
              [
                -59.786048889160156,
                45.95537567138672
              ],
              [
                -60.137699127197266,
                45.82429504394531
              ],
              [
                -60.29762268066406,
                45.62776184082031
              ],
              [
                -60.54214859008789,
                45.62776184082031
              ],
              [
                -60.51387405395508,
                45.56227111816406
              ],
              [
                -61.32863998413086,
                45.56227111816406
              ],
              [
                -61.0804328918457,
                45.36587905883789
              ],
              [
                -61.07697677612305,
                45.169586181640625
              ],
              [
                -61.645965576171875,
                45.169586181640625
              ],
              [
                -61.61757278442383,
                45.10417556762695
              ],
              [
                -62.07655715942383,
                45.03877639770508
              ],
              [
                -62.44953536987305,
                44.77729415893555
              ],
              [
                -63.49834442138672,
                44.58129119873047
              ],
              [
                -63.52189636230469,
                44.45067596435547
              ],
              [
                -64.06533813476562,
                44.58129119873047
              ],
              [
                -64.08845520019531,
                44.45067596435547
              ],
              [
                -64.43517303466797,
                44.32010269165039
              ],
              [
                -64.42945861816406,
                44.12431716918945
              ],
              [
                -64.77562713623047,
                43.99384307861328
              ],
              [
                -64.95465850830078,
                43.6678352355957
              ],
              [
                -65.35748291015625,
                43.6678352355957
              ],
              [
                -65.43244171142578,
                43.472347259521484
              ],
              [
                -66.1922378540039,
                43.73301696777344
              ],
              [
                -66.33870697021484,
                44.05907440185547
              ],
              [
                -66.18482208251953,
                44.25482940673828
              ],
              [
                -66.2440414428711,
                44.38538360595703
              ],
              [
                -65.9878158569336,
                44.71194839477539
              ],
              [
                -65.74463653564453,
                44.71194839477539
              ],
              [
                -65.67172241210938,
                44.908016204833984
              ],
              [
                -65.50940704345703,
                44.908016204833984
              ],
              [
                -65.4878158569336,
                45.03877639770508
              ],
              [
                -64.60179138183594,
                45.23500442504883
              ],
              [
                -64.6314468383789,
                45.300437927246094
              ],
              [
                -64.87548828125,
                45.300437927246094
              ],
              [
                -64.96510314941406,
                45.496795654296875
              ],
              [
                -65.20943450927734,
                45.496795654296875
              ],
              [
                -65.17940521240234,
                45.431331634521484
              ],
              [
                -65.34223175048828,
                45.431331634521484
              ],
              [
                -65.57758331298828,
                45.23500442504883
              ],
              [
                -66.14679718017578,
                45.23500442504883
              ],
              [
                -66.24894714355469,
                45.10417556762695
              ],
              [
                -66.65521240234375,
                45.10417556762695
              ],
              [
                -66.6249008178711,
                45.03877639770508
              ],
              [
                -66.98021697998047,
                45.10417556762695
              ],
              [
                -67.06147003173828,
                45.10417556762695
              ],
              [
                -67.36653900146484,
                45.23500442504883
              ],
              [
                -67.9030532836914,
                46.02093505859375
              ],
              [
                -67.80277252197266,
                46.1520881652832
              ],
              [
                -67.8661880493164,
                46.283294677734375
              ],
              [
                -67.78434753417969,
                46.283294677734375
              ],
              [
                -67.84799194335938,
                46.414546966552734
              ],
              [
                -67.7660903930664,
                46.414546966552734
              ],
              [
                -67.8267593383789,
                46.87434005737305
              ],
              [
                -67.74462127685547,
                46.87434005737305
              ],
              [
                -67.90721893310547,
                47.20316696166992
              ],
              [
                -68.13761138916016,
                47.33478927612305
              ],
              [
                -68.54948425292969,
                47.33478927612305
              ],
              [
                -68.5163803100586,
                47.26897048950195
              ],
              [
                -68.8948974609375,
                47.20316696166992
              ],
              [
                -69.27550506591797,
                47.46647262573242
              ],
              [
                -69.66688537597656,
                46.94007873535156
              ],
              [
                -70.01122283935547,
                46.808616638183594
              ],
              [
                -70.1091079711914,
                46.677207946777344
              ],
              [
                -70.0593490600586,
                46.414546966552734
              ],
              [
                -70.33763885498047,
                46.1520881652832
              ],
              [
                -70.28924560546875,
                45.889827728271484
              ],
              [
                -70.4369888305664,
                45.693260192871094
              ],
              [
                -70.6000747680664,
                45.693260192871094
              ],
              [
                -70.89524841308594,
                45.300437927246094
              ],
              [
                -71.38333892822266,
                45.300437927246094
              ],
              [
                -71.36784362792969,
                45.10417556762695
              ],
              [
                -71.53034210205078,
                45.10417556762695
              ],
              [
                -71.62834167480469,
                44.973392486572266
              ],
              [
                -75.11945343017578,
                44.973392486572266
              ],
              [
                -75.08592224121094,
                44.908016204833984
              ],
              [
                -75.58670806884766,
                44.77729415893555
              ],
              [
                -75.64822387695312,
                44.58129119873047
              ],
              [
                -75.81021881103516,
                44.58129119873047
              ],
              [
                -76.00016021728516,
                44.32010269165039
              ],
              [
                -76.16191101074219,
                44.32010269165039
              ],
              [
                -76.19538116455078,
                44.38538360595703
              ],
              [
                -77.26029968261719,
                44.25482940673828
              ],
              [
                -77.044921875,
                43.99384307861328
              ],
              [
                -78.2896957397461,
                44.05907440185547
              ],
              [
                -78.25570678710938,
                43.99384307861328
              ],
              [
                -79.39779663085938,
                43.86341094970703
              ],
              [
                -79.36357116699219,
                43.79821014404297
              ],
              [
                -79.65179443359375,
                43.73301696777344
              ],
              [
                -79.7104263305664,
                43.53750228881836
              ],
              [
                -79.8714370727539,
                43.53750228881836
              ],
              [
                -79.70176696777344,
                43.211830139160156
              ],
              [
                -79.09246826171875,
                43.276947021484375
              ],
              [
                -79.02548217773438,
                43.146724700927734
              ],
              [
                -79.18612670898438,
                43.146724700927734
              ],
              [
                -79.08607482910156,
                42.95146560668945
              ],
              [
                -79.24653625488281,
                42.95146560668945
              ],
              [
                -79.21329498291016,
                42.88639831542969
              ],
              [
                -80.17574310302734,
                42.88639831542969
              ],
              [
                -80.14221954345703,
                42.82133865356445
              ],
              [
                -80.50951385498047,
                42.75628662109375
              ],
              [
                -80.44259643554688,
                42.62621307373047
              ],
              [
                -81.59762573242188,
                42.691246032714844
              ],
              [
                -81.73649597167969,
                42.496177673339844
              ],
              [
                -81.97657775878906,
                42.496177673339844
              ],
              [
                -81.9891586303711,
                42.36617660522461
              ],
              [
                -82.52772521972656,
                42.17123794555664
              ],
              [
                -82.5405502319336,
                42.041324615478516
              ],
              [
                -83.05315399169922,
                42.10627746582031
              ],
              [
                -83.07473754882812,
                42.30118942260742
              ],
              [
                -82.43521118164062,
                42.30118942260742
              ],
              [
                -82.52483367919922,
                42.62621307373047
              ],
              [
                -82.55901336669922,
                42.691246032714844
              ],
              [
                -82.42146301269531,
                42.88639831542969
              ],
              [
                -82.49042510986328,
                43.016544342041016
              ],
              [
                -82.41015625,
                43.016544342041016
              ],
              [
                -82.16936492919922,
                43.016544342041016
              ],
              [
                -82.203857421875,
                43.08163070678711
              ],
              [
                -81.91712951660156,
                43.146724700927734
              ],
              [
                -81.90589904785156,
                43.276947021484375
              ],
              [
                -81.69932556152344,
                43.342071533203125
              ],
              [
                -81.72662353515625,
                43.99384307861328
              ],
              [
                -81.23716735839844,
                44.58129119873047
              ],
              [
                -81.47929382324219,
                45.169586181640625
              ],
              [
                -81.13684844970703,
                44.842647552490234
              ],
              [
                -80.356689453125,
                44.45067596435547
              ],
              [
                -80.03294372558594,
                44.45067596435547
              ],
              [
                -79.94117736816406,
                44.58129119873047
              ],
              [
                -80.0010986328125,
                44.842647552490234
              ],
              [
                -79.8388442993164,
                44.842647552490234
              ],
              [
                -80.12338256835938,
                45.36587905883789
              ],
              [
                -80.35810089111328,
                45.496795654296875
              ],
              [
                -80.65738677978516,
                45.889827728271484
              ],
              [
                -80.89402770996094,
                46.02093505859375
              ],
              [
                -81.6293716430664,
                46.02093505859375
              ],
              [
                -81.90452575683594,
                46.21768569946289
              ],
              [
                -82.35112762451172,
                46.283294677734375
              ],
              [
                -83.04976654052734,
                46.21768569946289
              ],
              [
                -83.45309448242188,
                46.348915100097656
              ],
              [
                -83.9443130493164,
                46.348915100097656
              ],
              [
                -83.8677978515625,
                46.21768569946289
              ],
              [
                -83.94960021972656,
                46.21768569946289
              ],
              [
                -84.10311889648438,
                46.480194091796875
              ],
              [
                -84.5127944946289,
                46.480194091796875
              ],
              [
                -84.42642974853516,
                46.61152267456055
              ],
              [
                -84.54339599609375,
                46.808616638183594
              ],
              [
                -84.37919616699219,
                46.808616638183594
              ],
              [
                -84.74032592773438,
                47.13737487792969
              ],
              [
                -84.57577514648438,
                47.13737487792969
              ],
              [
                -84.6551284790039,
                47.26897048950195
              ],
              [
                -84.57279205322266,
                47.26897048950195
              ],
              [
                -84.97830963134766,
                47.664100646972656
              ],
              [
                -84.89424896240234,
                47.79592514038086
              ],
              [
                -85.01667785644531,
                47.993770599365234
              ],
              [
                -85.678466796875,
                47.993770599365234
              ],
              [
                -86.00962829589844,
                48.1257438659668
              ],
              [
                -86.1785888671875,
                48.52202224731445
              ],
              [
                -86.47516632080078,
                48.852684020996094
              ],
              [
                -87.47348022460938,
                48.852684020996094
              ],
              [
                -87.93781280517578,
                49.051273345947266
              ],
              [
                -88.35433197021484,
                49.051273345947266
              ],
              [
                -88.25753021240234,
                48.654239654541016
              ],
              [
                -88.47179412841797,
                48.852684020996094
              ],
              [
                -88.72137451171875,
                48.852684020996094
              ],
              [
                -88.58588409423828,
                48.52202224731445
              ],
              [
                -89.12762451171875,
                48.5881233215332
              ],
              [
                -89.08393859863281,
                48.52202224731445
              ],
              [
                -89.24996185302734,
                48.52202224731445
              ],
              [
                -89.28530883789062,
                48.323814392089844
              ],
              [
                -89.45111083984375,
                48.323814392089844
              ],
              [
                -89.48699951171875,
                48.1257438659668
              ],
              [
                -89.81464385986328,
                47.993770599365234
              ],
              [
                -89.89736938476562,
                47.993770599365234
              ],
              [
                -90.14935302734375,
                48.1257438659668
              ],
              [
                -90.77262878417969,
                48.191749572753906
              ],
              [
                -91.18678283691406,
                48.191749572753906
              ],
              [
                -91.14289093017578,
                48.1257438659668
              ],
              [
                -91.51292419433594,
                48.059749603271484
              ],
              [
                -92.10397338867188,
                48.323814392089844
              ],
              [
                -92.43557739257812,
                48.323814392089844
              ],
              [
                -92.99324798583984,
                48.654239654541016
              ],
              [
                -93.40866088867188,
                48.654239654541016
              ],
              [
                -93.36298370361328,
                48.5881233215332
              ],
              [
                -93.64949798583984,
                48.52202224731445
              ],
              [
                -93.90715789794922,
                48.654239654541016
              ],
              [
                -94.32257080078125,
                48.654239654541016
              ],
              [
                -94.66462707519531,
                48.786521911621094
              ],
              [
                -94.86327362060547,
                49.18375015258789
              ],
              [
                -94.77989959716797,
                49.18375015258789
              ],
              [
                -95.13780212402344,
                49.44889450073242
              ],
              [
                -95.25675201416016,
                49.38258361816406
              ],
              [
                -95.1610336303711,
                49.2500114440918
              ],
              [
                -95.24444580078125,
                49.2500114440918
              ],
              [
                -95.1492919921875,
                49.11750411987305
              ],
              [
                -95.23262786865234,
                49.11750411987305
              ],
              [
                -95.2212905883789,
                48.98506164550781
              ],
              [
                -122.86582946777344,
                48.98506164550781
              ],
              [
                -122.92542266845703,
                49.051273345947266
              ],
              [
                -123.09203338623047,
                49.051273345947266
              ],
              [
                -123.33270263671875,
                49.316287994384766
              ],
              [
                -123.1657943725586,
                49.316287994384766
              ],
              [
                -123.28720092773438,
                49.44889450073242
              ],
              [
                -123.72734069824219,
                49.38258361816406
              ],
              [
                -124.28565979003906,
                49.71431350708008
              ],
              [
                -123.8054428100586,
                49.64793395996094
              ],
              [
                -123.99150848388672,
                49.84712600708008
              ],
              [
                -124.43159484863281,
                49.78071212768555
              ],
              [
                -124.18388366699219,
                49.51522445678711
              ],
              [
                -124.43458557128906,
                49.51522445678711
              ],
              [
                -124.8291015625,
                49.84712600708008
              ],
              [
                -124.66158294677734,
                49.84712600708008
              ],
              [
                -124.85057067871094,
                50.04647445678711
              ],
              [
                -124.76669311523438,
                50.04647445678711
              ],
              [
                -124.89374542236328,
                50.17946243286133
              ],
              [
                -124.78961944580078,
                50.2459831237793
              ],
              [
                -124.85363006591797,
                50.312522888183594
              ],
              [
                -125.06644439697266,
                50.445655822753906
              ],
              [
                -125.57112884521484,
                50.445655822753906
              ],
              [
                -124.62366485595703,
                49.44889450073242
              ],
              [
                -123.93955993652344,
                49.2500114440918
              ],
              [
                -123.29431915283203,
                48.72037124633789
              ],
              [
                -123.5436782836914,
                48.72037124633789
              ],
              [
                -123.25028991699219,
                48.38986587524414
              ],
              [
                -123.8553695678711,
                48.323814392089844
              ],
              [
                -125.1229476928711,
                48.72037124633789
              ],
              [
                -125.24299621582031,
                48.852684020996094
              ],
              [
                -125.13685607910156,
                48.91886520385742
              ],
              [
                -125.19729614257812,
                48.98506164550781
              ],
              [
                -125.84105682373047,
                49.051273345947266
              ],
              [
                -125.96345520019531,
                49.18375015258789
              ],
              [
                -125.71331787109375,
                49.18375015258789
              ],
              [
                -125.98161315917969,
                49.38258361816406
              ],
              [
                -126.56605529785156,
                49.38258361816406
              ],
              [
                -126.67005157470703,
                49.58156967163086
              ],
              [
                -126.83726501464844,
                49.58156967163086
              ],
              [
                -127.36687469482422,
                50.04647445678711
              ],
              [
                -127.85108184814453,
                50.11296081542969
              ],
              [
                -128.09457397460938,
                50.445655822753906
              ],
              [
                -128.3290557861328,
                50.51224899291992
              ],
              [
                -128.5292205810547,
                50.71213912963867
              ],
              [
                -128.41073608398438,
                50.84549331665039
              ],
              [
                -128.47825622558594,
                50.912200927734375
              ],
              [
                -127.88746643066406,
                50.912200927734375
              ],
              [
                -127.19873046875,
                50.64549255371094
              ],
              [
                -126.05687713623047,
                50.51224899291992
              ],
              [
                -126.18790435791016,
                50.64549255371094
              ],
              [
                -126.52484130859375,
                50.64549255371094
              ],
              [
                -126.72357940673828,
                50.84549331665039
              ],
              [
                -127.61717224121094,
                50.97892379760742
              ],
              [
                -127.88866424560547,
                51.24601745605469
              ],
              [
                -127.70316314697266,
                51.31283950805664
              ],
              [
                -128.2876739501953,
                51.71418380737305
              ],
              [
                -128.1877899169922,
                51.78114318847656
              ],
              [
                -128.3845977783203,
                52.0491943359375
              ],
              [
                -128.2994842529297,
                52.0491943359375
              ],
              [
                -128.5130615234375,
                52.250450134277344
              ],
              [
                -128.00157165527344,
                52.250450134277344
              ],
              [
                -128.14456176757812,
                52.38472366333008
              ],
              [
                -128.64329528808594,
                52.4518928527832
              ],
              [
                -128.58470153808594,
                52.31757736206055
              ],
              [
                -128.7552947998047,
                52.31757736206055
              ],
              [
                -129.07020568847656,
                52.4518928527832
              ],
              [
                -129.50863647460938,
                52.85536575317383
              ],
              [
                -129.23971557617188,
                52.92268753051758
              ],
              [
                -129.63377380371094,
                53.124786376953125
              ],
              [
                -129.45082092285156,
                53.192195892333984
              ],
              [
                -129.52557373046875,
                53.25962829589844
              ],
              [
                -129.6974334716797,
                53.25962829589844
              ],
              [
                -130.23748779296875,
                53.664710998535156
              ],
              [
                -129.7084503173828,
                53.192195892333984
              ],
              [
                -129.97711181640625,
                53.124786376953125
              ],
              [
                -130.6685028076172,
                53.664710998535156
              ],
              [
                -130.49610900878906,
                53.664710998535156
              ],
              [
                -130.55393981933594,
                53.86756134033203
              ],
              [
                -130.38125610351562,
                53.86756134033203
              ],
              [
                -130.80392456054688,
                53.93522644042969
              ],
              [
                -130.9591827392578,
                54.07062530517578
              ],
              [
                -130.1717987060547,
                54.138362884521484
              ],
              [
                -130.64935302734375,
                54.47740173339844
              ],
              [
                -130.54669189453125,
                54.613189697265625
              ],
              [
                -130.6182861328125,
                54.74907684326172
              ],
              [
                -130.27040100097656,
                54.74907684326172
              ],
              [
                -130.42935180664062,
                54.88506317138672
              ],
              [
                -129.89183044433594,
                55.021148681640625
              ],
              [
                -129.9716796875,
                55.089229583740234
              ],
              [
                -129.88446044921875,
                55.089229583740234
              ],
              [
                -130.03781127929688,
                55.29362487792969
              ],
              [
                -129.950439453125,
                55.29362487792969
              ],
              [
                -130.2618865966797,
                55.70311737060547
              ],
              [
                -130.1682586669922,
                55.77145767211914
              ],
              [
                -130.25018310546875,
                55.83982467651367
              ],
              [
                -130.07464599609375,
                55.83982467651367
              ],
              [
                -130.15109252929688,
                55.97663879394531
              ],
              [
                -130.06321716308594,
                55.97663879394531
              ],
              [
                -130.99777221679688,
                56.45634460449219
              ],
              [
                -131.86988830566406,
                56.662349700927734
              ],
              [
                -132.2963104248047,
                57.07511901855469
              ],
              [
                -132.2075958251953,
                57.07511901855469
              ],
              [
                -132.46636962890625,
                57.35087585449219
              ],
              [
                -132.37742614746094,
                57.35087585449219
              ],
              [
                -133.53453063964844,
                58.38920593261719
              ],
              [
                -133.44476318359375,
                58.38920593261719
              ],
              [
                -134.7296600341797,
                59.15507125854492
              ],
              [
                -135.305908203125,
                59.714515686035156
              ],
              [
                -135.94735717773438,
                59.78459548950195
              ],
              [
                -135.8511962890625,
                59.714515686035156
              ],
              [
                -136.3910369873047,
                59.64447021484375
              ],
              [
                -136.29498291015625,
                59.574459075927734
              ],
              [
                -136.4765167236328,
                59.574459075927734
              ],
              [
                -136.38059997558594,
                59.504478454589844
              ],
              [
                -136.56201171875,
                59.504478454589844
              ],
              [
                -136.4662322998047,
                59.434532165527344
              ],
              [
                -136.64752197265625,
                59.434532165527344
              ],
              [
                -136.55189514160156,
                59.36461639404297
              ],
              [
                -136.73306274414062,
                59.36461639404297
              ],
              [
                -136.63758850097656,
                59.294734954833984
              ],
              [
                -136.98983764648438,
                59.15507125854492
              ],
              [
                -136.89479064941406,
                59.08528518676758
              ],
              [
                -137.52232360839844,
                59.015533447265625
              ],
              [
                -137.8144073486328,
                59.294734954833984
              ],
              [
                -137.723876953125,
                59.294734954833984
              ],
              [
                -138.87229919433594,
                59.92485809326172
              ],
              [
                -139.28610229492188,
                60.34645080566406
              ],
              [
                -139.83465576171875,
                60.34645080566406
              ],
              [
                -139.73428344726562,
                60.276100158691406
              ],
              [
                -139.91700744628906,
                60.276100158691406
              ],
              [
                -139.81678771972656,
                60.20578384399414
              ],
              [
                -140.0906982421875,
                60.20578384399414
              ],
              [
                -140.83065795898438,
                60.276100158691406
              ],
              [
                -141.1246337890625,
                60.416839599609375
              ],
              [
                -141.03314208984375,
                60.416839599609375
              ],
              [
                -141.15560913085938,
                60.628211975097656
              ],
              [
                -140.97227478027344,
                60.628211975097656
              ],
              [
                -141.118408203125,
                60.9812126159668
              ],
              [
                -141.02642822265625,
                60.9812126159668
              ],
              [
                -141.12979125976562,
                61.05192565917969
              ],
              [
                -141.03773498535156,
                61.05192565917969
              ],
              [
                -141.1413116455078,
                61.12267303466797
              ],
              [
                -141.04920959472656,
                61.12267303466797
              ],
              [
                -141.1529998779297,
                61.193458557128906
              ],
              [
                -141.06082153320312,
                61.193458557128906
              ],
              [
                -141.16485595703125,
                61.264278411865234
              ],
              [
                -141.07261657714844,
                61.264278411865234
              ],
              [
                -141.17684936523438,
                61.335140228271484
              ],
              [
                -141.0845489501953,
                61.335140228271484
              ],
              [
                -141.18902587890625,
                61.40604019165039
              ],
              [
                -141.09666442871094,
                61.40604019165039
              ],
              [
                -141.20135498046875,
                61.47697448730469
              ],
              [
                -141.01649475097656,
                61.47697448730469
              ],
              [
                -141.17269897460938,
                61.832237243652344
              ],
              [
                -141.07994079589844,
                61.832237243652344
              ],
              [
                -141.18594360351562,
                61.90340805053711
              ],
              [
                -141.09312438964844,
                61.90340805053711
              ],
              [
                -141.1993408203125,
                61.97461700439453
              ],
              [
                -141.10646057128906,
                61.97461700439453
              ],
              [
                -141.21292114257812,
                62.045867919921875
              ],
              [
                -141.11996459960938,
                62.045867919921875
              ],
              [
                -141.22665405273438,
                62.117156982421875
              ],
              [
                -141.04063415527344,
                62.117156982421875
              ],
              [
                -141.20449829101562,
                62.474212646484375
              ],
              [
                -141.1111602783203,
                62.474212646484375
              ],
              [
                -141.2191619873047,
                62.54574966430664
              ],
              [
                -141.12576293945312,
                62.54574966430664
              ],
              [
                -141.2340087890625,
                62.61732482910156
              ],
              [
                -141.14053344726562,
                62.61732482910156
              ],
              [
                -141.2490234375,
                62.68894577026367
              ],
              [
                -141.0619354248047,
                62.68894577026367
              ],
              [
                -141.2327423095703,
                63.047672271728516
              ],
              [
                -141.0449676513672,
                63.047672271728516
              ],
              [
                -141.20347595214844,
                63.33543014526367
              ],
              [
                -141.01516723632812,
                63.33543014526367
              ],
              [
                -141.1936492919922,
                63.69612503051758
              ],
              [
                -141.004638671875,
                63.69612503051758
              ],
              [
                -141.18753051757812,
                64.05794525146484
              ],
              [
                -140.99781799316406,
                64.05794525146484
              ],
              [
                -141.18515014648438,
                64.4209213256836
              ],
              [
                -140.99472045898438,
                64.4209213256836
              ],
              [
                -141.18655395507812,
                64.78507995605469
              ],
              [
                -140.9954071044922,
                64.78507995605469
              ],
              [
                -141.1918182373047,
                65.15044403076172
              ],
              [
                -141.0958709716797,
                65.15044403076172
              ],
              [
                -141.21253967285156,
                65.22367095947266
              ],
              [
                -141.0205078125,
                65.22367095947266
              ],
              [
                -141.22268676757812,
                65.59053039550781
              ],
              [
                -141.02989196777344,
                65.59053039550781
              ],
              [
                -141.23709106445312,
                65.95866394042969
              ],
              [
                -141.04354858398438,
                65.95866394042969
              ],
              [
                -141.25601196289062,
                66.32811737060547
              ],
              [
                -141.0616912841797,
                66.32811737060547
              ],
              [
                -141.2550811767578,
                66.6246337890625
              ],
              [
                -141.0601348876953,
                66.6246337890625
              ],
              [
                -141.23196411132812,
                66.84760284423828
              ],
              [
                -141.0365447998047,
                66.84760284423828
              ],
              [
                -141.2364044189453,
                67.14566802978516
              ],
              [
                -141.0403594970703,
                67.14566802978516
              ],
              [
                -141.24417114257812,
                67.44463348388672
              ],
              [
                -141.04747009277344,
                67.44463348388672
              ],
              [
                -141.22760009765625,
                67.66946411132812
              ],
              [
                -141.03041076660156,
                67.66946411132812
              ],
              [
                -141.21292114257812,
                67.89481353759766
              ],
              [
                -141.01522827148438,
                67.89481353759766
              ],
              [
                -141.22943115234375,
                68.19611358642578
              ],
              [
                -141.03106689453125,
                68.19611358642578
              ],
              [
                -141.21946716308594,
                68.42272186279297
              ],
              [
                -141.02059936523438,
                68.42272186279297
              ],
              [
                -141.24270629882812,
                68.7257080078125
              ],
              [
                -141.04315185546875,
                68.7257080078125
              ],
              [
                -141.2058868408203,
                68.87757110595703
              ],
              [
                -141.0059814453125,
                68.87757110595703
              ],
              [
                -141.16993713378906,
                69.0296859741211
              ],
              [
                -140.9696807861328,
                69.0296859741211
              ],
              [
                -141.1348876953125,
                69.18205261230469
              ],
              [
                -140.9342803955078,
                69.18205261230469
              ],
              [
                -141.1007537841797,
                69.33467864990234
              ],
              [
                -140.89979553222656,
                69.33467864990234
              ],
              [
                -141.1709442138672,
                69.71734619140625
              ],
              [
                -141.07000732421875,
                69.71734619140625
              ],
              [
                -140.06068420410156,
                69.71734619140625
              ],
              [
                -139.18739318847656,
                69.5640869140625
              ],
              [
                -137.56532287597656,
                69.0296859741211
              ],
              [
                -135.8084259033203,
                68.87757110595703
              ],
              [
                -136.1916046142578,
                69.10584259033203
              ],
              [
                -135.9911651611328,
                69.10584259033203
              ],
              [
                -136.277587890625,
                69.33467864990234
              ],
              [
                -135.40171813964844,
                69.41107940673828
              ],
              [
                -135.53115844726562,
                69.487548828125
              ],
              [
                -135.329833984375,
                69.487548828125
              ],
              [
                -135.45957946777344,
                69.5640869140625
              ],
              [
                -134.653564453125,
                69.5640869140625
              ],
              [
                -134.81216430664062,
                69.71734619140625
              ],
              [
                -134.5093536376953,
                69.71734619140625
              ],
              [
                -134.63951110839844,
                69.79407501220703
              ],
              [
                -133.5914306640625,
                69.41107940673828
              ],
              [
                -133.71925354003906,
                69.487548828125
              ],
              [
                -133.1422882080078,
                69.5640869140625
              ],
              [
                -133.29815673828125,
                69.71734619140625
              ],
              [
                -132.01287841796875,
                69.79407501220703
              ],
              [
                -131.7317657470703,
                69.5640869140625
              ],
              [
                -132.134765625,
                69.5640869140625
              ],
              [
                -132.00799560546875,
                69.487548828125
              ],
              [
                -130.9520263671875,
                69.33467864990234
              ],
              [
                -131.07713317871094,
                69.41107940673828
              ],
              [
                -130.87599182128906,
                69.41107940673828
              ],
              [
                -131.0013885498047,
                69.487548828125
              ],
              [
                -130.90072631835938,
                69.487548828125
              ],
              [
                -131.02650451660156,
                69.5640869140625
              ],
              [
                -130.8249969482422,
                69.5640869140625
              ],
              [
                -130.95108032226562,
                69.64068603515625
              ],
              [
                -131.65696716308594,
                69.64068603515625
              ],
              [
                -132.04002380371094,
                69.8708724975586
              ],
              [
                -131.63555908203125,
                69.8708724975586
              ],
              [
                -131.76385498046875,
                69.9477310180664
              ],
              [
                -131.5614471435547,
                69.9477310180664
              ],
              [
                -131.6900634765625,
                70.024658203125
              ],
              [
                -131.25782775878906,
                69.9477310180664
              ],
              [
                -131.3861541748047,
                70.024658203125
              ],
              [
                -131.18356323242188,
                70.024658203125
              ],
              [
                -131.3122100830078,
                70.10164642333984
              ],
              [
                -130.73097229003906,
                70.17870330810547
              ],
              [
                -130.86000061035156,
                70.2558364868164
              ],
              [
                -130.02056884765625,
                70.17870330810547
              ],
              [
                -130.14894104003906,
                70.2558364868164
              ],
              [
                -129.76947021484375,
                70.3330307006836
              ],
              [
                -129.38575744628906,
                70.10164642333984
              ],
              [
                -129.4871368408203,
                70.10164642333984
              ],
              [
                -129.3601531982422,
                70.024658203125
              ],
              [
                -129.56275939941406,
                70.024658203125
              ],
              [
                -129.4360809326172,
                69.9477310180664
              ],
              [
                -128.78009033203125,
                69.79407501220703
              ],
              [
                -128.90542602539062,
                69.8708724975586
              ],
              [
                -128.6264190673828,
                69.9477310180664
              ],
              [
                -128.7523651123047,
                70.024658203125
              ],
              [
                -128.5497589111328,
                70.024658203125
              ],
              [
                -128.67601013183594,
                70.10164642333984
              ],
              [
                -128.4732208251953,
                70.10164642333984
              ],
              [
                -128.5997772216797,
                70.17870330810547
              ],
              [
                -128.3968048095703,
                70.17870330810547
              ],
              [
                -128.523681640625,
                70.2558364868164
              ],
              [
                -128.0157928466797,
                70.2558364868164
              ],
              [
                -128.3981170654297,
                70.48763275146484
              ],
              [
                -128.29624938964844,
                70.48763275146484
              ],
              [
                -128.45156860351562,
                70.64251708984375
              ],
              [
                -128.04336547851562,
                70.64251708984375
              ],
              [
                -127.0774917602539,
                70.17870330810547
              ],
              [
                -126.29116821289062,
                69.5640869140625
              ],
              [
                -125.74681854248047,
                69.41107940673828
              ],
              [
                -125.44509887695312,
                69.41107940673828
              ],
              [
                -125.58590698242188,
                69.5640869140625
              ],
              [
                -125.3843994140625,
                69.5640869140625
              ],
              [
                -125.64834594726562,
                69.79407501220703
              ],
              [
                -125.34527587890625,
                69.79407501220703
              ],
              [
                -125.48898315429688,
                69.9477310180664
              ],
              [
                -125.28656768798828,
                69.9477310180664
              ],
              [
                -125.40946197509766,
                70.024658203125
              ],
              [
                -124.6793212890625,
                69.9477310180664
              ],
              [
                -124.19464874267578,
                69.64068603515625
              ],
              [
                -124.29548645019531,
                69.64068603515625
              ],
              [
                -124.17537689208984,
                69.5640869140625
              ],
              [
                -124.4776382446289,
                69.5640869140625
              ],
              [
                -124.33880615234375,
                69.41107940673828
              ],
              [
                -123.55241394042969,
                69.487548828125
              ],
              [
                -123.67162322998047,
                69.5640869140625
              ],
              [
                -123.38790893554688,
                69.64068603515625
              ],
              [
                -123.50765228271484,
                69.71734619140625
              ],
              [
                -123.3057861328125,
                69.71734619140625
              ],
              [
                -123.42581176757812,
                69.79407501220703
              ],
              [
                -123.22376251220703,
                69.79407501220703
              ],
              [
                -123.34406280517578,
                69.8708724975586
              ],
              [
                -121.72621154785156,
                69.8708724975586
              ],
              [
                -120.01421356201172,
                69.41107940673828
              ],
              [
                -118.9946060180664,
                69.33467864990234
              ],
              [
                -117.9402084350586,
                69.0296859741211
              ],
              [
                -116.31759643554688,
                68.87757110595703
              ],
              [
                -116.43828582763672,
                69.0296859741211
              ],
              [
                -115.94791412353516,
                69.10584259033203
              ],
              [
                -115.5371322631836,
                69.0296859741211
              ],
              [
                -114.29459381103516,
                68.64987182617188
              ],
              [
                -113.97425079345703,
                68.42272186279297
              ],
              [
                -114.07369232177734,
                68.42272186279297
              ],
              [
                -113.96111297607422,
                68.27159118652344
              ],
              [
                -114.65596771240234,
                68.27159118652344
              ],
              [
                -114.5499267578125,
                68.19611358642578
              ],
              [
                -115.13793182373047,
                68.1207046508789
              ],
              [
                -115.03203582763672,
                68.04534912109375
              ],
              [
                -115.23006439208984,
                68.04534912109375
              ],
              [
                -115.11788940429688,
                67.89481353759766
              ],
              [
                -114.11871337890625,
                67.74452209472656
              ],
              [
                -112.73721313476562,
                67.74452209472656
              ],
              [
                -112.84008026123047,
                67.81964111328125
              ],
              [
                -111.5561752319336,
                67.81964111328125
              ],
              [
                -111.65831756591797,
                67.89481353759766
              ],
              [
                -110.18045043945312,
                68.04534912109375
              ],
              [
                -109.7784652709961,
                67.81964111328125
              ],
              [
                -109.18589782714844,
                67.81964111328125
              ],
              [
                -108.78943634033203,
                67.66946411132812
              ],
              [
                -107.81101989746094,
                67.0710678100586
              ],
              [
                -107.42121887207031,
                66.99652099609375
              ],
              [
                -107.61347198486328,
                67.14566802978516
              ],
              [
                -107.51385498046875,
                67.22032165527344
              ],
              [
                -107.90282440185547,
                67.51952362060547
              ],
              [
                -108.1981201171875,
                67.51952362060547
              ],
              [
                -108.39505004882812,
                67.66946411132812
              ],
              [
                -108.29645538330078,
                67.66946411132812
              ],
              [
                -108.39533996582031,
                67.74452209472656
              ],
              [
                -108.09930419921875,
                67.74452209472656
              ],
              [
                -108.29832458496094,
                67.97005462646484
              ],
              [
                -107.9026107788086,
                67.97005462646484
              ],
              [
                -108.00218963623047,
                68.04534912109375
              ],
              [
                -107.9031753540039,
                68.04534912109375
              ],
              [
                -108.39939880371094,
                68.1207046508789
              ],
              [
                -108.90557861328125,
                68.49837493896484
              ],
              [
                -108.5098648071289,
                68.57408905029297
              ],
              [
                -108.61211395263672,
                68.64987182617188
              ],
              [
                -108.21334075927734,
                68.64987182617188
              ],
              [
                -108.31561279296875,
                68.7257080078125
              ],
              [
                -107.7169418334961,
                68.7257080078125
              ],
              [
                -107.81906127929688,
                68.8016128540039
              ],
              [
                -107.21986389160156,
                68.8016128540039
              ],
              [
                -107.32183074951172,
                68.87757110595703
              ],
              [
                -106.72388458251953,
                68.95359802246094
              ],
              [
                -106.82598114013672,
                69.0296859741211
              ],
              [
                -106.12508392333984,
                69.0296859741211
              ],
              [
                -105.52179718017578,
                68.7257080078125
              ],
              [
                -105.62158203125,
                68.7257080078125
              ],
              [
                -105.32283782958984,
                68.49837493896484
              ],
              [
                -105.52188110351562,
                68.49837493896484
              ],
              [
                -105.42283630371094,
                68.42272186279297
              ],
              [
                -104.72947692871094,
                68.27159118652344
              ],
              [
                -104.53466033935547,
                68.1207046508789
              ],
              [
                -103.44173431396484,
                68.19611358642578
              ],
              [
                -103.154052734375,
                67.97005462646484
              ],
              [
                -102.56886291503906,
                67.81964111328125
              ],
              [
                -99.6980972290039,
                67.89481353759766
              ],
              [
                -98.92218017578125,
                67.74452209472656
              ],
              [
                -99.01344299316406,
                67.81964111328125
              ],
              [
                -98.61840057373047,
                67.81964111328125
              ],
              [
                -98.88618469238281,
                68.1207046508789
              ],
              [
                -98.48980712890625,
                68.1207046508789
              ],
              [
                -98.86012268066406,
                68.42272186279297
              ],
              [
                -98.06464385986328,
                68.42272186279297
              ],
              [
                -98.14439392089844,
                68.64987182617188
              ],
              [
                -98.0447006225586,
                68.64987182617188
              ],
              [
                -98.33180236816406,
                68.8016128540039
              ],
              [
                -99.42554473876953,
                68.87757110595703
              ],
              [
                -99.80937194824219,
                69.18205261230469
              ],
              [
                -99.20346069335938,
                69.25833129882812
              ],
              [
                -99.30003356933594,
                69.33467864990234
              ],
              [
                -98.6971435546875,
                69.33467864990234
              ],
              [
                -98.88667297363281,
                69.5640869140625
              ],
              [
                -98.47986602783203,
                69.64068603515625
              ],
              [
                -98.67487335205078,
                69.79407501220703
              ],
              [
                -98.47282409667969,
                69.79407501220703
              ],
              [
                -98.5707015991211,
                69.8708724975586
              ],
              [
                -97.85929107666016,
                69.9477310180664
              ],
              [
                -96.9723892211914,
                69.5640869140625
              ],
              [
                -95.75106048583984,
                69.71734619140625
              ],
              [
                -95.36714172363281,
                69.487548828125
              ],
              [
                -95.46780395507812,
                69.487548828125
              ],
              [
                -95.38121795654297,
                69.33467864990234
              ],
              [
                -96.37981414794922,
                69.41107940673828
              ],
              [
                -95.8194808959961,
                68.95359802246094
              ],
              [
                -95.51936340332031,
                68.95359802246094
              ],
              [
                -95.3443374633789,
                68.7257080078125
              ],
              [
                -95.84323120117188,
                68.7257080078125
              ],
              [
                -95.75177001953125,
                68.64987182617188
              ],
              [
                -95.95115661621094,
                68.64987182617188
              ],
              [
                -95.85984802246094,
                68.57408905029297
              ],
              [
                -96.46550750732422,
                68.49837493896484
              ],
              [
                -96.3742446899414,
                68.42272186279297
              ],
              [
                -97.26167297363281,
                68.49837493896484
              ],
              [
                -97.07810974121094,
                68.34712219238281
              ],
              [
                -96.58975219726562,
                68.27159118652344
              ],
              [
                -96.1839599609375,
                68.34712219238281
              ],
              [
                -96.00321197509766,
                68.19611358642578
              ],
              [
                -96.1023941040039,
                68.19611358642578
              ],
              [
                -96.02174377441406,
                68.04534912109375
              ],
              [
                -96.21976470947266,
                68.04534912109375
              ],
              [
                -96.05059814453125,
                67.81964111328125
              ],
              [
                -96.24812316894531,
                67.81964111328125
              ],
              [
                -96.16912078857422,
                67.66946411132812
              ],
              [
                -96.37622833251953,
                67.5944595336914
              ],
              [
                -96.19976806640625,
                67.44463348388672
              ],
              [
                -95.80636596679688,
                67.44463348388672
              ],
              [
                -95.63172912597656,
                67.29503631591797
              ],
              [
                -95.43534851074219,
                67.29503631591797
              ],
              [
                -95.59883117675781,
                67.51952362060547
              ],
              [
                -95.50039672851562,
                67.51952362060547
              ],
              [
                -95.85307312011719,
                67.81964111328125
              ],
              [
                -95.74430084228516,
                67.89481353759766
              ],
              [
                -95.83336639404297,
                67.97005462646484
              ],
              [
                -95.52667999267578,
                68.04534912109375
              ],
              [
                -95.61602020263672,
                68.1207046508789
              ],
              [
                -94.92234802246094,
                68.1207046508789
              ],
              [
                -95.01140594482422,
                68.19611358642578
              ],
              [
                -94.40592193603516,
                68.27159118652344
              ],
              [
                -94.49501037597656,
                68.34712219238281
              ],
              [
                -94.29631042480469,
                68.34712219238281
              ],
              [
                -94.38554382324219,
                68.42272186279297
              ],
              [
                -94.07701110839844,
                68.49837493896484
              ],
              [
                -94.16653442382812,
                68.57408905029297
              ],
              [
                -93.86771392822266,
                68.57408905029297
              ],
              [
                -93.9572982788086,
                68.64987182617188
              ],
              [
                -93.74787139892578,
                68.7257080078125
              ],
              [
                -94.13743591308594,
                68.8016128540039
              ],
              [
                -94.04721069335938,
                68.7257080078125
              ],
              [
                -94.44631958007812,
                68.7257080078125
              ],
              [
                -94.71903991699219,
                68.95359802246094
              ],
              [
                -94.51022338867188,
                69.0296859741211
              ],
              [
                -94.60186004638672,
                69.10584259033203
              ],
              [
                -94.40142822265625,
                69.10584259033203
              ],
              [
                -94.56951904296875,
                69.41107940673828
              ],
              [
                -94.26780700683594,
                69.41107940673828
              ],
              [
                -94.36052703857422,
                69.487548828125
              ],
              [
                -94.74870300292969,
                69.64068603515625
              ],
              [
                -94.84954833984375,
                69.64068603515625
              ],
              [
                -94.75585174560547,
                69.5640869140625
              ],
              [
                -95.05810546875,
                69.5640869140625
              ],
              [
                -96.0482406616211,
                69.79407501220703
              ],
              [
                -96.72949981689453,
                70.2558364868164
              ],
              [
                -96.62419891357422,
                70.3330307006836
              ],
              [
                -96.72245788574219,
                70.41029357910156
              ],
              [
                -96.62068939208984,
                70.41029357910156
              ],
              [
                -96.71925354003906,
                70.48763275146484
              ],
              [
                -96.41040802001953,
                70.5650405883789
              ],
              [
                -96.80731964111328,
                70.95317840576172
              ],
              [
                -96.70333862304688,
                71.0310287475586
              ],
              [
                -96.8046875,
                71.10896301269531
              ],
              [
                -96.59941864013672,
                71.10896301269531
              ],
              [
                -96.70028686523438,
                71.26505279541016
              ],
              [
                -96.49462127685547,
                71.26505279541016
              ],
              [
                -96.59658813476562,
                71.42146301269531
              ],
              [
                -96.0809326171875,
                71.49979400634766
              ],
              [
                -95.56629180908203,
                71.42146301269531
              ],
              [
                -95.87467193603516,
                71.49979400634766
              ],
              [
                -96.08116149902344,
                71.73527526855469
              ],
              [
                -95.46055603027344,
                71.73527526855469
              ],
              [
                -95.56464385986328,
                71.8926773071289
              ],
              [
                -95.25373077392578,
                71.8926773071289
              ],
              [
                -95.46271514892578,
                72.05043029785156
              ],
              [
                -95.2550277709961,
                72.05043029785156
              ],
              [
                -95.36360168457031,
                72.2877197265625
              ],
              [
                -95.25943756103516,
                72.2877197265625
              ],
              [
                -95.36585998535156,
                72.36699676513672
              ],
              [
                -95.2615966796875,
                72.36699676513672
              ],
              [
                -95.36847686767578,
                72.44635772705078
              ],
              [
                -95.26409912109375,
                72.44635772705078
              ],
              [
                -95.37144470214844,
                72.52581787109375
              ],
              [
                -95.2669677734375,
                72.52581787109375
              ],
              [
                -95.91707611083984,
                72.92451477050781
              ],
              [
                -95.81775665283203,
                73.00454711914062
              ],
              [
                -95.92913055419922,
                73.08467102050781
              ],
              [
                -95.7186279296875,
                73.08467102050781
              ],
              [
                -95.8304214477539,
                73.1648941040039
              ],
              [
                -95.61968994140625,
                73.1648941040039
              ],
              [
                -95.73918151855469,
                73.32563781738281
              ],
              [
                -95.63359069824219,
                73.32563781738281
              ],
              [
                -95.86087799072266,
                73.48678588867188
              ],
              [
                -95.75505828857422,
                73.48678588867188
              ],
              [
                -95.87879943847656,
                73.64835357666016
              ],
              [
                -95.77274322509766,
                73.64835357666016
              ],
              [
                -95.89859008789062,
                73.8103256225586
              ],
              [
                -95.48357391357422,
                73.89147186279297
              ],
              [
                -94.93291473388672,
                73.72928619384766
              ],
              [
                -95.50533294677734,
                74.05409240722656
              ],
              [
                -95.398681640625,
                74.05409240722656
              ],
              [
                -95.5169677734375,
                74.13555908203125
              ],
              [
                -95.08988189697266,
                74.13555908203125
              ],
              [
                -95.20843505859375,
                74.2171401977539
              ],
              [
                -93.4014663696289,
                74.298828125
              ],
              [
                -92.7499008178711,
                74.2171401977539
              ],
              [
                -92.41250610351562,
                74.05409240722656
              ],
              [
                -91.03260803222656,
                74.13555908203125
              ],
              [
                -90.59947204589844,
                74.05409240722656
              ],
              [
                -90.3759536743164,
                73.89147186279297
              ],
              [
                -90.48236083984375,
                73.89147186279297
              ],
              [
                -90.37152099609375,
                73.8103256225586
              ],
              [
                -90.5841064453125,
                73.8103256225586
              ],
              [
                -90.47004699707031,
                73.64835357666016
              ],
              [
                -90.57610321044922,
                73.64835357666016
              ],
              [
                -90.6821517944336,
                73.64835357666016
              ],
              [
                -90.57274627685547,
                73.56752014160156
              ],
              [
                -91.10243225097656,
                73.56752014160156
              ],
              [
                -90.99310302734375,
                73.48678588867188
              ],
              [
                -91.20475006103516,
                73.48678588867188
              ],
              [
                -91.0931625366211,
                73.32563781738281
              ]
            ]
          ],
          [
            [
              [
                -80.15747833251953,
                62.474212646484375
              ],
              [
                -79.50407409667969,
                62.474212646484375
              ],
              [
                -79.27989959716797,
                62.117156982421875
              ],
              [
                -79.37291717529297,
                62.117156982421875
              ],
              [
                -79.36994934082031,
                61.90340805053711
              ],
              [
                -79.55558013916016,
                61.90340805053711
              ],
              [
                -79.58317565917969,
                61.618961334228516
              ],
              [
                -80.20136260986328,
                61.69001388549805
              ],
              [
                -80.5181884765625,
                62.045867919921875
              ],
              [
                -80.42524719238281,
                62.045867919921875
              ],
              [
                -80.48907470703125,
                62.117156982421875
              ],
              [
                -80.3669204711914,
                62.18848419189453
              ],
              [
                -80.43097686767578,
                62.259857177734375
              ],
              [
                -80.24468231201172,
                62.259857177734375
              ],
              [
                -80.27977752685547,
                62.4027214050293
              ],
              [
                -80.09322357177734,
                62.4027214050293
              ],
              [
                -80.15747833251953,
                62.474212646484375
              ]
            ]
          ],
          [
            [
              [
                -83.87995147705078,
                62.76060485839844
              ],
              [
                -83.66657257080078,
                62.83230972290039
              ],
              [
                -83.73421478271484,
                62.904052734375
              ],
              [
                -82.89048767089844,
                62.904052734375
              ],
              [
                -82.95771026611328,
                62.9758415222168
              ],
              [
                -82.77008056640625,
                62.9758415222168
              ],
              [
                -82.83734893798828,
                63.047672271728516
              ],
              [
                -82.18016815185547,
                63.047672271728516
              ],
              [
                -81.88665771484375,
                62.83230972290039
              ],
              [
                -82.10132598876953,
                62.76060485839844
              ],
              [
                -82.0351333618164,
                62.68894577026367
              ],
              [
                -82.22222137451172,
                62.68894577026367
              ],
              [
                -82.15608978271484,
                62.61732482910156
              ],
              [
                -82.3430404663086,
                62.61732482910156
              ],
              [
                -82.2769546508789,
                62.54574966430664
              ],
              [
                -82.46377563476562,
                62.54574966430664
              ],
              [
                -82.39773559570312,
                62.474212646484375
              ],
              [
                -82.58442687988281,
                62.474212646484375
              ],
              [
                -82.51844024658203,
                62.4027214050293
              ],
              [
                -82.70499420166016,
                62.4027214050293
              ],
              [
                -82.6390609741211,
                62.331268310546875
              ],
              [
                -82.82548522949219,
                62.331268310546875
              ],
              [
                -82.75959777832031,
                62.259857177734375
              ],
              [
                -82.94588470458984,
                62.259857177734375
              ],
              [
                -82.88005065917969,
                62.18848419189453
              ],
              [
                -83.25236511230469,
                62.18848419189453
              ],
              [
                -83.34545135498047,
                62.18848419189453
              ],
              [
                -83.50475311279297,
                62.259857177734375
              ],
              [
                -83.43852996826172,
                62.18848419189453
              ],
              [
                -83.81084442138672,
                62.18848419189453
              ],
              [
                -84.14517211914062,
                62.54574966430664
              ],
              [
                -83.83868408203125,
                62.61732482910156
              ],
              [
                -83.87995147705078,
                62.76060485839844
              ]
            ]
          ],
          [
            [
              [
                -80.43921661376953,
                63.91307830810547
              ],
              [
                -80.33272552490234,
                63.69612503051758
              ],
              [
                -80.95445251464844,
                63.55171203613281
              ],
              [
                -80.88758087158203,
                63.479576110839844
              ],
              [
                -81.35906219482422,
                63.479576110839844
              ],
              [
                -82.12831115722656,
                63.69612503051758
              ],
              [
                -82.60083770751953,
                63.69612503051758
              ],
              [
                -82.78144836425781,
                63.98548889160156
              ],
              [
                -83.58467864990234,
                64.13044738769531
              ],
              [
                -83.51471710205078,
                64.05794525146484
              ],
              [
                -83.70442962646484,
                64.05794525146484
              ],
              [
                -83.634521484375,
                63.98548889160156
              ],
              [
                -83.72930908203125,
                63.98548889160156
              ],
              [
                -83.709716796875,
                63.768394470214844
              ],
              [
                -83.99343872070312,
                63.768394470214844
              ],
              [
                -83.92389678955078,
                63.69612503051758
              ],
              [
                -84.11290740966797,
                63.69612503051758
              ],
              [
                -84.04342651367188,
                63.623897552490234
              ],
              [
                -84.58995819091797,
                63.4074821472168
              ],
              [
                -84.54572296142578,
                63.263427734375
              ],
              [
                -85.04090118408203,
                63.191463470458984
              ],
              [
                -84.97174835205078,
                63.11954879760742
              ],
              [
                -85.62940979003906,
                63.11954879760742
              ],
              [
                -85.88525390625,
                63.479576110839844
              ],
              [
                -85.74324798583984,
                63.623897552490234
              ],
              [
                -85.8139877319336,
                63.69612503051758
              ],
              [
                -86.57003021240234,
                63.69612503051758
              ],
              [
                -86.49872589111328,
                63.623897552490234
              ],
              [
                -86.78203582763672,
                63.623897552490234
              ],
              [
                -86.71072387695312,
                63.55171203613281
              ],
              [
                -87.18254852294922,
                63.55171203613281
              ],
              [
                -87.42057037353516,
                63.69612503051758
              ],
              [
                -87.28109741210938,
                63.84071350097656
              ],
              [
                -87.35342407226562,
                63.91307830810547
              ],
              [
                -87.16399383544922,
                63.91307830810547
              ],
              [
                -87.23638153076172,
                63.98548889160156
              ],
              [
                -86.33757781982422,
                64.13044738769531
              ],
              [
                -86.65660095214844,
                64.63926696777344
              ],
              [
                -86.44361877441406,
                64.71215057373047
              ],
              [
                -86.47335815429688,
                64.93107604980469
              ],
              [
                -86.37763977050781,
                64.93107604980469
              ],
              [
                -86.45156860351562,
                65.004150390625
              ],
              [
                -86.35576629638672,
                65.004150390625
              ],
              [
                -86.4298324584961,
                65.07727813720703
              ],
              [
                -86.33396911621094,
                65.07727813720703
              ],
              [
                -86.40817260742188,
                65.15044403076172
              ],
              [
                -86.31222534179688,
                65.15044403076172
              ],
              [
                -86.3865737915039,
                65.22367095947266
              ],
              [
                -86.29055786132812,
                65.22367095947266
              ],
              [
                -86.43974304199219,
                65.3702621459961
              ],
              [
                -86.30085754394531,
                65.51705932617188
              ],
              [
                -86.3759994506836,
                65.59053039550781
              ],
              [
                -86.18321228027344,
                65.59053039550781
              ],
              [
                -86.2162857055664,
                65.8112564086914
              ],
              [
                -86.11966705322266,
                65.8112564086914
              ],
              [
                -86.19532775878906,
                65.88493347167969
              ],
              [
                -86.00193786621094,
                65.88493347167969
              ],
              [
                -86.07767486572266,
                65.95866394042969
              ],
              [
                -85.22838592529297,
                65.88493347167969
              ],
              [
                -85.37886810302734,
                66.0324478149414
              ],
              [
                -85.06675720214844,
                66.10628509521484
              ],
              [
                -84.61849212646484,
                65.66405487060547
              ],
              [
                -84.83373260498047,
                65.59053039550781
              ],
              [
                -85.2500991821289,
                65.8112564086914
              ],
              [
                -85.02651977539062,
                65.59053039550781
              ],
              [
                -85.21929931640625,
                65.59053039550781
              ],
              [
                -84.99724578857422,
                65.3702621459961
              ],
              [
                -84.8785629272461,
                65.44363403320312
              ],
              [
                -84.95243072509766,
                65.51705932617188
              ],
              [
                -84.47085571289062,
                65.51705932617188
              ],
              [
                -84.25102233886719,
                65.29694366455078
              ],
              [
                -83.86665344238281,
                65.29694366455078
              ],
              [
                -83.77056121826172,
                65.29694366455078
              ],
              [
                -83.50605010986328,
                65.22367095947266
              ],
              [
                -83.2903060913086,
                65.004150390625
              ],
              [
                -82.05048370361328,
                64.71215057373047
              ],
              [
                -81.59119415283203,
                64.13044738769531
              ],
              [
                -80.83177185058594,
                64.13044738769531
              ],
              [
                -80.43921661376953,
                63.91307830810547
              ]
            ]
          ],
          [
            [
              [
                -105.02317810058594,
                68.64987182617188
              ],
              [
                -104.52560424804688,
                68.57408905029297
              ],
              [
                -104.4284896850586,
                68.42272186279297
              ],
              [
                -104.92566680908203,
                68.42272186279297
              ],
              [
                -105.22285461425781,
                68.57408905029297
              ],
              [
                -105.12287139892578,
                68.64987182617188
              ],
              [
                -105.02317810058594,
                68.64987182617188
              ]
            ]
          ],
          [
            [
              [
                -101.82441711425781,
                68.87757110595703
              ],
              [
                -101.72724151611328,
                68.8016128540039
              ],
              [
                -101.63362884521484,
                68.64987182617188
              ],
              [
                -102.13209533691406,
                68.64987182617188
              ],
              [
                -102.3264389038086,
                68.8016128540039
              ],
              [
                -102.22657012939453,
                68.8016128540039
              ],
              [
                -102.32418060302734,
                68.87757110595703
              ],
              [
                -101.82441711425781,
                68.87757110595703
              ]
            ]
          ],
          [
            [
              [
                -100.81526184082031,
                69.10584259033203
              ],
              [
                -100.21058654785156,
                69.18205261230469
              ],
              [
                -99.92113494873047,
                68.95359802246094
              ],
              [
                -100.22126007080078,
                68.95359802246094
              ],
              [
                -100.0295181274414,
                68.8016128540039
              ],
              [
                -100.12938690185547,
                68.8016128540039
              ],
              [
                -100.22925567626953,
                68.8016128540039
              ],
              [
                -100.32911682128906,
                68.8016128540039
              ],
              [
                -100.23351287841797,
                68.7257080078125
              ],
              [
                -100.53284454345703,
                68.7257080078125
              ],
              [
                -100.82150268554688,
                68.95359802246094
              ],
              [
                -100.7181625366211,
                69.0296859741211
              ],
              [
                -100.81526184082031,
                69.10584259033203
              ]
            ]
          ],
          [
            [
              [
                -101.50513458251953,
                69.64068603515625
              ],
              [
                -101.20260620117188,
                69.64068603515625
              ],
              [
                -101.0061264038086,
                69.41107940673828
              ],
              [
                -101.3078384399414,
                69.41107940673828
              ],
              [
                -101.5062255859375,
                69.5640869140625
              ],
              [
                -101.40547180175781,
                69.5640869140625
              ],
              [
                -101.50513458251953,
                69.64068603515625
              ]
            ]
          ],
          [
            [
              [
                -87.09220886230469,
                70.17870330810547
              ],
              [
                -86.68626403808594,
                70.17870330810547
              ],
              [
                -86.52404022216797,
                69.9477310180664
              ],
              [
                -87.11810302734375,
                70.024658203125
              ],
              [
                -87.29518127441406,
                70.17870330810547
              ],
              [
                -87.18108367919922,
                70.2558364868164
              ],
              [
                -87.09220886230469,
                70.17870330810547
              ]
            ]
          ],
          [
            [
              [
                -115.22615814208984,
                73.48678588867188
              ],
              [
                -115.43779754638672,
                73.48678588867188
              ],
              [
                -115.30248260498047,
                73.40616607666016
              ],
              [
                -114.112060546875,
                73.32563781738281
              ],
              [
                -113.84769439697266,
                73.1648941040039
              ],
              [
                -113.95305633544922,
                73.1648941040039
              ],
              [
                -113.77193450927734,
                72.92451477050781
              ],
              [
                -113.3760986328125,
                73.00454711914062
              ],
              [
                -113.50615692138672,
                73.08467102050781
              ],
              [
                -112.76939392089844,
                73.08467102050781
              ],
              [
                -111.43952178955078,
                72.84458923339844
              ],
              [
                -111.06331634521484,
                72.6053695678711
              ],
              [
                -110.01741790771484,
                72.6053695678711
              ],
              [
                -110.87486267089844,
                73.08467102050781
              ],
              [
                -109.69621276855469,
                73.00454711914062
              ],
              [
                -109.00764465332031,
                72.76475524902344
              ],
              [
                -108.51969146728516,
                72.44635772705078
              ],
              [
                -108.62406921386719,
                72.44635772705078
              ],
              [
                -108.47274017333984,
                72.20853424072266
              ],
              [
                -108.57679748535156,
                72.20853424072266
              ],
              [
                -108.1049575805664,
                71.8926773071289
              ],
              [
                -108.2085952758789,
                71.8926773071289
              ],
              [
                -108.0794677734375,
                71.73527526855469
              ],
              [
                -107.7691650390625,
                71.73527526855469
              ],
              [
                -107.88494873046875,
                71.81393432617188
              ],
              [
                -107.58676147460938,
                71.8926773071289
              ],
              [
                -107.9671630859375,
                72.2877197265625
              ],
              [
                -107.87801361083984,
                72.36699676513672
              ],
              [
                -108.11827087402344,
                72.52581787109375
              ],
              [
                -108.0137939453125,
                72.52581787109375
              ],
              [
                -108.1517562866211,
                72.68501281738281
              ],
              [
                -108.04705810546875,
                72.68501281738281
              ],
              [
                -108.29198455810547,
                72.84458923339844
              ],
              [
                -108.18706512451172,
                72.84458923339844
              ],
              [
                -108.3687515258789,
                73.1648941040039
              ],
              [
                -108.26338958740234,
                73.1648941040039
              ],
              [
                -108.38919067382812,
                73.2452163696289
              ],
              [
                -108.07275390625,
                73.2452163696289
              ],
              [
                -108.32589721679688,
                73.40616607666016
              ],
              [
                -106.72067260742188,
                73.32563781738281
              ],
              [
                -105.82278442382812,
                73.08467102050781
              ],
              [
                -106.42318725585938,
                73.40616607666016
              ],
              [
                -106.86627960205078,
                73.48678588867188
              ],
              [
                -107.14263153076172,
                73.72928619384766
              ],
              [
                -106.5275650024414,
                73.8103256225586
              ],
              [
                -106.656494140625,
                73.89147186279297
              ],
              [
                -105.03951263427734,
                73.8103256225586
              ],
              [
                -104.4323959350586,
                73.48678588867188
              ],
              [
                -104.53821563720703,
                73.48678588867188
              ],
              [
                -104.39766693115234,
                73.32563781738281
              ],
              [
                -104.8029556274414,
                73.2452163696289
              ],
              [
                -104.6810073852539,
                73.1648941040039
              ],
              [
                -104.89173889160156,
                73.1648941040039
              ],
              [
                -104.77027130126953,
                73.08467102050781
              ],
              [
                -104.98077392578125,
                73.08467102050781
              ],
              [
                -104.85977935791016,
                73.00454711914062
              ],
              [
                -105.15959167480469,
                72.92451477050781
              ],
              [
                -105.03952026367188,
                72.84458923339844
              ],
              [
                -105.35427856445312,
                72.84458923339844
              ],
              [
                -105.2201919555664,
                72.68501281738281
              ],
              [
                -105.32489013671875,
                72.68501281738281
              ],
              [
                -105.08828735351562,
                72.52581787109375
              ],
              [
                -105.17970275878906,
                72.44635772705078
              ],
              [
                -104.94647216796875,
                72.2877197265625
              ],
              [
                -105.0506362915039,
                72.2877197265625
              ],
              [
                -104.92359161376953,
                72.12944030761719
              ],
              [
                -105.02754211425781,
                72.12944030761719
              ],
              [
                -104.79851531982422,
                71.97151184082031
              ],
              [
                -104.90225982666016,
                71.97151184082031
              ],
              [
                -104.2281723022461,
                71.49979400634766
              ],
              [
                -104.331298828125,
                71.49979400634766
              ],
              [
                -104.21366119384766,
                71.34321594238281
              ],
              [
                -104.41951751708984,
                71.34321594238281
              ],
              [
                -104.30970764160156,
                71.26505279541016
              ],
              [
                -104.61133575439453,
                71.18696594238281
              ],
              [
                -103.75917053222656,
                70.7200698852539
              ],
              [
                -103.34687805175781,
                70.64251708984375
              ],
              [
                -103.45272827148438,
                70.7200698852539
              ],
              [
                -103.04413604736328,
                70.7200698852539
              ],
              [
                -102.83364868164062,
                70.5650405883789
              ],
              [
                -102.01284790039062,
                70.3330307006836
              ],
              [
                -101.09720611572266,
                70.17870330810547
              ],
              [
                -100.89488983154297,
                70.024658203125
              ],
              [
                -100.99618530273438,
                70.024658203125
              ],
              [
                -100.79524993896484,
                69.8708724975586
              ],
              [
                -100.8963623046875,
                69.8708724975586
              ],
              [
                -100.79771423339844,
                69.71734619140625
              ],
              [
                -101.20260620117188,
                69.64068603515625
              ],
              [
                -101.50354766845703,
                69.79407501220703
              ],
              [
                -101.60457611083984,
                69.79407501220703
              ],
              [
                -101.50424194335938,
                69.71734619140625
              ],
              [
                -101.90797424316406,
                69.71734619140625
              ],
              [
                -102.21086883544922,
                69.8708724975586
              ],
              [
                -102.51421356201172,
                69.8708724975586
              ],
              [
                -102.41264343261719,
                69.71734619140625
              ],
              [
                -102.61450958251953,
                69.71734619140625
              ],
              [
                -102.51355743408203,
                69.64068603515625
              ],
              [
                -102.6144027709961,
                69.64068603515625
              ],
              [
                -102.01081848144531,
                69.487548828125
              ],
              [
                -101.91258239746094,
                69.33467864990234
              ],
              [
                -102.1135482788086,
                69.33467864990234
              ],
              [
                -101.71944427490234,
                69.0296859741211
              ],
              [
                -102.72399139404297,
                68.87757110595703
              ],
              [
                -102.62603759765625,
                68.8016128540039
              ],
              [
                -103.32371520996094,
                68.87757110595703
              ],
              [
                -103.22522735595703,
                68.8016128540039
              ],
              [
                -103.82442474365234,
                68.8016128540039
              ],
              [
                -104.32291412353516,
                68.95359802246094
              ],
              [
                -105.12286376953125,
                68.87757110595703
              ],
              [
                -105.42520904541016,
                69.10584259033203
              ],
              [
                -106.42948150634766,
                69.18205261230469
              ],
              [
                -106.63815307617188,
                69.41107940673828
              ],
              [
                -106.93986511230469,
                69.41107940673828
              ],
              [
                -106.83621978759766,
                69.33467864990234
              ],
              [
                -107.03718566894531,
                69.33467864990234
              ],
              [
                -106.93375396728516,
                69.25833129882812
              ],
              [
                -107.13453674316406,
                69.25833129882812
              ],
              [
                -107.03130340576172,
                69.18205261230469
              ],
              [
                -107.3293228149414,
                69.10584259033203
              ],
              [
                -107.22649383544922,
                69.0296859741211
              ],
              [
                -108.52461242675781,
                68.95359802246094
              ],
              [
                -108.42131042480469,
                68.87757110595703
              ],
              [
                -108.9175796508789,
                68.8016128540039
              ],
              [
                -108.81450653076172,
                68.7257080078125
              ],
              [
                -109.213623046875,
                68.7257080078125
              ],
              [
                -109.1105728149414,
                68.64987182617188
              ],
              [
                -113.07933807373047,
                68.42272186279297
              ],
              [
                -113.81877136230469,
                68.87757110595703
              ],
              [
                -113.71881866455078,
                68.87757110595703
              ],
              [
                -113.9350814819336,
                69.0296859741211
              ],
              [
                -113.83495330810547,
                69.0296859741211
              ],
              [
                -113.96128845214844,
                69.25833129882812
              ],
              [
                -116.28157806396484,
                69.33467864990234
              ],
              [
                -117.24980163574219,
                69.71734619140625
              ],
              [
                -117.7256088256836,
                70.10164642333984
              ],
              [
                -117.13191223144531,
                70.17870330810547
              ],
              [
                -117.24842834472656,
                70.2558364868164
              ],
              [
                -115.33195495605469,
                70.3330307006836
              ],
              [
                -115.44754028320312,
                70.41029357910156
              ],
              [
                -114.0228042602539,
                70.41029357910156
              ],
              [
                -112.7789535522461,
                70.2558364868164
              ],
              [
                -112.67737579345703,
                70.2558364868164
              ],
              [
                -112.79014587402344,
                70.3330307006836
              ],
              [
                -111.97676086425781,
                70.3330307006836
              ],
              [
                -112.41753387451172,
                70.5650405883789
              ],
              [
                -113.34793090820312,
                70.64251708984375
              ],
              [
                -116.08795928955078,
                70.5650405883789
              ],
              [
                -116.20537567138672,
                70.64251708984375
              ],
              [
                -117.83820343017578,
                70.64251708984375
              ],
              [
                -118.56282806396484,
                71.10896301269531
              ],
              [
                -118.0691146850586,
                71.18696594238281
              ],
              [
                -118.19176483154297,
                71.26505279541016
              ],
              [
                -116.25640106201172,
                71.34321594238281
              ],
              [
                -116.37820434570312,
                71.42146301269531
              ],
              [
                -117.51152801513672,
                71.42146301269531
              ],
              [
                -117.38862609863281,
                71.34321594238281
              ],
              [
                -118.0062026977539,
                71.34321594238281
              ],
              [
                -118.60711669921875,
                71.65669250488281
              ],
              [
                -118.99787139892578,
                71.57820129394531
              ],
              [
                -119.37744903564453,
                71.81393432617188
              ],
              [
                -119.27391815185547,
                71.81393432617188
              ],
              [
                -119.45122528076172,
                72.05043029785156
              ],
              [
                -118.27916717529297,
                72.2877197265625
              ],
              [
                -118.80299377441406,
                72.6053695678711
              ],
              [
                -119.11676025390625,
                72.6053695678711
              ],
              [
                -118.98442077636719,
                72.52581787109375
              ],
              [
                -119.1933822631836,
                72.52581787109375
              ],
              [
                -119.06153869628906,
                72.44635772705078
              ],
              [
                -119.37466430664062,
                72.44635772705078
              ],
              [
                -119.24320983886719,
                72.36699676513672
              ],
              [
                -119.7374267578125,
                72.2877197265625
              ],
              [
                -119.60673522949219,
                72.20853424072266
              ],
              [
                -120.20437622070312,
                72.12944030761719
              ],
              [
                -120.07430267333984,
                72.05043029785156
              ],
              [
                -120.28199768066406,
                72.05043029785156
              ],
              [
                -120.15238952636719,
                71.97151184082031
              ],
              [
                -120.43798828125,
                71.8926773071289
              ],
              [
                -120.26042175292969,
                71.65669250488281
              ],
              [
                -120.54632568359375,
                71.57820129394531
              ],
              [
                -120.41951751708984,
                71.49979400634766
              ],
              [
                -121.94178771972656,
                71.42146301269531
              ],
              [
                -121.81459045410156,
                71.34321594238281
              ],
              [
                -122.20214080810547,
                71.26505279541016
              ],
              [
                -122.07563018798828,
                71.18696594238281
              ],
              [
                -122.38382720947266,
                71.18696594238281
              ],
              [
                -122.25760650634766,
                71.10896301269531
              ],
              [
                -123.283935546875,
                71.10896301269531
              ],
              [
                -123.79631805419922,
                71.42146301269531
              ],
              [
                -123.69328308105469,
                71.42146301269531
              ],
              [
                -123.9803695678711,
                71.65669250488281
              ],
              [
                -125.23576354980469,
                71.97151184082031
              ],
              [
                -125.6507339477539,
                71.97151184082031
              ],
              [
                -125.95414733886719,
                72.20853424072266
              ],
              [
                -125.67464447021484,
                72.2877197265625
              ],
              [
                -125.81208801269531,
                72.36699676513672
              ],
              [
                -125.4992904663086,
                72.36699676513672
              ],
              [
                -125.63715362548828,
                72.44635772705078
              ],
              [
                -125.35783386230469,
                72.52581787109375
              ],
              [
                -125.49676513671875,
                72.6053695678711
              ],
              [
                -125.0082778930664,
                72.68501281738281
              ],
              [
                -125.3250732421875,
                72.92451477050781
              ],
              [
                -125.11502075195312,
                72.92451477050781
              ],
              [
                -125.25689697265625,
                73.00454711914062
              ],
              [
                -124.73119354248047,
                73.00454711914062
              ],
              [
                -125.05461120605469,
                73.2452163696289
              ],
              [
                -124.77677917480469,
                73.32563781738281
              ],
              [
                -124.92171478271484,
                73.40616607666016
              ],
              [
                -124.60459899902344,
                73.40616607666016
              ],
              [
                -124.75006103515625,
                73.48678588867188
              ],
              [
                -124.15484619140625,
                73.56752014160156
              ],
              [
                -124.30126190185547,
                73.64835357666016
              ],
              [
                -123.91773223876953,
                73.72928619384766
              ],
              [
                -124.71083068847656,
                74.2171401977539
              ],
              [
                -124.60393524169922,
                74.2171401977539
              ],
              [
                -124.80409240722656,
                74.38063049316406
              ],
              [
                -124.58981323242188,
                74.38063049316406
              ],
              [
                -124.7446060180664,
                74.46253967285156
              ],
              [
                -124.3155517578125,
                74.46253967285156
              ],
              [
                -124.47087860107422,
                74.54456329345703
              ],
              [
                -121.29423522949219,
                74.62670135498047
              ],
              [
                -119.94137573242188,
                74.298828125
              ],
              [
                -119.29927825927734,
                74.298828125
              ],
              [
                -119.00648498535156,
                74.13555908203125
              ],
              [
                -118.89971923828125,
                74.13555908203125
              ],
              [
                -119.04551696777344,
                74.2171401977539
              ],
              [
                -118.72483825683594,
                74.2171401977539
              ],
              [
                -118.8712158203125,
                74.298828125
              ],
              [
                -118.5501708984375,
                74.298828125
              ],
              [
                -118.69713592529297,
                74.38063049316406
              ],
              [
                -118.58999633789062,
                74.38063049316406
              ],
              [
                -117.84001922607422,
                74.38063049316406
              ],
              [
                -117.01455688476562,
                74.2171401977539
              ],
              [
                -115.53018188476562,
                73.72928619384766
              ],
              [
                -115.25611877441406,
                73.56752014160156
              ],
              [
                -115.36205291748047,
                73.56752014160156
              ],
              [
                -115.22615814208984,
                73.48678588867188
              ]
            ]
          ],
          [
            [
              [
                -96.42069244384766,
                72.6053695678711
              ],
              [
                -96.30427551269531,
                72.36699676513672
              ],
              [
                -96.61708068847656,
                72.36699676513672
              ],
              [
                -96.39962005615234,
                72.12944030761719
              ],
              [
                -96.60286712646484,
                71.97151184082031
              ],
              [
                -96.3924560546875,
                71.81393432617188
              ],
              [
                -97.013671875,
                71.81393432617188
              ],
              [
                -96.90863037109375,
                71.73527526855469
              ],
              [
                -97.52742767333984,
                71.65669250488281
              ],
              [
                -97.4227066040039,
                71.57820129394531
              ],
              [
                -98.2507553100586,
                71.65669250488281
              ],
              [
                -98.04039001464844,
                71.49979400634766
              ],
              [
                -98.14352416992188,
                71.49979400634766
              ],
              [
                -98.03899383544922,
                71.42146301269531
              ],
              [
                -98.34808349609375,
                71.42146301269531
              ],
              [
                -98.2437515258789,
                71.34321594238281
              ],
              [
                -99.2730484008789,
                71.34321594238281
              ],
              [
                -99.59406280517578,
                71.65669250488281
              ],
              [
                -100.77259826660156,
                72.20853424072266
              ],
              [
                -101.6133041381836,
                72.2877197265625
              ],
              [
                -102.05830383300781,
                72.52581787109375
              ],
              [
                -102.59151458740234,
                72.6053695678711
              ],
              [
                -102.941162109375,
                72.84458923339844
              ],
              [
                -102.83624267578125,
                72.84458923339844
              ],
              [
                -102.9672622680664,
                73.00454711914062
              ],
              [
                -102.4547348022461,
                73.08467102050781
              ],
              [
                -102.57372283935547,
                73.1648941040039
              ],
              [
                -102.04690551757812,
                73.1648941040039
              ],
              [
                -101.25184631347656,
                72.76475524902344
              ],
              [
                -100.62299346923828,
                72.76475524902344
              ],
              [
                -100.73788452148438,
                72.84458923339844
              ],
              [
                -100.42312622070312,
                72.84458923339844
              ],
              [
                -100.538330078125,
                72.92451477050781
              ],
              [
                -100.43330383300781,
                72.92451477050781
              ],
              [
                -100.66545867919922,
                73.08467102050781
              ],
              [
                -100.24444580078125,
                73.08467102050781
              ],
              [
                -100.70197296142578,
                73.32563781738281
              ],
              [
                -101.45501708984375,
                73.40616607666016
              ],
              [
                -101.7117691040039,
                73.64835357666016
              ],
              [
                -100.86333465576172,
                73.64835357666016
              ],
              [
                -101.22964477539062,
                73.89147186279297
              ],
              [
                -100.39451599121094,
                73.97272491455078
              ],
              [
                -100.05915069580078,
                73.89147186279297
              ],
              [
                -100.1978988647461,
                74.05409240722656
              ],
              [
                -99.0872802734375,
                73.8103256225586
              ],
              [
                -99.45135498046875,
                74.05409240722656
              ],
              [
                -97.77386474609375,
                74.2171401977539
              ],
              [
                -97.53166961669922,
                74.05409240722656
              ],
              [
                -97.63831329345703,
                74.05409240722656
              ],
              [
                -97.50534057617188,
                73.89147186279297
              ],
              [
                -97.18611145019531,
                73.89147186279297
              ],
              [
                -96.83328247070312,
                73.64835357666016
              ],
              [
                -96.93933868408203,
                73.64835357666016
              ],
              [
                -96.82304382324219,
                73.56752014160156
              ],
              [
                -97.45866394042969,
                73.56752014160156
              ],
              [
                -97.11186981201172,
                73.32563781738281
              ],
              [
                -97.53423309326172,
                73.32563781738281
              ],
              [
                -97.41954040527344,
                73.2452163696289
              ],
              [
                -97.8414535522461,
                73.2452163696289
              ],
              [
                -97.72697448730469,
                73.1648941040039
              ],
              [
                -97.83233642578125,
                73.1648941040039
              ],
              [
                -97.93770599365234,
                73.1648941040039
              ],
              [
                -98.14842987060547,
                73.1648941040039
              ],
              [
                -97.40265655517578,
                73.08467102050781
              ],
              [
                -97.05951690673828,
                72.76475524902344
              ],
              [
                -96.64608001708984,
                72.84458923339844
              ],
              [
                -96.31610107421875,
                72.6053695678711
              ],
              [
                -96.42069244384766,
                72.6053695678711
              ]
            ]
          ],
          [
            [
              [
                -97.3055191040039,
                73.1648941040039
              ],
              [
                -97.20014953613281,
                73.1648941040039
              ],
              [
                -97.09478759765625,
                73.1648941040039
              ],
              [
                -97.20858764648438,
                73.2452163696289
              ],
              [
                -96.78667449951172,
                73.2452163696289
              ],
              [
                -96.44221496582031,
                72.92451477050781
              ],
              [
                -97.0723876953125,
                72.92451477050781
              ],
              [
                -97.3055191040039,
                73.1648941040039
              ]
            ]
          ],
          [
            [
              [
                -96.28040313720703,
                75.28799438476562
              ],
              [
                -96.4099349975586,
                75.3711929321289
              ],
              [
                -96.10501098632812,
                75.45452117919922
              ],
              [
                -96.49978637695312,
                75.70527648925781
              ],
              [
                -95.4944839477539,
                75.6215591430664
              ],
              [
                -95.62583923339844,
                75.70527648925781
              ],
              [
                -94.53340148925781,
                75.70527648925781
              ],
              [
                -94.05638885498047,
                75.53797912597656
              ],
              [
                -93.42489624023438,
                75.12195587158203
              ],
              [
                -93.53319549560547,
                75.12195587158203
              ],
              [
                -93.40930938720703,
                75.03912353515625
              ],
              [
                -93.51747131347656,
                75.03912353515625
              ],
              [
                -93.39430236816406,
                74.95640563964844
              ],
              [
                -93.50233459472656,
                74.95640563964844
              ],
              [
                -93.35273742675781,
                74.70895385742188
              ],
              [
                -93.56802368164062,
                74.70895385742188
              ],
              [
                -93.67566680908203,
                74.70895385742188
              ],
              [
                -93.55503845214844,
                74.62670135498047
              ],
              [
                -94.5226821899414,
                74.62670135498047
              ],
              [
                -95.73699951171875,
                74.79132080078125
              ],
              [
                -96.65416717529297,
                75.03912353515625
              ],
              [
                -96.80229949951172,
                75.20491790771484
              ],
              [
                -96.28040313720703,
                75.28799438476562
              ]
            ]
          ],
          [
            [
              [
                -105.07380676269531,
                75.28799438476562
              ],
              [
                -104.77946472167969,
                75.3711929321289
              ],
              [
                -104.92031860351562,
                75.45452117919922
              ],
              [
                -104.59382629394531,
                75.45452117919922
              ],
              [
                -104.7352066040039,
                75.53797912597656
              ],
              [
                -104.4083023071289,
                75.53797912597656
              ],
              [
                -104.29933166503906,
                75.53797912597656
              ],
              [
                -103.80120849609375,
                75.3711929321289
              ],
              [
                -103.60452270507812,
                75.12195587158203
              ],
              [
                -103.82110595703125,
                75.12195587158203
              ],
              [
                -103.6846923828125,
                75.03912353515625
              ],
              [
                -104.65814971923828,
                75.03912353515625
              ],
              [
                -105.07380676269531,
                75.28799438476562
              ]
            ]
          ],
          [
            [
              [
                -105.35563659667969,
                75.45452117919922
              ],
              [
                -105.57330322265625,
                75.45452117919922
              ],
              [
                -105.431640625,
                75.3711929321289
              ],
              [
                -105.72516632080078,
                75.28799438476562
              ],
              [
                -105.5848617553711,
                75.20491790771484
              ],
              [
                -106.09527587890625,
                75.12195587158203
              ],
              [
                -105.95609283447266,
                75.03912353515625
              ],
              [
                -106.8981704711914,
                74.95640563964844
              ],
              [
                -106.75959014892578,
                74.8738021850586
              ],
              [
                -109.41727447509766,
                75.03912353515625
              ],
              [
                -109.27484893798828,
                74.95640563964844
              ],
              [
                -110.32032012939453,
                74.8738021850586
              ],
              [
                -110.17842102050781,
                74.79132080078125
              ],
              [
                -110.89864349365234,
                74.70895385742188
              ],
              [
                -110.75763702392578,
                74.62670135498047
              ],
              [
                -111.29521942138672,
                74.62670135498047
              ],
              [
                -111.15453338623047,
                74.54456329345703
              ],
              [
                -111.69148254394531,
                74.54456329345703
              ],
              [
                -111.55110168457031,
                74.46253967285156
              ],
              [
                -112.08741760253906,
                74.46253967285156
              ],
              [
                -111.94734191894531,
                74.38063049316406
              ],
              [
                -113.44729614257812,
                74.38063049316406
              ],
              [
                -114.41319274902344,
                74.62670135498047
              ],
              [
                -114.70484161376953,
                74.79132080078125
              ],
              [
                -113.98895263671875,
                74.8738021850586
              ],
              [
                -114.13624572753906,
                74.95640563964844
              ],
              [
                -113.2719955444336,
                74.95640563964844
              ],
              [
                -114.41000366210938,
                75.28799438476562
              ],
              [
                -114.51856231689453,
                75.28799438476562
              ],
              [
                -114.28456115722656,
                75.03912353515625
              ],
              [
                -114.71720886230469,
                75.03912353515625
              ],
              [
                -114.56836700439453,
                74.95640563964844
              ],
              [
                -115.62513732910156,
                75.12195587158203
              ],
              [
                -115.4326171875,
                74.95640563964844
              ],
              [
                -115.75670623779297,
                74.95640563964844
              ],
              [
                -116.42753601074219,
                75.20491790771484
              ],
              [
                -116.53595733642578,
                75.20491790771484
              ],
              [
                -116.38319396972656,
                75.12195587158203
              ],
              [
                -117.24954223632812,
                75.12195587158203
              ],
              [
                -117.82289123535156,
                75.3711929321289
              ],
              [
                -117.60550689697266,
                75.3711929321289
              ],
              [
                -117.76236724853516,
                75.45452117919922
              ],
              [
                -117.32704162597656,
                75.45452117919922
              ],
              [
                -117.48440551757812,
                75.53797912597656
              ],
              [
                -117.04853820800781,
                75.53797912597656
              ],
              [
                -117.41588592529297,
                75.78911590576172
              ],
              [
                -116.48150634765625,
                75.87310028076172
              ],
              [
                -116.80351257324219,
                76.04146575927734
              ],
              [
                -116.69371032714844,
                76.04146575927734
              ],
              [
                -116.85611724853516,
                76.1258544921875
              ],
              [
                -116.63621520996094,
                76.1258544921875
              ],
              [
                -116.79936218261719,
                76.21038818359375
              ],
              [
                -115.97138214111328,
                76.29505920410156
              ],
              [
                -116.18964385986328,
                76.46484375
              ],
              [
                -115.58065032958984,
                76.5499496459961
              ],
              [
                -115.74639129638672,
                76.63520812988281
              ],
              [
                -114.74893188476562,
                76.63520812988281
              ],
              [
                -113.87683868408203,
                76.29505920410156
              ],
              [
                -112.88468170166016,
                76.29505920410156
              ],
              [
                -111.70708465576172,
                75.95721435546875
              ],
              [
                -111.20561981201172,
                75.6215591430664
              ],
              [
                -109.02352142333984,
                75.6215591430664
              ],
              [
                -109.212158203125,
                75.78911590576172
              ],
              [
                -109.5403060913086,
                75.78911590576172
              ],
              [
                -110.10528564453125,
                76.04146575927734
              ],
              [
                -109.48945617675781,
                76.1258544921875
              ],
              [
                -110.08361053466797,
                76.21038818359375
              ],
              [
                -110.60005187988281,
                76.5499496459961
              ],
              [
                -109.93596649169922,
                76.5499496459961
              ],
              [
                -110.09412384033203,
                76.63520812988281
              ],
              [
                -109.76163482666016,
                76.63520812988281
              ],
              [
                -109.92029571533203,
                76.72061920166016
              ],
              [
                -109.69833374023438,
                76.72061920166016
              ],
              [
                -109.85765075683594,
                76.8061752319336
              ],
              [
                -109.52426147460938,
                76.8061752319336
              ],
              [
                -109.68406677246094,
                76.89189147949219
              ],
              [
                -108.7938232421875,
                76.89189147949219
              ],
              [
                -108.32086181640625,
                76.63520812988281
              ],
              [
                -108.43168640136719,
                76.63520812988281
              ],
              [
                -108.27576446533203,
                76.5499496459961
              ],
              [
                -108.49713134765625,
                76.5499496459961
              ],
              [
                -107.9918212890625,
                76.21038818359375
              ],
              [
                -108.32210540771484,
                76.21038818359375
              ],
              [
                -107.7591552734375,
                75.95721435546875
              ],
              [
                -106.95297241210938,
                75.87310028076172
              ],
              [
                -107.1405029296875,
                76.04146575927734
              ],
              [
                -106.81108093261719,
                76.04146575927734
              ],
              [
                -106.96060180664062,
                76.1258544921875
              ],
              [
                -106.85064697265625,
                76.1258544921875
              ],
              [
                -105.7130126953125,
                76.04146575927734
              ],
              [
                -105.41963958740234,
                75.87310028076172
              ],
              [
                -105.52916717529297,
                75.87310028076172
              ],
              [
                -105.31394958496094,
                75.6215591430664
              ],
              [
                -105.53215789794922,
                75.6215591430664
              ],
              [
                -105.35563659667969,
                75.45452117919922
              ]
            ]
          ],
          [
            [
              [
                -94.22667694091797,
                75.78911590576172
              ],
              [
                -94.53340148925781,
                75.70527648925781
              ],
              [
                -95.06172943115234,
                76.04146575927734
              ],
              [
                -94.4897232055664,
                75.95721435546875
              ],
              [
                -94.35778045654297,
                75.87310028076172
              ],
              [
                -94.22667694091797,
                75.78911590576172
              ]
            ]
          ],
          [
            [
              [
                -118.88984680175781,
                76.04146575927734
              ],
              [
                -118.1755142211914,
                76.1258544921875
              ],
              [
                -118.34068298339844,
                76.21038818359375
              ],
              [
                -117.79021453857422,
                76.21038818359375
              ],
              [
                -117.4096450805664,
                75.95721435546875
              ],
              [
                -117.68626403808594,
                75.87310028076172
              ],
              [
                -117.5252685546875,
                75.78911590576172
              ],
              [
                -118.13002014160156,
                75.70527648925781
              ],
              [
                -117.97013854980469,
                75.6215591430664
              ],
              [
                -118.40655517578125,
                75.6215591430664
              ],
              [
                -118.24717712402344,
                75.53797912597656
              ],
              [
                -119.22789001464844,
                75.53797912597656
              ],
              [
                -119.55018615722656,
                75.70527648925781
              ],
              [
                -119.4409408569336,
                75.70527648925781
              ],
              [
                -119.60354614257812,
                75.78911590576172
              ],
              [
                -119.38478088378906,
                75.78911590576172
              ],
              [
                -119.54816436767578,
                75.87310028076172
              ],
              [
                -119.21958923339844,
                75.87310028076172
              ],
              [
                -119.38361358642578,
                75.95721435546875
              ],
              [
                -118.72562408447266,
                75.95721435546875
              ],
              [
                -118.88984680175781,
                76.04146575927734
              ]
            ]
          ],
          [
            [
              [
                -97.6175537109375,
                75.78911590576172
              ],
              [
                -97.21644592285156,
                75.53797912597656
              ],
              [
                -97.51981353759766,
                75.45452117919922
              ],
              [
                -97.87024688720703,
                75.53797912597656
              ],
              [
                -97.73747253417969,
                75.45452117919922
              ],
              [
                -97.95513916015625,
                75.45452117919922
              ],
              [
                -97.5400619506836,
                75.12195587158203
              ],
              [
                -99.8990249633789,
                75.03912353515625
              ],
              [
                -99.76812744140625,
                74.95640563964844
              ],
              [
                -99.98418426513672,
                74.95640563964844
              ],
              [
                -100.73138427734375,
                75.28799438476562
              ],
              [
                -100.5142593383789,
                75.28799438476562
              ],
              [
                -100.81237030029297,
                75.53797912597656
              ],
              [
                -100.26753234863281,
                75.53797912597656
              ],
              [
                -100.40421295166016,
                75.6215591430664
              ],
              [
                -102.66482543945312,
                75.53797912597656
              ],
              [
                -103.8462905883789,
                76.04146575927734
              ],
              [
                -104.2855224609375,
                76.04146575927734
              ],
              [
                -104.57889556884766,
                76.21038818359375
              ],
              [
                -104.46880340576172,
                76.21038818359375
              ],
              [
                -104.61673736572266,
                76.29505920410156
              ],
              [
                -104.39625549316406,
                76.29505920410156
              ],
              [
                -104.69429016113281,
                76.46484375
              ],
              [
                -104.5837631225586,
                76.46484375
              ],
              [
                -104.8152847290039,
                76.72061920166016
              ],
              [
                -103.44438934326172,
                76.63520812988281
              ],
              [
                -102.77864837646484,
                76.37987518310547
              ],
              [
                -102.45264434814453,
                76.1258544921875
              ],
              [
                -101.69584655761719,
                75.87310028076172
              ],
              [
                -101.47679901123047,
                75.87310028076172
              ],
              [
                -102.37311553955078,
                76.46484375
              ],
              [
                -101.63496398925781,
                76.5499496459961
              ],
              [
                -99.97295379638672,
                75.95721435546875
              ],
              [
                -100.46055603027344,
                76.37987518310547
              ],
              [
                -100.79171752929688,
                76.37987518310547
              ],
              [
                -101.52296447753906,
                76.8061752319336
              ],
              [
                -101.1895751953125,
                76.8061752319336
              ],
              [
                -100.89532470703125,
                76.63520812988281
              ],
              [
                -100.78450012207031,
                76.63520812988281
              ],
              [
                -100.93103790283203,
                76.72061920166016
              ],
              [
                -99.9322280883789,
                76.72061920166016
              ],
              [
                -99.20000457763672,
                76.5499496459961
              ],
              [
                -99.08932495117188,
                76.5499496459961
              ],
              [
                -99.266357421875,
                76.72061920166016
              ],
              [
                -98.37852478027344,
                76.72061920166016
              ],
              [
                -97.59053802490234,
                76.37987518310547
              ],
              [
                -97.700927734375,
                76.37987518310547
              ],
              [
                -97.56141662597656,
                76.29505920410156
              ],
              [
                -97.36767578125,
                76.04146575927734
              ],
              [
                -97.58729553222656,
                76.04146575927734
              ],
              [
                -97.42443084716797,
                75.87310028076172
              ],
              [
                -97.64347839355469,
                75.87310028076172
              ],
              [
                -97.50817108154297,
                75.78911590576172
              ],
              [
                -97.6175537109375,
                75.78911590576172
              ]
            ]
          ],
          [
            [
              [
                -116.96353912353516,
                76.29505920410156
              ],
              [
                -117.73521423339844,
                76.29505920410156
              ],
              [
                -118.34765625,
                76.5499496459961
              ],
              [
                -118.90105438232422,
                76.5499496459961
              ],
              [
                -118.50688934326172,
                76.29505920410156
              ],
              [
                -118.94784545898438,
                76.29505920410156
              ],
              [
                -118.78105926513672,
                76.21038818359375
              ],
              [
                -119.00125122070312,
                76.21038818359375
              ],
              [
                -118.83522033691406,
                76.1258544921875
              ],
              [
                -119.27501678466797,
                76.1258544921875
              ],
              [
                -119.71952056884766,
                76.29505920410156
              ],
              [
                -119.38361358642578,
                75.95721435546875
              ],
              [
                -119.71260833740234,
                75.95721435546875
              ],
              [
                -119.54816436767578,
                75.87310028076172
              ],
              [
                -120.31482696533203,
                75.87310028076172
              ],
              [
                -120.81432342529297,
                76.1258544921875
              ],
              [
                -121.03421783447266,
                76.1258544921875
              ],
              [
                -120.86637115478516,
                76.04146575927734
              ],
              [
                -121.08598327636719,
                76.04146575927734
              ],
              [
                -120.69737243652344,
                75.78911590576172
              ],
              [
                -121.63502502441406,
                76.04146575927734
              ],
              [
                -122.4542236328125,
                75.95721435546875
              ],
              [
                -122.96464538574219,
                76.21038818359375
              ],
              [
                -122.74445343017578,
                76.21038818359375
              ],
              [
                -123.08954620361328,
                76.37987518310547
              ],
              [
                -122.26891326904297,
                76.46484375
              ],
              [
                -122.44281768798828,
                76.5499496459961
              ],
              [
                -121.44669342041016,
                76.5499496459961
              ],
              [
                -121.62031555175781,
                76.63520812988281
              ],
              [
                -121.1291275024414,
                76.72061920166016
              ],
              [
                -121.30394744873047,
                76.8061752319336
              ],
              [
                -120.85942840576172,
                76.8061752319336
              ],
              [
                -121.0346908569336,
                76.89189147949219
              ],
              [
                -120.20809173583984,
                76.9777603149414
              ],
              [
                -120.38404083251953,
                77.06378936767578
              ],
              [
                -119.93769836425781,
                77.06378936767578
              ],
              [
                -120.11405944824219,
                77.14997863769531
              ],
              [
                -119.50816345214844,
                77.23632049560547
              ],
              [
                -119.68546295166016,
                77.32283020019531
              ],
              [
                -119.23725128173828,
                77.32283020019531
              ],
              [
                -119.41493225097656,
                77.40950012207031
              ],
              [
                -116.94633483886719,
                77.40950012207031
              ],
              [
                -117.29771423339844,
                77.58334350585938
              ],
              [
                -116.05992889404297,
                77.58334350585938
              ],
              [
                -115.25611877441406,
                77.23632049560547
              ],
              [
                -116.31487274169922,
                77.14997863769531
              ],
              [
                -115.69322204589844,
                76.89189147949219
              ],
              [
                -116.13834381103516,
                76.89189147949219
              ],
              [
                -115.74639129638672,
                76.63520812988281
              ],
              [
                -115.85722351074219,
                76.63520812988281
              ],
              [
                -115.96804809570312,
                76.63520812988281
              ],
              [
                -116.18970489501953,
                76.63520812988281
              ],
              [
                -116.02336883544922,
                76.5499496459961
              ],
              [
                -117.01949310302734,
                76.5499496459961
              ],
              [
                -116.85283660888672,
                76.46484375
              ],
              [
                -117.12873840332031,
                76.37987518310547
              ],
              [
                -116.96353912353516,
                76.29505920410156
              ]
            ]
          ],
          [
            [
              [
                -113.47160339355469,
                76.72061920166016
              ],
              [
                -114.58139038085938,
                76.72061920166016
              ],
              [
                -114.97073364257812,
                76.9777603149414
              ],
              [
                -113.85640716552734,
                76.9777603149414
              ],
              [
                -113.52490997314453,
                76.8061752319336
              ],
              [
                -113.63603973388672,
                76.8061752319336
              ],
              [
                -113.47160339355469,
                76.72061920166016
              ]
            ]
          ],
          [
            [
              [
                -91.41680145263672,
                77.58334350585938
              ],
              [
                -91.1917495727539,
                77.58334350585938
              ],
              [
                -91.33184814453125,
                77.67052459716797
              ],
              [
                -91.10648345947266,
                77.67052459716797
              ],
              [
                -91.24702453613281,
                77.75786590576172
              ],
              [
                -91.1341781616211,
                77.75786590576172
              ],
              [
                -91.02133178710938,
                77.75786590576172
              ],
              [
                -90.09231567382812,
                77.67052459716797
              ],
              [
                -89.54347229003906,
                77.32283020019531
              ],
              [
                -89.76757049560547,
                77.32283020019531
              ],
              [
                -89.63195037841797,
                77.23632049560547
              ],
              [
                -90.86280822753906,
                77.23632049560547
              ],
              [
                -91.41680145263672,
                77.58334350585938
              ]
            ]
          ],
          [
            [
              [
                -106.30530548095703,
                77.84538269042969
              ],
              [
                -105.74027252197266,
                77.84538269042969
              ],
              [
                -105.57846069335938,
                77.75786590576172
              ],
              [
                -105.35276794433594,
                77.75786590576172
              ],
              [
                -104.1351318359375,
                77.14997863769531
              ],
              [
                -105.14080047607422,
                77.14997863769531
              ],
              [
                -105.88484191894531,
                77.49634552001953
              ],
              [
                -105.77247619628906,
                77.49634552001953
              ],
              [
                -106.30530548095703,
                77.84538269042969
              ]
            ]
          ],
          [
            [
              [
                -112.97978973388672,
                78.02094268798828
              ],
              [
                -113.1541976928711,
                78.1089859008789
              ],
              [
                -109.91964721679688,
                78.19720458984375
              ],
              [
                -109.41120910644531,
                77.93307495117188
              ],
              [
                -110.76924133300781,
                77.93307495117188
              ],
              [
                -110.09230041503906,
                77.75786590576172
              ],
              [
                -109.87101745605469,
                77.58334350585938
              ],
              [
                -110.15478515625,
                77.49634552001953
              ],
              [
                -110.26715087890625,
                77.49634552001953
              ],
              [
                -110.3795166015625,
                77.49634552001953
              ],
              [
                -110.21379089355469,
                77.40950012207031
              ],
              [
                -112.29003143310547,
                77.32283020019531
              ],
              [
                -113.07632446289062,
                77.49634552001953
              ],
              [
                -113.71165466308594,
                77.93307495117188
              ],
              [
                -112.97978973388672,
                78.02094268798828
              ]
            ]
          ],
          [
            [
              [
                -101.87316131591797,
                78.02094268798828
              ],
              [
                -101.10696411132812,
                77.84538269042969
              ],
              [
                -100.91011047363281,
                77.67052459716797
              ],
              [
                -102.26233673095703,
                77.67052459716797
              ],
              [
                -102.77982330322266,
                78.02094268798828
              ],
              [
                -101.98648834228516,
                78.02094268798828
              ],
              [
                -101.87316131591797,
                78.02094268798828
              ]
            ]
          ],
          [
            [
              [
                -92.99215698242188,
                77.58334350585938
              ],
              [
                -93.21720886230469,
                77.58334350585938
              ],
              [
                -93.07501220703125,
                77.49634552001953
              ],
              [
                -95.73883056640625,
                77.40950012207031
              ],
              [
                -96.55078887939453,
                77.75786590576172
              ],
              [
                -96.3250961303711,
                77.75786590576172
              ],
              [
                -96.47366333007812,
                77.84538269042969
              ],
              [
                -96.88932037353516,
                77.75786590576172
              ],
              [
                -97.5665054321289,
                78.02094268798828
              ],
              [
                -98.49077606201172,
                78.55191802978516
              ],
              [
                -98.3764419555664,
                78.55191802978516
              ],
              [
                -98.53302764892578,
                78.64105987548828
              ],
              [
                -98.30403137207031,
                78.64105987548828
              ],
              [
                -98.50395202636719,
                78.81990814208984
              ],
              [
                -98.2742691040039,
                78.81990814208984
              ],
              [
                -98.43225860595703,
                78.90962219238281
              ],
              [
                -97.39714813232422,
                78.90962219238281
              ],
              [
                -96.39698028564453,
                78.73038482666016
              ],
              [
                -96.08983612060547,
                78.55191802978516
              ],
              [
                -95.1751937866211,
                78.55191802978516
              ],
              [
                -94.61029052734375,
                78.28560638427734
              ],
              [
                -95.17942810058594,
                78.28560638427734
              ],
              [
                -94.7331771850586,
                78.02094268798828
              ],
              [
                -94.84651184082031,
                78.02094268798828
              ],
              [
                -94.95984649658203,
                78.02094268798828
              ],
              [
                -94.81230926513672,
                77.93307495117188
              ],
              [
                -96.28351593017578,
                77.93307495117188
              ],
              [
                -96.13463592529297,
                77.84538269042969
              ],
              [
                -93.30945587158203,
                77.84538269042969
              ],
              [
                -92.99215698242188,
                77.58334350585938
              ]
            ]
          ],
          [
            [
              [
                -111.36609649658203,
                78.81990814208984
              ],
              [
                -110.21768951416016,
                78.81990814208984
              ],
              [
                -109.52499389648438,
                78.64105987548828
              ],
              [
                -109.123046875,
                78.37419128417969
              ],
              [
                -109.35103607177734,
                78.37419128417969
              ],
              [
                -109.18025970458984,
                78.28560638427734
              ],
              [
                -110.88768005371094,
                78.28560638427734
              ],
              [
                -111.2889404296875,
                78.37419128417969
              ],
              [
                -111.1153335571289,
                78.28560638427734
              ],
              [
                -111.22916412353516,
                78.28560638427734
              ],
              [
                -112.54288482666016,
                78.37419128417969
              ],
              [
                -112.36743927001953,
                78.28560638427734
              ],
              [
                -112.93657684326172,
                78.28560638427734
              ],
              [
                -113.3537368774414,
                78.55191802978516
              ],
              [
                -111.18936920166016,
                78.73038482666016
              ],
              [
                -111.36609649658203,
                78.81990814208984
              ]
            ]
          ],
          [
            [
              [
                -99.03983306884766,
                78.02094268798828
              ],
              [
                -98.84681701660156,
                77.84538269042969
              ],
              [
                -99.93616485595703,
                77.75786590576172
              ],
              [
                -100.69713592529297,
                77.93307495117188
              ],
              [
                -101.05400848388672,
                78.19720458984375
              ],
              [
                -101.55379486083984,
                78.28560638427734
              ],
              [
                -102.96733856201172,
                78.37419128417969
              ],
              [
                -102.80590057373047,
                78.28560638427734
              ],
              [
                -104.62714385986328,
                78.28560638427734
              ],
              [
                -105.28851318359375,
                78.64105987548828
              ],
              [
                -103.91451263427734,
                78.64105987548828
              ],
              [
                -103.6356430053711,
                78.55191802978516
              ],
              [
                -104.18287658691406,
                78.90962219238281
              ],
              [
                -105.15652465820312,
                78.99952697753906
              ],
              [
                -105.78255462646484,
                79.27043151855469
              ],
              [
                -105.55113983154297,
                79.27043151855469
              ],
              [
                -105.72259521484375,
                79.36112976074219
              ],
              [
                -105.25906372070312,
                79.36112976074219
              ],
              [
                -105.43055725097656,
                79.4520263671875
              ],
              [
                -103.45755004882812,
                79.4520263671875
              ],
              [
                -102.55726623535156,
                79.08963012695312
              ],
              [
                -101.79894256591797,
                79.179931640625
              ],
              [
                -101.288330078125,
                79.08963012695312
              ],
              [
                -100.96253204345703,
                78.90962219238281
              ],
              [
                -100.61749267578125,
                78.90962219238281
              ],
              [
                -100.50247955322266,
                78.90962219238281
              ],
              [
                -100.27245330810547,
                78.90962219238281
              ],
              [
                -99.51974487304688,
                78.55191802978516
              ],
              [
                -99.63407897949219,
                78.55191802978516
              ],
              [
                -99.47640991210938,
                78.46295928955078
              ],
              [
                -99.7047348022461,
                78.46295928955078
              ],
              [
                -98.92649841308594,
                78.02094268798828
              ],
              [
                -99.03983306884766,
                78.02094268798828
              ]
            ]
          ],
          [
            [
              [
                -99.86652374267578,
                79.90962982177734
              ],
              [
                -100.24851989746094,
                80.186767578125
              ],
              [
                -99.47482299804688,
                80.2796630859375
              ],
              [
                -99.30854797363281,
                80.186767578125
              ],
              [
                -99.19104766845703,
                80.186767578125
              ],
              [
                -98.9560546875,
                80.186767578125
              ],
              [
                -98.41683959960938,
                79.81768798828125
              ],
              [
                -98.65038299560547,
                79.81768798828125
              ],
              [
                -98.48748016357422,
                79.72595977783203
              ],
              [
                -99.07044219970703,
                79.72595977783203
              ],
              [
                -99.39871215820312,
                79.90962982177734
              ],
              [
                -99.86652374267578,
                79.90962982177734
              ]
            ]
          ],
          [
            [
              [
                -64.66875457763672,
                17.836191177368164
              ],
              [
                -64.57978820800781,
                17.707616806030273
              ],
              [
                -64.8674545288086,
                17.643327713012695
              ],
              [
                -64.88261413574219,
                17.77190399169922
              ],
              [
                -64.89022827148438,
                17.836191177368164
              ],
              [
                -64.66875457763672,
                17.836191177368164
              ]
            ]
          ],
          [
            [
              [
                -77.73553466796875,
                17.836191177368164
              ],
              [
                -78.07617950439453,
                18.157629013061523
              ],
              [
                -78.29776763916016,
                18.157629013061523
              ],
              [
                -78.3900146484375,
                18.286205291748047
              ],
              [
                -78.05752563476562,
                18.543354034423828
              ],
              [
                -77.01364135742188,
                18.479066848754883
              ],
              [
                -76.22962188720703,
                18.157629013061523
              ],
              [
                -76.12023162841797,
                17.90047836303711
              ],
              [
                -76.48053741455078,
                17.836191177368164
              ],
              [
                -76.55435943603516,
                17.836191177368164
              ],
              [
                -76.8585433959961,
                17.90047836303711
              ],
              [
                -77.07112121582031,
                17.836191177368164
              ],
              [
                -77.05337524414062,
                17.707616806030273
              ],
              [
                -77.2748031616211,
                17.707616806030273
              ],
              [
                -77.36641693115234,
                17.836191177368164
              ],
              [
                -77.73553466796875,
                17.836191177368164
              ]
            ]
          ],
          [
            [
              [
                -73.01407623291016,
                21.050535202026367
              ],
              [
                -73.0047378540039,
                20.986249923706055
              ],
              [
                -73.66329956054688,
                20.921964645385742
              ],
              [
                -73.6915512084961,
                21.114822387695312
              ],
              [
                -73.48774719238281,
                21.24339485168457
              ],
              [
                -72.9679946899414,
                21.24339485168457
              ],
              [
                -72.93984985351562,
                21.050535202026367
              ],
              [
                -73.01407623291016,
                21.050535202026367
              ]
            ]
          ],
          [
            [
              [
                -72.2171630859375,
                21.693397521972656
              ],
              [
                -72.32018280029297,
                21.88625717163086
              ],
              [
                -72.09717559814453,
                21.88625717163086
              ],
              [
                -72.07805633544922,
                21.7576847076416
              ],
              [
                -72.15237426757812,
                21.7576847076416
              ],
              [
                -72.2171630859375,
                21.693397521972656
              ]
            ]
          ],
          [
            [
              [
                -72.92898559570312,
                22.46483612060547
              ],
              [
                -72.6858901977539,
                22.33626365661621
              ],
              [
                -72.67601776123047,
                22.271976470947266
              ],
              [
                -72.82479095458984,
                22.271976470947266
              ],
              [
                -72.92898559570312,
                22.46483612060547
              ]
            ]
          ],
          [
            [
              [
                -73.6731185913086,
                22.46483612060547
              ],
              [
                -73.80182647705078,
                22.33626365661621
              ],
              [
                -73.876220703125,
                22.33626365661621
              ],
              [
                -74.15374755859375,
                22.20768928527832
              ],
              [
                -74.04518127441406,
                22.46483612060547
              ],
              [
                -73.89635467529297,
                22.46483612060547
              ],
              [
                -73.93710327148438,
                22.72198486328125
              ],
              [
                -73.70353698730469,
                22.657697677612305
              ],
              [
                -73.6731185913086,
                22.46483612060547
              ]
            ]
          ],
          [
            [
              [
                -74.71284484863281,
                22.914846420288086
              ],
              [
                -74.86180114746094,
                22.914846420288086
              ],
              [
                -74.87232208251953,
                22.97913360595703
              ],
              [
                -75.11701965332031,
                23.107707977294922
              ],
              [
                -75.17095184326172,
                23.429147720336914
              ],
              [
                -75.0218505859375,
                23.429147720336914
              ],
              [
                -74.97868347167969,
                23.171995162963867
              ],
              [
                -74.7445068359375,
                23.107707977294922
              ],
              [
                -74.71284484863281,
                22.914846420288086
              ]
            ]
          ],
          [
            [
              [
                -77.47551727294922,
                23.814878463745117
              ],
              [
                -77.76241302490234,
                23.75058937072754
              ],
              [
                -77.91895294189453,
                24.200613021850586
              ],
              [
                -77.85621643066406,
                24.264904022216797
              ],
              [
                -77.48284149169922,
                24.264904022216797
              ],
              [
                -77.40090942382812,
                23.814878463745117
              ],
              [
                -77.47551727294922,
                23.814878463745117
              ]
            ]
          ],
          [
            [
              [
                -74.51364135742188,
                23.943456649780273
              ],
              [
                -74.547607421875,
                24.136323928833008
              ],
              [
                -74.32363891601562,
                24.136323928833008
              ],
              [
                -74.3010025024414,
                24.00774574279785
              ],
              [
                -74.3756332397461,
                24.00774574279785
              ],
              [
                -74.51364135742188,
                23.943456649780273
              ]
            ]
          ],
          [
            [
              [
                -75.49004364013672,
                24.393482208251953
              ],
              [
                -75.56473541259766,
                24.393482208251953
              ],
              [
                -75.58840942382812,
                24.522062301635742
              ],
              [
                -75.35242462158203,
                24.457773208618164
              ],
              [
                -75.24260711669922,
                24.264904022216797
              ],
              [
                -75.28267669677734,
                24.07203483581543
              ],
              [
                -75.43196105957031,
                24.07203483581543
              ],
              [
                -75.49004364013672,
                24.393482208251953
              ]
            ]
          ],
          [
            [
              [
                -78.11650085449219,
                24.457773208618164
              ],
              [
                -78.35286712646484,
                24.522062301635742
              ],
              [
                -78.3899917602539,
                24.714935302734375
              ],
              [
                -78.2405014038086,
                24.714935302734375
              ],
              [
                -78.19078063964844,
                24.843517303466797
              ],
              [
                -78.20339965820312,
                24.907808303833008
              ],
              [
                -78.19271087646484,
                25.229267120361328
              ],
              [
                -77.8804702758789,
                25.164974212646484
              ],
              [
                -77.617919921875,
                24.586353302001953
              ],
              [
                -77.79352569580078,
                24.329193115234375
              ],
              [
                -78.09226989746094,
                24.329193115234375
              ],
              [
                -78.11650085449219,
                24.457773208618164
              ]
            ]
          ],
          [
            [
              [
                -76.23458099365234,
                24.779226303100586
              ],
              [
                -76.25920104980469,
                24.907808303833008
              ],
              [
                -76.04724884033203,
                24.97209930419922
              ],
              [
                -76.09732055664062,
                24.843517303466797
              ],
              [
                -76.08506774902344,
                24.779226303100586
              ],
              [
                -76.23458099365234,
                24.779226303100586
              ]
            ]
          ],
          [
            [
              [
                -76.5980224609375,
                25.48643684387207
              ],
              [
                -76.3475341796875,
                25.357851028442383
              ],
              [
                -76.33470916748047,
                25.29355812072754
              ],
              [
                -76.48439025878906,
                25.29355812072754
              ],
              [
                -76.5980224609375,
                25.48643684387207
              ]
            ]
          ],
          [
            [
              [
                -77.10681915283203,
                26.129364013671875
              ],
              [
                -77.06575012207031,
                25.936485290527344
              ],
              [
                -77.29061126708984,
                25.936485290527344
              ],
              [
                -77.331787109375,
                26.129364013671875
              ],
              [
                -77.17668914794922,
                26.450830459594727
              ],
              [
                -77.19087219238281,
                26.515121459960938
              ],
              [
                -77.63847351074219,
                26.836584091186523
              ],
              [
                -77.66790008544922,
                26.96516990661621
              ],
              [
                -77.35261535644531,
                26.900876998901367
              ],
              [
                -76.9656982421875,
                26.515121459960938
              ],
              [
                -76.93746948242188,
                26.386537551879883
              ],
              [
                -77.10681915283203,
                26.129364013671875
              ]
            ]
          ],
          [
            [
              [
                -77.98481750488281,
                26.70800018310547
              ],
              [
                -77.97029113769531,
                26.643707275390625
              ],
              [
                -78.16664123535156,
                26.515121459960938
              ],
              [
                -78.6776351928711,
                26.450830459594727
              ],
              [
                -78.79621124267578,
                26.643707275390625
              ],
              [
                -78.64604949951172,
                26.643707275390625
              ],
              [
                -78.60027313232422,
                26.772293090820312
              ],
              [
                -77.98481750488281,
                26.70800018310547
              ]
            ]
          ],
          [
            [
              [
                -64.64949798583984,
                32.36451721191406
              ],
              [
                -64.69085693359375,
                32.23596954345703
              ],
              [
                -64.67342376708984,
                32.171695709228516
              ],
              [
                -64.86115264892578,
                32.30024337768555
              ],
              [
                -64.64949798583984,
                32.36451721191406
              ]
            ]
          ],
          [
            [
              [
                -63.744300842285156,
                46.21768569946289
              ],
              [
                -63.83478927612305,
                46.414546966552734
              ],
              [
                -64.08049774169922,
                46.414546966552734
              ],
              [
                -64.17192840576172,
                46.61152267456055
              ],
              [
                -64.41793823242188,
                46.61152267456055
              ],
              [
                -64.51034545898438,
                46.808616638183594
              ],
              [
                -64.40799713134766,
                46.94007873535156
              ],
              [
                -64.24365234375,
                46.94007873535156
              ],
              [
                -64.22344970703125,
                47.07159423828125
              ],
              [
                -64.05897521972656,
                47.07159423828125
              ],
              [
                -63.956451416015625,
                46.677207946777344
              ],
              [
                -63.84392166137695,
                46.61152267456055
              ],
              [
                -63.51591491699219,
                46.61152267456055
              ],
              [
                -63.29154586791992,
                46.480194091796875
              ],
              [
                -62.01019287109375,
                46.54585266113281
              ],
              [
                -61.95104217529297,
                46.414546966552734
              ],
              [
                -62.08530807495117,
                46.348915100097656
              ],
              [
                -62.16717529296875,
                46.348915100097656
              ],
              [
                -62.46501922607422,
                46.283294677734375
              ],
              [
                -62.48120880126953,
                45.95537567138672
              ],
              [
                -62.80789566040039,
                45.95537567138672
              ],
              [
                -63.000797271728516,
                46.02093505859375
              ],
              [
                -63.08987808227539,
                46.21768569946289
              ],
              [
                -63.744300842285156,
                46.21768569946289
              ]
            ]
          ],
          [
            [
              [
                -79.39483642578125,
                56.59365463256836
              ],
              [
                -78.75856018066406,
                56.45634460449219
              ],
              [
                -78.65294647216797,
                56.319149017333984
              ],
              [
                -78.7410888671875,
                56.319149017333984
              ],
              [
                -78.75955200195312,
                56.11355972290039
              ],
              [
                -79.19945526123047,
                56.11355972290039
              ],
              [
                -79.18231964111328,
                55.97663879394531
              ],
              [
                -79.56910705566406,
                55.90821838378906
              ],
              [
                -79.51665496826172,
                55.83982467651367
              ],
              [
                -80.04329681396484,
                55.83982467651367
              ],
              [
                -80.2020263671875,
                56.04508590698242
              ],
              [
                -80.11409759521484,
                56.04508590698242
              ],
              [
                -80.16724395751953,
                56.11355972290039
              ],
              [
                -79.99127960205078,
                56.11355972290039
              ],
              [
                -80.20490264892578,
                56.387733459472656
              ],
              [
                -79.81746673583984,
                56.45634460449219
              ],
              [
                -79.87112426757812,
                56.524986267089844
              ],
              [
                -79.34135437011719,
                56.524986267089844
              ],
              [
                -79.39483642578125,
                56.59365463256836
              ]
            ]
          ],
          [
            [
              [
                -68.0009994506836,
                60.628211975097656
              ],
              [
                -67.79113006591797,
                60.34645080566406
              ],
              [
                -68.10447692871094,
                60.276100158691406
              ],
              [
                -68.19584655761719,
                60.276100158691406
              ],
              [
                -68.14356994628906,
                60.20578384399414
              ],
              [
                -68.41748046875,
                60.20578384399414
              ],
              [
                -68.57527923583984,
                60.416839599609375
              ],
              [
                -68.445068359375,
                60.48725891113281
              ],
              [
                -68.49797821044922,
                60.557716369628906
              ],
              [
                -68.0009994506836,
                60.628211975097656
              ]
            ]
          ],
          [
            [
              [
                -65.61986541748047,
                61.7611083984375
              ],
              [
                -65.15643310546875,
                61.7611083984375
              ],
              [
                -65.40757751464844,
                61.97461700439453
              ],
              [
                -65.12893676757812,
                61.97461700439453
              ],
              [
                -65.0235366821289,
                61.832237243652344
              ],
              [
                -64.97105407714844,
                61.7611083984375
              ],
              [
                -64.73347473144531,
                61.69001388549805
              ],
              [
                -64.6294937133789,
                61.547950744628906
              ],
              [
                -64.72199249267578,
                61.547950744628906
              ],
              [
                -64.7108154296875,
                61.40604019165039
              ],
              [
                -65.17264556884766,
                61.40604019165039
              ],
              [
                -65.61986541748047,
                61.7611083984375
              ]
            ]
          ],
          [
            [
              [
                -74.67332458496094,
                62.83230972290039
              ],
              [
                -74.303955078125,
                62.61732482910156
              ],
              [
                -74.3974380493164,
                62.61732482910156
              ],
              [
                -74.58438873291016,
                62.61732482910156
              ],
              [
                -74.67332458496094,
                62.83230972290039
              ]
            ]
          ],
          [
            [
              [
                -78.12349700927734,
                63.55171203613281
              ],
              [
                -78.02913665771484,
                63.55171203613281
              ],
              [
                -77.61719512939453,
                63.4074821472168
              ],
              [
                -77.51930236816406,
                63.191463470458984
              ],
              [
                -78.11328887939453,
                63.11954879760742
              ],
              [
                -78.36548614501953,
                63.191463470458984
              ],
              [
                -78.7840576171875,
                63.55171203613281
              ],
              [
                -78.12349700927734,
                63.55171203613281
              ]
            ]
          ],
          [
            [
              [
                -76.86338806152344,
                63.4074821472168
              ],
              [
                -77.14606475830078,
                63.4074821472168
              ],
              [
                -77.65694427490234,
                63.768394470214844
              ],
              [
                -77.0895004272461,
                63.768394470214844
              ],
              [
                -76.58070373535156,
                63.4074821472168
              ],
              [
                -76.76915740966797,
                63.4074821472168
              ],
              [
                -76.86338806152344,
                63.4074821472168
              ]
            ]
          ],
          [
            [
              [
                -73.99613189697266,
                64.34822845458984
              ],
              [
                -74.18641662597656,
                64.34822845458984
              ],
              [
                -74.31360626220703,
                64.49365234375
              ],
              [
                -74.21831512451172,
                64.49365234375
              ],
              [
                -74.15470886230469,
                64.4209213256836
              ],
              [
                -73.99613189697266,
                64.34822845458984
              ]
            ]
          ],
          [
            [
              [
                -77.20946502685547,
                68.04534912109375
              ],
              [
                -77.28326416015625,
                68.1207046508789
              ],
              [
                -77.08506774902344,
                68.1207046508789
              ],
              [
                -77.15895080566406,
                68.19611358642578
              ],
              [
                -76.9605941772461,
                68.19611358642578
              ],
              [
                -77.03456115722656,
                68.27159118652344
              ],
              [
                -76.8360366821289,
                68.27159118652344
              ],
              [
                -76.91009521484375,
                68.34712219238281
              ],
              [
                -75.59231567382812,
                68.42272186279297
              ],
              [
                -75.00405883789062,
                68.1207046508789
              ],
              [
                -75.1031494140625,
                68.1207046508789
              ],
              [
                -75.03120422363281,
                68.04534912109375
              ],
              [
                -75.18458557128906,
                67.89481353759766
              ],
              [
                -74.99870300292969,
                67.5944595336914
              ],
              [
                -75.09721374511719,
                67.5944595336914
              ],
              [
                -75.0544662475586,
                67.44463348388672
              ],
              [
                -75.25116729736328,
                67.44463348388672
              ],
              [
                -75.18072509765625,
                67.36980438232422
              ],
              [
                -75.60145568847656,
                67.29503631591797
              ],
              [
                -75.69964599609375,
                67.29503631591797
              ],
              [
                -76.9045639038086,
                67.22032165527344
              ],
              [
                -77.17245483398438,
                67.29503631591797
              ],
              [
                -77.58216857910156,
                67.81964111328125
              ],
              [
                -77.35916900634766,
                67.89481353759766
              ],
              [
                -77.4074935913086,
                68.04534912109375
              ],
              [
                -77.20946502685547,
                68.04534912109375
              ]
            ]
          ],
          [
            [
              [
                -75.00405883789062,
                68.1207046508789
              ],
              [
                -74.58026885986328,
                68.19611358642578
              ],
              [
                -74.48108673095703,
                68.19611358642578
              ],
              [
                -73.54602813720703,
                68.04534912109375
              ],
              [
                -73.40538024902344,
                67.89481353759766
              ],
              [
                -73.50422668457031,
                67.89481353759766
              ],
              [
                -73.46304321289062,
                67.74452209472656
              ],
              [
                -74.44983673095703,
                67.74452209472656
              ],
              [
                -75.00405883789062,
                68.1207046508789
              ]
            ]
          ],
          [
            [
              [
                -79.04338073730469,
                68.19611358642578
              ],
              [
                -79.31765747070312,
                68.27159118652344
              ],
              [
                -79.370849609375,
                68.42272186279297
              ],
              [
                -78.89708709716797,
                68.34712219238281
              ],
              [
                -78.82133483886719,
                68.27159118652344
              ],
              [
                -78.94419860839844,
                68.19611358642578
              ],
              [
                -79.04338073730469,
                68.19611358642578
              ]
            ]
          ],
          [
            [
              [
                -75.12179565429688,
                68.34712219238281
              ],
              [
                -75.194580078125,
                68.42272186279297
              ],
              [
                -75.46665954589844,
                68.49837493896484
              ],
              [
                -75.58808135986328,
                68.7257080078125
              ],
              [
                -75.16292572021484,
                68.8016128540039
              ],
              [
                -74.9894027709961,
                68.7257080078125
              ],
              [
                -74.79683685302734,
                68.42272186279297
              ],
              [
                -75.12179565429688,
                68.34712219238281
              ]
            ]
          ],
          [
            [
              [
                -78.7275390625,
                68.57408905029297
              ],
              [
                -78.65132141113281,
                68.49837493896484
              ],
              [
                -78.8503646850586,
                68.49837493896484
              ],
              [
                -79.0803451538086,
                68.7257080078125
              ],
              [
                -78.78101348876953,
                68.7257080078125
              ],
              [
                -78.6279296875,
                68.57408905029297
              ],
              [
                -78.7275390625,
                68.57408905029297
              ]
            ]
          ],
          [
            [
              [
                -76.69147491455078,
                69.33467864990234
              ],
              [
                -76.79195404052734,
                69.33467864990234
              ],
              [
                -76.73929595947266,
                69.18205261230469
              ],
              [
                -77.04021453857422,
                69.18205261230469
              ],
              [
                -76.96379852294922,
                69.10584259033203
              ],
              [
                -77.26445007324219,
                69.10584259033203
              ],
              [
                -77.49533081054688,
                69.33467864990234
              ],
              [
                -77.37171936035156,
                69.41107940673828
              ],
              [
                -77.4493637084961,
                69.487548828125
              ],
              [
                -76.84539031982422,
                69.487548828125
              ],
              [
                -76.69147491455078,
                69.33467864990234
              ]
            ]
          ],
          [
            [
              [
                -78.5924301147461,
                69.71734619140625
              ],
              [
                -78.67207336425781,
                69.79407501220703
              ],
              [
                -78.26797485351562,
                69.79407501220703
              ],
              [
                -78.10972595214844,
                69.64068603515625
              ],
              [
                -78.2105712890625,
                69.64068603515625
              ],
              [
                -78.13180541992188,
                69.5640869140625
              ],
              [
                -78.5348129272461,
                69.5640869140625
              ],
              [
                -78.24386596679688,
                69.18205261230469
              ],
              [
                -78.66747283935547,
                69.10584259033203
              ],
              [
                -78.58984375,
                69.0296859741211
              ],
              [
                -78.91265869140625,
                68.95359802246094
              ],
              [
                -78.83523559570312,
                68.87757110595703
              ],
              [
                -79.35729217529297,
                68.8016128540039
              ],
              [
                -79.59112548828125,
                69.0296859741211
              ],
              [
                -79.49099731445312,
                69.0296859741211
              ],
              [
                -79.56941986083984,
                69.10584259033203
              ],
              [
                -78.92398834228516,
                69.25833129882812
              ],
              [
                -78.98087310791016,
                69.41107940673828
              ],
              [
                -78.67915344238281,
                69.41107940673828
              ],
              [
                -78.81562042236328,
                69.64068603515625
              ],
              [
                -78.5924301147461,
                69.71734619140625
              ]
            ]
          ],
          [
            [
              [
                -79.46259307861328,
                75.87310028076172
              ],
              [
                -79.69296264648438,
                76.1258544921875
              ],
              [
                -79.5830078125,
                76.1258544921875
              ],
              [
                -79.47306060791016,
                76.1258544921875
              ],
              [
                -79.58749389648438,
                76.21038818359375
              ],
              [
                -79.1471176147461,
                76.21038818359375
              ],
              [
                -78.92010498046875,
                76.04146575927734
              ],
              [
                -79.02991485595703,
                76.04146575927734
              ],
              [
                -78.91497802734375,
                75.87310028076172
              ],
              [
                -79.46259307861328,
                75.87310028076172
              ]
            ]
          ],
          [
            [
              [
                -66.25432586669922,
                83.01161193847656
              ],
              [
                -65.9856185913086,
                82.78743743896484
              ],
              [
                -64.3982925415039,
                82.8989486694336
              ],
              [
                -64.26778411865234,
                82.78743743896484
              ],
              [
                -63.89967346191406,
                82.78743743896484
              ],
              [
                -64.02951049804688,
                82.8989486694336
              ],
              [
                -63.41486358642578,
                82.8989486694336
              ],
              [
                -63.15873336791992,
                82.67704772949219
              ],
              [
                -62.91377639770508,
                82.67704772949219
              ],
              [
                -62.54148864746094,
                82.4594955444336
              ],
              [
                -62.41944885253906,
                82.4594955444336
              ],
              [
                -62.54352569580078,
                82.56774139404297
              ],
              [
                -61.32094192504883,
                82.56774139404297
              ],
              [
                -60.95497131347656,
                82.4594955444336
              ],
              [
                -60.71883010864258,
                82.14076232910156
              ],
              [
                -61.0830192565918,
                82.14076232910156
              ],
              [
                -60.965171813964844,
                82.03641510009766
              ],
              [
                -61.57110595703125,
                82.03641510009766
              ],
              [
                -61.45326232910156,
                81.9329605102539
              ],
              [
                -62.17913055419922,
                81.9329605102539
              ],
              [
                -62.061073303222656,
                81.83036804199219
              ],
              [
                -64.59649658203125,
                81.72859954833984
              ],
              [
                -64.47595977783203,
                81.62763214111328
              ],
              [
                -64.59632110595703,
                81.62763214111328
              ],
              [
                -64.12008666992188,
                81.32919311523438
              ],
              [
                -64.59915161132812,
                81.32919311523438
              ],
              [
                -64.48155212402344,
                81.23108673095703
              ],
              [
                -65.55767822265625,
                81.23108673095703
              ],
              [
                -65.43917846679688,
                81.13362121582031
              ],
              [
                -66.15543365478516,
                81.13362121582031
              ],
              [
                -66.03660583496094,
                81.03675842285156
              ],
              [
                -67.10848236083984,
                80.94046783447266
              ],
              [
                -66.98932647705078,
                80.84471130371094
              ],
              [
                -67.7021255493164,
                80.84471130371094
              ],
              [
                -67.58258819580078,
                80.74945831298828
              ],
              [
                -68.1756362915039,
                80.74945831298828
              ],
              [
                -68.05587768554688,
                80.65467834472656
              ],
              [
                -68.52957153320312,
                80.65467834472656
              ],
              [
                -68.40975189208984,
                80.56034851074219
              ],
              [
                -69.11695098876953,
                80.46641540527344
              ],
              [
                -68.99712371826172,
                80.37286376953125
              ],
              [
                -70.05790710449219,
                80.37286376953125
              ],
              [
                -69.81671905517578,
                80.186767578125
              ],
              [
                -70.99169158935547,
                80.186767578125
              ],
              [
                -70.74532318115234,
                79.90962982177734
              ],
              [
                -71.09618377685547,
                79.90962982177734
              ],
              [
                -70.97152709960938,
                79.72595977783203
              ],
              [
                -71.55448913574219,
                79.72595977783203
              ],
              [
                -71.43352508544922,
                79.63444519042969
              ],
              [
                -72.59766387939453,
                79.63444519042969
              ],
              [
                -73.1939926147461,
                79.81768798828125
              ],
              [
                -72.94036865234375,
                79.54313659667969
              ],
              [
                -74.79093170166016,
                79.4520263671875
              ],
              [
                -74.28700256347656,
                78.99952697753906
              ],
              [
                -74.97811126708984,
                78.99952697753906
              ],
              [
                -74.49506378173828,
                78.73038482666016
              ],
              [
                -74.72440338134766,
                78.73038482666016
              ],
              [
                -74.59571075439453,
                78.55191802978516
              ],
              [
                -75.39602661132812,
                78.55191802978516
              ],
              [
                -74.9180679321289,
                78.28560638427734
              ],
              [
                -75.25955200195312,
                78.28560638427734
              ],
              [
                -75.1390609741211,
                78.19720458984375
              ],
              [
                -76.38934326171875,
                78.19720458984375
              ],
              [
                -76.14656829833984,
                78.02094268798828
              ],
              [
                -76.48656463623047,
                78.02094268798828
              ],
              [
                -76.36563110351562,
                77.93307495117188
              ],
              [
                -78.17634582519531,
                77.93307495117188
              ],
              [
                -77.68866729736328,
                77.58334350585938
              ],
              [
                -78.01785278320312,
                77.49634552001953
              ],
              [
                -77.89759826660156,
                77.40950012207031
              ],
              [
                -78.23422241210938,
                77.40950012207031
              ],
              [
                -78.11416625976562,
                77.32283020019531
              ],
              [
                -79.23468017578125,
                77.32283020019531
              ],
              [
                -78.99346160888672,
                77.14997863769531
              ],
              [
                -79.1052017211914,
                77.14997863769531
              ],
              [
                -78.98546600341797,
                77.06378936767578
              ],
              [
                -79.20863342285156,
                77.06378936767578
              ],
              [
                -79.08927917480469,
                76.9777603149414
              ],
              [
                -77.98118591308594,
                77.06378936767578
              ],
              [
                -77.63020324707031,
                76.8061752319336
              ],
              [
                -77.7413330078125,
                76.8061752319336
              ],
              [
                -77.62554931640625,
                76.72061920166016
              ],
              [
                -77.84750366210938,
                76.72061920166016
              ],
              [
                -77.73210144042969,
                76.63520812988281
              ],
              [
                -77.9537582397461,
                76.63520812988281
              ],
              [
                -77.83875274658203,
                76.5499496459961
              ],
              [
                -78.06011199951172,
                76.5499496459961
              ],
              [
                -77.94549560546875,
                76.46484375
              ],
              [
                -79.05622863769531,
                76.5499496459961
              ],
              [
                -78.9402847290039,
                76.46484375
              ],
              [
                -79.2665786743164,
                76.37987518310547
              ],
              [
                -79.15145111083984,
                76.29505920410156
              ],
              [
                -80.14360046386719,
                76.29505920410156
              ],
              [
                -80.02787780761719,
                76.21038818359375
              ],
              [
                -80.79853057861328,
                76.21038818359375
              ],
              [
                -80.68251037597656,
                76.1258544921875
              ],
              [
                -80.90241241455078,
                76.1258544921875
              ],
              [
                -81.13575744628906,
                76.29505920410156
              ],
              [
                -81.02552032470703,
                76.29505920410156
              ],
              [
                -81.14312744140625,
                76.37987518310547
              ],
              [
                -80.92235565185547,
                76.37987518310547
              ],
              [
                -81.04039764404297,
                76.46484375
              ],
              [
                -81.60187530517578,
                76.5499496459961
              ],
              [
                -81.4825210571289,
                76.46484375
              ],
              [
                -81.92465209960938,
                76.46484375
              ],
              [
                -82.16525268554688,
                76.63520812988281
              ],
              [
                -82.27608489990234,
                76.63520812988281
              ],
              [
                -82.03518676757812,
                76.46484375
              ],
              [
                -82.2562484741211,
                76.46484375
              ],
              [
                -82.1365966796875,
                76.37987518310547
              ],
              [
                -83.47210693359375,
                76.46484375
              ],
              [
                -83.35083770751953,
                76.37987518310547
              ],
              [
                -83.57160186767578,
                76.37987518310547
              ],
              [
                -84.27100372314453,
                76.63520812988281
              ],
              [
                -84.14751434326172,
                76.5499496459961
              ],
              [
                -84.4668960571289,
                76.46484375
              ],
              [
                -84.34429931640625,
                76.37987518310547
              ],
              [
                -84.67546081542969,
                76.37987518310547
              ],
              [
                -84.55317687988281,
                76.29505920410156
              ],
              [
                -85.87604522705078,
                76.29505920410156
              ],
              [
                -86.34593963623047,
                76.46484375
              ],
              [
                -87.21431732177734,
                76.37987518310547
              ],
              [
                -87.4679183959961,
                76.5499496459961
              ],
              [
                -87.57859802246094,
                76.5499496459961
              ],
              [
                -87.43508911132812,
                76.37987518310547
              ],
              [
                -88.31817626953125,
                76.37987518310547
              ],
              [
                -88.68539428710938,
                76.5499496459961
              ],
              [
                -88.55658721923828,
                76.46484375
              ],
              [
                -88.98048400878906,
                76.37987518310547
              ],
              [
                -89.81244659423828,
                76.63520812988281
              ],
              [
                -89.6815185546875,
                76.5499496459961
              ],
              [
                -89.90287780761719,
                76.5499496459961
              ],
              [
                -89.27579498291016,
                76.21038818359375
              ],
              [
                -89.49597930908203,
                76.21038818359375
              ],
              [
                -89.36857604980469,
                76.1258544921875
              ],
              [
                -90.5780258178711,
                76.1258544921875
              ],
              [
                -91.03730010986328,
                76.21038818359375
              ],
              [
                -90.77925872802734,
                76.04146575927734
              ],
              [
                -89.5548095703125,
                75.95721435546875
              ],
              [
                -89.07122039794922,
                75.70527648925781
              ],
              [
                -88.96197509765625,
                75.70527648925781
              ],
              [
                -89.08567810058594,
                75.78911590576172
              ],
              [
                -88.29354858398438,
                75.6215591430664
              ],
              [
                -87.21408081054688,
                75.70527648925781
              ],
              [
                -86.52789306640625,
                75.45452117919922
              ],
              [
                -85.76607513427734,
                75.45452117919922
              ],
              [
                -86.01239776611328,
                75.70527648925781
              ],
              [
                -84.38220977783203,
                75.78911590576172
              ],
              [
                -84.50067138671875,
                75.87310028076172
              ],
              [
                -81.65894317626953,
                75.95721435546875
              ],
              [
                -81.20568084716797,
                75.70527648925781
              ],
              [
                -80.22248840332031,
                75.70527648925781
              ],
              [
                -79.99957275390625,
                75.53797912597656
              ],
              [
                -79.67266845703125,
                75.53797912597656
              ],
              [
                -79.344970703125,
                75.28799438476562
              ],
              [
                -80.1045913696289,
                75.20491790771484
              ],
              [
                -79.4564208984375,
                75.03912353515625
              ],
              [
                -79.24485778808594,
                74.8738021850586
              ],
              [
                -79.89454650878906,
                74.79132080078125
              ],
              [
                -80.2159652709961,
                74.8738021850586
              ],
              [
                -80.00492858886719,
                74.70895385742188
              ],
              [
                -80.43804931640625,
                74.62670135498047
              ],
              [
                -80.3336410522461,
                74.54456329345703
              ],
              [
                -82.48247528076172,
                74.46253967285156
              ],
              [
                -83.01844024658203,
                74.62670135498047
              ],
              [
                -83.3450927734375,
                74.8738021850586
              ],
              [
                -83.45298767089844,
                74.8738021850586
              ],
              [
                -83.34098815917969,
                74.62670135498047
              ],
              [
                -83.98490142822266,
                74.54456329345703
              ],
              [
                -83.87690734863281,
                74.46253967285156
              ],
              [
                -85.59574890136719,
                74.54456329345703
              ],
              [
                -85.48587036132812,
                74.46253967285156
              ],
              [
                -86.0221939086914,
                74.46253967285156
              ],
              [
                -86.34747314453125,
                74.54456329345703
              ],
              [
                -86.23672485351562,
                74.46253967285156
              ],
              [
                -86.45125579833984,
                74.46253967285156
              ],
              [
                -86.66964721679688,
                74.54456329345703
              ],
              [
                -86.55851745605469,
                74.46253967285156
              ],
              [
                -87.09484100341797,
                74.46253967285156
              ],
              [
                -87.42137145996094,
                74.54456329345703
              ],
              [
                -87.30936431884766,
                74.46253967285156
              ],
              [
                -88.38201141357422,
                74.46253967285156
              ],
              [
                -88.94738006591797,
                74.79132080078125
              ],
              [
                -89.0551528930664,
                74.79132080078125
              ],
              [
                -88.93934631347656,
                74.70895385742188
              ],
              [
                -89.36190032958984,
                74.62670135498047
              ],
              [
                -89.24700164794922,
                74.54456329345703
              ],
              [
                -89.99873352050781,
                74.54456329345703
              ],
              [
                -90.769287109375,
                74.70895385742188
              ],
              [
                -91.40470886230469,
                74.62670135498047
              ],
              [
                -91.8457260131836,
                74.70895385742188
              ],
              [
                -92.32769012451172,
                75.03912353515625
              ],
              [
                -92.21952819824219,
                75.03912353515625
              ],
              [
                -92.34196472167969,
                75.12195587158203
              ],
              [
                -92.2336654663086,
                75.12195587158203
              ],
              [
                -92.71429443359375,
                75.3711929321289
              ],
              [
                -92.60559844970703,
                75.3711929321289
              ],
              [
                -92.73125457763672,
                75.45452117919922
              ],
              [
                -92.51359558105469,
                75.45452117919922
              ],
              [
                -92.63980865478516,
                75.53797912597656
              ],
              [
                -92.421875,
                75.53797912597656
              ],
              [
                -92.54865264892578,
                75.6215591430664
              ],
              [
                -92.2213363647461,
                75.6215591430664
              ],
              [
                -92.3671646118164,
                75.78911590576172
              ],
              [
                -92.25778198242188,
                75.78911590576172
              ],
              [
                -93.17512512207031,
                76.37987518310547
              ],
              [
                -93.50628662109375,
                76.37987518310547
              ],
              [
                -93.37232208251953,
                76.29505920410156
              ],
              [
                -93.81327819824219,
                76.29505920410156
              ],
              [
                -93.6795654296875,
                76.21038818359375
              ],
              [
                -93.78965759277344,
                76.21038818359375
              ],
              [
                -93.92352294921875,
                76.29505920410156
              ],
              [
                -95.82437133789062,
                76.37987518310547
              ],
              [
                -97.1093521118164,
                76.89189147949219
              ],
              [
                -96.77550506591797,
                76.89189147949219
              ],
              [
                -97.06246948242188,
                77.06378936767578
              ],
              [
                -96.61612701416016,
                77.06378936767578
              ],
              [
                -96.76023864746094,
                77.14997863769531
              ],
              [
                -95.41934967041016,
                77.14997863769531
              ],
              [
                -95.27709197998047,
                77.06378936767578
              ],
              [
                -93.79844665527344,
                76.9777603149414
              ],
              [
                -93.16253662109375,
                76.72061920166016
              ],
              [
                -91.29907989501953,
                76.8061752319336
              ],
              [
                -90.56695556640625,
                76.5499496459961
              ],
              [
                -90.23491668701172,
                76.5499496459961
              ],
              [
                -90.76634979248047,
                76.89189147949219
              ],
              [
                -90.23258972167969,
                76.9777603149414
              ],
              [
                -89.500244140625,
                76.72061920166016
              ],
              [
                -89.67542266845703,
                76.9777603149414
              ],
              [
                -89.45255279541016,
                76.9777603149414
              ],
              [
                -89.586181640625,
                77.06378936767578
              ],
              [
                -86.94644927978516,
                77.23632049560547
              ],
              [
                -87.63858795166016,
                77.32283020019531
              ],
              [
                -88.31302642822266,
                77.75786590576172
              ],
              [
                -88.20018768310547,
                77.75786590576172
              ],
              [
                -88.33712768554688,
                77.84538269042969
              ],
              [
                -88.11111450195312,
                77.84538269042969
              ],
              [
                -88.24845886230469,
                77.93307495117188
              ],
              [
                -87.7957763671875,
                77.93307495117188
              ],
              [
                -87.93319702148438,
                78.02094268798828
              ],
              [
                -86.55091094970703,
                77.93307495117188
              ],
              [
                -85.81026458740234,
                77.67052459716797
              ],
              [
                -85.65879821777344,
                77.49634552001953
              ],
              [
                -84.51792907714844,
                77.40950012207031
              ],
              [
                -84.79609680175781,
                77.67052459716797
              ],
              [
                -85.5119400024414,
                77.84538269042969
              ],
              [
                -86.05061340332031,
                78.19720458984375
              ],
              [
                -87.16336059570312,
                78.1089859008789
              ],
              [
                -87.71771240234375,
                78.46295928955078
              ],
              [
                -87.40071868896484,
                78.55191802978516
              ],
              [
                -88.05345916748047,
                78.81990814208984
              ],
              [
                -88.16829681396484,
                78.81990814208984
              ],
              [
                -87.88455963134766,
                78.64105987548828
              ],
              [
                -87.99906158447266,
                78.64105987548828
              ],
              [
                -87.83187866210938,
                78.46295928955078
              ],
              [
                -88.65835571289062,
                78.55191802978516
              ],
              [
                -88.34976196289062,
                78.28560638427734
              ],
              [
                -88.69124603271484,
                78.28560638427734
              ],
              [
                -88.55117797851562,
                78.19720458984375
              ],
              [
                -89.11949157714844,
                78.19720458984375
              ],
              [
                -89.51598358154297,
                78.37419128417969
              ],
              [
                -89.6299819946289,
                78.37419128417969
              ],
              [
                -89.4604721069336,
                78.19720458984375
              ],
              [
                -90.28483581542969,
                78.28560638427734
              ],
              [
                -90.14244842529297,
                78.19720458984375
              ],
              [
                -90.48343658447266,
                78.19720458984375
              ],
              [
                -90.34127807617188,
                78.1089859008789
              ],
              [
                -92.44756317138672,
                78.28560638427734
              ],
              [
                -93.11724090576172,
                78.55191802978516
              ],
              [
                -93.00291442871094,
                78.55191802978516
              ],
              [
                -93.15154266357422,
                78.64105987548828
              ],
              [
                -93.03704833984375,
                78.64105987548828
              ],
              [
                -93.33612823486328,
                78.81990814208984
              ],
              [
                -93.79548645019531,
                78.81990814208984
              ],
              [
                -94.3668441772461,
                79.08963012695312
              ],
              [
                -94.13612365722656,
                79.08963012695312
              ],
              [
                -94.28934478759766,
                79.179931640625
              ],
              [
                -93.48062133789062,
                79.179931640625
              ],
              [
                -93.78666687011719,
                79.36112976074219
              ],
              [
                -94.13431549072266,
                79.36112976074219
              ],
              [
                -93.98043060302734,
                79.27043151855469
              ],
              [
                -95.02179718017578,
                79.27043151855469
              ],
              [
                -95.40902709960938,
                79.36112976074219
              ],
              [
                -95.9969482421875,
                79.63444519042969
              ],
              [
                -95.76412200927734,
                79.63444519042969
              ],
              [
                -96.88584899902344,
                80.2796630859375
              ],
              [
                -96.06208801269531,
                80.2796630859375
              ],
              [
                -96.38636779785156,
                80.46641540527344
              ],
              [
                -95.67807006835938,
                80.46641540527344
              ],
              [
                -95.84036254882812,
                80.56034851074219
              ],
              [
                -95.48565673828125,
                80.56034851074219
              ],
              [
                -95.64830017089844,
                80.65467834472656
              ],
              [
                -94.10881042480469,
                80.65467834472656
              ],
              [
                -94.26995849609375,
                80.74945831298828
              ],
              [
                -94.8630142211914,
                80.74945831298828
              ],
              [
                -95.35545349121094,
                81.03675842285156
              ],
              [
                -94.9979019165039,
                81.03675842285156
              ],
              [
                -95.16368865966797,
                81.13362121582031
              ],
              [
                -94.04444122314453,
                81.03675842285156
              ],
              [
                -94.20868682861328,
                81.13362121582031
              ],
              [
                -93.85055541992188,
                81.13362121582031
              ],
              [
                -94.34877014160156,
                81.42796325683594
              ],
              [
                -92.14541625976562,
                81.32919311523438
              ],
              [
                -90.43771362304688,
                80.65467834472656
              ],
              [
                -89.10094451904297,
                80.56034851074219
              ],
              [
                -88.49878692626953,
                80.186767578125
              ],
              [
                -88.38129425048828,
                80.186767578125
              ],
              [
                -88.59510040283203,
                80.46641540527344
              ],
              [
                -88.47705078125,
                80.46641540527344
              ],
              [
                -88.62800598144531,
                80.56034851074219
              ],
              [
                -87.91859436035156,
                80.56034851074219
              ],
              [
                -86.76782989501953,
                79.90962982177734
              ],
              [
                -87.11869049072266,
                79.90962982177734
              ],
              [
                -86.94477081298828,
                79.72595977783203
              ],
              [
                -86.12861633300781,
                79.72595977783203
              ],
              [
                -86.56201171875,
                80.00177764892578
              ],
              [
                -86.44487762451172,
                80.00177764892578
              ],
              [
                -86.59030151367188,
                80.09414672851562
              ],
              [
                -86.35566711425781,
                80.09414672851562
              ],
              [
                -86.67679595947266,
                80.37286376953125
              ],
              [
                -83.73018646240234,
                80.37286376953125
              ],
              [
                -81.34830474853516,
                79.72595977783203
              ],
              [
                -81.64240264892578,
                80.00177764892578
              ],
              [
                -82.6239242553711,
                80.186767578125
              ],
              [
                -83.02300262451172,
                80.37286376953125
              ],
              [
                -82.90513610839844,
                80.37286376953125
              ],
              [
                -83.04678344726562,
                80.46641540527344
              ],
              [
                -82.33848571777344,
                80.46641540527344
              ],
              [
                -82.88334655761719,
                80.74945831298828
              ],
              [
                -83.59500885009766,
                80.74945831298828
              ],
              [
                -83.45079040527344,
                80.65467834472656
              ],
              [
                -83.5692138671875,
                80.65467834472656
              ],
              [
                -83.42565155029297,
                80.56034851074219
              ],
              [
                -83.66211700439453,
                80.56034851074219
              ],
              [
                -83.51898193359375,
                80.46641540527344
              ],
              [
                -85.28971862792969,
                80.46641540527344
              ],
              [
                -85.43565368652344,
                80.56034851074219
              ],
              [
                -86.26329803466797,
                80.56034851074219
              ],
              [
                -86.56027221679688,
                80.74945831298828
              ],
              [
                -86.79749298095703,
                80.74945831298828
              ],
              [
                -86.648193359375,
                80.65467834472656
              ],
              [
                -87.4771499633789,
                80.65467834472656
              ],
              [
                -87.3274154663086,
                80.56034851074219
              ],
              [
                -88.42453002929688,
                80.65467834472656
              ],
              [
                -89.87306213378906,
                81.03675842285156
              ],
              [
                -90.18914794921875,
                81.23108673095703
              ],
              [
                -89.95000457763672,
                81.23108673095703
              ],
              [
                -90.43185424804688,
                81.52743530273438
              ],
              [
                -90.91251373291016,
                81.52743530273438
              ],
              [
                -91.28780364990234,
                81.83036804199219
              ],
              [
                -88.353271484375,
                82.03641510009766
              ],
              [
                -88.51863098144531,
                82.14076232910156
              ],
              [
                -86.17192077636719,
                82.03641510009766
              ],
              [
                -86.53936767578125,
                82.3522720336914
              ],
              [
                -85.44296264648438,
                82.3522720336914
              ],
              [
                -85.60699462890625,
                82.4594955444336
              ],
              [
                -85.24087524414062,
                82.4594955444336
              ],
              [
                -85.40585327148438,
                82.56774139404297
              ],
              [
                -83.77639770507812,
                82.4594955444336
              ],
              [
                -82.57020568847656,
                82.14076232910156
              ],
              [
                -82.76284790039062,
                82.3522720336914
              ],
              [
                -82.27555847167969,
                82.3522720336914
              ],
              [
                -82.47164916992188,
                82.56774139404297
              ],
              [
                -81.86035919189453,
                82.56774139404297
              ],
              [
                -82.05967712402344,
                82.78743743896484
              ],
              [
                -81.04073333740234,
                82.67704772949219
              ],
              [
                -81.23948669433594,
                82.8989486694336
              ],
              [
                -80.62483978271484,
                82.8989486694336
              ],
              [
                -80.46453857421875,
                82.78743743896484
              ],
              [
                -79.44849395751953,
                82.67704772949219
              ],
              [
                -79.92469787597656,
                83.01161193847656
              ],
              [
                -77.0599136352539,
                82.8989486694336
              ],
              [
                -77.24880981445312,
                83.1254653930664
              ],
              [
                -76.50849151611328,
                83.1254653930664
              ],
              [
                -76.35315704345703,
                83.01161193847656
              ],
              [
                -74.75212097167969,
                83.01161193847656
              ],
              [
                -74.90445709228516,
                83.1254653930664
              ],
              [
                -74.65768432617188,
                83.1254653930664
              ],
              [
                -74.50580596923828,
                83.01161193847656
              ],
              [
                -73.89002227783203,
                83.01161193847656
              ],
              [
                -73.74085235595703,
                82.8989486694336
              ],
              [
                -72.97967529296875,
                82.78743743896484
              ],
              [
                -73.27424621582031,
                83.01161193847656
              ],
              [
                -72.90476989746094,
                83.01161193847656
              ],
              [
                -73.05364990234375,
                83.1254653930664
              ],
              [
                -71.57300567626953,
                83.1254653930664
              ],
              [
                -71.03642272949219,
                82.8989486694336
              ],
              [
                -70.91349792480469,
                82.8989486694336
              ],
              [
                -71.20284271240234,
                83.1254653930664
              ],
              [
                -69.47542572021484,
                83.1254653930664
              ],
              [
                -69.33323669433594,
                83.01161193847656
              ],
              [
                -66.25432586669922,
                83.01161193847656
              ]
            ]
          ],
          [
            [
              [
                -37.450950622558594,
                -54.28156280517578
              ],
              [
                -38.006614685058594,
                -54.14601516723633
              ],
              [
                -37.956111907958984,
                -54.010562896728516
              ],
              [
                -37.61033248901367,
                -54.010562896728516
              ],
              [
                -37.63536071777344,
                -54.078277587890625
              ],
              [
                -36.62197494506836,
                -54.14601516723633
              ],
              [
                -36.522586822509766,
                -54.3493766784668
              ],
              [
                -36.17584991455078,
                -54.3493766784668
              ],
              [
                -36.0759162902832,
                -54.55295181274414
              ],
              [
                -35.90225601196289,
                -54.55295181274414
              ],
              [
                -35.73964309692383,
                -54.824737548828125
              ],
              [
                -35.764278411865234,
                -54.89274597167969
              ],
              [
                -36.162445068359375,
                -55.02883529663086
              ],
              [
                -36.323909759521484,
                -54.756752014160156
              ],
              [
                -36.795555114746094,
                -54.6208610534668
              ],
              [
                -36.832401275634766,
                -54.485069274902344
              ],
              [
                -37.327880859375,
                -54.41720962524414
              ],
              [
                -37.450950622558594,
                -54.28156280517578
              ]
            ]
          ],
          [
            [
              [
                -61.090213775634766,
                -52.056766510009766
              ],
              [
                -61.05496597290039,
                -51.989723205566406
              ],
              [
                -61.22512435913086,
                -51.989723205566406
              ],
              [
                -61.11978530883789,
                -51.7887077331543
              ],
              [
                -60.814815521240234,
                -51.85569381713867
              ],
              [
                -61.00509262084961,
                -52.056766510009766
              ],
              [
                -61.090213775634766,
                -52.056766510009766
              ]
            ]
          ],
          [
            [
              [
                -59.23419189453125,
                -51.5878791809082
              ],
              [
                -59.01553726196289,
                -51.32038497924805
              ],
              [
                -58.338314056396484,
                -51.32038497924805
              ],
              [
                -58.371273040771484,
                -51.387229919433594
              ],
              [
                -57.811180114746094,
                -51.45409393310547
              ],
              [
                -57.891685485839844,
                -51.7887077331543
              ],
              [
                -58.5876579284668,
                -51.989723205566406
              ],
              [
                -58.65574264526367,
                -52.12383270263672
              ],
              [
                -58.99641036987305,
                -52.12383270263672
              ],
              [
                -59.06527328491211,
                -52.25802993774414
              ],
              [
                -59.15052795410156,
                -52.25802993774414
              ],
              [
                -59.561279296875,
                -52.392311096191406
              ],
              [
                -59.5263557434082,
                -52.32516098022461
              ],
              [
                -59.83256149291992,
                -52.25802993774414
              ],
              [
                -59.539920806884766,
                -51.85569381713867
              ],
              [
                -59.13203048706055,
                -51.721744537353516
              ],
              [
                -59.23419189453125,
                -51.5878791809082
              ]
            ]
          ],
          [
            [
              [
                -59.21821975708008,
                -51.387229919433594
              ],
              [
                -59.744285583496094,
                -51.922698974609375
              ],
              [
                -60.23898696899414,
                -52.056766510009766
              ],
              [
                -60.51459503173828,
                -52.25802993774414
              ],
              [
                -60.599849700927734,
                -52.25802993774414
              ],
              [
                -60.90541458129883,
                -52.190921783447266
              ],
              [
                -60.37120056152344,
                -51.65480041503906
              ],
              [
                -60.540931701660156,
                -51.65480041503906
              ],
              [
                -60.64177703857422,
                -51.52097702026367
              ],
              [
                -60.57333755493164,
                -51.387229919433594
              ],
              [
                -59.21821975708008,
                -51.387229919433594
              ]
            ]
          ],
          [
            [
              [
                57.69823455810547,
                -20.350648880004883
              ],
              [
                57.62409973144531,
                -20.350648880004883
              ],
              [
                57.56508255004883,
                -20.543508529663086
              ],
              [
                57.194278717041016,
                -20.543508529663086
              ],
              [
                57.179283142089844,
                -20.350648880004883
              ],
              [
                57.44566345214844,
                -19.96493148803711
              ],
              [
                57.67298126220703,
                -20.029216766357422
              ],
              [
                57.69823455810547,
                -20.350648880004883
              ]
            ]
          ],
          [
            [
              [
                39.81732940673828,
                -7.878862857818604
              ],
              [
                39.74433898925781,
                -7.878862857818604
              ],
              [
                39.67397689819336,
                -8.007437705993652
              ],
              [
                39.52798080444336,
                -8.007437705993652
              ],
              [
                39.52406311035156,
                -7.8145751953125
              ],
              [
                39.66746139526367,
                -7.685999870300293
              ],
              [
                39.81342697143555,
                -7.685999870300293
              ],
              [
                39.81732940673828,
                -7.878862857818604
              ]
            ]
          ],
          [
            [
              [
                39.26820755004883,
                -5.757371425628662
              ],
              [
                39.34318161010742,
                -5.885946750640869
              ],
              [
                39.34423065185547,
                -5.950234413146973
              ],
              [
                39.3474235534668,
                -6.143096923828125
              ],
              [
                39.493255615234375,
                -6.143096923828125
              ],
              [
                39.42695236206055,
                -6.528822898864746
              ],
              [
                39.05683135986328,
                -6.207384586334229
              ],
              [
                39.12240219116211,
                -5.757371425628662
              ],
              [
                39.26820755004883,
                -5.757371425628662
              ]
            ]
          ],
          [
            [
              [
                39.54886245727539,
                -5.050207138061523
              ],
              [
                39.546966552734375,
                -4.921631813049316
              ],
              [
                39.76653289794922,
                -4.98591947555542
              ],
              [
                39.70050048828125,
                -5.435933113098145
              ],
              [
                39.55472183227539,
                -5.435933113098145
              ],
              [
                39.54981994628906,
                -5.114494800567627
              ],
              [
                39.54886245727539,
                -5.050207138061523
              ]
            ]
          ],
          [
            [
              [
                103.27527618408203,
                1.442839026451111
              ],
              [
                103.06398010253906,
                1.635701775550842
              ],
              [
                102.63202667236328,
                1.76427698135376
              ],
              [
                102.4209976196289,
                1.957139730453491
              ],
              [
                102.42349243164062,
                2.021427392959595
              ],
              [
                102.35069274902344,
                2.021427392959595
              ],
              [
                101.9917221069336,
                2.150002479553223
              ],
              [
                101.71080780029297,
                2.407152891159058
              ],
              [
                101.71607971191406,
                2.535728216171265
              ],
              [
                101.42749786376953,
                2.600015640258789
              ],
              [
                101.2171630859375,
                2.7928786277771
              ],
              [
                101.1668701171875,
                3.30717945098877
              ],
              [
                100.81448364257812,
                3.564330101013184
              ],
              [
                100.75373077392578,
                3.821480512619019
              ],
              [
                100.61112976074219,
                3.885768175125122
              ],
              [
                100.62047576904297,
                4.078630924224854
              ],
              [
                100.48112487792969,
                4.207206249237061
              ],
              [
                100.5107650756836,
                4.785795211791992
              ],
              [
                100.23651123046875,
                5.10723352432251
              ],
              [
                100.2840347290039,
                5.942972660064697
              ],
              [
                100.0235824584961,
                6.457273483276367
              ],
              [
                100.027587890625,
                6.521561145782471
              ],
              [
                100.32742309570312,
                6.650136470794678
              ],
              [
                100.39224243164062,
                6.521561145782471
              ],
              [
                100.67993927001953,
                6.457273483276367
              ],
              [
                101.09375,
                6.071547985076904
              ],
              [
                101.00929260253906,
                5.878684997558594
              ],
              [
                101.06714630126953,
                5.62153434753418
              ],
              [
                101.51963806152344,
                5.878684997558594
              ],
              [
                101.59254455566406,
                5.878684997558594
              ],
              [
                101.65782928466797,
                5.750109672546387
              ],
              [
                101.87653350830078,
                5.750109672546387
              ],
              [
                102.0534896850586,
                6.264410972595215
              ],
              [
                102.12641143798828,
                6.264410972595215
              ],
              [
                102.34117889404297,
                6.200123310089111
              ],
              [
                102.40226745605469,
                6.007260322570801
              ],
              [
                103.16619873046875,
                5.364383697509766
              ],
              [
                103.36314392089844,
                4.978658199310303
              ],
              [
                103.40839385986328,
                4.464356899261475
              ],
              [
                103.48124694824219,
                4.464356899261475
              ],
              [
                103.36668395996094,
                3.628617763519287
              ],
              [
                103.4043960571289,
                2.857166290283203
              ],
              [
                103.68736267089844,
                2.664303302764893
              ],
              [
                103.68463897705078,
                2.600015640258789
              ],
              [
                103.7574462890625,
                2.600015640258789
              ],
              [
                104.1631851196289,
                1.828564524650574
              ],
              [
                104.16072845458984,
                1.76427698135376
              ],
              [
                104.2192153930664,
                1.378551483154297
              ],
              [
                104.00084686279297,
                1.378551483154297
              ],
              [
                103.92806243896484,
                1.378551483154297
              ],
              [
                103.92575073242188,
                1.314263939857483
              ],
              [
                103.85296630859375,
                1.314263939857483
              ],
              [
                103.85067749023438,
                1.249976277351379
              ],
              [
                103.77788543701172,
                1.249976277351379
              ],
              [
                103.7051010131836,
                1.249976277351379
              ],
              [
                103.63231658935547,
                1.249976277351379
              ],
              [
                103.63459777832031,
                1.314263939857483
              ],
              [
                103.56181335449219,
                1.314263939857483
              ],
              [
                103.56411743164062,
                1.378551483154297
              ],
              [
                103.49132537841797,
                1.378551483154297
              ],
              [
                103.27066040039062,
                1.314263939857483
              ],
              [
                103.27527618408203,
                1.442839026451111
              ]
            ]
          ],
          [
            [
              [
                103.98136138916016,
                2.728590965270996
              ],
              [
                104.06256103515625,
                2.921453714370728
              ],
              [
                104.20537567138672,
                2.857166290283203
              ],
              [
                104.19979858398438,
                2.728590965270996
              ],
              [
                104.12698364257812,
                2.728590965270996
              ],
              [
                103.98136138916016,
                2.728590965270996
              ]
            ]
          ],
          [
            [
              [
                114.41215515136719,
                1.442839026451111
              ],
              [
                113.75458526611328,
                1.378551483154297
              ],
              [
                113.60415649414062,
                1.249976277351379
              ],
              [
                113.09705352783203,
                1.314263939857483
              ],
              [
                112.81573486328125,
                1.571414232254028
              ],
              [
                112.37899017333984,
                1.571414232254028
              ],
              [
                112.08043670654297,
                1.378551483154297
              ],
              [
                111.99812316894531,
                1.121401190757751
              ],
              [
                111.70236206054688,
                0.992826044559479
              ],
              [
                110.8289566040039,
                0.992826044559479
              ],
              [
                110.46053314208984,
                0.864250957965851
              ],
              [
                109.8896713256836,
                1.185688734054565
              ],
              [
                109.61785125732422,
                1.699989318847656
              ],
              [
                109.47477722167969,
                1.76427698135376
              ],
              [
                109.48245239257812,
                1.957139730453491
              ],
              [
                109.48505401611328,
                2.021427392959595
              ],
              [
                109.63065338134766,
                2.021427392959595
              ],
              [
                109.6254653930664,
                1.892852187156677
              ],
              [
                109.98182678222656,
                1.699989318847656
              ],
              [
                110.27806854248047,
                1.828564524650574
              ],
              [
                110.48639678955078,
                1.571414232254028
              ],
              [
                110.9206771850586,
                1.507126569747925
              ],
              [
                111.01384735107422,
                2.021427392959595
              ],
              [
                111.1647720336914,
                2.150002479553223
              ],
              [
                111.10289764404297,
                2.407152891159058
              ],
              [
                111.2485122680664,
                2.407152891159058
              ],
              [
                111.26271057128906,
                2.728590965270996
              ],
              [
                111.70841979980469,
                2.921453714370728
              ],
              [
                112.80979919433594,
                3.114316701889038
              ],
              [
                113.11360931396484,
                3.371467113494873
              ],
              [
                113.20266723632812,
                3.692905426025391
              ],
              [
                113.65660095214844,
                4.01434326171875
              ],
              [
                113.83073425292969,
                4.528644561767578
              ],
              [
                113.98013305664062,
                4.592932224273682
              ],
              [
                114.05299377441406,
                4.592932224273682
              ],
              [
                114.05670166015625,
                4.657219886779785
              ],
              [
                114.27529907226562,
                4.657219886779785
              ],
              [
                114.73540496826172,
                5.042945861816406
              ],
              [
                115.09588623046875,
                4.978658199310303
              ],
              [
                115.16876220703125,
                4.978658199310303
              ],
              [
                115.24163055419922,
                4.978658199310303
              ],
              [
                115.31450653076172,
                4.978658199310303
              ],
              [
                115.31841278076172,
                5.042945861816406
              ],
              [
                115.39128875732422,
                5.042945861816406
              ],
              [
                115.39522552490234,
                5.10723352432251
              ],
              [
                115.4720687866211,
                5.171521186828613
              ],
              [
                115.26142883300781,
                5.300096035003662
              ],
              [
                115.3465347290039,
                5.492959022521973
              ],
              [
                115.5006103515625,
                5.62153434753418
              ],
              [
                115.79219818115234,
                5.62153434753418
              ],
              [
                116.04978942871094,
                6.200123310089111
              ],
              [
                116.35498809814453,
                6.392985820770264
              ],
              [
                116.69381713867188,
                7.035862445831299
              ],
              [
                116.8397216796875,
                7.035862445831299
              ],
              [
                116.82048797607422,
                6.778711795806885
              ],
              [
                116.8934326171875,
                6.778711795806885
              ],
              [
                116.90299224853516,
                6.907287120819092
              ],
              [
                117.2044906616211,
                7.035862445831299
              ],
              [
                117.25814056396484,
                6.778711795806885
              ],
              [
                117.74519348144531,
                6.457273483276367
              ],
              [
                117.63619232177734,
                5.942972660064697
              ],
              [
                117.70909881591797,
                5.942972660064697
              ],
              [
                118.00959777832031,
                6.071547985076904
              ],
              [
                118.06488800048828,
                5.81439733505249
              ],
              [
                118.36087799072266,
                5.878684997558594
              ],
              [
                118.562255859375,
                5.62153434753418
              ],
              [
                119.13690185546875,
                5.492959022521973
              ],
              [
                119.2742691040039,
                5.364383697509766
              ],
              [
                119.26185607910156,
                5.171521186828613
              ],
              [
                118.80848693847656,
                4.914370536804199
              ],
              [
                118.15660095214844,
                4.978658199310303
              ],
              [
                118.14480590820312,
                4.785795211791992
              ],
              [
                118.50140380859375,
                4.657219886779785
              ],
              [
                118.5553970336914,
                4.335781574249268
              ],
              [
                117.60829162597656,
                4.335781574249268
              ],
              [
                117.52452087402344,
                4.142918586730957
              ],
              [
                117.45167541503906,
                4.142918586730957
              ],
              [
                117.1711654663086,
                4.335781574249268
              ],
              [
                115.78693389892578,
                4.335781574249268
              ],
              [
                115.62692260742188,
                4.078630924224854
              ],
              [
                115.51372528076172,
                3.30717945098877
              ],
              [
                115.35546112060547,
                3.050029039382935
              ],
              [
                115.28263854980469,
                3.050029039382935
              ],
              [
                115.05803680419922,
                2.921453714370728
              ],
              [
                115.11013793945312,
                2.471440553665161
              ],
              [
                114.73482513427734,
                2.214290142059326
              ],
              [
                114.79673767089844,
                1.957139730453491
              ],
              [
                114.562744140625,
                1.571414232254028
              ],
              [
                114.41215515136719,
                1.442839026451111
              ]
            ]
          ],
          [
            [
              [
                -57.19075012207031,
                5.62153434753418
              ],
              [
                -57.33391571044922,
                5.492959022521973
              ],
              [
                -57.325496673583984,
                5.042945861816406
              ],
              [
                -57.90628433227539,
                4.914370536804199
              ],
              [
                -57.90019607543945,
                4.528644561767578
              ],
              [
                -58.11433410644531,
                4.207206249237061
              ],
              [
                -58.11049270629883,
                3.885768175125122
              ],
              [
                -57.66859817504883,
                3.371467113494873
              ],
              [
                -57.303497314453125,
                3.242892026901245
              ],
              [
                -57.2280387878418,
                2.7928786277771
              ],
              [
                -56.93560791015625,
                2.471440553665161
              ],
              [
                -56.935001373291016,
                2.150002479553223
              ],
              [
                -56.71652603149414,
                1.892852187156677
              ],
              [
                -57.444496154785156,
                1.957139730453491
              ],
              [
                -57.59016799926758,
                1.76427698135376
              ],
              [
                -58.46406936645508,
                1.507126569747925
              ],
              [
                -58.90174102783203,
                1.185688734054565
              ],
              [
                -59.337852478027344,
                1.378551483154297
              ],
              [
                -59.77402114868164,
                1.76427698135376
              ],
              [
                -59.847206115722656,
                2.214290142059326
              ],
              [
                -60.06636047363281,
                2.471440553665161
              ],
              [
                -59.99802780151367,
                3.242892026901245
              ],
              [
                -59.85344696044922,
                3.371467113494873
              ],
              [
                -59.855873107910156,
                3.628617763519287
              ],
              [
                -59.63871765136719,
                3.757192850112915
              ],
              [
                -59.568077087402344,
                3.950055837631226
              ],
              [
                -59.715354919433594,
                4.078630924224854
              ],
              [
                -59.71883010864258,
                4.335781574249268
              ],
              [
                -60.15885543823242,
                4.528644561767578
              ],
              [
                -60.1619758605957,
                4.721507549285889
              ],
              [
                -60.018436431884766,
                4.850082874298096
              ],
              [
                -60.09724044799805,
                5.171521186828613
              ],
              [
                -60.6802864074707,
                5.171521186828613
              ],
              [
                -61.274417877197266,
                5.685822010040283
              ],
              [
                -61.35509490966797,
                6.007260322570801
              ],
              [
                -61.14131546020508,
                6.200123310089111
              ],
              [
                -61.15193176269531,
                6.585848808288574
              ],
              [
                -60.93876647949219,
                6.778711795806885
              ],
              [
                -60.64699935913086,
                6.778711795806885
              ],
              [
                -60.36103820800781,
                6.971574783325195
              ],
              [
                -60.36503982543945,
                7.100150108337402
              ],
              [
                -60.66523361206055,
                7.357300281524658
              ],
              [
                -60.67403030395508,
                7.614450931549072
              ],
              [
                -59.88985824584961,
                8.128751754760742
              ],
              [
                -59.82933807373047,
                8.450189590454102
              ],
              [
                -59.756317138671875,
                8.450189590454102
              ],
              [
                -59.31068801879883,
                8.25732707977295
              ],
              [
                -58.480377197265625,
                7.485875606536865
              ],
              [
                -58.46433639526367,
                6.971574783325195
              ],
              [
                -58.46244430541992,
                6.907287120819092
              ],
              [
                -57.800479888916016,
                6.714424133300781
              ],
              [
                -57.49858856201172,
                6.328698635101318
              ],
              [
                -57.27981948852539,
                6.328698635101318
              ],
              [
                -57.12627410888672,
                6.007260322570801
              ],
              [
                -57.12480926513672,
                5.942972660064697
              ],
              [
                -57.19075012207031,
                5.62153434753418
              ]
            ]
          ],
          [
            [
              [
                99.58204650878906,
                6.392985820770264
              ],
              [
                99.88172912597656,
                6.521561145782471
              ],
              [
                99.8658676147461,
                6.264410972595215
              ],
              [
                99.64710235595703,
                6.264410972595215
              ],
              [
                99.6510238647461,
                6.328698635101318
              ],
              [
                99.58204650878906,
                6.392985820770264
              ]
            ]
          ],
          [
            [
              [
                117.22929382324219,
                7.357300281524658
              ],
              [
                117.21431732177734,
                7.164437294006348
              ],
              [
                116.99051666259766,
                7.100150108337402
              ],
              [
                117.00537872314453,
                7.293012619018555
              ],
              [
                117.01039123535156,
                7.357300281524658
              ],
              [
                117.22929382324219,
                7.357300281524658
              ]
            ]
          ],
          [
            [
              [
                -60.99871063232422,
                10.057377815246582
              ],
              [
                -61.72983932495117,
                10.057377815246582
              ],
              [
                -61.666908264160156,
                10.250240325927734
              ],
              [
                -61.45097732543945,
                10.314528465270996
              ],
              [
                -61.45794677734375,
                10.443102836608887
              ],
              [
                -61.46147537231445,
                10.507390975952148
              ],
              [
                -61.61492156982422,
                10.635965347290039
              ],
              [
                -61.552730560302734,
                10.828827857971191
              ],
              [
                -60.89426803588867,
                10.828827857971191
              ],
              [
                -61.026161193847656,
                10.571678161621094
              ],
              [
                -60.9390754699707,
                10.314528465270996
              ],
              [
                -60.99871063232422,
                10.057377815246582
              ]
            ]
          ],
          [
            [
              [
                98.08775329589844,
                10.828827857971191
              ],
              [
                98.09922790527344,
                10.957403182983398
              ],
              [
                98.24556732177734,
                10.957403182983398
              ],
              [
                98.30723571777344,
                10.828827857971191
              ],
              [
                98.3015365600586,
                10.764540672302246
              ],
              [
                98.08775329589844,
                10.828827857971191
              ]
            ]
          ],
          [
            [
              [
                -60.70492935180664,
                11.343128204345703
              ],
              [
                -60.558536529541016,
                11.343128204345703
              ],
              [
                -60.616432189941406,
                11.085978507995605
              ],
              [
                -60.76279067993164,
                11.085978507995605
              ],
              [
                -60.83597183227539,
                11.085978507995605
              ],
              [
                -60.70492935180664,
                11.343128204345703
              ]
            ]
          ],
          [
            [
              [
                98.30491638183594,
                11.6002779006958
              ],
              [
                98.32334899902344,
                11.793140411376953
              ],
              [
                98.61006927490234,
                11.728853225708008
              ],
              [
                98.51847076416016,
                11.535990715026855
              ],
              [
                98.44525909423828,
                11.535990715026855
              ],
              [
                98.30491638183594,
                11.6002779006958
              ]
            ]
          ],
          [
            [
              [
                -61.56843185424805,
                12.24315357208252
              ],
              [
                -61.551116943359375,
                11.986002922058105
              ],
              [
                -61.775146484375,
                12.050291061401367
              ],
              [
                -61.7105712890625,
                12.178865432739258
              ],
              [
                -61.714962005615234,
                12.24315357208252
              ],
              [
                -61.56843185424805,
                12.24315357208252
              ]
            ]
          ],
          [
            [
              [
                98.48676300048828,
                12.69316577911377
              ],
              [
                98.46028900146484,
                12.436016082763672
              ],
              [
                98.24700164794922,
                12.500303268432617
              ],
              [
                98.26020050048828,
                12.628878593444824
              ],
              [
                98.26686096191406,
                12.69316577911377
              ],
              [
                98.48676300048828,
                12.69316577911377
              ]
            ]
          ],
          [
            [
              [
                -59.36457061767578,
                13.207467079162598
              ],
              [
                -59.35515594482422,
                13.07889175415039
              ],
              [
                -59.57047653198242,
                13.014603614807129
              ],
              [
                -59.66753387451172,
                13.336042404174805
              ],
              [
                -59.52082824707031,
                13.336042404174805
              ],
              [
                -59.43791198730469,
                13.207467079162598
              ],
              [
                -59.36457061767578,
                13.207467079162598
              ]
            ]
          ],
          [
            [
              [
                -61.281307220458984,
                13.336042404174805
              ],
              [
                -61.066200256347656,
                13.40032958984375
              ],
              [
                -61.046592712402344,
                13.143178939819336
              ],
              [
                -61.18844223022461,
                13.07889175415039
              ],
              [
                -61.193267822265625,
                13.143178939819336
              ],
              [
                -61.281307220458984,
                13.336042404174805
              ]
            ]
          ],
          [
            [
              [
                -60.80828857421875,
                13.850343704223633
              ],
              [
                -60.79795837402344,
                13.721768379211426
              ],
              [
                -60.939613342285156,
                13.657480239868164
              ],
              [
                -61.04430389404297,
                14.043206214904785
              ],
              [
                -60.82405471801758,
                14.043206214904785
              ],
              [
                -60.813507080078125,
                13.914630889892578
              ],
              [
                -60.80828857421875,
                13.850343704223633
              ]
            ]
          ],
          [
            [
              [
                -61.47107696533203,
                15.52182674407959
              ],
              [
                -61.48359680175781,
                15.650403022766113
              ],
              [
                -61.26287078857422,
                15.650403022766113
              ],
              [
                -61.14630889892578,
                15.200387001037598
              ],
              [
                -61.36689376831055,
                15.200387001037598
              ],
              [
                -61.464874267578125,
                15.457538604736328
              ],
              [
                -61.47107696533203,
                15.52182674407959
              ]
            ]
          ],
          [
            [
              [
                -61.64407730102539,
                17.193313598632812
              ],
              [
                -61.616119384765625,
                16.9361629486084
              ],
              [
                -61.763553619384766,
                16.9361629486084
              ],
              [
                -61.85826873779297,
                17.129026412963867
              ],
              [
                -61.86532211303711,
                17.193313598632812
              ],
              [
                -61.64407730102539,
                17.193313598632812
              ]
            ]
          ],
          [
            [
              [
                114.6038818359375,
                22.529123306274414
              ],
              [
                114.5916519165039,
                22.46483612060547
              ],
              [
                114.5794677734375,
                22.400548934936523
              ],
              [
                114.56732177734375,
                22.33626365661621
              ],
              [
                114.53111267089844,
                22.143402099609375
              ],
              [
                113.99858856201172,
                22.079116821289062
              ],
              [
                113.9842300415039,
                22.400548934936523
              ],
              [
                113.99634552001953,
                22.46483612060547
              ],
              [
                114.31842803955078,
                22.59341049194336
              ],
              [
                114.6038818359375,
                22.529123306274414
              ]
            ]
          ],
          [
            [
              [
                116.8447265625,
                38.997230529785156
              ],
              [
                116.8779067993164,
                39.06184005737305
              ],
              [
                116.83258056640625,
                39.1264533996582
              ],
              [
                117.28174591064453,
                39.38497543334961
              ],
              [
                117.40528869628906,
                39.320335388183594
              ],
              [
                117.30430603027344,
                39.1264533996582
              ],
              [
                116.9687728881836,
                38.93262481689453
              ],
              [
                116.8447265625,
                38.997230529785156
              ]
            ]
          ],
          [
            [
              [
                -55.56839370727539,
                50.04647445678711
              ],
              [
                -55.506744384765625,
                49.91355895996094
              ],
              [
                -55.8865852355957,
                49.64793395996094
              ],
              [
                -55.74216842651367,
                49.51522445678711
              ],
              [
                -55.40789794921875,
                49.51522445678711
              ],
              [
                -55.234500885009766,
                49.316287994384766
              ],
              [
                -54.9841423034668,
                49.316287994384766
              ],
              [
                -54.96017074584961,
                49.44889450073242
              ],
              [
                -54.7095832824707,
                49.44889450073242
              ],
              [
                -54.76923370361328,
                49.58156967163086
              ],
              [
                -54.51841735839844,
                49.58156967163086
              ],
              [
                -54.45899200439453,
                49.44889450073242
              ],
              [
                -53.903682708740234,
                49.51522445678711
              ],
              [
                -53.48197555541992,
                49.316287994384766
              ],
              [
                -53.42416000366211,
                49.18375015258789
              ],
              [
                -53.590919494628906,
                49.18375015258789
              ],
              [
                -53.671207427978516,
                48.98506164550781
              ],
              [
                -53.83774185180664,
                48.98506164550781
              ],
              [
                -54.00135040283203,
                48.786521911621094
              ],
              [
                -53.80466842651367,
                48.52202224731445
              ],
              [
                -53.55563735961914,
                48.52202224731445
              ],
              [
                -53.52892303466797,
                48.654239654541016
              ],
              [
                -53.25159454345703,
                48.5881233215332
              ],
              [
                -53.22472381591797,
                48.72037124633789
              ],
              [
                -53.05848693847656,
                48.72037124633789
              ],
              [
                -52.9467658996582,
                48.455936431884766
              ],
              [
                -53.11271286010742,
                48.455936431884766
              ],
              [
                -53.084922790527344,
                48.38986587524414
              ],
              [
                -53.25080108642578,
                48.38986587524414
              ],
              [
                -53.4990348815918,
                48.191749572753906
              ],
              [
                -53.83035659790039,
                48.191749572753906
              ],
              [
                -53.63689041137695,
                47.92780685424805
              ],
              [
                -53.82990264892578,
                47.79592514038086
              ],
              [
                -53.58287811279297,
                47.598209381103516
              ],
              [
                -53.6373291015625,
                47.730003356933594
              ],
              [
                -53.49943161010742,
                47.79592514038086
              ],
              [
                -53.49898147583008,
                47.993770599365234
              ],
              [
                -53.333534240722656,
                47.993770599365234
              ],
              [
                -53.1677131652832,
                48.191749572753906
              ],
              [
                -52.91922378540039,
                48.191749572753906
              ],
              [
                -52.86445617675781,
                48.059749603271484
              ],
              [
                -53.22441482543945,
                47.730003356933594
              ],
              [
                -53.225852966308594,
                47.53233337402344
              ],
              [
                -53.06089782714844,
                47.53233337402344
              ],
              [
                -52.921104431152344,
                47.79592514038086
              ],
              [
                -52.7558708190918,
                47.79592514038086
              ],
              [
                -52.621849060058594,
                47.46647262573242
              ],
              [
                -52.70429229736328,
                47.46647262573242
              ],
              [
                -52.6805534362793,
                47.20316696166992
              ],
              [
                -52.8187255859375,
                47.13737487792969
              ],
              [
                -52.766056060791016,
                47.005828857421875
              ],
              [
                -52.9041633605957,
                46.94007873535156
              ],
              [
                -52.85176086425781,
                46.808616638183594
              ],
              [
                -53.019657135009766,
                46.61152267456055
              ],
              [
                -53.6756706237793,
                46.61152267456055
              ],
              [
                -53.75489044189453,
                46.808616638183594
              ],
              [
                -53.617156982421875,
                46.87434005737305
              ],
              [
                -53.67030334472656,
                47.005828857421875
              ],
              [
                -53.919097900390625,
                46.808616638183594
              ],
              [
                -54.24750900268555,
                46.808616638183594
              ],
              [
                -54.27264404296875,
                47.07159423828125
              ],
              [
                -53.913814544677734,
                47.4006233215332
              ],
              [
                -54.105350494384766,
                47.86185836791992
              ],
              [
                -54.49067687988281,
                47.4006233215332
              ],
              [
                -55.01252746582031,
                47.26897048950195
              ],
              [
                -55.012786865234375,
                47.07159423828125
              ],
              [
                -55.36927032470703,
                46.94007873535156
              ],
              [
                -55.34202194213867,
                46.87434005737305
              ],
              [
                -55.999114990234375,
                46.87434005737305
              ],
              [
                -56.08188247680664,
                47.07159423828125
              ],
              [
                -55.42422866821289,
                47.26897048950195
              ],
              [
                -55.28781509399414,
                47.53233337402344
              ],
              [
                -55.04037857055664,
                47.53233337402344
              ],
              [
                -55.09592819213867,
                47.664100646972656
              ],
              [
                -55.42612075805664,
                47.664100646972656
              ],
              [
                -55.37029266357422,
                47.53233337402344
              ],
              [
                -55.479591369628906,
                47.4006233215332
              ],
              [
                -55.837158203125,
                47.46647262573242
              ],
              [
                -55.8670654296875,
                47.730003356933594
              ],
              [
                -56.1973991394043,
                47.730003356933594
              ],
              [
                -56.22330093383789,
                47.598209381103516
              ],
              [
                -56.635868072509766,
                47.598209381103516
              ],
              [
                -56.60747146606445,
                47.53233337402344
              ],
              [
                -57.985111236572266,
                47.664100646972656
              ],
              [
                -59.358802795410156,
                47.598209381103516
              ],
              [
                -59.44792175292969,
                47.79592514038086
              ],
              [
                -59.36530685424805,
                47.79592514038086
              ],
              [
                -59.50775909423828,
                47.92780685424805
              ],
              [
                -59.34977722167969,
                48.1257438659668
              ],
              [
                -58.5889892578125,
                48.455936431884766
              ],
              [
                -59.200321197509766,
                48.52202224731445
              ],
              [
                -59.261634826660156,
                48.654239654541016
              ],
              [
                -58.90755081176758,
                48.786521911621094
              ],
              [
                -58.76313781738281,
                48.654239654541016
              ],
              [
                -58.771976470947266,
                48.852684020996094
              ],
              [
                -58.56254196166992,
                49.11750411987305
              ],
              [
                -58.14583969116211,
                49.11750411987305
              ],
              [
                -58.35353088378906,
                49.38258361816406
              ],
              [
                -58.27003860473633,
                49.38258361816406
              ],
              [
                -58.33275604248047,
                49.51522445678711
              ],
              [
                -57.94624710083008,
                49.58156967163086
              ],
              [
                -58.0726318359375,
                49.84712600708008
              ],
              [
                -57.67755889892578,
                50.2459831237793
              ],
              [
                -57.7421989440918,
                50.37908172607422
              ],
              [
                -57.53587341308594,
                50.64549255371094
              ],
              [
                -57.367401123046875,
                50.64549255371094
              ],
              [
                -57.432891845703125,
                50.77880859375
              ],
              [
                -57.12836837768555,
                50.84549331665039
              ],
              [
                -56.88615798950195,
                51.37968063354492
              ],
              [
                -56.580711364746094,
                51.44654083251953
              ],
              [
                -56.6141357421875,
                51.51342010498047
              ],
              [
                -56.2750358581543,
                51.51342010498047
              ],
              [
                -56.17214584350586,
                51.64724349975586
              ],
              [
                -55.460227966308594,
                51.580322265625
              ],
              [
                -55.53112030029297,
                51.37968063354492
              ],
              [
                -55.95457077026367,
                51.37968063354492
              ],
              [
                -55.97346115112305,
                51.24601745605469
              ],
              [
                -55.80424880981445,
                51.24601745605469
              ],
              [
                -55.70660400390625,
                51.04566955566406
              ],
              [
                -55.91518783569336,
                50.77880859375
              ],
              [
                -56.16813659667969,
                50.77880859375
              ],
              [
                -56.135948181152344,
                50.71213912963867
              ],
              [
                -56.22022247314453,
                50.71213912963867
              ],
              [
                -56.156089782714844,
                50.578861236572266
              ],
              [
                -56.60637283325195,
                50.11296081542969
              ],
              [
                -56.407161712646484,
                50.04647445678711
              ],
              [
                -56.38607406616211,
                50.17946243286133
              ],
              [
                -56.218162536621094,
                50.17946243286133
              ],
              [
                -56.1555290222168,
                50.04647445678711
              ],
              [
                -55.56839370727539,
                50.04647445678711
              ]
            ]
          ],
          [
            [
              [
                -63.09821319580078,
                49.84712600708008
              ],
              [
                -62.42756271362305,
                49.51522445678711
              ],
              [
                -61.86016845703125,
                49.38258361816406
              ],
              [
                -61.76201248168945,
                49.18375015258789
              ],
              [
                -61.72950744628906,
                49.11750411987305
              ],
              [
                -62.28023147583008,
                49.051273345947266
              ],
              [
                -63.096065521240234,
                49.18375015258789
              ],
              [
                -63.49641418457031,
                49.316287994384766
              ],
              [
                -64.03435516357422,
                49.71431350708008
              ],
              [
                -64.4036636352539,
                49.78071212768555
              ],
              [
                -64.59197235107422,
                49.98000717163086
              ],
              [
                -63.09821319580078,
                49.84712600708008
              ]
            ]
          ],
          [
            [
              [
                166.3932647705078,
                -50.719669342041016
              ],
              [
                166.2168426513672,
                -50.786338806152344
              ],
              [
                166.2860870361328,
                -50.919734954833984
              ],
              [
                166.20167541503906,
                -50.919734954833984
              ],
              [
                166.0328826904297,
                -50.919734954833984
              ],
              [
                165.8115692138672,
                -50.653018951416016
              ],
              [
                166.1568145751953,
                -50.586387634277344
              ],
              [
                166.08114624023438,
                -50.519771575927734
              ],
              [
                166.32522583007812,
                -50.586387634277344
              ],
              [
                166.3932647705078,
                -50.719669342041016
              ]
            ]
          ],
          [
            [
              [
                167.5886993408203,
                -46.750328063964844
              ],
              [
                167.523681640625,
                -46.684627532958984
              ],
              [
                167.85183715820312,
                -46.684627532958984
              ],
              [
                168.2291717529297,
                -47.14480209350586
              ],
              [
                167.5385284423828,
                -47.276405334472656
              ],
              [
                167.4064178466797,
                -47.14480209350586
              ],
              [
                167.58734130859375,
                -47.07902526855469
              ],
              [
                167.5886993408203,
                -46.750328063964844
              ]
            ]
          ],
          [
            [
              [
                173.95541381835938,
                -41.98371505737305
              ],
              [
                173.93434143066406,
                -42.308528900146484
              ],
              [
                173.4749298095703,
                -42.50352096557617
              ],
              [
                173.47686767578125,
                -42.763633728027344
              ],
              [
                173.31655883789062,
                -42.763633728027344
              ],
              [
                173.33905029296875,
                -42.95881652832031
              ],
              [
                172.78126525878906,
                -43.21918487548828
              ],
              [
                172.84278869628906,
                -43.2843017578125
              ],
              [
                172.6820068359375,
                -43.2843017578125
              ],
              [
                172.83030700683594,
                -43.610023498535156
              ],
              [
                172.74977111816406,
                -43.610023498535156
              ],
              [
                172.97311401367188,
                -43.67519760131836
              ],
              [
                173.142822265625,
                -43.93598937988281
              ],
              [
                172.65867614746094,
                -43.93598937988281
              ],
              [
                172.4530029296875,
                -43.805572509765625
              ],
              [
                172.5154266357422,
                -43.87077713012695
              ],
              [
                172.2734375,
                -43.87077713012695
              ],
              [
                172.33590698242188,
                -43.93598937988281
              ],
              [
                172.1745147705078,
                -43.93598937988281
              ],
              [
                172.23704528808594,
                -44.0012092590332
              ],
              [
                171.815185546875,
                -44.066444396972656
              ],
              [
                171.87779235839844,
                -44.13168716430664
              ],
              [
                171.71621704101562,
                -44.13168716430664
              ],
              [
                171.7788848876953,
                -44.196937561035156
              ],
              [
                171.53643798828125,
                -44.196937561035156
              ],
              [
                171.59913635253906,
                -44.262203216552734
              ],
              [
                171.23944091796875,
                -44.392757415771484
              ],
              [
                171.1952667236328,
                -44.850032806396484
              ],
              [
                171.1141357421875,
                -44.850032806396484
              ],
              [
                171.17759704589844,
                -44.91539764404297
              ],
              [
                171.096435546875,
                -44.91539764404297
              ],
              [
                171.15997314453125,
                -44.980777740478516
              ],
              [
                171.0787811279297,
                -44.980777740478516
              ],
              [
                171.1424102783203,
                -45.046165466308594
              ],
              [
                171.06118774414062,
                -45.046165466308594
              ],
              [
                171.1248779296875,
                -45.11156463623047
              ],
              [
                170.8460235595703,
                -45.24239730834961
              ],
              [
                170.8064727783203,
                -45.700660705566406
              ],
              [
                170.64337158203125,
                -45.700660705566406
              ],
              [
                170.755615234375,
                -45.89723205566406
              ],
              [
                170.2318115234375,
                -46.02833938598633
              ],
              [
                170.2632598876953,
                -46.225093841552734
              ],
              [
                169.82080078125,
                -46.356327056884766
              ],
              [
                169.86964416503906,
                -46.48760986328125
              ],
              [
                169.7057647705078,
                -46.48760986328125
              ],
              [
                169.77130126953125,
                -46.55326843261719
              ],
              [
                168.81979370117188,
                -46.750328063964844
              ],
              [
                168.6068878173828,
                -46.61894226074219
              ],
              [
                168.1968536376953,
                -46.61894226074219
              ],
              [
                168.0841827392578,
                -46.42196273803711
              ],
              [
                167.67466735839844,
                -46.42196273803711
              ],
              [
                167.48184204101562,
                -46.225093841552734
              ],
              [
                167.21861267089844,
                -46.290706634521484
              ],
              [
                167.28274536132812,
                -46.356327056884766
              ],
              [
                166.64573669433594,
                -46.290706634521484
              ],
              [
                166.2652587890625,
                -45.89723205566406
              ],
              [
                166.44715881347656,
                -45.831695556640625
              ],
              [
                166.38426208496094,
                -45.766170501708984
              ],
              [
                166.7105712890625,
                -45.766170501708984
              ],
              [
                166.56015014648438,
                -45.438724517822266
              ],
              [
                166.7229766845703,
                -45.438724517822266
              ],
              [
                166.6796112060547,
                -45.30782699584961
              ],
              [
                166.98609924316406,
                -45.37327194213867
              ],
              [
                166.81832885742188,
                -45.11156463623047
              ],
              [
                167.1624298095703,
                -45.046165466308594
              ],
              [
                167.0384063720703,
                -44.91539764404297
              ],
              [
                167.3010711669922,
                -44.850032806396484
              ],
              [
                167.2392120361328,
                -44.78467559814453
              ],
              [
                167.4824981689453,
                -44.78467559814453
              ],
              [
                167.43994140625,
                -44.653995513916016
              ],
              [
                167.70230102539062,
                -44.58866882324219
              ],
              [
                167.66001892089844,
                -44.45804977416992
              ],
              [
                167.84127807617188,
                -44.392757415771484
              ],
              [
                167.79934692382812,
                -44.262203216552734
              ],
              [
                168.16171264648438,
                -44.13168716430664
              ],
              [
                168.10052490234375,
                -44.066444396972656
              ],
              [
                169.0665283203125,
                -43.805572509765625
              ],
              [
                169.0055389404297,
                -43.740379333496094
              ],
              [
                169.26693725585938,
                -43.67519760131836
              ],
              [
                169.20608520507812,
                -43.610023498535156
              ],
              [
                169.44769287109375,
                -43.610023498535156
              ],
              [
                169.38687133789062,
                -43.54486083984375
              ],
              [
                169.7483367919922,
                -43.4145622253418
              ],
              [
                169.687744140625,
                -43.34942626953125
              ],
              [
                170.12948608398438,
                -43.21918487548828
              ],
              [
                170.06910705566406,
                -43.15407943725586
              ],
              [
                170.24977111816406,
                -43.08898162841797
              ],
              [
                170.18959045410156,
                -43.023895263671875
              ],
              [
                170.43038940429688,
                -43.023895263671875
              ],
              [
                170.37026977539062,
                -42.95881652832031
              ],
              [
                170.81170654296875,
                -42.82868576049805
              ],
              [
                170.77220153808594,
                -42.69859313964844
              ],
              [
                171.0534210205078,
                -42.56853485107422
              ],
              [
                170.9939727783203,
                -42.50352096557617
              ],
              [
                171.07400512695312,
                -42.50352096557617
              ],
              [
                171.01467895507812,
                -42.438514709472656
              ],
              [
                171.0946807861328,
                -42.438514709472656
              ],
              [
                171.0354766845703,
                -42.37351608276367
              ],
              [
                171.11544799804688,
                -42.37351608276367
              ],
              [
                171.05638122558594,
                -42.308528900146484
              ],
              [
                171.13632202148438,
                -42.308528900146484
              ],
              [
                171.077392578125,
                -42.24354934692383
              ],
              [
                171.1573028564453,
                -42.24354934692383
              ],
              [
                171.2492218017578,
                -41.72401428222656
              ],
              [
                171.6694793701172,
                -41.65911102294922
              ],
              [
                171.61180114746094,
                -41.594215393066406
              ],
              [
                171.77105712890625,
                -41.594215393066406
              ],
              [
                171.7356719970703,
                -41.464447021484375
              ],
              [
                171.8948211669922,
                -41.464447021484375
              ],
              [
                171.88243103027344,
                -41.26985549926758
              ],
              [
                172.03012084960938,
                -41.07533645629883
              ],
              [
                171.9175262451172,
                -40.94569396972656
              ],
              [
                171.9968719482422,
                -40.94569396972656
              ],
              [
                171.98780822753906,
                -40.75128936767578
              ],
              [
                172.24923706054688,
                -40.68650436401367
              ],
              [
                172.1937713623047,
                -40.621726989746094
              ],
              [
                172.63754272460938,
                -40.492191314697266
              ],
              [
                172.748291015625,
                -40.621726989746094
              ],
              [
                172.6454620361328,
                -40.68650436401367
              ],
              [
                172.9158172607422,
                -40.81608581542969
              ],
              [
                173.08505249023438,
                -41.01051330566406
              ],
              [
                173.0056610107422,
                -41.01051330566406
              ],
              [
                173.0970001220703,
                -41.20500946044922
              ],
              [
                173.5613250732422,
                -41.01051330566406
              ],
              [
                173.5045623779297,
                -40.94569396972656
              ],
              [
                173.7426300048828,
                -40.94569396972656
              ],
              [
                173.8564910888672,
                -41.07533645629883
              ],
              [
                174.03759765625,
                -41.01051330566406
              ],
              [
                174.11697387695312,
                -41.01051330566406
              ],
              [
                174.26712036132812,
                -41.26985549926758
              ],
              [
                174.02865600585938,
                -41.26985549926758
              ],
              [
                174.1443328857422,
                -41.399574279785156
              ],
              [
                173.98524475097656,
                -41.399574279785156
              ],
              [
                174.2152557373047,
                -41.91877746582031
              ],
              [
                173.95541381835938,
                -41.98371505737305
              ]
            ]
          ],
          [
            [
              [
                173.7426300048828,
                -40.94569396972656
              ],
              [
                173.62950134277344,
                -40.81608581542969
              ],
              [
                173.70880126953125,
                -40.81608581542969
              ],
              [
                173.67562866210938,
                -40.68650436401367
              ],
              [
                173.9467010498047,
                -40.81608581542969
              ],
              [
                173.8219757080078,
                -40.94569396972656
              ],
              [
                173.7426300048828,
                -40.94569396972656
              ]
            ]
          ],
          [
            [
              [
                148.22674560546875,
                -40.23320770263672
              ],
              [
                148.27317810058594,
                -40.297943115234375
              ],
              [
                148.31979370117188,
                -40.36268615722656
              ],
              [
                148.3665771484375,
                -40.427433013916016
              ],
              [
                148.4135284423828,
                -40.492191314697266
              ],
              [
                148.34793507202033,
                -40.492191314697266
              ],
              [
                148.1804656982422,
                -40.168479919433594
              ],
              [
                148.22674560546875,
                -40.23320770263672
              ]
            ]
          ],
          [
            [
              [
                143.9539031982422,
                -39.65090560913086
              ],
              [
                143.99758911132812,
                -39.715576171875
              ],
              [
                144.0414276123047,
                -39.78025817871094
              ],
              [
                144.08543395996094,
                -39.84494400024414
              ],
              [
                144.1295928955078,
                -39.909637451171875
              ],
              [
                144.06419797440384,
                -39.909637451171875
              ],
              [
                143.91038513183594,
                -39.586238861083984
              ],
              [
                143.9539031982422,
                -39.65090560913086
              ]
            ]
          ],
          [
            [
              [
                175.3167724609375,
                -37.133243560791016
              ],
              [
                175.19012451171875,
                -36.746585845947266
              ],
              [
                175.25259399414062,
                -36.61772918701172
              ],
              [
                175.53228759765625,
                -36.68215560913086
              ],
              [
                175.76708984375,
                -37.004337310791016
              ],
              [
                175.68922424316406,
                -37.004337310791016
              ],
              [
                175.91664123535156,
                -37.520057678222656
              ],
              [
                175.83860778808594,
                -37.520057678222656
              ],
              [
                176.06292724609375,
                -37.71352767944336
              ],
              [
                176.8858184814453,
                -37.9715576171875
              ],
              [
                177.2767791748047,
                -37.9715576171875
              ],
              [
                177.22689819335938,
                -37.907039642333984
              ],
              [
                177.48976135253906,
                -37.842533111572266
              ],
              [
                177.46873474121094,
                -37.71352767944336
              ],
              [
                177.83856201171875,
                -37.58454132080078
              ],
              [
                177.78941345214844,
                -37.520057678222656
              ],
              [
                178.17958068847656,
                -37.520057678222656
              ],
              [
                178.4557342529297,
                -37.77802658081055
              ],
              [
                178.2377166748047,
                -38.10060119628906
              ],
              [
                178.33920288085938,
                -38.22966766357422
              ],
              [
                178.1793212890625,
                -38.42330551147461
              ],
              [
                178.2557830810547,
                -38.61699295043945
              ],
              [
                177.78419494628906,
                -38.810733795166016
              ],
              [
                177.8890380859375,
                -38.93992233276367
              ],
              [
                177.78457641601562,
                -39.0045280456543
              ],
              [
                177.8932647705078,
                -39.32763671875
              ],
              [
                177.73587036132812,
                -39.32763671875
              ],
              [
                177.57594299316406,
                -39.133750915527344
              ],
              [
                177.10418701171875,
                -39.133750915527344
              ],
              [
                177.15716552734375,
                -39.1983757019043
              ],
              [
                176.89561462402344,
                -39.26300048828125
              ],
              [
                176.87347412109375,
                -39.521575927734375
              ],
              [
                176.79469299316406,
                -39.521575927734375
              ],
              [
                177.0359344482422,
                -39.715576171875
              ],
              [
                176.860595703125,
                -39.97433853149414
              ],
              [
                176.84561157226562,
                -40.23320770263672
              ],
              [
                176.58523559570312,
                -40.297943115234375
              ],
              [
                176.57313537597656,
                -40.55695343017578
              ],
              [
                176.31304931640625,
                -40.621726989746094
              ],
              [
                176.30369567871094,
                -40.88088607788086
              ],
              [
                176.14505004882812,
                -40.88088607788086
              ],
              [
                176.15928649902344,
                -41.07533645629883
              ],
              [
                176.00047302246094,
                -41.07533645629883
              ],
              [
                176.01588439941406,
                -41.26985549926758
              ],
              [
                175.7562713623047,
                -41.334712982177734
              ],
              [
                175.7938995361328,
                -41.464447021484375
              ],
              [
                175.4340057373047,
                -41.594215393066406
              ],
              [
                175.4930419921875,
                -41.65911102294922
              ],
              [
                175.17440795898438,
                -41.65911102294922
              ],
              [
                174.9981689453125,
                -41.464447021484375
              ],
              [
                174.54205322265625,
                -41.399574279785156
              ],
              [
                174.4261016845703,
                -41.26985549926758
              ],
              [
                174.70803833007812,
                -41.140167236328125
              ],
              [
                174.6505584716797,
                -41.07533645629883
              ],
              [
                174.8093719482422,
                -41.07533645629883
              ],
              [
                174.841552734375,
                -40.75128936767578
              ],
              [
                175.00010681152344,
                -40.75128936767578
              ],
              [
                174.9663543701172,
                -40.621726989746094
              ],
              [
                175.11483764648438,
                -40.427433013916016
              ],
              [
                174.97210693359375,
                -40.168479919433594
              ],
              [
                175.0511474609375,
                -40.168479919433594
              ],
              [
                174.6745147705078,
                -39.909637451171875
              ],
              [
                173.7754364013672,
                -39.586238861083984
              ],
              [
                173.51263427734375,
                -39.26300048828125
              ],
              [
                173.59130859375,
                -39.26300048828125
              ],
              [
                173.5660858154297,
                -39.133750915527344
              ],
              [
                173.7233428955078,
                -39.133750915527344
              ],
              [
                173.671630859375,
                -39.06913757324219
              ],
              [
                174.354248046875,
                -38.93992233276367
              ],
              [
                174.33010864257812,
                -38.810733795166016
              ],
              [
                174.46351623535156,
                -38.68156814575195
              ],
              [
                174.36212158203125,
                -38.552425384521484
              ],
              [
                174.4684600830078,
                -38.48786163330078
              ],
              [
                174.36802673339844,
                -38.3587532043457
              ],
              [
                174.4463653564453,
                -38.3587532043457
              ],
              [
                174.48219299316406,
                -38.10060119628906
              ],
              [
                174.638671875,
                -38.10060119628906
              ],
              [
                174.52017211914062,
                -37.842533111572266
              ],
              [
                174.6571044921875,
                -37.71352767944336
              ],
              [
                174.46401977539062,
                -37.45557403564453
              ],
              [
                174.57211303710938,
                -37.3911018371582
              ],
              [
                174.00904846191406,
                -36.61772918701172
              ],
              [
                174.08677673339844,
                -36.61772918701172
              ],
              [
                173.9949493408203,
                -36.4888916015625
              ],
              [
                174.27389526367188,
                -36.55331039428711
              ],
              [
                174.13661193847656,
                -36.360069274902344
              ],
              [
                174.21424865722656,
                -36.360069274902344
              ],
              [
                174.01351928710938,
                -36.2956657409668
              ],
              [
                174.1045684814453,
                -36.42448043823242
              ],
              [
                173.87159729003906,
                -36.42448043823242
              ],
              [
                172.96127319335938,
                -35.32998275756836
              ],
              [
                172.87489318847656,
                -35.20127487182617
              ],
              [
                173.02064514160156,
                -35.07257843017578
              ],
              [
                172.56918334960938,
                -34.62221908569336
              ],
              [
                172.5207061767578,
                -34.42924118041992
              ],
              [
                172.8287811279297,
                -34.42924118041992
              ],
              [
                173.12399291992188,
                -34.879554748535156
              ],
              [
                173.31288146972656,
                -34.815216064453125
              ],
              [
                173.39817810058594,
                -34.94389343261719
              ],
              [
                174.1883087158203,
                -35.20127487182617
              ],
              [
                174.55128479003906,
                -35.84492492675781
              ],
              [
                174.47381591796875,
                -35.84492492675781
              ],
              [
                174.39634704589844,
                -35.84492492675781
              ],
              [
                174.31887817382812,
                -35.84492492675781
              ],
              [
                174.80348205566406,
                -36.42448043823242
              ],
              [
                174.6163787841797,
                -36.4888916015625
              ],
              [
                174.6923065185547,
                -36.81101608276367
              ],
              [
                175.0502471923828,
                -36.87545394897461
              ],
              [
                175.3167724609375,
                -37.133243560791016
              ]
            ]
          ],
          [
            [
              [
                137.94970562793577,
                -35.918500765730634
              ],
              [
                137.97964477539062,
                -35.973690032958984
              ],
              [
                137.90213012695312,
                -35.973690032958984
              ],
              [
                137.82461547851562,
                -35.973690032958984
              ],
              [
                137.7471160888672,
                -35.973690032958984
              ],
              [
                137.6696014404297,
                -35.973690032958984
              ],
              [
                137.59210205078125,
                -35.973690032958984
              ],
              [
                137.51458740234375,
                -35.973690032958984
              ],
              [
                137.94970562793577,
                -35.918500765730634
              ]
            ]
          ],
          [
            [
              [
                137.2642364501953,
                -35.651798248291016
              ],
              [
                137.34164428710938,
                -35.651798248291016
              ],
              [
                137.41905212402344,
                -35.651798248291016
              ],
              [
                137.49644470214844,
                -35.651798248291016
              ],
              [
                136.74685707939304,
                -35.697775607748696
              ],
              [
                136.722412109375,
                -35.651798248291016
              ],
              [
                136.79981994628906,
                -35.651798248291016
              ],
              [
                136.87722778320312,
                -35.651798248291016
              ],
              [
                136.95462036132812,
                -35.651798248291016
              ],
              [
                137.0320281982422,
                -35.651798248291016
              ],
              [
                137.10943603515625,
                -35.651798248291016
              ],
              [
                137.18682861328125,
                -35.651798248291016
              ],
              [
                137.2642364501953,
                -35.651798248291016
              ]
            ]
          ],
          [
            [
              [
                177.9911346435547,
                -18.93634033203125
              ],
              [
                178.2130126953125,
                -18.93634033203125
              ],
              [
                178.24917602539062,
                -19.06491470336914
              ],
              [
                177.9713592529297,
                -19.129201889038086
              ],
              [
                177.93521118164062,
                -19.000627517700195
              ],
              [
                178.00918579101562,
                -19.000627517700195
              ],
              [
                177.9911346435547,
                -18.93634033203125
              ]
            ]
          ],
          [
            [
              [
                178.4136505126953,
                -17.522014617919922
              ],
              [
                178.64535522460938,
                -18.100603103637695
              ],
              [
                178.1815643310547,
                -18.293466567993164
              ],
              [
                177.42507934570312,
                -18.22917938232422
              ],
              [
                177.35121154785156,
                -18.22917938232422
              ],
              [
                177.1858367919922,
                -18.164892196655273
              ],
              [
                177.13731384277344,
                -17.71487808227539
              ],
              [
                177.36343383789062,
                -17.457727432250977
              ],
              [
                177.8455047607422,
                -17.329151153564453
              ],
              [
                178.06678771972656,
                -17.329151153564453
              ],
              [
                178.4136505126953,
                -17.522014617919922
              ]
            ]
          ],
          [
            [
              [
                179.53408813476562,
                -16.171968460083008
              ],
              [
                179.82861328125,
                -16.171968460083008
              ],
              [
                179.86134338378906,
                -16.30054473876953
              ],
              [
                179.67335510253906,
                -16.429121017456055
              ],
              [
                179.83726501464844,
                -16.493408203125
              ],
              [
                179.83055114746094,
                -16.750560760498047
              ],
              [
                179.2010040283203,
                -16.879135131835938
              ],
              [
                179.09359741210938,
                -16.750560760498047
              ],
              [
                178.92306518554688,
                -16.943424224853516
              ],
              [
                178.775634765625,
                -16.943424224853516
              ],
              [
                178.79258728027344,
                -17.00771141052246
              ],
              [
                178.3901824951172,
                -16.879135131835938
              ],
              [
                178.33995056152344,
                -16.68627166748047
              ],
              [
                178.74879455566406,
                -16.557695388793945
              ],
              [
                178.7894287109375,
                -16.429121017456055
              ],
              [
                179.08407592773438,
                -16.429121017456055
              ],
              [
                179.53408813476562,
                -16.171968460083008
              ]
            ]
          ],
          [
            [
              [
                160.19464111328125,
                -11.543251991271973
              ],
              [
                160.46246337890625,
                -11.864689826965332
              ],
              [
                160.2427520751953,
                -11.864689826965332
              ],
              [
                160.22332763671875,
                -11.736114501953125
              ],
              [
                160.0672607421875,
                -11.67182731628418
              ],
              [
                160.12142944335938,
                -11.543251991271973
              ],
              [
                160.19464111328125,
                -11.543251991271973
              ]
            ]
          ],
          [
            [
              [
                153.40411376953125,
                -11.67182731628418
              ],
              [
                153.17532348632812,
                -11.607540130615234
              ],
              [
                153.05743408203125,
                -11.286102294921875
              ],
              [
                153.59652709960938,
                -11.478964805603027
              ],
              [
                153.623779296875,
                -11.67182731628418
              ],
              [
                153.47732543945312,
                -11.67182731628418
              ],
              [
                153.40411376953125,
                -11.67182731628418
              ]
            ]
          ],
          [
            [
              [
                136.64654541015625,
                -11.157526969909668
              ],
              [
                136.6542510986328,
                -11.22181510925293
              ],
              [
                136.66201782226562,
                -11.286102294921875
              ],
              [
                136.5888214111328,
                -11.286102294921875
              ],
              [
                136.64654541015625,
                -11.157526969909668
              ]
            ]
          ],
          [
            [
              [
                136.50530479383434,
                -11.200384240286311
              ],
              [
                136.5001678466797,
                -11.157526969909668
              ],
              [
                136.5733642578125,
                -11.157526969909668
              ],
              [
                136.64654541015625,
                -11.157526969909668
              ],
              [
                136.50530479383434,
                -11.200384240286311
              ]
            ]
          ],
          [
            [
              [
                165.84664916992188,
                -10.643227577209473
              ],
              [
                166.0660858154297,
                -10.643227577209473
              ],
              [
                166.084228515625,
                -10.771801948547363
              ],
              [
                165.66358947753906,
                -10.90037727355957
              ],
              [
                165.63619995117188,
                -10.707514762878418
              ],
              [
                165.77349853515625,
                -10.643227577209473
              ],
              [
                165.84664916992188,
                -10.643227577209473
              ]
            ]
          ],
          [
            [
              [
                152.46841430664062,
                -10.707514762878418
              ],
              [
                152.52511596679688,
                -10.578939437866211
              ],
              [
                152.67962646484375,
                -10.643227577209473
              ],
              [
                152.69619750976562,
                -10.771801948547363
              ],
              [
                152.62303161621094,
                -10.771801948547363
              ],
              [
                152.46841430664062,
                -10.707514762878418
              ]
            ]
          ],
          [
            [
              [
                150.834716796875,
                -10.514652252197266
              ],
              [
                150.9321746826172,
                -10.707514762878418
              ],
              [
                150.63955688476562,
                -10.707514762878418
              ],
              [
                150.69647216796875,
                -10.578939437866211
              ],
              [
                150.6884307861328,
                -10.514652252197266
              ],
              [
                150.834716796875,
                -10.514652252197266
              ]
            ]
          ],
          [
            [
              [
                162.2978973388672,
                -10.90037727355957
              ],
              [
                161.70359802246094,
                -10.836090087890625
              ],
              [
                161.4576416015625,
                -10.643227577209473
              ],
              [
                161.44891357421875,
                -10.578939437866211
              ],
              [
                161.12210083007812,
                -10.321789741516113
              ],
              [
                161.1053009033203,
                -10.193214416503906
              ],
              [
                161.3977813720703,
                -10.193214416503906
              ],
              [
                161.94361877441406,
                -10.45036506652832
              ],
              [
                162.1891326904297,
                -10.643227577209473
              ],
              [
                162.2978973388672,
                -10.90037727355957
              ]
            ]
          ],
          [
            [
              [
                149.9746856689453,
                -9.421764373779297
              ],
              [
                149.9534454345703,
                -9.228901863098145
              ],
              [
                150.16563415527344,
                -9.1646146774292
              ],
              [
                150.2598419189453,
                -9.357477188110352
              ],
              [
                150.7054443359375,
                -9.421764373779297
              ],
              [
                150.78573608398438,
                -9.486052513122559
              ],
              [
                150.7569580078125,
                -9.871777534484863
              ],
              [
                151.20314025878906,
                -9.936064720153809
              ],
              [
                151.22616577148438,
                -10.128927230834961
              ],
              [
                150.8683319091797,
                -10.193214416503906
              ],
              [
                150.77976989746094,
                -10.064640045166016
              ],
              [
                150.77210998535156,
                -10.000351905822754
              ],
              [
                150.61074829101562,
                -9.871777534484863
              ],
              [
                150.58840942382812,
                -9.678915023803711
              ],
              [
                150.369140625,
                -9.678915023803711
              ],
              [
                150.34725952148438,
                -9.486052513122559
              ],
              [
                150.13525390625,
                -9.550339698791504
              ],
              [
                149.9746856689453,
                -9.421764373779297
              ]
            ]
          ],
          [
            [
              [
                160.67478942871094,
                -9.678915023803711
              ],
              [
                160.70681762695312,
                -9.936064720153809
              ],
              [
                160.49563598632812,
                -10.000351905822754
              ],
              [
                160.2601318359375,
                -9.871777534484863
              ],
              [
                159.89462280273438,
                -9.871777534484863
              ],
              [
                159.82151794433594,
                -9.871777534484863
              ],
              [
                159.4244384765625,
                -9.61462688446045
              ],
              [
                159.45169067382812,
                -9.228901863098145
              ],
              [
                159.67088317871094,
                -9.228901863098145
              ],
              [
                159.83975219726562,
                -9.421764373779297
              ],
              [
                160.50514221191406,
                -9.486052513122559
              ],
              [
                160.67478942871094,
                -9.678915023803711
              ]
            ]
          ],
          [
            [
              [
                152.57659912109375,
                -9.1646146774292
              ],
              [
                152.5035400390625,
                -9.1646146774292
              ],
              [
                152.41639709472656,
                -9.036039352416992
              ],
              [
                152.47555541992188,
                -8.907464027404785
              ],
              [
                152.85472106933594,
                -9.036039352416992
              ],
              [
                152.81008911132812,
                -9.29318904876709
              ],
              [
                152.66395568847656,
                -9.29318904876709
              ],
              [
                152.57659912109375,
                -9.1646146774292
              ]
            ]
          ],
          [
            [
              [
                161.19015502929688,
                -9.100326538085938
              ],
              [
                161.22816467285156,
                -9.421764373779297
              ],
              [
                161.46298217773438,
                -9.550339698791504
              ],
              [
                161.49476623535156,
                -9.807489395141602
              ],
              [
                161.34056091308594,
                -9.743202209472656
              ],
              [
                161.2674560546875,
                -9.743202209472656
              ],
              [
                160.605712890625,
                -9.100326538085938
              ],
              [
                160.4401397705078,
                -8.264588356018066
              ],
              [
                160.8189239501953,
                -8.393163681030273
              ],
              [
                160.9271240234375,
                -8.714601516723633
              ],
              [
                160.86126708984375,
                -8.778888702392578
              ],
              [
                161.19015502929688,
                -9.100326538085938
              ]
            ]
          ],
          [
            [
              [
                157.1680145263672,
                -8.393163681030273
              ],
              [
                157.31405639648438,
                -8.393163681030273
              ],
              [
                157.26840209960938,
                -8.650314331054688
              ],
              [
                157.12234497070312,
                -8.650314331054688
              ],
              [
                157.1017608642578,
                -8.457450866699219
              ],
              [
                157.17478942871094,
                -8.457450866699219
              ],
              [
                157.1680145263672,
                -8.393163681030273
              ]
            ]
          ],
          [
            [
              [
                150.83502197265625,
                -8.586026191711426
              ],
              [
                150.8884735107422,
                -8.393163681030273
              ],
              [
                151.03451538085938,
                -8.393163681030273
              ],
              [
                151.05410766601562,
                -8.586026191711426
              ],
              [
                150.9810791015625,
                -8.586026191711426
              ],
              [
                150.83502197265625,
                -8.586026191711426
              ]
            ]
          ],
          [
            [
              [
                156.75701904296875,
                -7.943150520324707
              ],
              [
                156.81732177734375,
                -7.8145751953125
              ],
              [
                157.0363006591797,
                -7.8145751953125
              ],
              [
                157.13491821289062,
                -8.071725845336914
              ],
              [
                157.2679901123047,
                -7.943150520324707
              ],
              [
                157.49342346191406,
                -8.007437705993652
              ],
              [
                157.8388214111328,
                -8.52173900604248
              ],
              [
                157.98487854003906,
                -8.52173900604248
              ],
              [
                157.9468231201172,
                -8.84317684173584
              ],
              [
                157.8007354736328,
                -8.84317684173584
              ],
              [
                157.7135772705078,
                -8.714601516723633
              ],
              [
                157.70660400390625,
                -8.650314331054688
              ],
              [
                157.3938446044922,
                -8.457450866699219
              ],
              [
                157.38034057617188,
                -8.328875541687012
              ],
              [
                157.08828735351562,
                -8.328875541687012
              ],
              [
                157.0749969482422,
                -8.200301170349121
              ],
              [
                156.84942626953125,
                -8.13601303100586
              ],
              [
                156.75701904296875,
                -7.943150520324707
              ]
            ]
          ],
          [
            [
              [
                159.7100372314453,
                -8.264588356018066
              ],
              [
                159.7374725341797,
                -8.52173900604248
              ],
              [
                159.28553771972656,
                -8.393163681030273
              ],
              [
                159.2787322998047,
                -8.328875541687012
              ],
              [
                158.5819091796875,
                -7.943150520324707
              ],
              [
                158.32501220703125,
                -7.557425022125244
              ],
              [
                158.61691284179688,
                -7.557425022125244
              ],
              [
                158.86102294921875,
                -7.8145751953125
              ],
              [
                159.31185913085938,
                -7.943150520324707
              ],
              [
                159.7100372314453,
                -8.264588356018066
              ]
            ]
          ],
          [
            [
              [
                145.499755859375,
                -6.914548873901367
              ],
              [
                146.76266479492188,
                -8.007437705993652
              ],
              [
                148.09500122070312,
                -8.200301170349121
              ],
              [
                148.10122680664062,
                -8.264588356018066
              ],
              [
                148.1265411376953,
                -8.52173900604248
              ],
              [
                148.3585662841797,
                -8.650314331054688
              ],
              [
                148.4715576171875,
                -9.036039352416992
              ],
              [
                149.12222290039062,
                -8.971752166748047
              ],
              [
                149.20208740234375,
                -9.036039352416992
              ],
              [
                149.17800903320312,
                -9.486052513122559
              ],
              [
                149.92327880859375,
                -9.61462688446045
              ],
              [
                149.9453887939453,
                -9.807489395141602
              ],
              [
                149.72608947753906,
                -9.807489395141602
              ],
              [
                149.7485809326172,
                -10.000351905822754
              ],
              [
                150.4296112060547,
                -10.193214416503906
              ],
              [
                150.55825805664062,
                -10.643227577209473
              ],
              [
                149.90802001953125,
                -10.707514762878418
              ],
              [
                149.64862060546875,
                -10.386076927185059
              ],
              [
                147.5703125,
                -10.128927230834961
              ],
              [
                147.3285675048828,
                -9.936064720153809
              ],
              [
                147.29937744140625,
                -9.678915023803711
              ],
              [
                146.83950805664062,
                -9.486052513122559
              ],
              [
                146.73182678222656,
                -9.1646146774292
              ],
              [
                146.50587463378906,
                -9.100326538085938
              ],
              [
                146.13609313964844,
                -8.328875541687012
              ],
              [
                145.7406768798828,
                -8.007437705993652
              ],
              [
                144.8529510498047,
                -7.878862857818604
              ],
              [
                144.70115661621094,
                -7.8145751953125
              ],
              [
                144.68968200683594,
                -7.685999870300293
              ],
              [
                144.39208984375,
                -7.621712207794189
              ],
              [
                144.1902313232422,
                -7.8145751953125
              ],
              [
                143.82528686523438,
                -7.8145751953125
              ],
              [
                143.77561950683594,
                -8.071725845336914
              ],
              [
                143.48361206054688,
                -8.071725845336914
              ],
              [
                143.5015106201172,
                -8.264588356018066
              ],
              [
                142.92344665527344,
                -8.328875541687012
              ],
              [
                142.9356231689453,
                -8.457450866699219
              ],
              [
                143.37374877929688,
                -8.457450866699219
              ],
              [
                143.53221130371094,
                -8.586026191711426
              ],
              [
                143.55116271972656,
                -8.778888702392578
              ],
              [
                143.24635314941406,
                -8.650314331054688
              ],
              [
                143.34487915039062,
                -8.907464027404785
              ],
              [
                143.2848358154297,
                -9.036039352416992
              ],
              [
                142.99917602539062,
                -9.100326538085938
              ],
              [
                142.6604766845703,
                -9.357477188110352
              ],
              [
                142.13565063476562,
                -9.228901863098145
              ],
              [
                140.89356994628906,
                -9.228901863098145
              ],
              [
                140.8870391845703,
                -9.1646146774292
              ],
              [
                140.885009765625,
                -8.393163681030273
              ],
              [
                140.95802307128906,
                -8.393163681030273
              ],
              [
                140.8835906982422,
                -7.557425022125244
              ],
              [
                140.95655822753906,
                -7.557425022125244
              ],
              [
                140.90911865234375,
                -6.978836059570312
              ],
              [
                140.75314331054688,
                -6.850261211395264
              ],
              [
                140.7286376953125,
                -6.528822898864746
              ],
              [
                140.9285125732422,
                -6.271672248840332
              ],
              [
                140.91619873046875,
                -4.98591947555542
              ],
              [
                142.32501220703125,
                -5.371645450592041
              ],
              [
                143.07962036132812,
                -5.757371425628662
              ],
              [
                143.15252685546875,
                -5.757371425628662
              ],
              [
                143.38465881347656,
                -5.950234413146973
              ],
              [
                144.2828826904297,
                -6.271672248840332
              ],
              [
                144.67189025878906,
                -6.59311056137085
              ],
              [
                144.96864318847656,
                -6.657398223876953
              ],
              [
                144.9788055419922,
                -6.78597354888916
              ],
              [
                145.499755859375,
                -6.914548873901367
              ]
            ]
          ],
          [
            [
              [
                156.36692810058594,
                -7.685999870300293
              ],
              [
                156.35464477539062,
                -7.557425022125244
              ],
              [
                156.57357788085938,
                -7.557425022125244
              ],
              [
                156.6840362548828,
                -7.943150520324707
              ],
              [
                156.54444885253906,
                -8.007437705993652
              ],
              [
                156.37313842773438,
                -7.750287532806396
              ],
              [
                156.36692810058594,
                -7.685999870300293
              ]
            ]
          ],
          [
            [
              [
                155.58932495117188,
                -7.171699047088623
              ],
              [
                155.57215881347656,
                -6.978836059570312
              ],
              [
                155.7180633544922,
                -6.978836059570312
              ],
              [
                155.80242919921875,
                -7.10741138458252
              ],
              [
                155.80819702148438,
                -7.171699047088623
              ],
              [
                155.58932495117188,
                -7.171699047088623
              ]
            ]
          ],
          [
            [
              [
                157.3641357421875,
                -7.428849697113037
              ],
              [
                156.99928283691406,
                -7.428849697113037
              ],
              [
                156.9143524169922,
                -7.30027437210083
              ],
              [
                156.7684326171875,
                -7.30027437210083
              ],
              [
                156.6779022216797,
                -7.10741138458252
              ],
              [
                156.6049346923828,
                -7.10741138458252
              ],
              [
                156.36895751953125,
                -6.914548873901367
              ],
              [
                156.26840209960938,
                -6.59311056137085
              ],
              [
                156.78988647460938,
                -6.721685886383057
              ],
              [
                157.02548217773438,
                -6.914548873901367
              ],
              [
                157.0426788330078,
                -7.10741138458252
              ],
              [
                157.35214233398438,
                -7.30027437210083
              ],
              [
                157.3641357421875,
                -7.428849697113037
              ]
            ]
          ],
          [
            [
              [
                121.96505737304688,
                37.51277160644531
              ],
              [
                121.99740600585938,
                37.5772590637207
              ],
              [
                122.0754623413086,
                37.5772590637207
              ],
              [
                122.15351867675781,
                37.5772590637207
              ],
              [
                122.1211166381836,
                37.51277160644531
              ],
              [
                122.19915008544922,
                37.51277160644531
              ],
              [
                122.27717590332031,
                37.51277160644531
              ],
              [
                122.35520935058594,
                37.51277160644531
              ],
              [
                122.18048858642578,
                37.3193473815918
              ],
              [
                121.9146499633789,
                37.254878997802734
              ],
              [
                121.96505737304688,
                37.51277160644531
              ]
            ]
          ]
        ]
      }
    }
  ]
}
