{
  "type": "FeatureCollection",
  "features": [
    {
      "type": "Feature",
      "properties": {
        "Name": "British Colonial Empire",
        "FromYear": 1848,
        "ToYear": 1852,
        "Area": 1311397.6664997786,
        "Type": "POLITY",
        "Wikipedia": "British Empire",
        "Wikidata": "Q8680",
        "SeshatID": "gb_british_emp_1",
        "Components": "",
        "MemberOf": "(British Empire)",
        "displayYear": 1851,
        "sourceYear": 1851,
        "mappedTerritoryId": "cliopatria_british_colonial_empire"
      },
      "geometry": {
        "type": "MultiPolygon",
        "coordinates": [
          [
            [
              [
                -120.80513763427734,
                49.38258361816406
              ],
              [
                -121.07945251464844,
                49.316287994384766
              ],
              [
                -121.40290069580078,
                49.58156967163086
              ],
              [
                -121.21247863769531,
                49.64793395996094
              ],
              [
                -121.12883758544922,
                49.64793395996094
              ],
              [
                -120.80513763427734,
                49.38258361816406
              ]
            ]
          ],
          [
            [
              [
                -123.29431915283203,
                48.72037124633789
              ],
              [
                -123.5436782836914,
                48.72037124633789
              ],
              [
                -123.25028991699219,
                48.38986587524414
              ],
              [
                -123.8553695678711,
                48.323814392089844
              ],
              [
                -124.98011779785156,
                48.654239654541016
              ],
              [
                -125.24299621582031,
                48.852684020996094
              ],
              [
                -125.13685607910156,
                48.91886520385742
              ],
              [
                -125.19729614257812,
                48.98506164550781
              ],
              [
                -125.69689178466797,
                48.98506164550781
              ],
              [
                -125.96345520019531,
                49.18375015258789
              ],
              [
                -125.71331787109375,
                49.18375015258789
              ],
              [
                -125.98161315917969,
                49.38258361816406
              ],
              [
                -126.56605529785156,
                49.38258361816406
              ],
              [
                -126.67005157470703,
                49.58156967163086
              ],
              [
                -126.83726501464844,
                49.58156967163086
              ],
              [
                -127.36687469482422,
                50.04647445678711
              ],
              [
                -127.85108184814453,
                50.11296081542969
              ],
              [
                -128.09457397460938,
                50.445655822753906
              ],
              [
                -128.5292205810547,
                50.71213912963867
              ],
              [
                -128.41073608398438,
                50.84549331665039
              ],
              [
                -128.47825622558594,
                50.912200927734375
              ],
              [
                -127.88746643066406,
                50.912200927734375
              ],
              [
                -126.88003540039062,
                50.578861236572266
              ],
              [
                -125.57112884521484,
                50.445655822753906
              ],
              [
                -125.24968719482422,
                50.11296081542969
              ],
              [
                -125.18608093261719,
                50.04647445678711
              ],
              [
                -125.26995849609375,
                50.04647445678711
              ],
              [
                -124.62366485595703,
                49.44889450073242
              ],
              [
                -124.2282943725586,
                49.38258361816406
              ],
              [
                -123.69849395751953,
                48.98506164550781
              ],
              [
                -123.5319595336914,
                48.98506164550781
              ],
              [
                -123.29431915283203,
                48.72037124633789
              ]
            ]
          ],
          [
            [
              [
                -96.91962432861328,
                50.04647445678711
              ],
              [
                -97.20478820800781,
                49.98000717163086
              ],
              [
                -97.49121856689453,
                50.2459831237793
              ],
              [
                -97.29021453857422,
                50.312522888183594
              ],
              [
                -97.2061767578125,
                50.312522888183594
              ],
              [
                -96.91962432861328,
                50.04647445678711
              ]
            ]
          ],
          [
            [
              [
                -98.0608901977539,
                50.11296081542969
              ],
              [
                -98.34552764892578,
                50.04647445678711
              ],
              [
                -98.63477325439453,
                50.312522888183594
              ],
              [
                -98.43434143066406,
                50.37908172607422
              ],
              [
                -98.35026550292969,
                50.37908172607422
              ],
              [
                -98.0608901977539,
                50.11296081542969
              ]
            ]
          ],
          [
            [
              [
                -120.2538833618164,
                50.2459831237793
              ],
              [
                -120.52806091308594,
                50.17946243286133
              ],
              [
                -120.86071014404297,
                50.445655822753906
              ],
              [
                -120.67096710205078,
                50.51224899291992
              ],
              [
                -120.58680725097656,
                50.51224899291992
              ],
              [
                -120.2538833618164,
                50.2459831237793
              ]
            ]
          ],
          [
            [
              [
                -101.4226303100586,
                50.64549255371094
              ],
              [
                -101.00144958496094,
                50.64549255371094
              ],
              [
                -100.70436096191406,
                50.37908172607422
              ],
              [
                -100.98774719238281,
                50.312522888183594
              ],
              [
                -101.04065704345703,
                50.37908172607422
              ],
              [
                -101.4226303100586,
                50.64549255371094
              ]
            ]
          ],
          [
            [
              [
                -101.53728485107422,
                50.578861236572266
              ],
              [
                -101.82027435302734,
                50.51224899291992
              ],
              [
                -102.1208724975586,
                50.77880859375
              ],
              [
                -101.92237854003906,
                50.84549331665039
              ],
              [
                -101.83802032470703,
                50.84549331665039
              ],
              [
                -101.53728485107422,
                50.578861236572266
              ]
            ]
          ],
          [
            [
              [
                -101.91143798828125,
                51.64724349975586
              ],
              [
                -102.22367858886719,
                51.91512680053711
              ],
              [
                -102.0257568359375,
                51.98215103149414
              ],
              [
                -101.94068145751953,
                51.98215103149414
              ],
              [
                -101.62835693359375,
                51.71418380737305
              ],
              [
                -101.91143798828125,
                51.64724349975586
              ]
            ]
          ],
          [
            [
              [
                -127.91797637939453,
                51.84812545776367
              ],
              [
                -128.1877899169922,
                51.78114318847656
              ],
              [
                -128.5130615234375,
                52.250450134277344
              ],
              [
                -128.08682250976562,
                52.250450134277344
              ],
              [
                -127.80337524414062,
                51.98215103149414
              ],
              [
                -127.8884506225586,
                51.98215103149414
              ],
              [
                -127.8329849243164,
                51.84812545776367
              ],
              [
                -127.91797637939453,
                51.84812545776367
              ]
            ]
          ],
          [
            [
              [
                -105.3176040649414,
                52.0491943359375
              ],
              [
                -105.59889221191406,
                51.98215103149414
              ],
              [
                -105.92200469970703,
                52.250450134277344
              ],
              [
                -105.72611236572266,
                52.31757736206055
              ],
              [
                -105.64081573486328,
                52.31757736206055
              ],
              [
                -105.3176040649414,
                52.0491943359375
              ]
            ]
          ],
          [
            [
              [
                -114.21378326416016,
                52.4518928527832
              ],
              [
                -114.49057006835938,
                52.38472366333008
              ],
              [
                -114.83628845214844,
                52.653533935546875
              ],
              [
                -114.64521026611328,
                52.720787048339844
              ],
              [
                -114.55964660644531,
                52.720787048339844
              ],
              [
                -114.21378326416016,
                52.4518928527832
              ]
            ]
          ],
          [
            [
              [
                -122.5865707397461,
                52.78806686401367
              ],
              [
                -122.85900115966797,
                52.720787048339844
              ],
              [
                -123.22599792480469,
                52.99003219604492
              ],
              [
                -123.03953552246094,
                53.057395935058594
              ],
              [
                -122.95375061035156,
                53.057395935058594
              ],
              [
                -122.5865707397461,
                52.78806686401367
              ]
            ]
          ],
          [
            [
              [
                -100.93329620361328,
                52.99003219604492
              ],
              [
                -101.21720886230469,
                52.92268753051758
              ],
              [
                -101.5403823852539,
                53.192195892333984
              ],
              [
                -101.3424301147461,
                53.25962829589844
              ],
              [
                -101.25650787353516,
                53.25962829589844
              ],
              [
                -100.93329620361328,
                52.99003219604492
              ]
            ]
          ],
          [
            [
              [
                -114.9669418334961,
                53.39456558227539
              ],
              [
                -115.24352264404297,
                53.32708740234375
              ],
              [
                -115.60083770751953,
                53.597137451171875
              ],
              [
                -115.41056823730469,
                53.664710998535156
              ],
              [
                -115.3243637084961,
                53.664710998535156
              ],
              [
                -114.9669418334961,
                53.39456558227539
              ]
            ]
          ],
          [
            [
              [
                -125.31147003173828,
                53.732303619384766
              ],
              [
                -125.58252716064453,
                53.664710998535156
              ],
              [
                -125.96598815917969,
                53.93522644042969
              ],
              [
                -125.78152465820312,
                54.00291442871094
              ],
              [
                -125.69508361816406,
                54.00291442871094
              ],
              [
                -125.31147003173828,
                53.732303619384766
              ]
            ]
          ],
          [
            [
              [
                -109.33417510986328,
                53.799922943115234
              ],
              [
                -109.572265625,
                53.86756134033203
              ],
              [
                -109.61738586425781,
                54.00291442871094
              ],
              [
                -109.2716293334961,
                54.00291442871094
              ],
              [
                -108.92396545410156,
                53.732303619384766
              ],
              [
                -109.26896667480469,
                53.732303619384766
              ],
              [
                -109.33417510986328,
                53.799922943115234
              ]
            ]
          ],
          [
            [
              [
                -97.79771423339844,
                53.732303619384766
              ],
              [
                -98.1209716796875,
                54.00291442871094
              ],
              [
                -97.92118835449219,
                54.07062530517578
              ],
              [
                -97.83470153808594,
                54.07062530517578
              ],
              [
                -97.511474609375,
                53.799922943115234
              ],
              [
                -97.79771423339844,
                53.732303619384766
              ]
            ]
          ],
          [
            [
              [
                -124.6578140258789,
                54.00291442871094
              ],
              [
                -125.04297637939453,
                54.27390670776367
              ],
              [
                -124.858154296875,
                54.341712951660156
              ],
              [
                -124.77147674560547,
                54.341712951660156
              ],
              [
                -124.38617706298828,
                54.07062530517578
              ],
              [
                -124.6578140258789,
                54.00291442871094
              ]
            ]
          ],
          [
            [
              [
                -116.33135986328125,
                54.47740173339844
              ],
              [
                -116.60762023925781,
                54.4095458984375
              ],
              [
                -116.97911834716797,
                54.681121826171875
              ],
              [
                -116.7898941040039,
                54.74907684326172
              ],
              [
                -116.70292663574219,
                54.74907684326172
              ],
              [
                -116.33135986328125,
                54.47740173339844
              ]
            ]
          ],
          [
            [
              [
                -126.75376892089844,
                55.021148681640625
              ],
              [
                -127.02439880371094,
                54.95309066772461
              ],
              [
                -127.4251708984375,
                55.225467681884766
              ],
              [
                -127.24201965332031,
                55.29362487792969
              ],
              [
                -127.15465545654297,
                55.29362487792969
              ],
              [
                -126.75376892089844,
                55.021148681640625
              ]
            ]
          ],
          [
            [
              [
                -130.19284057617188,
                55.498252868652344
              ],
              [
                -130.10531616210938,
                55.498252868652344
              ],
              [
                -130.01779174804688,
                55.498252868652344
              ],
              [
                -129.68133544921875,
                55.36180877685547
              ],
              [
                -129.7687530517578,
                55.36180877685547
              ],
              [
                -129.52813720703125,
                55.15733337402344
              ],
              [
                -129.6154022216797,
                55.15733337402344
              ],
              [
                -129.53558349609375,
                55.089229583740234
              ],
              [
                -129.46372985839844,
                54.95309066772461
              ],
              [
                -129.89183044433594,
                55.021148681640625
              ],
              [
                -129.9716796875,
                55.089229583740234
              ],
              [
                -129.88446044921875,
                55.089229583740234
              ],
              [
                -130.03781127929688,
                55.29362487792969
              ],
              [
                -129.950439453125,
                55.29362487792969
              ],
              [
                -130.19284057617188,
                55.498252868652344
              ]
            ]
          ],
          [
            [
              [
                -122.45941925048828,
                55.15733337402344
              ],
              [
                -122.7325668334961,
                55.089229583740234
              ],
              [
                -123.12495422363281,
                55.36180877685547
              ],
              [
                -122.93936157226562,
                55.430015563964844
              ],
              [
                -122.85189819335938,
                55.430015563964844
              ],
              [
                -122.45941925048828,
                55.15733337402344
              ]
            ]
          ],
          [
            [
              [
                -107.12737274169922,
                55.36180877685547
              ],
              [
                -107.40943908691406,
                55.29362487792969
              ],
              [
                -107.7685546875,
                55.56651306152344
              ],
              [
                -107.5740966796875,
                55.63479995727539
              ],
              [
                -107.4864730834961,
                55.63479995727539
              ],
              [
                -107.12737274169922,
                55.36180877685547
              ]
            ]
          ],
          [
            [
              [
                -99.7601089477539,
                55.430015563964844
              ],
              [
                -100.04647064208984,
                55.36180877685547
              ],
              [
                -100.38917541503906,
                55.63479995727539
              ],
              [
                -100.19041442871094,
                55.70311737060547
              ],
              [
                -100.10274505615234,
                55.70311737060547
              ],
              [
                -99.7601089477539,
                55.430015563964844
              ]
            ]
          ],
          [
            [
              [
                -110.9036865234375,
                55.63479995727539
              ],
              [
                -111.18378448486328,
                55.56651306152344
              ],
              [
                -111.55426788330078,
                55.83982467651367
              ],
              [
                -111.36199951171875,
                55.90821838378906
              ],
              [
                -111.27417755126953,
                55.90821838378906
              ],
              [
                -110.9036865234375,
                55.63479995727539
              ]
            ]
          ],
          [
            [
              [
                -127.07539367675781,
                55.97663879394531
              ],
              [
                -127.48738861083984,
                56.25059127807617
              ],
              [
                -127.3045654296875,
                56.319149017333984
              ],
              [
                -127.2164306640625,
                56.319149017333984
              ],
              [
                -126.80432891845703,
                56.04508590698242
              ],
              [
                -127.07539367675781,
                55.97663879394531
              ]
            ]
          ],
          [
            [
              [
                -123.67561340332031,
                58.180992126464844
              ],
              [
                -124.1035385131836,
                58.45867156982422
              ],
              [
                -123.91903686523438,
                58.528167724609375
              ],
              [
                -123.82915496826172,
                58.528167724609375
              ],
              [
                -123.40115356445312,
                58.2503662109375
              ],
              [
                -123.67561340332031,
                58.180992126464844
              ]
            ]
          ],
          [
            [
              [
                -116.38792419433594,
                58.38920593261719
              ],
              [
                -116.66690826416016,
                58.31977081298828
              ],
              [
                -117.07858276367188,
                58.59769821166992
              ],
              [
                -116.88961791992188,
                58.66725540161133
              ],
              [
                -116.79961395263672,
                58.66725540161133
              ],
              [
                -116.38792419433594,
                58.38920593261719
              ]
            ]
          ],
          [
            [
              [
                -110.38339233398438,
                58.80647277832031
              ],
              [
                -110.66658782958984,
                58.73685073852539
              ],
              [
                -111.0672378540039,
                59.015533447265625
              ],
              [
                -110.87437438964844,
                59.08528518676758
              ],
              [
                -110.78402709960938,
                59.08528518676758
              ],
              [
                -110.38339233398438,
                58.80647277832031
              ]
            ]
          ],
          [
            [
              [
                -126.76506042480469,
                59.574459075927734
              ],
              [
                -127.03831481933594,
                59.504478454589844
              ],
              [
                -127.4898910522461,
                59.78459548950195
              ],
              [
                -127.30772399902344,
                59.85470962524414
              ],
              [
                -127.21672058105469,
                59.85470962524414
              ],
              [
                -126.76506042480469,
                59.574459075927734
              ]
            ]
          ],
          [
            [
              [
                -121.78705596923828,
                62.18848419189453
              ],
              [
                -122.06594848632812,
                62.117156982421875
              ],
              [
                -122.53449249267578,
                62.4027214050293
              ],
              [
                -122.3489990234375,
                62.474212646484375
              ],
              [
                -122.25565338134766,
                62.474212646484375
              ],
              [
                -121.78705596923828,
                62.18848419189453
              ]
            ]
          ],
          [
            [
              [
                -108.46760559082031,
                62.259857177734375
              ],
              [
                -108.7560043334961,
                62.18848419189453
              ],
              [
                -109.18748474121094,
                62.474212646484375
              ],
              [
                -108.99244689941406,
                62.54574966430664
              ],
              [
                -108.89903259277344,
                62.54574966430664
              ],
              [
                -108.46760559082031,
                62.259857177734375
              ]
            ]
          ],
          [
            [
              [
                -109.17926788330078,
                62.54574966430664
              ],
              [
                -109.2646255493164,
                62.61732482910156
              ],
              [
                -109.17115020751953,
                62.61732482910156
              ],
              [
                -109.08585357666016,
                62.54574966430664
              ],
              [
                -109.17926788330078,
                62.54574966430664
              ]
            ]
          ],
          [
            [
              [
                -116.63532257080078,
                63.047672271728516
              ],
              [
                -116.91880798339844,
                62.9758415222168
              ],
              [
                -117.38264465332031,
                63.263427734375
              ],
              [
                -117.19332885742188,
                63.33543014526367
              ],
              [
                -117.09917449951172,
                63.33543014526367
              ],
              [
                -116.63532257080078,
                63.047672271728516
              ]
            ]
          ],
          [
            [
              [
                -138.12506103515625,
                63.479576110839844
              ],
              [
                -137.5980682373047,
                63.191463470458984
              ],
              [
                -137.866455078125,
                63.11954879760742
              ],
              [
                -138.3932647705078,
                63.4074821472168
              ],
              [
                -138.20481872558594,
                63.4074821472168
              ],
              [
                -138.31365966796875,
                63.479576110839844
              ],
              [
                -138.2193603515625,
                63.479576110839844
              ],
              [
                -138.12506103515625,
                63.479576110839844
              ]
            ]
          ],
          [
            [
              [
                -124.1214370727539,
                65.22367095947266
              ],
              [
                -123.8408432006836,
                65.29694366455078
              ],
              [
                -123.33292388916016,
                65.004150390625
              ],
              [
                -123.61358642578125,
                64.93107604980469
              ],
              [
                -123.71610260009766,
                65.004150390625
              ],
              [
                -123.81890869140625,
                65.07727813720703
              ],
              [
                -124.1214370727539,
                65.22367095947266
              ]
            ]
          ],
          [
            [
              [
                -144.82371520996094,
                67.29503631591797
              ],
              [
                -145.43618774414062,
                67.5944595336914
              ],
              [
                -145.23915100097656,
                67.5944595336914
              ],
              [
                -145.36863708496094,
                67.66946411132812
              ],
              [
                -144.55848693847656,
                67.36980438232422
              ],
              [
                -144.82371520996094,
                67.29503631591797
              ]
            ]
          ],
          [
            [
              [
                -60.99871063232422,
                10.057377815246582
              ],
              [
                -61.72983932495117,
                10.057377815246582
              ],
              [
                -61.666908264160156,
                10.250240325927734
              ],
              [
                -61.45097732543945,
                10.314528465270996
              ],
              [
                -61.45794677734375,
                10.443102836608887
              ],
              [
                -61.46147537231445,
                10.507390975952148
              ],
              [
                -61.61492156982422,
                10.635965347290039
              ],
              [
                -61.552730560302734,
                10.828827857971191
              ],
              [
                -60.89426803588867,
                10.828827857971191
              ],
              [
                -61.026161193847656,
                10.571678161621094
              ],
              [
                -60.9390754699707,
                10.314528465270996
              ],
              [
                -60.99871063232422,
                10.057377815246582
              ]
            ]
          ],
          [
            [
              [
                -61.56843185424805,
                12.24315357208252
              ],
              [
                -61.551116943359375,
                11.986002922058105
              ],
              [
                -61.775146484375,
                12.050291061401367
              ],
              [
                -61.7105712890625,
                12.178865432739258
              ],
              [
                -61.714962005615234,
                12.24315357208252
              ],
              [
                -61.56843185424805,
                12.24315357208252
              ]
            ]
          ],
          [
            [
              [
                -61.281307220458984,
                13.336042404174805
              ],
              [
                -61.066200256347656,
                13.40032958984375
              ],
              [
                -61.046592712402344,
                13.143178939819336
              ],
              [
                -61.18844223022461,
                13.07889175415039
              ],
              [
                -61.193267822265625,
                13.143178939819336
              ],
              [
                -61.281307220458984,
                13.336042404174805
              ]
            ]
          ],
          [
            [
              [
                -83.603515625,
                12.050291061401367
              ],
              [
                -83.73289489746094,
                11.857428550720215
              ],
              [
                -83.58641815185547,
                11.857428550720215
              ],
              [
                -83.5697021484375,
                11.664566040039062
              ],
              [
                -83.7729721069336,
                11.47170352935791
              ],
              [
                -83.81965637207031,
                11.15026569366455
              ],
              [
                -83.74128723144531,
                11.085978507995605
              ],
              [
                -83.73614501953125,
                11.021690368652344
              ],
              [
                -84.02884674072266,
                11.021690368652344
              ],
              [
                -83.96601867675781,
                11.15026569366455
              ],
              [
                -84.12291717529297,
                11.278841018676758
              ],
              [
                -84.13900756835938,
                11.47170352935791
              ],
              [
                -84.06580352783203,
                11.47170352935791
              ],
              [
                -83.97529602050781,
                12.886029243469238
              ],
              [
                -83.8478775024414,
                13.07889175415039
              ],
              [
                -83.907958984375,
                13.657480239868164
              ],
              [
                -83.61197662353516,
                14.300357818603516
              ],
              [
                -83.63419342041016,
                14.493220329284668
              ],
              [
                -83.89266967773438,
                14.81466007232666
              ],
              [
                -84.31580352783203,
                15.26467514038086
              ],
              [
                -84.28348541259766,
                15.586114883422852
              ],
              [
                -84.04618835449219,
                15.457538604736328
              ],
              [
                -84.0379638671875,
                15.393251419067383
              ],
              [
                -83.367919921875,
                15.328963279724121
              ],
              [
                -83.11539459228516,
                15.07181167602539
              ],
              [
                -83.09198760986328,
                14.878947257995605
              ],
              [
                -83.30475616455078,
                14.81466007232666
              ],
              [
                -83.09062957763672,
                14.236069679260254
              ],
              [
                -83.1640625,
                14.236069679260254
              ],
              [
                -83.20886993408203,
                13.97891902923584
              ],
              [
                -83.4676742553711,
                13.657480239868164
              ],
              [
                -83.39510345458984,
                12.950316429138184
              ],
              [
                -83.51050567626953,
                12.628878593444824
              ],
              [
                -83.65097045898438,
                12.564591407775879
              ],
              [
                -83.603515625,
                12.050291061401367
              ]
            ]
          ],
          [
            [
              [
                -61.47107696533203,
                15.52182674407959
              ],
              [
                -61.48359680175781,
                15.650403022766113
              ],
              [
                -61.26287078857422,
                15.650403022766113
              ],
              [
                -61.14630889892578,
                15.200387001037598
              ],
              [
                -61.36689376831055,
                15.200387001037598
              ],
              [
                -61.464874267578125,
                15.457538604736328
              ],
              [
                -61.47107696533203,
                15.52182674407959
              ]
            ]
          ],
          [
            [
              [
                -61.64407730102539,
                17.193313598632812
              ],
              [
                -61.616119384765625,
                16.9361629486084
              ],
              [
                -61.763553619384766,
                16.9361629486084
              ],
              [
                -61.85826873779297,
                17.129026412963867
              ],
              [
                -61.86532211303711,
                17.193313598632812
              ],
              [
                -61.64407730102539,
                17.193313598632812
              ]
            ]
          ],
          [
            [
              [
                -89.05091857910156,
                17.964767456054688
              ],
              [
                -88.75556182861328,
                17.964767456054688
              ],
              [
                -88.3945083618164,
                18.479066848754883
              ],
              [
                -88.2467041015625,
                18.479066848754883
              ],
              [
                -88.23637390136719,
                18.414779663085938
              ],
              [
                -88.07830810546875,
                18.350492477416992
              ],
              [
                -88.02729034423828,
                18.029054641723633
              ],
              [
                -88.18842315673828,
                17.643327713012695
              ],
              [
                -88.13533020019531,
                16.807586669921875
              ],
              [
                -88.20903015136719,
                16.807586669921875
              ],
              [
                -88.23552703857422,
                16.486146926879883
              ],
              [
                -88.30919647216797,
                16.486146926879883
              ],
              [
                -88.82465362548828,
                15.971842765808105
              ],
              [
                -88.81562042236328,
                15.907554626464844
              ],
              [
                -89.11003112792969,
                15.907554626464844
              ],
              [
                -89.10779571533203,
                17.38617706298828
              ],
              [
                -89.03401947021484,
                17.38617706298828
              ],
              [
                -89.16804504394531,
                17.77190399169922
              ],
              [
                -89.05091857910156,
                17.964767456054688
              ]
            ]
          ],
          [
            [
              [
                -64.57978820800781,
                17.707616806030273
              ],
              [
                -64.8674545288086,
                17.643327713012695
              ],
              [
                -64.88261413574219,
                17.77190399169922
              ],
              [
                -64.89022827148438,
                17.836191177368164
              ],
              [
                -64.66875457763672,
                17.836191177368164
              ],
              [
                -64.57978820800781,
                17.707616806030273
              ]
            ]
          ],
          [
            [
              [
                -77.73553466796875,
                17.836191177368164
              ],
              [
                -78.07617950439453,
                18.157629013061523
              ],
              [
                -78.29776763916016,
                18.157629013061523
              ],
              [
                -78.3900146484375,
                18.286205291748047
              ],
              [
                -78.05752563476562,
                18.543354034423828
              ],
              [
                -77.01364135742188,
                18.479066848754883
              ],
              [
                -76.22962188720703,
                18.157629013061523
              ],
              [
                -76.12023162841797,
                17.90047836303711
              ],
              [
                -76.48053741455078,
                17.836191177368164
              ],
              [
                -76.55435943603516,
                17.836191177368164
              ],
              [
                -76.8585433959961,
                17.90047836303711
              ],
              [
                -77.07112121582031,
                17.836191177368164
              ],
              [
                -77.05337524414062,
                17.707616806030273
              ],
              [
                -77.2748031616211,
                17.707616806030273
              ],
              [
                -77.36641693115234,
                17.836191177368164
              ],
              [
                -77.73553466796875,
                17.836191177368164
              ]
            ]
          ],
          [
            [
              [
                -73.01407623291016,
                21.050535202026367
              ],
              [
                -73.0047378540039,
                20.986249923706055
              ],
              [
                -73.66329956054688,
                20.921964645385742
              ],
              [
                -73.6915512084961,
                21.114822387695312
              ],
              [
                -73.48774719238281,
                21.24339485168457
              ],
              [
                -72.9679946899414,
                21.24339485168457
              ],
              [
                -72.93984985351562,
                21.050535202026367
              ],
              [
                -73.01407623291016,
                21.050535202026367
              ]
            ]
          ],
          [
            [
              [
                -72.2171630859375,
                21.693397521972656
              ],
              [
                -72.32018280029297,
                21.88625717163086
              ],
              [
                -72.09717559814453,
                21.88625717163086
              ],
              [
                -72.07805633544922,
                21.7576847076416
              ],
              [
                -72.15237426757812,
                21.7576847076416
              ],
              [
                -72.2171630859375,
                21.693397521972656
              ]
            ]
          ],
          [
            [
              [
                -72.92898559570312,
                22.46483612060547
              ],
              [
                -72.6858901977539,
                22.33626365661621
              ],
              [
                -72.67601776123047,
                22.271976470947266
              ],
              [
                -72.82479095458984,
                22.271976470947266
              ],
              [
                -72.92898559570312,
                22.46483612060547
              ]
            ]
          ],
          [
            [
              [
                -73.6731185913086,
                22.46483612060547
              ],
              [
                -73.80182647705078,
                22.33626365661621
              ],
              [
                -73.876220703125,
                22.33626365661621
              ],
              [
                -74.15374755859375,
                22.20768928527832
              ],
              [
                -74.04518127441406,
                22.46483612060547
              ],
              [
                -73.89635467529297,
                22.46483612060547
              ],
              [
                -73.93710327148438,
                22.72198486328125
              ],
              [
                -73.70353698730469,
                22.657697677612305
              ],
              [
                -73.6731185913086,
                22.46483612060547
              ]
            ]
          ],
          [
            [
              [
                -74.71284484863281,
                22.914846420288086
              ],
              [
                -74.86180114746094,
                22.914846420288086
              ],
              [
                -74.87232208251953,
                22.97913360595703
              ],
              [
                -75.11701965332031,
                23.107707977294922
              ],
              [
                -75.17095184326172,
                23.429147720336914
              ],
              [
                -75.0218505859375,
                23.429147720336914
              ],
              [
                -74.97868347167969,
                23.171995162963867
              ],
              [
                -74.7445068359375,
                23.107707977294922
              ],
              [
                -74.71284484863281,
                22.914846420288086
              ]
            ]
          ],
          [
            [
              [
                -77.47551727294922,
                23.814878463745117
              ],
              [
                -77.76241302490234,
                23.75058937072754
              ],
              [
                -77.91895294189453,
                24.200613021850586
              ],
              [
                -77.85621643066406,
                24.264904022216797
              ],
              [
                -77.48284149169922,
                24.264904022216797
              ],
              [
                -77.40090942382812,
                23.814878463745117
              ],
              [
                -77.47551727294922,
                23.814878463745117
              ]
            ]
          ],
          [
            [
              [
                -74.547607421875,
                24.136323928833008
              ],
              [
                -74.32363891601562,
                24.136323928833008
              ],
              [
                -74.3010025024414,
                24.00774574279785
              ],
              [
                -74.3756332397461,
                24.00774574279785
              ],
              [
                -74.51364135742188,
                23.943456649780273
              ],
              [
                -74.547607421875,
                24.136323928833008
              ]
            ]
          ],
          [
            [
              [
                -75.56473541259766,
                24.393482208251953
              ],
              [
                -75.58840942382812,
                24.522062301635742
              ],
              [
                -75.35242462158203,
                24.457773208618164
              ],
              [
                -75.24260711669922,
                24.264904022216797
              ],
              [
                -75.28267669677734,
                24.07203483581543
              ],
              [
                -75.43196105957031,
                24.07203483581543
              ],
              [
                -75.49004364013672,
                24.393482208251953
              ],
              [
                -75.56473541259766,
                24.393482208251953
              ]
            ]
          ],
          [
            [
              [
                -78.11650085449219,
                24.457773208618164
              ],
              [
                -78.35286712646484,
                24.522062301635742
              ],
              [
                -78.3899917602539,
                24.714935302734375
              ],
              [
                -78.2405014038086,
                24.714935302734375
              ],
              [
                -78.19078063964844,
                24.843517303466797
              ],
              [
                -78.20339965820312,
                24.907808303833008
              ],
              [
                -78.19271087646484,
                25.229267120361328
              ],
              [
                -77.8804702758789,
                25.164974212646484
              ],
              [
                -77.617919921875,
                24.586353302001953
              ],
              [
                -77.79352569580078,
                24.329193115234375
              ],
              [
                -78.09226989746094,
                24.329193115234375
              ],
              [
                -78.11650085449219,
                24.457773208618164
              ]
            ]
          ],
          [
            [
              [
                -76.23458099365234,
                24.779226303100586
              ],
              [
                -76.25920104980469,
                24.907808303833008
              ],
              [
                -76.04724884033203,
                24.97209930419922
              ],
              [
                -76.09732055664062,
                24.843517303466797
              ],
              [
                -76.08506774902344,
                24.779226303100586
              ],
              [
                -76.23458099365234,
                24.779226303100586
              ]
            ]
          ],
          [
            [
              [
                -76.5980224609375,
                25.48643684387207
              ],
              [
                -76.3475341796875,
                25.357851028442383
              ],
              [
                -76.33470916748047,
                25.29355812072754
              ],
              [
                -76.48439025878906,
                25.29355812072754
              ],
              [
                -76.5980224609375,
                25.48643684387207
              ]
            ]
          ],
          [
            [
              [
                -77.10681915283203,
                26.129364013671875
              ],
              [
                -77.06575012207031,
                25.936485290527344
              ],
              [
                -77.29061126708984,
                25.936485290527344
              ],
              [
                -77.331787109375,
                26.129364013671875
              ],
              [
                -77.17668914794922,
                26.450830459594727
              ],
              [
                -77.19087219238281,
                26.515121459960938
              ],
              [
                -77.63847351074219,
                26.836584091186523
              ],
              [
                -77.66790008544922,
                26.96516990661621
              ],
              [
                -77.35261535644531,
                26.900876998901367
              ],
              [
                -76.9656982421875,
                26.515121459960938
              ],
              [
                -76.93746948242188,
                26.386537551879883
              ],
              [
                -77.10681915283203,
                26.129364013671875
              ]
            ]
          ],
          [
            [
              [
                -77.98481750488281,
                26.70800018310547
              ],
              [
                -77.97029113769531,
                26.643707275390625
              ],
              [
                -78.16664123535156,
                26.515121459960938
              ],
              [
                -78.6776351928711,
                26.450830459594727
              ],
              [
                -78.79621124267578,
                26.643707275390625
              ],
              [
                -78.64604949951172,
                26.643707275390625
              ],
              [
                -78.60027313232422,
                26.772293090820312
              ],
              [
                -77.98481750488281,
                26.70800018310547
              ]
            ]
          ],
          [
            [
              [
                -64.64949798583984,
                32.36451721191406
              ],
              [
                -64.69085693359375,
                32.23596954345703
              ],
              [
                -64.67342376708984,
                32.171695709228516
              ],
              [
                -64.86115264892578,
                32.30024337768555
              ],
              [
                -64.64949798583984,
                32.36451721191406
              ]
            ]
          ],
          [
            [
              [
                -64.92960357666016,
                48.191749572753906
              ],
              [
                -64.89701080322266,
                48.1257438659668
              ],
              [
                -65.0625991821289,
                48.1257438659668
              ],
              [
                -65.16300964355469,
                47.993770599365234
              ],
              [
                -66.47010803222656,
                48.1257438659668
              ],
              [
                -65.90752410888672,
                47.993770599365234
              ],
              [
                -65.6944351196289,
                47.730003356933594
              ],
              [
                -65.39641571044922,
                47.79592514038086
              ],
              [
                -65.42881774902344,
                47.86185836791992
              ],
              [
                -64.7354736328125,
                47.79592514038086
              ],
              [
                -64.67150115966797,
                47.664100646972656
              ],
              [
                -65.02649688720703,
                47.20316696166992
              ],
              [
                -65.19110870361328,
                47.20316696166992
              ],
              [
                -64.83045959472656,
                47.13737487792969
              ],
              [
                -64.76785278320312,
                47.005828857421875
              ],
              [
                -64.90101623535156,
                46.94007873535156
              ],
              [
                -64.51091766357422,
                46.283294677734375
              ],
              [
                -63.90790557861328,
                46.21768569946289
              ],
              [
                -63.869625091552734,
                45.95537567138672
              ],
              [
                -62.74909973144531,
                45.82429504394531
              ],
              [
                -62.69055938720703,
                45.693260192871094
              ],
              [
                -61.96207809448242,
                45.889827728271484
              ],
              [
                -61.79360580444336,
                45.693260192871094
              ],
              [
                -61.548980712890625,
                45.693260192871094
              ],
              [
                -61.64089584350586,
                46.08650588989258
              ],
              [
                -61.48299026489258,
                46.283294677734375
              ],
              [
                -61.31931686401367,
                46.283294677734375
              ],
              [
                -60.822059631347656,
                47.005828857421875
              ],
              [
                -60.604976654052734,
                47.07159423828125
              ],
              [
                -60.264854431152344,
                46.677207946777344
              ],
              [
                -60.34688949584961,
                46.677207946777344
              ],
              [
                -60.28885269165039,
                46.54585266113281
              ],
              [
                -60.44792938232422,
                46.348915100097656
              ],
              [
                -59.899566650390625,
                46.21768569946289
              ],
              [
                -59.786048889160156,
                45.95537567138672
              ],
              [
                -60.137699127197266,
                45.82429504394531
              ],
              [
                -60.29762268066406,
                45.62776184082031
              ],
              [
                -60.54214859008789,
                45.62776184082031
              ],
              [
                -60.51387405395508,
                45.56227111816406
              ],
              [
                -61.32863998413086,
                45.56227111816406
              ],
              [
                -61.0804328918457,
                45.36587905883789
              ],
              [
                -61.07697677612305,
                45.169586181640625
              ],
              [
                -61.645965576171875,
                45.169586181640625
              ],
              [
                -61.61757278442383,
                45.10417556762695
              ],
              [
                -62.07655715942383,
                45.03877639770508
              ],
              [
                -62.44953536987305,
                44.77729415893555
              ],
              [
                -63.49834442138672,
                44.58129119873047
              ],
              [
                -63.52189636230469,
                44.45067596435547
              ],
              [
                -64.06533813476562,
                44.58129119873047
              ],
              [
                -64.08845520019531,
                44.45067596435547
              ],
              [
                -64.43517303466797,
                44.32010269165039
              ],
              [
                -64.42945861816406,
                44.12431716918945
              ],
              [
                -64.77562713623047,
                43.99384307861328
              ],
              [
                -64.95465850830078,
                43.6678352355957
              ],
              [
                -65.35748291015625,
                43.6678352355957
              ],
              [
                -65.43244171142578,
                43.472347259521484
              ],
              [
                -66.1922378540039,
                43.73301696777344
              ],
              [
                -66.33870697021484,
                44.05907440185547
              ],
              [
                -66.18482208251953,
                44.25482940673828
              ],
              [
                -66.2440414428711,
                44.38538360595703
              ],
              [
                -65.9878158569336,
                44.71194839477539
              ],
              [
                -65.74463653564453,
                44.71194839477539
              ],
              [
                -65.67172241210938,
                44.908016204833984
              ],
              [
                -65.50940704345703,
                44.908016204833984
              ],
              [
                -65.4878158569336,
                45.03877639770508
              ],
              [
                -64.60179138183594,
                45.23500442504883
              ],
              [
                -64.6314468383789,
                45.300437927246094
              ],
              [
                -64.87548828125,
                45.300437927246094
              ],
              [
                -64.96510314941406,
                45.496795654296875
              ],
              [
                -65.20943450927734,
                45.496795654296875
              ],
              [
                -65.17940521240234,
                45.431331634521484
              ],
              [
                -65.34223175048828,
                45.431331634521484
              ],
              [
                -65.57758331298828,
                45.23500442504883
              ],
              [
                -66.14679718017578,
                45.23500442504883
              ],
              [
                -66.24894714355469,
                45.10417556762695
              ],
              [
                -66.65521240234375,
                45.10417556762695
              ],
              [
                -66.6249008178711,
                45.03877639770508
              ],
              [
                -66.98021697998047,
                45.10417556762695
              ],
              [
                -67.06147003173828,
                45.10417556762695
              ],
              [
                -67.36653900146484,
                45.23500442504883
              ],
              [
                -67.9030532836914,
                46.02093505859375
              ],
              [
                -67.80277252197266,
                46.1520881652832
              ],
              [
                -67.8661880493164,
                46.283294677734375
              ],
              [
                -67.78434753417969,
                46.283294677734375
              ],
              [
                -67.84799194335938,
                46.414546966552734
              ],
              [
                -67.7660903930664,
                46.414546966552734
              ],
              [
                -67.8267593383789,
                46.87434005737305
              ],
              [
                -67.74462127685547,
                46.87434005737305
              ],
              [
                -67.90721893310547,
                47.20316696166992
              ],
              [
                -68.13761138916016,
                47.33478927612305
              ],
              [
                -68.54948425292969,
                47.33478927612305
              ],
              [
                -68.5163803100586,
                47.26897048950195
              ],
              [
                -68.8948974609375,
                47.20316696166992
              ],
              [
                -69.27550506591797,
                47.46647262573242
              ],
              [
                -69.66688537597656,
                46.94007873535156
              ],
              [
                -70.01122283935547,
                46.808616638183594
              ],
              [
                -70.1091079711914,
                46.677207946777344
              ],
              [
                -70.0593490600586,
                46.414546966552734
              ],
              [
                -70.33763885498047,
                46.1520881652832
              ],
              [
                -70.28924560546875,
                45.889827728271484
              ],
              [
                -70.4369888305664,
                45.693260192871094
              ],
              [
                -70.6000747680664,
                45.693260192871094
              ],
              [
                -70.89524841308594,
                45.300437927246094
              ],
              [
                -71.38333892822266,
                45.300437927246094
              ],
              [
                -71.36784362792969,
                45.10417556762695
              ],
              [
                -71.53034210205078,
                45.10417556762695
              ],
              [
                -71.62834167480469,
                44.973392486572266
              ],
              [
                -75.11945343017578,
                44.973392486572266
              ],
              [
                -75.08592224121094,
                44.908016204833984
              ],
              [
                -75.58670806884766,
                44.77729415893555
              ],
              [
                -75.64822387695312,
                44.58129119873047
              ],
              [
                -75.81021881103516,
                44.58129119873047
              ],
              [
                -76.00016021728516,
                44.32010269165039
              ],
              [
                -76.16191101074219,
                44.32010269165039
              ],
              [
                -76.19538116455078,
                44.38538360595703
              ],
              [
                -77.26029968261719,
                44.25482940673828
              ],
              [
                -77.044921875,
                43.99384307861328
              ],
              [
                -78.2896957397461,
                44.05907440185547
              ],
              [
                -78.25570678710938,
                43.99384307861328
              ],
              [
                -79.39779663085938,
                43.86341094970703
              ],
              [
                -79.36357116699219,
                43.79821014404297
              ],
              [
                -79.65179443359375,
                43.73301696777344
              ],
              [
                -79.7104263305664,
                43.53750228881836
              ],
              [
                -79.8714370727539,
                43.53750228881836
              ],
              [
                -79.70176696777344,
                43.211830139160156
              ],
              [
                -79.09246826171875,
                43.276947021484375
              ],
              [
                -79.02548217773438,
                43.146724700927734
              ],
              [
                -79.18612670898438,
                43.146724700927734
              ],
              [
                -79.08607482910156,
                42.95146560668945
              ],
              [
                -79.24653625488281,
                42.95146560668945
              ],
              [
                -79.21329498291016,
                42.88639831542969
              ],
              [
                -80.17574310302734,
                42.88639831542969
              ],
              [
                -80.14221954345703,
                42.82133865356445
              ],
              [
                -80.50951385498047,
                42.75628662109375
              ],
              [
                -80.44259643554688,
                42.62621307373047
              ],
              [
                -81.59762573242188,
                42.691246032714844
              ],
              [
                -81.73649597167969,
                42.496177673339844
              ],
              [
                -81.97657775878906,
                42.496177673339844
              ],
              [
                -81.9891586303711,
                42.36617660522461
              ],
              [
                -82.52772521972656,
                42.17123794555664
              ],
              [
                -82.5405502319336,
                42.041324615478516
              ],
              [
                -83.05315399169922,
                42.10627746582031
              ],
              [
                -83.07473754882812,
                42.30118942260742
              ],
              [
                -82.43521118164062,
                42.30118942260742
              ],
              [
                -82.52483367919922,
                42.62621307373047
              ],
              [
                -82.55901336669922,
                42.691246032714844
              ],
              [
                -82.42146301269531,
                42.88639831542969
              ],
              [
                -82.49042510986328,
                43.016544342041016
              ],
              [
                -82.41015625,
                43.016544342041016
              ],
              [
                -82.16936492919922,
                43.016544342041016
              ],
              [
                -82.203857421875,
                43.08163070678711
              ],
              [
                -81.91712951660156,
                43.146724700927734
              ],
              [
                -81.90589904785156,
                43.276947021484375
              ],
              [
                -81.69932556152344,
                43.342071533203125
              ],
              [
                -81.72662353515625,
                43.99384307861328
              ],
              [
                -81.23716735839844,
                44.58129119873047
              ],
              [
                -81.47929382324219,
                45.169586181640625
              ],
              [
                -81.13684844970703,
                44.842647552490234
              ],
              [
                -80.356689453125,
                44.45067596435547
              ],
              [
                -80.03294372558594,
                44.45067596435547
              ],
              [
                -79.94117736816406,
                44.58129119873047
              ],
              [
                -80.0010986328125,
                44.842647552490234
              ],
              [
                -79.8388442993164,
                44.842647552490234
              ],
              [
                -80.01617431640625,
                45.169586181640625
              ],
              [
                -79.06260681152344,
                44.908016204833984
              ],
              [
                -78.96918487548828,
                44.58129119873047
              ],
              [
                -78.66900634765625,
                44.32010269165039
              ],
              [
                -76.4109878540039,
                44.64661407470703
              ],
              [
                -76.1749038696289,
                44.973392486572266
              ],
              [
                -76.32422637939453,
                45.10417556762695
              ],
              [
                -76.58734893798828,
                45.75876998901367
              ],
              [
                -74.95587158203125,
                45.75876998901367
              ],
              [
                -74.86102294921875,
                45.889827728271484
              ],
              [
                -74.69774627685547,
                45.889827728271484
              ],
              [
                -74.73194122314453,
                45.95537567138672
              ],
              [
                -74.48692321777344,
                45.95537567138672
              ],
              [
                -74.39187622070312,
                46.08650588989258
              ],
              [
                -73.88784790039062,
                46.21768569946289
              ],
              [
                -73.64974212646484,
                46.54585266113281
              ],
              [
                -73.06239318847656,
                46.677207946777344
              ],
              [
                -73.09671783447266,
                46.74290466308594
              ],
              [
                -71.89958190917969,
                46.808616638183594
              ],
              [
                -71.93357849121094,
                46.87434005737305
              ],
              [
                -71.68716430664062,
                46.87434005737305
              ],
              [
                -71.57677459716797,
                47.13737487792969
              ],
              [
                -71.24768829345703,
                47.13737487792969
              ],
              [
                -71.15127563476562,
                47.26897048950195
              ],
              [
                -70.65723419189453,
                47.26897048950195
              ],
              [
                -70.72026062011719,
                47.07159423828125
              ],
              [
                -70.5557861328125,
                47.07159423828125
              ],
              [
                -70.54102325439453,
                47.20316696166992
              ],
              [
                -70.24552917480469,
                47.26897048950195
              ],
              [
                -70.18238830566406,
                47.46647262573242
              ],
              [
                -70.01750183105469,
                47.46647262573242
              ],
              [
                -69.90616607666016,
                47.730003356933594
              ],
              [
                -69.74099731445312,
                47.730003356933594
              ],
              [
                -69.7611083984375,
                47.92780685424805
              ],
              [
                -69.416259765625,
                48.059749603271484
              ],
              [
                -69.40243530273438,
                48.191749572753906
              ],
              [
                -68.974365234375,
                48.323814392089844
              ],
              [
                -68.8294906616211,
                48.52202224731445
              ],
              [
                -68.58045959472656,
                48.52202224731445
              ],
              [
                -68.48382568359375,
                48.654239654541016
              ],
              [
                -68.31765747070312,
                48.654239654541016
              ],
              [
                -68.3524398803711,
                48.72037124633789
              ],
              [
                -68.18620300292969,
                48.72037124633789
              ],
              [
                -68.22102355957031,
                48.786521911621094
              ],
              [
                -67.3754653930664,
                48.91886520385742
              ],
              [
                -67.41020965576172,
                48.98506164550781
              ],
              [
                -66.51458740234375,
                49.18375015258789
              ],
              [
                -66.5493392944336,
                49.2500114440918
              ],
              [
                -66.13225555419922,
                49.2500114440918
              ],
              [
                -66.16693115234375,
                49.316287994384766
              ],
              [
                -65.08203887939453,
                49.316287994384766
              ],
              [
                -64.24607849121094,
                48.98506164550781
              ],
              [
                -64.14637756347656,
                48.786521911621094
              ],
              [
                -64.31269073486328,
                48.786521911621094
              ],
              [
                -64.18092346191406,
                48.52202224731445
              ],
              [
                -64.28152465820312,
                48.38986587524414
              ],
              [
                -64.44740295410156,
                48.38986587524414
              ],
              [
                -64.53033447265625,
                48.38986587524414
              ],
              [
                -64.49766540527344,
                48.323814392089844
              ],
              [
                -64.6634750366211,
                48.323814392089844
              ],
              [
                -64.63082885742188,
                48.257774353027344
              ],
              [
                -64.79656219482422,
                48.257774353027344
              ],
              [
                -64.76394653320312,
                48.191749572753906
              ],
              [
                -64.92960357666016,
                48.191749572753906
              ]
            ]
          ],
          [
            [
              [
                -84.02617645263672,
                46.348915100097656
              ],
              [
                -83.9443130493164,
                46.348915100097656
              ],
              [
                -83.90601348876953,
                46.283294677734375
              ],
              [
                -83.8677978515625,
                46.21768569946289
              ],
              [
                -83.94960021972656,
                46.21768569946289
              ],
              [
                -83.98784637451172,
                46.283294677734375
              ],
              [
                -84.02617645263672,
                46.348915100097656
              ]
            ]
          ],
          [
            [
              [
                -77.12454223632812,
                46.1520881652832
              ],
              [
                -77.3486328125,
                46.414546966552734
              ],
              [
                -77.13861846923828,
                46.480194091796875
              ],
              [
                -77.05667877197266,
                46.480194091796875
              ],
              [
                -76.83275604248047,
                46.21768569946289
              ],
              [
                -77.12454223632812,
                46.1520881652832
              ]
            ]
          ],
          [
            [
              [
                -63.744300842285156,
                46.21768569946289
              ],
              [
                -63.83478927612305,
                46.414546966552734
              ],
              [
                -64.08049774169922,
                46.414546966552734
              ],
              [
                -64.17192840576172,
                46.61152267456055
              ],
              [
                -64.41793823242188,
                46.61152267456055
              ],
              [
                -64.51034545898438,
                46.808616638183594
              ],
              [
                -64.40799713134766,
                46.94007873535156
              ],
              [
                -64.24365234375,
                46.94007873535156
              ],
              [
                -64.22344970703125,
                47.07159423828125
              ],
              [
                -64.05897521972656,
                47.07159423828125
              ],
              [
                -63.956451416015625,
                46.677207946777344
              ],
              [
                -63.84392166137695,
                46.61152267456055
              ],
              [
                -63.51591491699219,
                46.61152267456055
              ],
              [
                -63.29154586791992,
                46.480194091796875
              ],
              [
                -62.01019287109375,
                46.54585266113281
              ],
              [
                -61.95104217529297,
                46.414546966552734
              ],
              [
                -62.08530807495117,
                46.348915100097656
              ],
              [
                -62.16717529296875,
                46.348915100097656
              ],
              [
                -62.46501922607422,
                46.283294677734375
              ],
              [
                -62.48120880126953,
                45.95537567138672
              ],
              [
                -62.80789566040039,
                45.95537567138672
              ],
              [
                -63.000797271728516,
                46.02093505859375
              ],
              [
                -63.08987808227539,
                46.21768569946289
              ],
              [
                -63.744300842285156,
                46.21768569946289
              ]
            ]
          ],
          [
            [
              [
                -84.42642974853516,
                46.61152267456055
              ],
              [
                -84.50431060791016,
                46.74290466308594
              ],
              [
                -84.2192153930664,
                46.677207946777344
              ],
              [
                -84.02117919921875,
                46.480194091796875
              ],
              [
                -84.5127944946289,
                46.480194091796875
              ],
              [
                -84.50843048095703,
                46.61152267456055
              ],
              [
                -84.42642974853516,
                46.61152267456055
              ]
            ]
          ],
          [
            [
              [
                -89.24996185302734,
                48.52202224731445
              ],
              [
                -89.28530883789062,
                48.323814392089844
              ],
              [
                -89.41167449951172,
                48.38986587524414
              ],
              [
                -89.49461364746094,
                48.38986587524414
              ],
              [
                -89.58200073242188,
                48.52202224731445
              ],
              [
                -89.45980834960938,
                48.5881233215332
              ],
              [
                -89.50376892089844,
                48.654239654541016
              ],
              [
                -89.17144012451172,
                48.654239654541016
              ],
              [
                -89.08393859863281,
                48.52202224731445
              ],
              [
                -89.24996185302734,
                48.52202224731445
              ]
            ]
          ],
          [
            [
              [
                -93.9443130493164,
                48.5881233215332
              ],
              [
                -94.04570770263672,
                48.852684020996094
              ],
              [
                -93.59281158447266,
                48.91886520385742
              ],
              [
                -93.24249267578125,
                48.654239654541016
              ],
              [
                -93.32557678222656,
                48.654239654541016
              ],
              [
                -93.27993774414062,
                48.5881233215332
              ],
              [
                -93.9443130493164,
                48.5881233215332
              ]
            ]
          ],
          [
            [
              [
                -63.09821319580078,
                49.84712600708008
              ],
              [
                -62.42756271362305,
                49.51522445678711
              ],
              [
                -61.86016845703125,
                49.38258361816406
              ],
              [
                -61.76201248168945,
                49.18375015258789
              ],
              [
                -61.72950744628906,
                49.11750411987305
              ],
              [
                -62.28023147583008,
                49.051273345947266
              ],
              [
                -63.096065521240234,
                49.18375015258789
              ],
              [
                -63.49641418457031,
                49.316287994384766
              ],
              [
                -64.03435516357422,
                49.71431350708008
              ],
              [
                -64.4036636352539,
                49.78071212768555
              ],
              [
                -64.59197235107422,
                49.98000717163086
              ],
              [
                -63.09821319580078,
                49.84712600708008
              ]
            ]
          ],
          [
            [
              [
                -95.71041107177734,
                50.445655822753906
              ],
              [
                -95.99617767333984,
                50.37908172607422
              ],
              [
                -96.28425598144531,
                50.64549255371094
              ],
              [
                -96.08287048339844,
                50.71213912963867
              ],
              [
                -95.99859619140625,
                50.71213912963867
              ],
              [
                -95.71041107177734,
                50.445655822753906
              ]
            ]
          ],
          [
            [
              [
                -96.36849212646484,
                50.64549255371094
              ],
              [
                -96.41997528076172,
                50.71213912963867
              ],
              [
                -96.33570098876953,
                50.71213912963867
              ],
              [
                -96.28425598144531,
                50.64549255371094
              ],
              [
                -96.36849212646484,
                50.64549255371094
              ]
            ]
          ],
          [
            [
              [
                -96.77546691894531,
                52.11625671386719
              ],
              [
                -96.86063385009766,
                52.11625671386719
              ],
              [
                -97.11148834228516,
                52.31757736206055
              ],
              [
                -96.99639129638672,
                52.38472366333008
              ],
              [
                -97.05205535888672,
                52.4518928527832
              ],
              [
                -96.88129425048828,
                52.4518928527832
              ],
              [
                -96.57482147216797,
                52.18334197998047
              ],
              [
                -96.77546691894531,
                52.11625671386719
              ]
            ]
          ],
          [
            [
              [
                -94.5224838256836,
                54.545284271240234
              ],
              [
                -94.84552764892578,
                54.817054748535156
              ],
              [
                -94.64379119873047,
                54.88506317138672
              ],
              [
                -94.55671691894531,
                54.88506317138672
              ],
              [
                -94.23374938964844,
                54.613189697265625
              ],
              [
                -94.5224838256836,
                54.545284271240234
              ]
            ]
          ],
          [
            [
              [
                -92.37175750732422,
                57.07511901855469
              ],
              [
                -91.6082992553711,
                57.21294021606445
              ],
              [
                -91.67042541503906,
                57.28189468383789
              ],
              [
                -90.7815933227539,
                57.28189468383789
              ],
              [
                -89.82691192626953,
                57.00625228881836
              ],
              [
                -89.05751037597656,
                56.937416076660156
              ],
              [
                -87.87738037109375,
                56.387733459472656
              ],
              [
                -87.64559936523438,
                56.11355972290039
              ],
              [
                -85.95584869384766,
                55.77145767211914
              ],
              [
                -84.95580291748047,
                55.29362487792969
              ],
              [
                -83.87405395507812,
                55.36180877685547
              ],
              [
                -82.31610107421875,
                55.15733337402344
              ],
              [
                -82.17543029785156,
                54.74907684326172
              ],
              [
                -82.26239776611328,
                54.74907684326172
              ],
              [
                -82.2452621459961,
                54.613189697265625
              ],
              [
                -82.47217559814453,
                54.341712951660156
              ],
              [
                -82.36933135986328,
                54.20612335205078
              ],
              [
                -82.4559097290039,
                54.20612335205078
              ],
              [
                -82.10021209716797,
                53.732303619384766
              ],
              [
                -82.22239685058594,
                53.664710998535156
              ],
              [
                -82.1221923828125,
                53.52959060668945
              ],
              [
                -82.20830535888672,
                53.52959060668945
              ],
              [
                -82.10859680175781,
                53.39456558227539
              ],
              [
                -82.23090362548828,
                53.32708740234375
              ],
              [
                -82.13189697265625,
                53.192195892333984
              ],
              [
                -82.29084777832031,
                53.057395935058594
              ],
              [
                -81.69371032714844,
                52.586299896240234
              ],
              [
                -81.50281524658203,
                52.31757736206055
              ],
              [
                -81.67340087890625,
                52.31757736206055
              ],
              [
                -81.62596130371094,
                52.250450134277344
              ],
              [
                -80.7957763671875,
                51.91512680053711
              ],
              [
                -80.5268325805664,
                51.64724349975586
              ],
              [
                -80.42998504638672,
                51.37968063354492
              ],
              [
                -80.17591857910156,
                51.37968063354492
              ],
              [
                -79.87244415283203,
                51.17921447753906
              ],
              [
                -79.7477798461914,
                51.24601745605469
              ],
              [
                -79.837158203125,
                51.37968063354492
              ],
              [
                -79.633056640625,
                51.580322265625
              ],
              [
                -79.67823791503906,
                51.64724349975586
              ],
              [
                -79.5085220336914,
                51.64724349975586
              ],
              [
                -79.55376434326172,
                51.71418380737305
              ],
              [
                -78.95001220703125,
                51.44654083251953
              ],
              [
                -79.13475799560547,
                51.84812545776367
              ],
              [
                -78.96478271484375,
                51.84812545776367
              ],
              [
                -79.05560302734375,
                51.98215103149414
              ],
              [
                -78.88545227050781,
                51.98215103149414
              ],
              [
                -78.81273651123047,
                52.250450134277344
              ],
              [
                -78.60284423828125,
                52.31757736206055
              ],
              [
                -78.65584564208984,
                52.51908493041992
              ],
              [
                -78.97486114501953,
                52.85536575317383
              ],
              [
                -78.88921356201172,
                52.85536575317383
              ],
              [
                -79.16432189941406,
                53.124786376953125
              ],
              [
                -79.040283203125,
                53.192195892333984
              ],
              [
                -79.19446563720703,
                53.52959060668945
              ],
              [
                -79.10836029052734,
                53.52959060668945
              ],
              [
                -79.30278778076172,
                53.799922943115234
              ],
              [
                -79.13018798828125,
                53.799922943115234
              ],
              [
                -79.2772216796875,
                54.00291442871094
              ],
              [
                -79.19078063964844,
                54.00291442871094
              ],
              [
                -79.5121078491211,
                54.20612335205078
              ],
              [
                -79.62523651123047,
                54.47740173339844
              ],
              [
                -79.8634262084961,
                54.681121826171875
              ],
              [
                -79.74024200439453,
                54.74907684326172
              ],
              [
                -79.7910385131836,
                54.817054748535156
              ],
              [
                -79.058349609375,
                54.88506317138672
              ],
              [
                -79.10897827148438,
                54.95309066772461
              ],
              [
                -78.42569732666016,
                55.089229583740234
              ],
              [
                -78.47630310058594,
                55.15733337402344
              ],
              [
                -78.30176544189453,
                55.15733337402344
              ],
              [
                -78.35240936279297,
                55.225467681884766
              ],
              [
                -78.0904541015625,
                55.225467681884766
              ],
              [
                -78.14108276367188,
                55.29362487792969
              ],
              [
                -77.34486389160156,
                55.63479995727539
              ],
              [
                -77.39571380615234,
                55.70311737060547
              ],
              [
                -77.22037506103516,
                55.70311737060547
              ],
              [
                -77.2345199584961,
                55.83982467651367
              ],
              [
                -77.02216339111328,
                55.90821838378906
              ],
              [
                -77.07327270507812,
                55.97663879394531
              ],
              [
                -76.89751434326172,
                55.97663879394531
              ],
              [
                -76.80207061767578,
                56.319149017333984
              ],
              [
                -76.71393585205078,
                56.319149017333984
              ],
              [
                -76.76551818847656,
                56.387733459472656
              ],
              [
                -76.67733001708984,
                56.387733459472656
              ],
              [
                -76.72899627685547,
                56.45634460449219
              ],
              [
                -76.64075469970703,
                56.45634460449219
              ],
              [
                -76.69251251220703,
                56.524986267089844
              ],
              [
                -76.60421752929688,
                56.524986267089844
              ],
              [
                -76.65606689453125,
                56.59365463256836
              ],
              [
                -76.56771850585938,
                56.59365463256836
              ],
              [
                -76.72087860107422,
                57.14401626586914
              ],
              [
                -76.6321029663086,
                57.14401626586914
              ],
              [
                -76.79113006591797,
                57.35087585449219
              ],
              [
                -76.70218658447266,
                57.35087585449219
              ],
              [
                -77.18665313720703,
                57.97305679321289
              ],
              [
                -78.40269470214844,
                58.59769821166992
              ],
              [
                -78.58258056640625,
                58.59769821166992
              ],
              [
                -78.69572448730469,
                58.73685073852539
              ],
              [
                -78.57229614257812,
                58.80647277832031
              ],
              [
                -78.62913513183594,
                58.876129150390625
              ],
              [
                -76.77471923828125,
                57.903804779052734
              ],
              [
                -76.2935562133789,
                57.28189468383789
              ],
              [
                -76.38243865966797,
                57.28189468383789
              ],
              [
                -76.17213439941406,
                57.00625228881836
              ],
              [
                -76.26080322265625,
                57.00625228881836
              ],
              [
                -76.1410140991211,
                56.731075286865234
              ],
              [
                -76.26605224609375,
                56.662349700927734
              ],
              [
                -76.18511199951172,
                56.319149017333984
              ],
              [
                -76.27325439453125,
                56.319149017333984
              ],
              [
                -76.37025451660156,
                55.97663879394531
              ],
              [
                -76.54600524902344,
                55.97663879394531
              ],
              [
                -76.5694808959961,
                55.77145767211914
              ],
              [
                -76.74492645263672,
                55.77145767211914
              ],
              [
                -76.73151397705078,
                55.63479995727539
              ],
              [
                -77.06852722167969,
                55.498252868652344
              ],
              [
                -77.0181884765625,
                55.430015563964844
              ],
              [
                -77.10565948486328,
                55.430015563964844
              ],
              [
                -77.09266662597656,
                55.29362487792969
              ],
              [
                -77.26740264892578,
                55.29362487792969
              ],
              [
                -77.25454711914062,
                55.15733337402344
              ],
              [
                -77.64073944091797,
                55.089229583740234
              ],
              [
                -77.5907211303711,
                55.021148681640625
              ],
              [
                -77.88932037353516,
                54.95309066772461
              ],
              [
                -77.8393783569336,
                54.88506317138672
              ],
              [
                -78.1005859375,
                54.88506317138672
              ],
              [
                -78.0506362915039,
                54.817054748535156
              ],
              [
                -78.4726791381836,
                54.681121826171875
              ],
              [
                -78.42284393310547,
                54.613189697265625
              ],
              [
                -78.8072738647461,
                54.545284271240234
              ],
              [
                -78.75748443603516,
                54.47740173339844
              ],
              [
                -78.88127899169922,
                54.4095458984375
              ],
              [
                -78.58570098876953,
                54.00291442871094
              ],
              [
                -78.6721420288086,
                54.00291442871094
              ],
              [
                -78.4576644897461,
                53.462066650390625
              ],
              [
                -78.54373168945312,
                53.462066650390625
              ],
              [
                -77.92050170898438,
                52.31757736206055
              ],
              [
                -78.16493225097656,
                52.0491943359375
              ],
              [
                -78.07477569580078,
                51.91512680053711
              ],
              [
                -78.15980529785156,
                51.91512680053711
              ],
              [
                -78.11489868164062,
                51.84812545776367
              ],
              [
                -78.19989013671875,
                51.84812545776367
              ],
              [
                -78.15508270263672,
                51.78114318847656
              ],
              [
                -78.24002838134766,
                51.78114318847656
              ],
              [
                -78.19532775878906,
                51.71418380737305
              ],
              [
                -78.28022766113281,
                51.71418380737305
              ],
              [
                -78.23562622070312,
                51.64724349975586
              ],
              [
                -78.32048797607422,
                51.64724349975586
              ],
              [
                -78.7239761352539,
                50.84549331665039
              ],
              [
                -79.01802825927734,
                50.77880859375
              ],
              [
                -79.05717468261719,
                50.578861236572266
              ],
              [
                -79.6033935546875,
                50.51224899291992
              ],
              [
                -81.13050079345703,
                50.912200927734375
              ],
              [
                -81.60911560058594,
                51.24601745605469
              ],
              [
                -82.01593017578125,
                51.71418380737305
              ],
              [
                -82.50595092773438,
                52.0491943359375
              ],
              [
                -83.80918884277344,
                53.597137451171875
              ],
              [
                -84.13542175292969,
                53.799922943115234
              ],
              [
                -84.39495849609375,
                54.138362884521484
              ],
              [
                -85.00533294677734,
                54.47740173339844
              ],
              [
                -89.43655395507812,
                55.63479995727539
              ],
              [
                -93.66542053222656,
                56.937416076660156
              ],
              [
                -94.15917205810547,
                57.28189468383789
              ],
              [
                -94.65052032470703,
                57.903804779052734
              ],
              [
                -94.56114196777344,
                57.903804779052734
              ],
              [
                -94.79975891113281,
                58.2503662109375
              ],
              [
                -94.66290283203125,
                58.38920593261719
              ],
              [
                -94.7292251586914,
                58.45867156982422
              ],
              [
                -94.63939666748047,
                58.45867156982422
              ],
              [
                -94.70584869384766,
                58.528167724609375
              ],
              [
                -94.615966796875,
                58.528167724609375
              ],
              [
                -94.83769989013672,
                58.94581604003906
              ],
              [
                -94.52290344238281,
                58.80647277832031
              ],
              [
                -93.26127624511719,
                58.80647277832031
              ],
              [
                -92.67127227783203,
                57.696231842041016
              ],
              [
                -92.60773468017578,
                57.62710189819336
              ],
              [
                -92.44422912597656,
                57.35087585449219
              ],
              [
                -92.53317260742188,
                57.35087585449219
              ],
              [
                -92.40776062011719,
                57.21294021606445
              ],
              [
                -92.54920196533203,
                57.07511901855469
              ],
              [
                -92.42483520507812,
                56.937416076660156
              ],
              [
                -92.24760437011719,
                56.937416076660156
              ],
              [
                -92.37175750732422,
                57.07511901855469
              ]
            ]
          ],
          [
            [
              [
                -63.199005126953125,
                58.45867156982422
              ],
              [
                -63.10917282104492,
                58.45867156982422
              ],
              [
                -63.0628662109375,
                58.38920593261719
              ],
              [
                -63.15263748168945,
                58.38920593261719
              ],
              [
                -63.199005126953125,
                58.45867156982422
              ]
            ]
          ],
          [
            [
              [
                -37.450950622558594,
                -54.28156280517578
              ],
              [
                -38.006614685058594,
                -54.14601516723633
              ],
              [
                -37.956111907958984,
                -54.010562896728516
              ],
              [
                -37.61033248901367,
                -54.010562896728516
              ],
              [
                -37.63536071777344,
                -54.078277587890625
              ],
              [
                -36.62197494506836,
                -54.14601516723633
              ],
              [
                -36.522586822509766,
                -54.3493766784668
              ],
              [
                -36.17584991455078,
                -54.3493766784668
              ],
              [
                -36.0759162902832,
                -54.55295181274414
              ],
              [
                -35.90225601196289,
                -54.55295181274414
              ],
              [
                -35.73964309692383,
                -54.824737548828125
              ],
              [
                -35.764278411865234,
                -54.89274597167969
              ],
              [
                -36.162445068359375,
                -55.02883529663086
              ],
              [
                -36.323909759521484,
                -54.756752014160156
              ],
              [
                -36.795555114746094,
                -54.6208610534668
              ],
              [
                -36.832401275634766,
                -54.485069274902344
              ],
              [
                -37.327880859375,
                -54.41720962524414
              ],
              [
                -37.450950622558594,
                -54.28156280517578
              ]
            ]
          ],
          [
            [
              [
                -61.090213775634766,
                -52.056766510009766
              ],
              [
                -61.05496597290039,
                -51.989723205566406
              ],
              [
                -61.22512435913086,
                -51.989723205566406
              ],
              [
                -61.11978530883789,
                -51.7887077331543
              ],
              [
                -60.814815521240234,
                -51.85569381713867
              ],
              [
                -61.00509262084961,
                -52.056766510009766
              ],
              [
                -61.090213775634766,
                -52.056766510009766
              ]
            ]
          ],
          [
            [
              [
                -59.23419189453125,
                -51.5878791809082
              ],
              [
                -59.01553726196289,
                -51.32038497924805
              ],
              [
                -58.338314056396484,
                -51.32038497924805
              ],
              [
                -58.371273040771484,
                -51.387229919433594
              ],
              [
                -57.811180114746094,
                -51.45409393310547
              ],
              [
                -57.891685485839844,
                -51.7887077331543
              ],
              [
                -58.5876579284668,
                -51.989723205566406
              ],
              [
                -58.65574264526367,
                -52.12383270263672
              ],
              [
                -58.99641036987305,
                -52.12383270263672
              ],
              [
                -59.06527328491211,
                -52.25802993774414
              ],
              [
                -59.15052795410156,
                -52.25802993774414
              ],
              [
                -59.561279296875,
                -52.392311096191406
              ],
              [
                -59.5263557434082,
                -52.32516098022461
              ],
              [
                -59.83256149291992,
                -52.25802993774414
              ],
              [
                -59.539920806884766,
                -51.85569381713867
              ],
              [
                -59.13203048706055,
                -51.721744537353516
              ],
              [
                -59.23419189453125,
                -51.5878791809082
              ]
            ]
          ],
          [
            [
              [
                -59.21821975708008,
                -51.387229919433594
              ],
              [
                -59.744285583496094,
                -51.922698974609375
              ],
              [
                -60.23898696899414,
                -52.056766510009766
              ],
              [
                -60.51459503173828,
                -52.25802993774414
              ],
              [
                -60.599849700927734,
                -52.25802993774414
              ],
              [
                -60.90541458129883,
                -52.190921783447266
              ],
              [
                -60.37120056152344,
                -51.65480041503906
              ],
              [
                -60.540931701660156,
                -51.65480041503906
              ],
              [
                -60.64177703857422,
                -51.52097702026367
              ],
              [
                -60.57333755493164,
                -51.387229919433594
              ],
              [
                -59.21821975708008,
                -51.387229919433594
              ]
            ]
          ],
          [
            [
              [
                143.75279235839844,
                -39.586238861083984
              ],
              [
                143.91038513183594,
                -39.586238861083984
              ],
              [
                144.094970703125,
                -39.97433853149414
              ],
              [
                144.01602172851562,
                -39.97433853149414
              ],
              [
                143.99179077148438,
                -40.168479919433594
              ],
              [
                143.75469970703125,
                -40.168479919433594
              ],
              [
                143.6655731201172,
                -40.03904342651367
              ],
              [
                143.7445526123047,
                -40.03904342651367
              ],
              [
                143.6120147705078,
                -39.84494400024414
              ],
              [
                143.75279235839844,
                -39.586238861083984
              ]
            ]
          ],
          [
            [
              [
                142.5644073486328,
                -38.3587532043457
              ],
              [
                142.7272186279297,
                -38.61699295043945
              ],
              [
                142.21310424804688,
                -38.42330551147461
              ],
              [
                142.2891387939453,
                -38.29420852661133
              ],
              [
                142.36744689941406,
                -38.29420852661133
              ],
              [
                142.5644073486328,
                -38.3587532043457
              ]
            ]
          ],
          [
            [
              [
                141.35118103027344,
                -38.42330551147461
              ],
              [
                141.30955505371094,
                -38.22966766357422
              ],
              [
                141.504638671875,
                -38.165130615234375
              ],
              [
                141.58290100097656,
                -38.165130615234375
              ],
              [
                141.78106689453125,
                -38.3587532043457
              ],
              [
                141.35118103027344,
                -38.42330551147461
              ]
            ]
          ],
          [
            [
              [
                143.1910858154297,
                -38.3587532043457
              ],
              [
                143.1101531982422,
                -38.22966766357422
              ],
              [
                143.18844604492188,
                -38.22966766357422
              ],
              [
                143.2667236328125,
                -38.22966766357422
              ],
              [
                143.34774780273438,
                -38.3587532043457
              ],
              [
                143.1910858154297,
                -38.3587532043457
              ]
            ]
          ],
          [
            [
              [
                140.60415649414062,
                -37.9715576171875
              ],
              [
                140.643310546875,
                -38.036075592041016
              ],
              [
                140.7608184814453,
                -38.10060119628906
              ],
              [
                140.3304443359375,
                -38.036075592041016
              ],
              [
                140.0583953857422,
                -37.71352767944336
              ],
              [
                140.36997985839844,
                -37.842533111572266
              ],
              [
                140.56564331054688,
                -37.77802658081055
              ],
              [
                140.60415649414062,
                -37.9715576171875
              ]
            ]
          ],
          [
            [
              [
                143.6905975341797,
                -37.77802658081055
              ],
              [
                143.5343475341797,
                -37.77802658081055
              ],
              [
                143.45545959472656,
                -37.64903259277344
              ],
              [
                143.53353881835938,
                -37.64903259277344
              ],
              [
                143.6116180419922,
                -37.64903259277344
              ],
              [
                143.6905975341797,
                -37.77802658081055
              ]
            ]
          ],
          [
            [
              [
                141.8937530517578,
                -37.77802658081055
              ],
              [
                141.7375030517578,
                -37.77802658081055
              ],
              [
                141.65965270996094,
                -37.64903259277344
              ],
              [
                141.73773193359375,
                -37.64903259277344
              ],
              [
                141.81581115722656,
                -37.64903259277344
              ],
              [
                141.8937530517578,
                -37.77802658081055
              ]
            ]
          ],
          [
            [
              [
                143.57235717773438,
                -37.326629638671875
              ],
              [
                143.4164276123047,
                -37.326629638671875
              ],
              [
                143.33926391601562,
                -37.19770050048828
              ],
              [
                143.41717529296875,
                -37.19770050048828
              ],
              [
                143.49510192871094,
                -37.19770050048828
              ],
              [
                143.57235717773438,
                -37.326629638671875
              ]
            ]
          ],
          [
            [
              [
                144.00193786621094,
                -37.133243560791016
              ],
              [
                143.8461456298828,
                -37.133243560791016
              ],
              [
                143.7694091796875,
                -37.004337310791016
              ],
              [
                143.84725952148438,
                -37.004337310791016
              ],
              [
                143.92510986328125,
                -37.004337310791016
              ],
              [
                144.00193786621094,
                -37.133243560791016
              ]
            ]
          ],
          [
            [
              [
                141.75453186035156,
                -36.61772918701172
              ],
              [
                141.59909057617188,
                -36.61772918701172
              ],
              [
                141.52536010742188,
                -36.4888916015625
              ],
              [
                141.60304260253906,
                -36.4888916015625
              ],
              [
                141.6807098388672,
                -36.4888916015625
              ],
              [
                141.75453186035156,
                -36.61772918701172
              ]
            ]
          ],
          [
            [
              [
                144.04856872558594,
                -36.55331039428711
              ],
              [
                143.89317321777344,
                -36.55331039428711
              ],
              [
                143.81837463378906,
                -36.42448043823242
              ],
              [
                143.89602661132812,
                -36.42448043823242
              ],
              [
                143.97369384765625,
                -36.42448043823242
              ],
              [
                144.04856872558594,
                -36.55331039428711
              ]
            ]
          ],
          [
            [
              [
                117.88630676269531,
                -35.07257843017578
              ],
              [
                117.80908966064453,
                -35.07257843017578
              ],
              [
                117.83755493164062,
                -35.136924743652344
              ],
              [
                117.45135498046875,
                -35.136924743652344
              ],
              [
                117.44368743896484,
                -34.94389343261719
              ],
              [
                117.54175567626953,
                -34.815216064453125
              ],
              [
                117.85030364990234,
                -34.815216064453125
              ],
              [
                118.11796569824219,
                -35.07257843017578
              ],
              [
                117.88630676269531,
                -35.07257843017578
              ]
            ]
          ],
          [
            [
              [
                138.62437438964844,
                -35.008235931396484
              ],
              [
                138.658203125,
                -35.07257843017578
              ],
              [
                138.33987426757812,
                -35.20127487182617
              ],
              [
                138.27210998535156,
                -35.07257843017578
              ],
              [
                138.3590850830078,
                -34.94389343261719
              ],
              [
                138.19207763671875,
                -34.62221908569336
              ],
              [
                138.4565887451172,
                -34.68655014038086
              ],
              [
                138.70156860351562,
                -35.008235931396484
              ],
              [
                138.62437438964844,
                -35.008235931396484
              ]
            ]
          ],
          [
            [
              [
                135.84521484375,
                -35.008235931396484
              ],
              [
                135.87832641601562,
                -35.07257843017578
              ],
              [
                135.50347900390625,
                -34.94389343261719
              ],
              [
                135.49432373046875,
                -34.62221908569336
              ],
              [
                135.80264282226562,
                -34.62221908569336
              ],
              [
                135.9224090576172,
                -35.008235931396484
              ],
              [
                135.84521484375,
                -35.008235931396484
              ]
            ]
          ],
          [
            [
              [
                138.1302947998047,
                -33.2717399597168
              ],
              [
                138.05361938476562,
                -33.2717399597168
              ],
              [
                138.0849151611328,
                -33.336029052734375
              ],
              [
                137.71893310546875,
                -33.52891540527344
              ],
              [
                137.63912963867188,
                -33.20744705200195
              ],
              [
                137.83804321289062,
                -33.143157958984375
              ],
              [
                137.7454376220703,
                -32.95029830932617
              ],
              [
                138.03692626953125,
                -33.07887268066406
              ],
              [
                138.1302947998047,
                -33.2717399597168
              ]
            ]
          ],
          [
            [
              [
                114.7459487915039,
                -33.65751266479492
              ],
              [
                115.20667266845703,
                -33.65751266479492
              ],
              [
                115.53707885742188,
                -33.336029052734375
              ],
              [
                115.35916900634766,
                -32.69316864013672
              ],
              [
                115.53868103027344,
                -32.56460952758789
              ],
              [
                115.46428680419922,
                -32.37178039550781
              ],
              [
                115.54070281982422,
                -32.37178039550781
              ],
              [
                115.49150085449219,
                -32.243228912353516
              ],
              [
                115.5953369140625,
                -32.114681243896484
              ],
              [
                115.49851989746094,
                -31.857595443725586
              ],
              [
                115.57479858398438,
                -31.857595443725586
              ],
              [
                115.35591125488281,
                -31.47197914123535
              ],
              [
                115.8079605102539,
                -31.664785385131836
              ],
              [
                115.9040756225586,
                -31.921865463256836
              ],
              [
                115.72065734863281,
                -32.243228912353516
              ],
              [
                115.81822967529297,
                -32.69316864013672
              ],
              [
                115.68975830078125,
                -32.95029830932617
              ],
              [
                115.81796264648438,
                -33.2717399597168
              ],
              [
                115.74128723144531,
                -33.2717399597168
              ],
              [
                115.7931137084961,
                -33.40032196044922
              ],
              [
                115.58895874023438,
                -33.46461868286133
              ],
              [
                115.31193542480469,
                -33.91472625732422
              ],
              [
                115.00447845458984,
                -33.91472625732422
              ],
              [
                114.79818725585938,
                -33.78611755371094
              ],
              [
                114.7459487915039,
                -33.65751266479492
              ]
            ]
          ],
          [
            [
              [
                137.50299072265625,
                -32.43605422973633
              ],
              [
                137.5794219970703,
                -32.43605422973633
              ],
              [
                137.74612426757812,
                -32.62888717651367
              ],
              [
                137.6696319580078,
                -32.62888717651367
              ],
              [
                137.68421936035156,
                -32.82173156738281
              ],
              [
                137.44015502929688,
                -32.62888717651367
              ],
              [
                137.38002014160156,
                -32.50033187866211
              ],
              [
                137.50299072265625,
                -32.43605422973633
              ]
            ]
          ],
          [
            [
              [
                57.69823455810547,
                -20.350648880004883
              ],
              [
                57.62409973144531,
                -20.350648880004883
              ],
              [
                57.56508255004883,
                -20.543508529663086
              ],
              [
                57.194278717041016,
                -20.543508529663086
              ],
              [
                57.179283142089844,
                -20.350648880004883
              ],
              [
                57.44566345214844,
                -19.96493148803711
              ],
              [
                57.67298126220703,
                -20.029216766357422
              ],
              [
                57.69823455810547,
                -20.350648880004883
              ]
            ]
          ],
          [
            [
              [
                103.92575073242188,
                1.314263939857483
              ],
              [
                103.85296630859375,
                1.314263939857483
              ],
              [
                103.85067749023438,
                1.249976277351379
              ],
              [
                103.77788543701172,
                1.249976277351379
              ],
              [
                103.7051010131836,
                1.249976277351379
              ],
              [
                103.63231658935547,
                1.249976277351379
              ],
              [
                103.63459777832031,
                1.314263939857483
              ],
              [
                103.56181335449219,
                1.314263939857483
              ],
              [
                103.56411743164062,
                1.378551483154297
              ],
              [
                103.92806243896484,
                1.378551483154297
              ],
              [
                103.92575073242188,
                1.314263939857483
              ]
            ]
          ],
          [
            [
              [
                102.35320281982422,
                2.085714817047119
              ],
              [
                102.28040313720703,
                2.085714817047119
              ],
              [
                101.92146301269531,
                2.214290142059326
              ],
              [
                101.92403411865234,
                2.27857780456543
              ],
              [
                102.43366241455078,
                2.27857780456543
              ],
              [
                102.43109130859375,
                2.214290142059326
              ],
              [
                102.4988021850586,
                2.085714817047119
              ],
              [
                102.35320281982422,
                2.085714817047119
              ]
            ]
          ],
          [
            [
              [
                -57.66859817504883,
                3.371467113494873
              ],
              [
                -57.303497314453125,
                3.242892026901245
              ],
              [
                -57.2280387878418,
                2.7928786277771
              ],
              [
                -56.93560791015625,
                2.471440553665161
              ],
              [
                -56.935001373291016,
                2.150002479553223
              ],
              [
                -56.71652603149414,
                1.892852187156677
              ],
              [
                -57.444496154785156,
                1.957139730453491
              ],
              [
                -57.59016799926758,
                1.76427698135376
              ],
              [
                -58.46406936645508,
                1.507126569747925
              ],
              [
                -58.90174102783203,
                1.185688734054565
              ],
              [
                -59.337852478027344,
                1.378551483154297
              ],
              [
                -59.70126724243164,
                1.699989318847656
              ],
              [
                -59.701210021972656,
                1.828564524650574
              ],
              [
                -59.628414154052734,
                1.828564524650574
              ],
              [
                -59.191707611083984,
                1.699989318847656
              ],
              [
                -59.1916389465332,
                1.828564524650574
              ],
              [
                -58.82765579223633,
                1.828564524650574
              ],
              [
                -58.463844299316406,
                2.150002479553223
              ],
              [
                -58.46438980102539,
                2.407152891159058
              ],
              [
                -58.39158248901367,
                2.407152891159058
              ],
              [
                -58.39340591430664,
                2.857166290283203
              ],
              [
                -58.612998962402344,
                3.050029039382935
              ],
              [
                -58.46822738647461,
                3.178604364395142
              ],
              [
                -58.54548645019531,
                3.692905426025391
              ],
              [
                -58.7646598815918,
                3.757192850112915
              ],
              [
                -58.702632904052734,
                4.592932224273682
              ],
              [
                -58.92430877685547,
                4.785795211791992
              ],
              [
                -59.07814407348633,
                5.235808849334717
              ],
              [
                -59.009098052978516,
                5.428671360015869
              ],
              [
                -58.791751861572266,
                5.492959022521973
              ],
              [
                -58.739952087402344,
                6.392985820770264
              ],
              [
                -58.59925079345703,
                6.585848808288574
              ],
              [
                -58.60647201538086,
                6.842999458312988
              ],
              [
                -58.24360275268555,
                6.907287120819092
              ],
              [
                -57.800479888916016,
                6.714424133300781
              ],
              [
                -57.49858856201172,
                6.328698635101318
              ],
              [
                -57.27981948852539,
                6.328698635101318
              ],
              [
                -57.12627410888672,
                6.007260322570801
              ],
              [
                -57.12480926513672,
                5.942972660064697
              ],
              [
                -57.262325286865234,
                5.557246685028076
              ],
              [
                -57.261024475097656,
                5.492959022521973
              ],
              [
                -57.33391571044922,
                5.492959022521973
              ],
              [
                -57.325496673583984,
                5.042945861816406
              ],
              [
                -57.90628433227539,
                4.914370536804199
              ],
              [
                -57.90019607543945,
                4.528644561767578
              ],
              [
                -58.11433410644531,
                4.207206249237061
              ],
              [
                -58.11049270629883,
                3.885768175125122
              ],
              [
                -57.66859817504883,
                3.371467113494873
              ]
            ]
          ],
          [
            [
              [
                100.45165252685547,
                5.042945861816406
              ],
              [
                100.37877655029297,
                5.042945861816406
              ],
              [
                100.37530517578125,
                4.978658199310303
              ],
              [
                100.30242919921875,
                4.978658199310303
              ],
              [
                100.25794982910156,
                5.492959022521973
              ],
              [
                100.26160430908203,
                5.557246685028076
              ],
              [
                100.54951477050781,
                5.492959022521973
              ],
              [
                100.53154754638672,
                5.171521186828613
              ],
              [
                100.52803039550781,
                5.10723352432251
              ],
              [
                100.45514678955078,
                5.10723352432251
              ],
              [
                100.45165252685547,
                5.042945861816406
              ]
            ]
          ],
          [
            [
              [
                98.08775329589844,
                10.828827857971191
              ],
              [
                98.09922790527344,
                10.957403182983398
              ],
              [
                98.24556732177734,
                10.957403182983398
              ],
              [
                98.30723571777344,
                10.828827857971191
              ],
              [
                98.3015365600586,
                10.764540672302246
              ],
              [
                98.08775329589844,
                10.828827857971191
              ]
            ]
          ],
          [
            [
              [
                -60.70492935180664,
                11.343128204345703
              ],
              [
                -60.558536529541016,
                11.343128204345703
              ],
              [
                -60.616432189941406,
                11.085978507995605
              ],
              [
                -60.76279067993164,
                11.085978507995605
              ],
              [
                -60.83597183227539,
                11.085978507995605
              ],
              [
                -60.70492935180664,
                11.343128204345703
              ]
            ]
          ],
          [
            [
              [
                98.30491638183594,
                11.6002779006958
              ],
              [
                98.32334899902344,
                11.793140411376953
              ],
              [
                98.61006927490234,
                11.728853225708008
              ],
              [
                98.51847076416016,
                11.535990715026855
              ],
              [
                98.44525909423828,
                11.535990715026855
              ],
              [
                98.30491638183594,
                11.6002779006958
              ]
            ]
          ],
          [
            [
              [
                98.46028900146484,
                12.436016082763672
              ],
              [
                98.24700164794922,
                12.500303268432617
              ],
              [
                98.26020050048828,
                12.628878593444824
              ],
              [
                98.26686096191406,
                12.69316577911377
              ],
              [
                98.48676300048828,
                12.69316577911377
              ],
              [
                98.46028900146484,
                12.436016082763672
              ]
            ]
          ],
          [
            [
              [
                -59.35515594482422,
                13.07889175415039
              ],
              [
                -59.57047653198242,
                13.014603614807129
              ],
              [
                -59.66753387451172,
                13.336042404174805
              ],
              [
                -59.52082824707031,
                13.336042404174805
              ],
              [
                -59.43791198730469,
                13.207467079162598
              ],
              [
                -59.36457061767578,
                13.207467079162598
              ],
              [
                -59.35515594482422,
                13.07889175415039
              ]
            ]
          ],
          [
            [
              [
                99.12709045410156,
                13.850343704223633
              ],
              [
                99.24447631835938,
                13.593193054199219
              ],
              [
                99.20860290527344,
                13.271754264831543
              ],
              [
                99.28195190429688,
                13.271754264831543
              ],
              [
                99.16683197021484,
                12.886029243469238
              ],
              [
                99.42621612548828,
                12.564591407775879
              ],
              [
                99.46651458740234,
                12.24315357208252
              ],
              [
                99.66049194335938,
                11.986002922058105
              ],
              [
                99.5434341430664,
                11.535990715026855
              ],
              [
                98.97727966308594,
                10.957403182983398
              ],
              [
                98.77433776855469,
                10.314528465270996
              ],
              [
                98.5331802368164,
                10.057377815246582
              ],
              [
                98.46006774902344,
                10.057377815246582
              ],
              [
                98.4478530883789,
                10.764540672302246
              ],
              [
                98.59989166259766,
                10.828827857971191
              ],
              [
                98.6962661743164,
                11.085978507995605
              ],
              [
                98.65278625488281,
                11.407415390014648
              ],
              [
                98.75652313232422,
                11.728853225708008
              ],
              [
                98.61006927490234,
                11.728853225708008
              ],
              [
                98.64683532714844,
                12.821741104125977
              ],
              [
                98.42300415039062,
                13.464617729187012
              ],
              [
                98.28340911865234,
                13.528904914855957
              ],
              [
                98.24630737304688,
                13.850343704223633
              ],
              [
                98.04086303710938,
                13.97891902923584
              ],
              [
                98.07085418701172,
                14.236069679260254
              ],
              [
                97.8811264038086,
                14.493220329284668
              ],
              [
                97.9858627319336,
                14.750371932983398
              ],
              [
                97.77332305908203,
                14.81466007232666
              ],
              [
                97.74982452392578,
                15.77897834777832
              ],
              [
                97.55474090576172,
                15.971842765808105
              ],
              [
                97.61588287353516,
                16.421857833862305
              ],
              [
                97.62474060058594,
                16.486146926879883
              ],
              [
                97.98234558105469,
                17.450464248657227
              ],
              [
                98.62763977050781,
                16.807586669921875
              ],
              [
                98.63817596435547,
                16.35757064819336
              ],
              [
                98.93278503417969,
                16.35757064819336
              ],
              [
                98.90609741210938,
                16.16470718383789
              ],
              [
                98.6676254272461,
                16.036130905151367
              ],
              [
                98.65888977050781,
                15.971842765808105
              ],
              [
                98.67230224609375,
                15.52182674407959
              ],
              [
                98.26284790039062,
                15.200387001037598
              ],
              [
                98.23027801513672,
                14.943235397338867
              ],
              [
                98.48443603515625,
                14.621796607971191
              ],
              [
                98.46879577636719,
                14.493220329284668
              ],
              [
                99.12709045410156,
                13.850343704223633
              ]
            ]
          ],
          [
            [
              [
                -60.80828857421875,
                13.850343704223633
              ],
              [
                -60.79795837402344,
                13.721768379211426
              ],
              [
                -60.939613342285156,
                13.657480239868164
              ],
              [
                -61.04430389404297,
                14.043206214904785
              ],
              [
                -60.82405471801758,
                14.043206214904785
              ],
              [
                -60.813507080078125,
                13.914630889892578
              ],
              [
                -60.80828857421875,
                13.850343704223633
              ]
            ]
          ],
          [
            [
              [
                114.6038818359375,
                22.529123306274414
              ],
              [
                114.5916519165039,
                22.46483612060547
              ],
              [
                114.5794677734375,
                22.400548934936523
              ],
              [
                114.56732177734375,
                22.33626365661621
              ],
              [
                114.53111267089844,
                22.143402099609375
              ],
              [
                113.99858856201172,
                22.079116821289062
              ],
              [
                113.9842300415039,
                22.400548934936523
              ],
              [
                113.99634552001953,
                22.46483612060547
              ],
              [
                114.31842803955078,
                22.59341049194336
              ],
              [
                114.6038818359375,
                22.529123306274414
              ]
            ]
          ],
          [
            [
              [
                76.2191390991211,
                32.171695709228516
              ],
              [
                76.32579803466797,
                32.30024337768555
              ],
              [
                76.5397720336914,
                32.23596954345703
              ],
              [
                76.9523696899414,
                32.36451721191406
              ],
              [
                77.3646011352539,
                32.171695709228516
              ],
              [
                77.24250030517578,
                31.978878021240234
              ],
              [
                76.86094665527344,
                31.978878021240234
              ],
              [
                76.41984558105469,
                31.7217960357666
              ],
              [
                76.42277526855469,
                31.40045166015625
              ],
              [
                76.49893188476562,
                31.40045166015625
              ],
              [
                76.40827941894531,
                31.336183547973633
              ],
              [
                76.39382934570312,
                31.271915435791016
              ],
              [
                76.48870849609375,
                31.014846801757812
              ],
              [
                75.57601928710938,
                31.014846801757812
              ],
              [
                75.39004516601562,
                31.20764923095703
              ],
              [
                75.00950622558594,
                31.20764923095703
              ],
              [
                75.41415405273438,
                31.65752601623535
              ],
              [
                75.714599609375,
                32.30024337768555
              ],
              [
                76.2191390991211,
                32.171695709228516
              ]
            ]
          ],
          [
            [
              [
                -55.56839370727539,
                50.04647445678711
              ],
              [
                -55.506744384765625,
                49.91355895996094
              ],
              [
                -55.8865852355957,
                49.64793395996094
              ],
              [
                -55.74216842651367,
                49.51522445678711
              ],
              [
                -55.40789794921875,
                49.51522445678711
              ],
              [
                -55.234500885009766,
                49.316287994384766
              ],
              [
                -54.9841423034668,
                49.316287994384766
              ],
              [
                -54.96017074584961,
                49.44889450073242
              ],
              [
                -54.7095832824707,
                49.44889450073242
              ],
              [
                -54.76923370361328,
                49.58156967163086
              ],
              [
                -54.51841735839844,
                49.58156967163086
              ],
              [
                -54.45899200439453,
                49.44889450073242
              ],
              [
                -53.903682708740234,
                49.51522445678711
              ],
              [
                -53.48197555541992,
                49.316287994384766
              ],
              [
                -53.42416000366211,
                49.18375015258789
              ],
              [
                -53.590919494628906,
                49.18375015258789
              ],
              [
                -53.671207427978516,
                48.98506164550781
              ],
              [
                -53.83774185180664,
                48.98506164550781
              ],
              [
                -54.00135040283203,
                48.786521911621094
              ],
              [
                -53.80466842651367,
                48.52202224731445
              ],
              [
                -53.55563735961914,
                48.52202224731445
              ],
              [
                -53.52892303466797,
                48.654239654541016
              ],
              [
                -53.25159454345703,
                48.5881233215332
              ],
              [
                -53.22472381591797,
                48.72037124633789
              ],
              [
                -53.05848693847656,
                48.72037124633789
              ],
              [
                -52.9467658996582,
                48.455936431884766
              ],
              [
                -53.11271286010742,
                48.455936431884766
              ],
              [
                -53.084922790527344,
                48.38986587524414
              ],
              [
                -53.25080108642578,
                48.38986587524414
              ],
              [
                -53.4990348815918,
                48.191749572753906
              ],
              [
                -53.83035659790039,
                48.191749572753906
              ],
              [
                -53.63689041137695,
                47.92780685424805
              ],
              [
                -53.82990264892578,
                47.79592514038086
              ],
              [
                -53.58287811279297,
                47.598209381103516
              ],
              [
                -53.6373291015625,
                47.730003356933594
              ],
              [
                -53.49943161010742,
                47.79592514038086
              ],
              [
                -53.49898147583008,
                47.993770599365234
              ],
              [
                -53.333534240722656,
                47.993770599365234
              ],
              [
                -53.1677131652832,
                48.191749572753906
              ],
              [
                -52.91922378540039,
                48.191749572753906
              ],
              [
                -52.86445617675781,
                48.059749603271484
              ],
              [
                -53.22441482543945,
                47.730003356933594
              ],
              [
                -53.225852966308594,
                47.53233337402344
              ],
              [
                -53.06089782714844,
                47.53233337402344
              ],
              [
                -52.921104431152344,
                47.79592514038086
              ],
              [
                -52.7558708190918,
                47.79592514038086
              ],
              [
                -52.621849060058594,
                47.46647262573242
              ],
              [
                -52.70429229736328,
                47.46647262573242
              ],
              [
                -52.6805534362793,
                47.20316696166992
              ],
              [
                -52.8187255859375,
                47.13737487792969
              ],
              [
                -52.766056060791016,
                47.005828857421875
              ],
              [
                -52.9041633605957,
                46.94007873535156
              ],
              [
                -52.85176086425781,
                46.808616638183594
              ],
              [
                -53.019657135009766,
                46.61152267456055
              ],
              [
                -53.6756706237793,
                46.61152267456055
              ],
              [
                -53.75489044189453,
                46.808616638183594
              ],
              [
                -53.617156982421875,
                46.87434005737305
              ],
              [
                -53.67030334472656,
                47.005828857421875
              ],
              [
                -53.919097900390625,
                46.808616638183594
              ],
              [
                -54.24750900268555,
                46.808616638183594
              ],
              [
                -54.27264404296875,
                47.07159423828125
              ],
              [
                -53.913814544677734,
                47.4006233215332
              ],
              [
                -54.105350494384766,
                47.86185836791992
              ],
              [
                -54.49067687988281,
                47.4006233215332
              ],
              [
                -55.01252746582031,
                47.26897048950195
              ],
              [
                -55.012786865234375,
                47.07159423828125
              ],
              [
                -55.36927032470703,
                46.94007873535156
              ],
              [
                -55.34202194213867,
                46.87434005737305
              ],
              [
                -55.999114990234375,
                46.87434005737305
              ],
              [
                -56.08188247680664,
                47.07159423828125
              ],
              [
                -55.42422866821289,
                47.26897048950195
              ],
              [
                -55.28781509399414,
                47.53233337402344
              ],
              [
                -55.04037857055664,
                47.53233337402344
              ],
              [
                -55.09592819213867,
                47.664100646972656
              ],
              [
                -55.42612075805664,
                47.664100646972656
              ],
              [
                -55.37029266357422,
                47.53233337402344
              ],
              [
                -55.479591369628906,
                47.4006233215332
              ],
              [
                -55.837158203125,
                47.46647262573242
              ],
              [
                -55.8670654296875,
                47.730003356933594
              ],
              [
                -56.1973991394043,
                47.730003356933594
              ],
              [
                -56.22330093383789,
                47.598209381103516
              ],
              [
                -56.635868072509766,
                47.598209381103516
              ],
              [
                -56.60747146606445,
                47.53233337402344
              ],
              [
                -57.985111236572266,
                47.664100646972656
              ],
              [
                -59.358802795410156,
                47.598209381103516
              ],
              [
                -59.44792175292969,
                47.79592514038086
              ],
              [
                -59.36530685424805,
                47.79592514038086
              ],
              [
                -59.50775909423828,
                47.92780685424805
              ],
              [
                -59.34977722167969,
                48.1257438659668
              ],
              [
                -58.5889892578125,
                48.455936431884766
              ],
              [
                -59.200321197509766,
                48.52202224731445
              ],
              [
                -59.261634826660156,
                48.654239654541016
              ],
              [
                -58.90755081176758,
                48.786521911621094
              ],
              [
                -58.76313781738281,
                48.654239654541016
              ],
              [
                -58.771976470947266,
                48.852684020996094
              ],
              [
                -58.56254196166992,
                49.11750411987305
              ],
              [
                -58.14583969116211,
                49.11750411987305
              ],
              [
                -58.35353088378906,
                49.38258361816406
              ],
              [
                -58.27003860473633,
                49.38258361816406
              ],
              [
                -58.33275604248047,
                49.51522445678711
              ],
              [
                -57.94624710083008,
                49.58156967163086
              ],
              [
                -58.0726318359375,
                49.84712600708008
              ],
              [
                -57.67755889892578,
                50.2459831237793
              ],
              [
                -57.7421989440918,
                50.37908172607422
              ],
              [
                -57.53587341308594,
                50.64549255371094
              ],
              [
                -57.367401123046875,
                50.64549255371094
              ],
              [
                -57.432891845703125,
                50.77880859375
              ],
              [
                -57.12836837768555,
                50.84549331665039
              ],
              [
                -56.88615798950195,
                51.37968063354492
              ],
              [
                -56.580711364746094,
                51.44654083251953
              ],
              [
                -56.6141357421875,
                51.51342010498047
              ],
              [
                -56.2750358581543,
                51.51342010498047
              ],
              [
                -56.17214584350586,
                51.64724349975586
              ],
              [
                -55.460227966308594,
                51.580322265625
              ],
              [
                -55.53112030029297,
                51.37968063354492
              ],
              [
                -55.95457077026367,
                51.37968063354492
              ],
              [
                -55.97346115112305,
                51.24601745605469
              ],
              [
                -55.80424880981445,
                51.24601745605469
              ],
              [
                -55.70660400390625,
                51.04566955566406
              ],
              [
                -55.91518783569336,
                50.77880859375
              ],
              [
                -56.16813659667969,
                50.77880859375
              ],
              [
                -56.135948181152344,
                50.71213912963867
              ],
              [
                -56.22022247314453,
                50.71213912963867
              ],
              [
                -56.156089782714844,
                50.578861236572266
              ],
              [
                -56.60637283325195,
                50.11296081542969
              ],
              [
                -56.407161712646484,
                50.04647445678711
              ],
              [
                -56.38607406616211,
                50.17946243286133
              ],
              [
                -56.218162536621094,
                50.17946243286133
              ],
              [
                -56.1555290222168,
                50.04647445678711
              ],
              [
                -55.56839370727539,
                50.04647445678711
              ]
            ]
          ],
          [
            [
              [
                -61.77073287963867,
                56.524986267089844
              ],
              [
                -61.85902786254883,
                56.524986267089844
              ],
              [
                -61.688087463378906,
                56.25059127807617
              ],
              [
                -61.51192092895508,
                56.25059127807617
              ],
              [
                -61.29731750488281,
                56.04508590698242
              ],
              [
                -61.335750579833984,
                56.25059127807617
              ],
              [
                -61.15958023071289,
                56.25059127807617
              ],
              [
                -60.94560241699219,
                56.04508590698242
              ],
              [
                -61.1214599609375,
                56.04508590698242
              ],
              [
                -61.12571716308594,
                55.90821838378906
              ],
              [
                -60.469635009765625,
                55.83982467651367
              ],
              [
                -60.31796646118164,
                55.29362487792969
              ],
              [
                -59.26954650878906,
                55.29362487792969
              ],
              [
                -58.684085845947266,
                54.88506317138672
              ],
              [
                -57.93907928466797,
                54.95309066772461
              ],
              [
                -57.91051483154297,
                54.74907684326172
              ],
              [
                -57.437557220458984,
                54.681121826171875
              ],
              [
                -57.32387924194336,
                54.47740173339844
              ],
              [
                -57.980018615722656,
                54.4095458984375
              ],
              [
                -57.942054748535156,
                54.341712951660156
              ],
              [
                -58.202091217041016,
                54.341712951660156
              ],
              [
                -58.164093017578125,
                54.27390670776367
              ],
              [
                -57.55767822265625,
                54.27390670776367
              ],
              [
                -57.124427795410156,
                53.799922943115234
              ],
              [
                -56.18907165527344,
                53.664710998535156
              ],
              [
                -55.909156799316406,
                53.462066650390625
              ],
              [
                -55.73207092285156,
                53.124786376953125
              ],
              [
                -56.04011535644531,
                53.057395935058594
              ],
              [
                -55.8492431640625,
                52.85536575317383
              ],
              [
                -55.985633850097656,
                52.78806686401367
              ],
              [
                -55.761634826660156,
                52.51908493041992
              ],
              [
                -55.676231384277344,
                52.18334197998047
              ],
              [
                -55.83022689819336,
                51.98215103149414
              ],
              [
                -56.00037384033203,
                51.98215103149414
              ],
              [
                -56.017974853515625,
                51.84812545776367
              ],
              [
                -56.18795394897461,
                51.84812545776367
              ],
              [
                -56.2905387878418,
                51.71418380737305
              ],
              [
                -56.54524612426758,
                51.71418380737305
              ],
              [
                -56.698909759521484,
                51.51342010498047
              ],
              [
                -57.089107513427734,
                51.44654083251953
              ],
              [
                -57.088687896728516,
                51.78114318847656
              ],
              [
                -57.00374221801758,
                51.78114318847656
              ],
              [
                -57.07203674316406,
                51.91512680053711
              ],
              [
                -56.987003326416016,
                51.91512680053711
              ],
              [
                -57.05564498901367,
                52.0491943359375
              ],
              [
                -56.766048431396484,
                51.98215103149414
              ],
              [
                -56.66432189941406,
                52.11625671386719
              ],
              [
                -56.49399948120117,
                52.11625671386719
              ],
              [
                -56.528282165527344,
                52.18334197998047
              ],
              [
                -56.357872009277344,
                52.18334197998047
              ],
              [
                -56.80643844604492,
                52.720787048339844
              ],
              [
                -56.72087478637695,
                52.720787048339844
              ],
              [
                -56.79139709472656,
                52.85536575317383
              ],
              [
                -56.398338317871094,
                52.92268753051758
              ],
              [
                -56.54018020629883,
                53.192195892333984
              ],
              [
                -56.31813430786133,
                53.25962829589844
              ],
              [
                -56.7697868347168,
                53.462066650390625
              ],
              [
                -57.299503326416016,
                53.32708740234375
              ],
              [
                -57.66707992553711,
                53.52959060668945
              ],
              [
                -57.679317474365234,
                53.86756134033203
              ],
              [
                -58.456417083740234,
                53.86756134033203
              ],
              [
                -58.41888427734375,
                53.799922943115234
              ],
              [
                -58.67777633666992,
                53.799922943115234
              ],
              [
                -58.64021301269531,
                53.732303619384766
              ],
              [
                -58.812713623046875,
                53.732303619384766
              ],
              [
                -58.77516174316406,
                53.664710998535156
              ],
              [
                -58.94757080078125,
                53.664710998535156
              ],
              [
                -58.910037994384766,
                53.597137451171875
              ],
              [
                -59.35167694091797,
                53.462066650390625
              ],
              [
                -59.31419372558594,
                53.39456558227539
              ],
              [
                -59.84103012084961,
                53.25962829589844
              ],
              [
                -59.85202407836914,
                53.124786376953125
              ],
              [
                -60.45285415649414,
                53.124786376953125
              ],
              [
                -60.85313034057617,
                53.52959060668945
              ],
              [
                -61.03853988647461,
                54.00291442871094
              ],
              [
                -60.39467239379883,
                53.93522644042969
              ],
              [
                -60.43346405029297,
                54.00291442871094
              ],
              [
                -59.81910705566406,
                54.138362884521484
              ],
              [
                -59.857852935791016,
                54.20612335205078
              ],
              [
                -59.59810256958008,
                54.20612335205078
              ],
              [
                -59.63681411743164,
                54.27390670776367
              ],
              [
                -59.06888198852539,
                54.341712951660156
              ],
              [
                -59.14617156982422,
                54.47740173339844
              ],
              [
                -59.48451232910156,
                54.613189697265625
              ],
              [
                -59.918880462646484,
                54.613189697265625
              ],
              [
                -60.21149444580078,
                54.817054748535156
              ],
              [
                -60.6465950012207,
                54.817054748535156
              ],
              [
                -60.941532135009766,
                55.021148681640625
              ],
              [
                -60.97610855102539,
                55.225467681884766
              ],
              [
                -60.8421745300293,
                55.29362487792969
              ],
              [
                -60.91853332519531,
                55.56651306152344
              ],
              [
                -61.95838928222656,
                55.97663879394531
              ],
              [
                -62.82786178588867,
                56.937416076660156
              ],
              [
                -62.117820739746094,
                57.07511901855469
              ],
              [
                -62.24993896484375,
                57.28189468383789
              ],
              [
                -62.56103515625,
                57.35087585449219
              ],
              [
                -62.74002456665039,
                57.62710189819336
              ],
              [
                -62.51743698120117,
                57.696231842041016
              ],
              [
                -62.56244659423828,
                57.7653923034668
              ],
              [
                -62.87708282470703,
                57.97305679321289
              ],
              [
                -63.23284149169922,
                57.8345832824707
              ],
              [
                -63.50312805175781,
                57.97305679321289
              ],
              [
                -63.418922424316406,
                58.2503662109375
              ],
              [
                -62.703773498535156,
                58.38920593261719
              ],
              [
                -62.65781784057617,
                58.31977081298828
              ],
              [
                -62.747535705566406,
                58.31977081298828
              ],
              [
                -62.475242614746094,
                58.042335510253906
              ],
              [
                -61.98273468017578,
                57.97305679321289
              ],
              [
                -61.848304748535156,
                57.7653923034668
              ],
              [
                -62.02684020996094,
                57.7653923034668
              ],
              [
                -61.804664611816406,
                57.41988754272461
              ],
              [
                -61.89365768432617,
                57.41988754272461
              ],
              [
                -61.805519104003906,
                57.28189468383789
              ],
              [
                -61.4515380859375,
                57.14401626586914
              ],
              [
                -61.32142639160156,
                56.937416076660156
              ],
              [
                -61.455413818359375,
                56.86860656738281
              ],
              [
                -61.412288665771484,
                56.799827575683594
              ],
              [
                -61.326393127441406,
                56.662349700927734
              ],
              [
                -61.679996490478516,
                56.662349700927734
              ],
              [
                -61.85482406616211,
                56.799827575683594
              ],
              [
                -61.768394470214844,
                56.662349700927734
              ],
              [
                -61.85679626464844,
                56.662349700927734
              ],
              [
                -61.77073287963867,
                56.524986267089844
              ]
            ]
          ],
          [
            [
              [
                166.3932647705078,
                -50.719669342041016
              ],
              [
                166.2168426513672,
                -50.786338806152344
              ],
              [
                166.2860870361328,
                -50.919734954833984
              ],
              [
                166.20167541503906,
                -50.919734954833984
              ],
              [
                166.0328826904297,
                -50.919734954833984
              ],
              [
                165.8115692138672,
                -50.653018951416016
              ],
              [
                166.1568145751953,
                -50.586387634277344
              ],
              [
                166.08114624023438,
                -50.519771575927734
              ],
              [
                166.32522583007812,
                -50.586387634277344
              ],
              [
                166.3932647705078,
                -50.719669342041016
              ]
            ]
          ],
          [
            [
              [
                170.755615234375,
                -45.89723205566406
              ],
              [
                170.59231567382812,
                -45.89723205566406
              ],
              [
                170.65711975097656,
                -45.9627799987793
              ],
              [
                170.33041381835938,
                -45.9627799987793
              ],
              [
                170.17144775390625,
                -45.63515853881836
              ],
              [
                170.6605224609375,
                -45.63515853881836
              ],
              [
                170.70787048339844,
                -45.766170501708984
              ],
              [
                170.6262969970703,
                -45.766170501708984
              ],
              [
                170.755615234375,
                -45.89723205566406
              ]
            ]
          ],
          [
            [
              [
                172.65867614746094,
                -43.93598937988281
              ],
              [
                172.37237548828125,
                -43.805572509765625
              ],
              [
                172.3285675048828,
                -43.67519760131836
              ],
              [
                172.44618225097656,
                -43.54486083984375
              ],
              [
                172.32266235351562,
                -43.4145622253418
              ],
              [
                172.40310668945312,
                -43.4145622253418
              ],
              [
                172.34152221679688,
                -43.34942626953125
              ],
              [
                172.6820068359375,
                -43.2843017578125
              ],
              [
                172.83030700683594,
                -43.610023498535156
              ],
              [
                172.74977111816406,
                -43.610023498535156
              ],
              [
                172.97311401367188,
                -43.67519760131836
              ],
              [
                173.142822265625,
                -43.93598937988281
              ],
              [
                172.65867614746094,
                -43.93598937988281
              ]
            ]
          ],
          [
            [
              [
                148.33583068847656,
                -41.140167236328125
              ],
              [
                148.2563934326172,
                -41.140167236328125
              ],
              [
                148.32278442382812,
                -41.334712982177734
              ],
              [
                148.24327087402344,
                -41.334712982177734
              ],
              [
                148.3411865234375,
                -41.464447021484375
              ],
              [
                148.23118591308594,
                -41.529327392578125
              ],
              [
                148.3298797607422,
                -41.65911102294922
              ],
              [
                148.2200927734375,
                -41.72401428222656
              ],
              [
                148.31956481933594,
                -41.85384750366211
              ],
              [
                148.20997619628906,
                -41.91877746582031
              ],
              [
                148.3816680908203,
                -42.24354934692383
              ],
              [
                147.9821014404297,
                -42.24354934692383
              ],
              [
                148.05419921875,
                -42.438514709472656
              ],
              [
                147.8006134033203,
                -42.82868576049805
              ],
              [
                148.0358428955078,
                -43.023895263671875
              ],
              [
                147.92718505859375,
                -43.08898162841797
              ],
              [
                148.003173828125,
                -43.2843017578125
              ],
              [
                147.28482055664062,
                -43.08898162841797
              ],
              [
                147.36007690429688,
                -43.2843017578125
              ],
              [
                146.95814514160156,
                -43.2843017578125
              ],
              [
                147.06214904785156,
                -43.4145622253418
              ],
              [
                146.92510986328125,
                -43.54486083984375
              ],
              [
                146.97744750976562,
                -43.610023498535156
              ],
              [
                146.8163604736328,
                -43.610023498535156
              ],
              [
                146.86874389648438,
                -43.67519760131836
              ],
              [
                145.93045043945312,
                -43.610023498535156
              ],
              [
                145.82669067382812,
                -43.479705810546875
              ],
              [
                145.93588256835938,
                -43.4145622253418
              ],
              [
                145.72341918945312,
                -43.34942626953125
              ],
              [
                145.06398010253906,
                -42.50352096557617
              ],
              [
                145.14401245117188,
                -42.50352096557617
              ],
              [
                144.99481201171875,
                -42.308528900146484
              ],
              [
                145.18508911132812,
                -42.24354934692383
              ],
              [
                145.08639526367188,
                -42.11361312866211
              ],
              [
                145.16624450683594,
                -42.11361312866211
              ],
              [
                144.60125732421875,
                -41.464447021484375
              ],
              [
                144.6808319091797,
                -41.464447021484375
              ],
              [
                144.4479217529297,
                -40.81608581542969
              ],
              [
                144.62628173828125,
                -40.621726989746094
              ],
              [
                145.0030059814453,
                -40.81608581542969
              ],
              [
                145.1942901611328,
                -40.75128936767578
              ],
              [
                146.0322265625,
                -41.140167236328125
              ],
              [
                147.12796020507812,
                -41.01051330566406
              ],
              [
                147.20733642578125,
                -41.01051330566406
              ],
              [
                147.36610412597656,
                -41.01051330566406
              ],
              [
                147.35009765625,
                -40.88088607788086
              ],
              [
                147.74671936035156,
                -40.88088607788086
              ],
              [
                147.73095703125,
                -40.75128936767578
              ],
              [
                147.96878051757812,
                -40.75128936767578
              ],
              [
                148.33583068847656,
                -41.140167236328125
              ]
            ]
          ],
          [
            [
              [
                173.18978881835938,
                -41.399574279785156
              ],
              [
                172.9952850341797,
                -41.26985549926758
              ],
              [
                173.45944213867188,
                -41.07533645629883
              ],
              [
                173.6092987060547,
                -41.334712982177734
              ],
              [
                173.6670684814453,
                -41.399574279785156
              ],
              [
                173.72500610351562,
                -41.464447021484375
              ],
              [
                173.56585693359375,
                -41.464447021484375
              ],
              [
                173.62391662597656,
                -41.529327392578125
              ],
              [
                173.1463165283203,
                -41.529327392578125
              ],
              [
                173.0884246826172,
                -41.464447021484375
              ],
              [
                173.18978881835938,
                -41.399574279785156
              ]
            ]
          ],
          [
            [
              [
                175.39645385742188,
                -40.75128936767578
              ],
              [
                175.47572326660156,
                -40.75128936767578
              ],
              [
                175.53265380859375,
                -40.81608581542969
              ],
              [
                175.45335388183594,
                -40.81608581542969
              ],
              [
                175.39645385742188,
                -40.75128936767578
              ]
            ]
          ],
          [
            [
              [
                175.1846466064453,
                -41.140167236328125
              ],
              [
                174.72254943847656,
                -41.334712982177734
              ],
              [
                174.78070068359375,
                -41.399574279785156
              ],
              [
                174.54205322265625,
                -41.399574279785156
              ],
              [
                174.44784545898438,
                -41.20500946044922
              ],
              [
                174.8093719482422,
                -41.07533645629883
              ],
              [
                174.841552734375,
                -40.75128936767578
              ],
              [
                175.00010681152344,
                -40.75128936767578
              ],
              [
                174.9663543701172,
                -40.621726989746094
              ],
              [
                175.11483764648438,
                -40.427433013916016
              ],
              [
                174.97210693359375,
                -40.168479919433594
              ],
              [
                175.0511474609375,
                -40.168479919433594
              ],
              [
                174.6745147705078,
                -39.909637451171875
              ],
              [
                173.7754364013672,
                -39.586238861083984
              ],
              [
                173.51263427734375,
                -39.26300048828125
              ],
              [
                173.59130859375,
                -39.26300048828125
              ],
              [
                173.5660858154297,
                -39.133750915527344
              ],
              [
                174.09153747558594,
                -39.0045280456543
              ],
              [
                174.14202880859375,
                -39.26300048828125
              ],
              [
                173.95831298828125,
                -39.32763671875
              ],
              [
                174.11636352539062,
                -39.521575927734375
              ],
              [
                175.14808654785156,
                -39.909637451171875
              ],
              [
                175.4225616455078,
                -40.23320770263672
              ],
              [
                175.3199005126953,
                -40.297943115234375
              ],
              [
                175.431396484375,
                -40.427433013916016
              ],
              [
                175.3522491455078,
                -40.427433013916016
              ],
              [
                175.54367065429688,
                -40.55695343017578
              ],
              [
                175.28323364257812,
                -40.621726989746094
              ],
              [
                175.39645385742188,
                -40.75128936767578
              ],
              [
                175.2947540283203,
                -40.81608581542969
              ],
              [
                175.35179138183594,
                -40.88088607788086
              ],
              [
                175.19314575195312,
                -40.88088607788086
              ],
              [
                175.1846466064453,
                -41.140167236328125
              ]
            ]
          ],
          [
            [
              [
                148.00335693359375,
                -40.36268615722656
              ],
              [
                147.68133544921875,
                -39.909637451171875
              ],
              [
                147.76025390625,
                -39.909637451171875
              ],
              [
                147.6697235107422,
                -39.78025817871094
              ],
              [
                147.78240966796875,
                -39.715576171875
              ],
              [
                147.8274688720703,
                -39.78025817871094
              ],
              [
                148.20054626464844,
                -39.97433853149414
              ],
              [
                148.25949096679688,
                -40.168479919433594
              ],
              [
                148.1804656982422,
                -40.168479919433594
              ],
              [
                148.38143920898438,
                -40.55695343017578
              ],
              [
                148.06468200683594,
                -40.55695343017578
              ],
              [
                147.9242401123047,
                -40.36268615722656
              ],
              [
                148.00335693359375,
                -40.36268615722656
              ]
            ]
          ],
          [
            [
              [
                146.20465087890625,
                -38.29420852661133
              ],
              [
                146.04803466796875,
                -38.29420852661133
              ],
              [
                145.96563720703125,
                -38.165130615234375
              ],
              [
                146.0438995361328,
                -38.165130615234375
              ],
              [
                146.12216186523438,
                -38.165130615234375
              ],
              [
                146.20465087890625,
                -38.29420852661133
              ]
            ]
          ],
          [
            [
              [
                146.398193359375,
                -38.22966766357422
              ],
              [
                146.2416229248047,
                -38.22966766357422
              ],
              [
                146.1593780517578,
                -38.10060119628906
              ],
              [
                146.23760986328125,
                -38.10060119628906
              ],
              [
                146.31585693359375,
                -38.10060119628906
              ],
              [
                146.398193359375,
                -38.22966766357422
              ]
            ]
          ],
          [
            [
              [
                144.51014709472656,
                -37.71352767944336
              ],
              [
                144.47047424316406,
                -37.64903259277344
              ],
              [
                144.78277587890625,
                -37.64903259277344
              ],
              [
                145.01870727539062,
                -37.77802658081055
              ],
              [
                145.3844451904297,
                -38.3587532043457
              ],
              [
                145.03399658203125,
                -38.42330551147461
              ],
              [
                145.03846740722656,
                -38.552425384521484
              ],
              [
                144.80325317382812,
                -38.552425384521484
              ],
              [
                144.60110473632812,
                -38.3587532043457
              ],
              [
                144.2504119873047,
                -38.42330551147461
              ],
              [
                144.17205810546875,
                -38.42330551147461
              ],
              [
                144.05276489257812,
                -38.3587532043457
              ],
              [
                144.1278839111328,
                -38.22966766357422
              ],
              [
                144.00662231445312,
                -38.036075592041016
              ],
              [
                144.35743713378906,
                -37.9715576171875
              ],
              [
                144.31558227539062,
                -37.77802658081055
              ],
              [
                144.51014709472656,
                -37.71352767944336
              ]
            ]
          ],
          [
            [
              [
                147.33297729492188,
                -38.10060119628906
              ],
              [
                147.4112091064453,
                -38.10060119628906
              ],
              [
                147.32504272460938,
                -37.842533111572266
              ],
              [
                147.5594940185547,
                -37.842533111572266
              ],
              [
                147.83921813964844,
                -38.036075592041016
              ],
              [
                147.37437438964844,
                -38.165130615234375
              ],
              [
                147.33297729492188,
                -38.10060119628906
              ]
            ]
          ],
          [
            [
              [
                147.13526916503906,
                -38.036075592041016
              ],
              [
                146.9788360595703,
                -38.036075592041016
              ],
              [
                146.8969268798828,
                -37.907039642333984
              ],
              [
                146.97509765625,
                -37.907039642333984
              ],
              [
                147.0532684326172,
                -37.907039642333984
              ],
              [
                147.13526916503906,
                -38.036075592041016
              ]
            ]
          ],
          [
            [
              [
                149.96893310546875,
                -37.45557403564453
              ],
              [
                149.89479064941406,
                -37.58454132080078
              ],
              [
                149.73867797851562,
                -37.58454132080078
              ],
              [
                149.61619567871094,
                -37.3911018371582
              ],
              [
                149.69418334960938,
                -37.3911018371582
              ],
              [
                149.5685577392578,
                -36.93989562988281
              ],
              [
                149.64639282226562,
                -36.93989562988281
              ],
              [
                149.60665893554688,
                -36.87545394897461
              ],
              [
                149.68310546875,
                -36.746585845947266
              ],
              [
                149.95599365234375,
                -36.81101608276367
              ],
              [
                149.8041229248047,
                -37.06878662109375
              ],
              [
                149.96546936035156,
                -37.326629638671875
              ],
              [
                149.88751220703125,
                -37.326629638671875
              ],
              [
                149.96893310546875,
                -37.45557403564453
              ]
            ]
          ],
          [
            [
              [
                145.52487182617188,
                -36.55331039428711
              ],
              [
                145.3694610595703,
                -36.55331039428711
              ],
              [
                145.29385375976562,
                -36.42448043823242
              ],
              [
                145.37152099609375,
                -36.42448043823242
              ],
              [
                145.4491729736328,
                -36.42448043823242
              ],
              [
                145.52487182617188,
                -36.55331039428711
              ]
            ]
          ],
          [
            [
              [
                145.5667724609375,
                -36.360069274902344
              ],
              [
                145.49168395996094,
                -36.23126220703125
              ],
              [
                145.56927490234375,
                -36.23126220703125
              ],
              [
                145.64686584472656,
                -36.23126220703125
              ],
              [
                145.7220458984375,
                -36.360069274902344
              ],
              [
                145.5667724609375,
                -36.360069274902344
              ]
            ]
          ],
          [
            [
              [
                144.6754150390625,
                -36.2956657409668
              ],
              [
                144.6010284423828,
                -36.166866302490234
              ],
              [
                144.67860412597656,
                -36.166866302490234
              ],
              [
                144.7561798095703,
                -36.166866302490234
              ],
              [
                144.8306427001953,
                -36.2956657409668
              ],
              [
                144.6754150390625,
                -36.2956657409668
              ]
            ]
          ],
          [
            [
              [
                146.00335693359375,
                -35.909305572509766
              ],
              [
                146.08084106445312,
                -35.909305572509766
              ],
              [
                146.1179656982422,
                -35.973690032958984
              ],
              [
                146.04046630859375,
                -35.973690032958984
              ],
              [
                146.00335693359375,
                -35.909305572509766
              ]
            ]
          ],
          [
            [
              [
                146.0069122314453,
                -35.78054428100586
              ],
              [
                146.31329345703125,
                -35.909305572509766
              ],
              [
                146.35049438476562,
                -35.973690032958984
              ],
              [
                146.08084106445312,
                -35.909305572509766
              ],
              [
                146.0069122314453,
                -35.78054428100586
              ]
            ]
          ],
          [
            [
              [
                149.06951904296875,
                -35.58742904663086
              ],
              [
                148.9147491455078,
                -35.58742904663086
              ],
              [
                148.84030151367188,
                -35.45869827270508
              ],
              [
                148.91763305664062,
                -35.45869827270508
              ],
              [
                148.99497985839844,
                -35.45869827270508
              ],
              [
                149.06951904296875,
                -35.58742904663086
              ]
            ]
          ],
          [
            [
              [
                148.7259063720703,
                -35.39434051513672
              ],
              [
                148.80322265625,
                -35.39434051513672
              ],
              [
                148.84030151367188,
                -35.45869827270508
              ],
              [
                148.76295471191406,
                -35.45869827270508
              ],
              [
                148.7259063720703,
                -35.39434051513672
              ]
            ]
          ],
          [
            [
              [
                148.7259063720703,
                -35.39434051513672
              ],
              [
                148.57125854492188,
                -35.39434051513672
              ],
              [
                148.49757385253906,
                -35.265628814697266
              ],
              [
                148.57484436035156,
                -35.265628814697266
              ],
              [
                148.65213012695312,
                -35.265628814697266
              ],
              [
                148.7259063720703,
                -35.39434051513672
              ]
            ]
          ],
          [
            [
              [
                173.31288146972656,
                -34.815216064453125
              ],
              [
                173.39817810058594,
                -34.94389343261719
              ],
              [
                174.1883087158203,
                -35.20127487182617
              ],
              [
                174.4069366455078,
                -35.52306365966797
              ],
              [
                174.2962646484375,
                -35.58742904663086
              ],
              [
                174.0535888671875,
                -35.45869827270508
              ],
              [
                173.9762420654297,
                -35.45869827270508
              ],
              [
                173.44979858398438,
                -35.136924743652344
              ],
              [
                172.98635864257812,
                -35.136924743652344
              ],
              [
                172.5207061767578,
                -34.42924118041992
              ],
              [
                172.8287811279297,
                -34.42924118041992
              ],
              [
                173.12399291992188,
                -34.879554748535156
              ],
              [
                173.31288146972656,
                -34.815216064453125
              ]
            ]
          ],
          [
            [
              [
                146.2256622314453,
                -35.07257843017578
              ],
              [
                146.07122802734375,
                -35.07257843017578
              ],
              [
                145.99977111816406,
                -34.94389343261719
              ],
              [
                146.0769500732422,
                -34.94389343261719
              ],
              [
                146.1541290283203,
                -34.94389343261719
              ],
              [
                146.2256622314453,
                -35.07257843017578
              ]
            ]
          ],
          [
            [
              [
                151.54835510253906,
                -33.2717399597168
              ],
              [
                151.39500427246094,
                -33.2717399597168
              ],
              [
                151.310791015625,
                -33.40032196044922
              ],
              [
                151.3385467529297,
                -33.59321212768555
              ],
              [
                151.1850128173828,
                -33.59321212768555
              ],
              [
                151.28424072265625,
                -33.91472625732422
              ],
              [
                151.00653076171875,
                -34.1076545715332
              ],
              [
                151.078125,
                -34.23628616333008
              ],
              [
                150.92420959472656,
                -34.23628616333008
              ],
              [
                150.83740234375,
                -34.49356460571289
              ],
              [
                150.6062774658203,
                -34.49356460571289
              ],
              [
                150.7923583984375,
                -34.68655014038086
              ],
              [
                150.6304931640625,
                -34.94389343261719
              ],
              [
                150.81869506835938,
                -35.136924743652344
              ],
              [
                150.5869903564453,
                -35.136924743652344
              ],
              [
                150.66140747070312,
                -35.265628814697266
              ],
              [
                150.4295654296875,
                -35.265628814697266
              ],
              [
                150.30764770507812,
                -35.58742904663086
              ],
              [
                149.96304321289062,
                -35.39434051513672
              ],
              [
                149.8831787109375,
                -35.52306365966797
              ],
              [
                149.65109252929688,
                -35.52306365966797
              ],
              [
                149.5392608642578,
                -35.32998275756836
              ],
              [
                149.34446716308594,
                -35.39434051513672
              ],
              [
                149.12339782714844,
                -35.008235931396484
              ],
              [
                149.20484924316406,
                -34.879554748535156
              ],
              [
                149.0601806640625,
                -34.62221908569336
              ],
              [
                148.75733947753906,
                -34.49356460571289
              ],
              [
                148.44027709960938,
                -33.91472625732422
              ],
              [
                148.55926513671875,
                -33.85042190551758
              ],
              [
                148.3871307373047,
                -33.52891540527344
              ],
              [
                148.46388244628906,
                -33.52891540527344
              ],
              [
                148.32801818847656,
                -33.2717399597168
              ],
              [
                148.40469360351562,
                -33.2717399597168
              ],
              [
                148.08404541015625,
                -32.95029830932617
              ],
              [
                148.59719848632812,
                -32.757450103759766
              ],
              [
                148.33668518066406,
                -32.243228912353516
              ],
              [
                148.45736694335938,
                -32.178955078125
              ],
              [
                148.36175537109375,
                -31.98613739013672
              ],
              [
                148.5906982421875,
                -31.98613739013672
              ],
              [
                148.5274200439453,
                -31.857595443725586
              ],
              [
                148.75625610351562,
                -31.857595443725586
              ],
              [
                148.70706176757812,
                -31.60051727294922
              ],
              [
                148.9807586669922,
                -31.53624725341797
              ],
              [
                148.94973754882812,
                -31.47197914123535
              ],
              [
                149.8369903564453,
                -31.729055404663086
              ],
              [
                149.80545043945312,
                -31.664785385131836
              ],
              [
                150.0341339111328,
                -31.664785385131836
              ],
              [
                150.04747009277344,
                -31.53624725341797
              ],
              [
                150.19985961914062,
                -31.53624725341797
              ],
              [
                150.21353149414062,
                -31.407711029052734
              ],
              [
                150.51815795898438,
                -31.407711029052734
              ],
              [
                150.9363250732422,
                -31.793325424194336
              ],
              [
                151.08885192871094,
                -31.793325424194336
              ],
              [
                151.101318359375,
                -31.664785385131836
              ],
              [
                151.40621948242188,
                -31.664785385131836
              ],
              [
                151.54641723632812,
                -31.793325424194336
              ],
              [
                152.46156311035156,
                -31.793325424194336
              ],
              [
                152.4939422607422,
                -31.857595443725586
              ],
              [
                152.67901611328125,
                -31.921865463256836
              ],
              [
                152.43907165527344,
                -32.05040740966797
              ],
              [
                152.5181884765625,
                -32.50033187866211
              ],
              [
                152.08367919921875,
                -32.69316864013672
              ],
              [
                152.03224182128906,
                -32.88601303100586
              ],
              [
                151.68341064453125,
                -32.95029830932617
              ],
              [
                151.54835510253906,
                -33.2717399597168
              ]
            ]
          ],
          [
            [
              [
                147.7777099609375,
                -32.95029830932617
              ],
              [
                147.71170043945312,
                -32.82173156738281
              ],
              [
                147.7882537841797,
                -32.82173156738281
              ],
              [
                147.8647918701172,
                -32.82173156738281
              ],
              [
                147.93087768554688,
                -32.95029830932617
              ],
              [
                147.7777099609375,
                -32.95029830932617
              ]
            ]
          ],
          [
            [
              [
                146.9850311279297,
                -31.664785385131836
              ],
              [
                146.83258056640625,
                -31.664785385131836
              ],
              [
                146.77114868164062,
                -31.53624725341797
              ],
              [
                146.84735107421875,
                -31.53624725341797
              ],
              [
                146.9235382080078,
                -31.53624725341797
              ],
              [
                146.9850311279297,
                -31.664785385131836
              ]
            ]
          ],
          [
            [
              [
                152.6892547607422,
                -30.700767517089844
              ],
              [
                152.91717529296875,
                -30.700767517089844
              ],
              [
                152.9813995361328,
                -31.1506404876709
              ],
              [
                152.69085693359375,
                -31.022106170654297
              ],
              [
                152.65989685058594,
                -30.95783805847168
              ],
              [
                152.6892547607422,
                -30.700767517089844
              ]
            ]
          ],
          [
            [
              [
                150.67062377929688,
                -30.443693161010742
              ],
              [
                150.518798828125,
                -30.443693161010742
              ],
              [
                150.4600067138672,
                -30.315153121948242
              ],
              [
                150.535888671875,
                -30.315153121948242
              ],
              [
                150.6117706298828,
                -30.315153121948242
              ],
              [
                150.67062377929688,
                -30.443693161010742
              ]
            ]
          ],
          [
            [
              [
                151.26531982421875,
                -30.250883102416992
              ],
              [
                151.2069091796875,
                -30.12234115600586
              ],
              [
                151.28274536132812,
                -30.12234115600586
              ],
              [
                151.35858154296875,
                -30.12234115600586
              ],
              [
                151.41705322265625,
                -30.250883102416992
              ],
              [
                151.26531982421875,
                -30.250883102416992
              ]
            ]
          ],
          [
            [
              [
                152.7581329345703,
                -29.351036071777344
              ],
              [
                152.7024383544922,
                -29.22247886657715
              ],
              [
                152.77806091308594,
                -29.22247886657715
              ],
              [
                152.8536834716797,
                -29.22247886657715
              ],
              [
                152.90943908691406,
                -29.351036071777344
              ],
              [
                152.7581329345703,
                -29.351036071777344
              ]
            ]
          ],
          [
            [
              [
                153.2086181640625,
                -28.451082229614258
              ],
              [
                153.23150634765625,
                -28.322511672973633
              ],
              [
                153.43162536621094,
                -28.258224487304688
              ],
              [
                153.49319458007812,
                -28.772504806518555
              ],
              [
                153.31520080566406,
                -28.708221435546875
              ],
              [
                153.23507690429688,
                -28.51536750793457
              ],
              [
                153.2086181640625,
                -28.451082229614258
              ]
            ]
          ],
          [
            [
              [
                152.87615966796875,
                -28.001075744628906
              ],
              [
                152.72544860839844,
                -28.001075744628906
              ],
              [
                152.6747283935547,
                -27.87249755859375
              ],
              [
                152.7500457763672,
                -27.87249755859375
              ],
              [
                152.82537841796875,
                -27.87249755859375
              ],
              [
                152.87615966796875,
                -28.001075744628906
              ]
            ]
          ],
          [
            [
              [
                151.97254943847656,
                -27.615341186523438
              ],
              [
                151.82200622558594,
                -27.615341186523438
              ],
              [
                151.7729949951172,
                -27.48676109313965
              ],
              [
                151.84825134277344,
                -27.48676109313965
              ],
              [
                151.92349243164062,
                -27.48676109313965
              ],
              [
                151.97254943847656,
                -27.615341186523438
              ]
            ]
          ],
          [
            [
              [
                152.77760314941406,
                -27.358179092407227
              ],
              [
                152.87960815429688,
                -27.229597091674805
              ],
              [
                153.10292053222656,
                -27.422470092773438
              ],
              [
                153.25205993652344,
                -27.808208465576172
              ],
              [
                153.05128479003906,
                -27.679630279541016
              ],
              [
                152.9759979248047,
                -27.679630279541016
              ],
              [
                152.77760314941406,
                -27.358179092407227
              ]
            ]
          ],
          [
            [
              [
                152.80947875976562,
                -25.30082130432129
              ],
              [
                152.87179565429688,
                -25.493698120117188
              ],
              [
                152.78536987304688,
                -25.68657684326172
              ],
              [
                152.59326171875,
                -25.55799102783203
              ],
              [
                152.53073120117188,
                -25.365114212036133
              ],
              [
                152.51011657714844,
                -25.30082130432129
              ],
              [
                152.80947875976562,
                -25.30082130432129
              ]
            ]
          ]
        ]
      }
    }
  ]
}
