{
  "type": "FeatureCollection",
  "features": [
    {
      "type": "Feature",
      "properties": {
        "Name": "Tsardom of Russia",
        "FromYear": 1619,
        "ToYear": 1628,
        "Area": 5513397.130441151,
        "Type": "POLITY",
        "Wikipedia": "Tsardom of Russia",
        "Wikidata": "Q186096",
        "SeshatID": "ru_romanov_dyn_1",
        "Components": "",
        "MemberOf": "",
        "displayYear": 1627,
        "sourceYear": 1627,
        "mappedTerritoryId": "cliopatria_tsardom_of_russia"
      },
      "geometry": {
        "type": "MultiPolygon",
        "coordinates": [
          [
            [
              [
                46.28010940551758,
                43.92862319946289
              ],
              [
                46.293739318847656,
                43.99384307861328
              ],
              [
                46.21302032470703,
                43.99384307861328
              ],
              [
                46.226646423339844,
                44.05907440185547
              ],
              [
                46.307373368112664,
                44.05907440185547
              ],
              [
                46.240299224853516,
                44.12431716918945
              ],
              [
                46.24176025390625,
                44.5159797668457
              ],
              [
                46.32272720336914,
                44.5159797668457
              ],
              [
                46.37814712524414,
                44.77729415893555
              ],
              [
                46.31093215942383,
                44.842647552490234
              ],
              [
                46.473182678222656,
                44.842647552490234
              ],
              [
                46.58231735229492,
                44.973392486572266
              ],
              [
                46.80520248413086,
                45.62776184082031
              ],
              [
                47.41102600097656,
                46.1520881652832
              ],
              [
                47.37343978881836,
                46.348915100097656
              ],
              [
                47.224430084228516,
                46.414546966552734
              ],
              [
                47.25398635864258,
                46.54585266113281
              ],
              [
                47.075321197509766,
                46.480194091796875
              ],
              [
                47.119606018066406,
                46.677207946777344
              ],
              [
                46.91780471801758,
                46.87434005737305
              ],
              [
                46.7535285949707,
                46.87434005737305
              ],
              [
                46.295936584472656,
                47.4006233215332
              ],
              [
                45.43296432495117,
                47.598209381103516
              ],
              [
                45.297027587890625,
                47.730003356933594
              ],
              [
                45.326290130615234,
                47.86185836791992
              ],
              [
                44.98116683959961,
                47.79592514038086
              ],
              [
                44.40626907348633,
                48.191749572753906
              ],
              [
                43.772098541259766,
                48.323814392089844
              ],
              [
                44.04530715942383,
                49.18375015258789
              ],
              [
                44.37160110473633,
                49.51522445678711
              ],
              [
                44.4492301940918,
                49.84712600708008
              ],
              [
                44.76419448852539,
                50.11296081542969
              ],
              [
                45.19827651977539,
                51.17921447753906
              ],
              [
                45.282840728759766,
                51.17921447753906
              ],
              [
                45.2500114440918,
                51.37968063354492
              ],
              [
                45.165321350097656,
                51.37968063354492
              ],
              [
                45.28792953491211,
                51.84812545776367
              ],
              [
                46.4365348815918,
                52.92268753051758
              ],
              [
                46.533172607421875,
                53.25962829589844
              ],
              [
                46.314208984375,
                53.39456558227539
              ],
              [
                46.45903778076172,
                53.597137451171875
              ],
              [
                46.20056915283203,
                53.597137451171875
              ],
              [
                45.981048583984375,
                53.732303619384766
              ],
              [
                46.03992462158203,
                53.93522644042969
              ],
              [
                45.95353317260742,
                53.93522644042969
              ],
              [
                45.992984771728516,
                54.07062530517578
              ],
              [
                45.820011138916016,
                54.07062530517578
              ],
              [
                45.812564849853516,
                54.341712951660156
              ],
              [
                44.59906005859375,
                54.341712951660156
              ],
              [
                44.56077194213867,
                54.20612335205078
              ],
              [
                44.71478271484375,
                54.138362884521484
              ],
              [
                44.4848747253418,
                53.93522644042969
              ],
              [
                43.917301177978516,
                54.07062530517578
              ],
              [
                43.80021286010742,
                54.27390670776367
              ],
              [
                43.19379806518555,
                54.27390670776367
              ],
              [
                43.21220016479492,
                54.341712951660156
              ],
              [
                42.605445861816406,
                54.341712951660156
              ],
              [
                42.46487808227539,
                54.138362884521484
              ],
              [
                41.79012680053711,
                54.20612335205078
              ],
              [
                41.755126953125,
                54.07062530517578
              ],
              [
                41.04619216918945,
                54.00291442871094
              ],
              [
                41.01226806640625,
                53.86756134033203
              ],
              [
                41.09861373901367,
                53.86756134033203
              ],
              [
                40.945037841796875,
                53.597137451171875
              ],
              [
                40.4610481262207,
                53.732303619384766
              ],
              [
                40.207027435302734,
                53.39456558227539
              ],
              [
                39.948978424072266,
                53.39456558227539
              ],
              [
                39.80670928955078,
                52.78806686401367
              ],
              [
                39.58926773071289,
                52.586299896240234
              ],
              [
                39.453372955322266,
                51.98215103149414
              ],
              [
                39.523563385009766,
                51.91512680053711
              ],
              [
                39.08192825317383,
                51.44654083251953
              ],
              [
                38.46086120605469,
                51.31283950805664
              ],
              [
                37.579200744628906,
                50.71213912963867
              ],
              [
                36.770233154296875,
                50.445655822753906
              ],
              [
                36.433773040771484,
                50.445655822753906
              ],
              [
                35.425968170166016,
                51.37968063354492
              ],
              [
                34.86982345581055,
                51.580322265625
              ],
              [
                34.530555725097656,
                51.580322265625
              ],
              [
                34.252193450927734,
                51.44654083251953
              ],
              [
                34.30126953125,
                51.24601745605469
              ],
              [
                34.097049713134766,
                51.04566955566406
              ],
              [
                34.03960037231445,
                50.71213912963867
              ],
              [
                34.17397689819336,
                50.51224899291992
              ],
              [
                34.16267776489258,
                50.445655822753906
              ],
              [
                33.405643463134766,
                50.445655822753906
              ],
              [
                33.09078598022461,
                50.578861236572266
              ],
              [
                32.807952880859375,
                50.912200927734375
              ],
              [
                32.24917221069336,
                51.112430572509766
              ],
              [
                32.38808822631836,
                51.44654083251953
              ],
              [
                33.08866882324219,
                51.580322265625
              ],
              [
                33.134620666503906,
                51.84812545776367
              ],
              [
                32.87965393066406,
                51.84812545776367
              ],
              [
                32.73247528076172,
                51.98215103149414
              ],
              [
                32.96076965332031,
                52.31757736206055
              ],
              [
                33.59413146972656,
                52.51908493041992
              ],
              [
                33.569828033447266,
                52.85536575317383
              ],
              [
                33.69278335571289,
                53.057395935058594
              ],
              [
                33.1903076171875,
                53.124786376953125
              ],
              [
                33.424251556396484,
                53.462066650390625
              ],
              [
                32.96975326538086,
                53.799922943115234
              ],
              [
                32.99684143066406,
                54.4095458984375
              ],
              [
                33.382816314697266,
                54.613189697265625
              ],
              [
                34.19179153442383,
                54.74907684326172
              ],
              [
                34.49411392211914,
                54.95309066772461
              ],
              [
                34.43470001220703,
                55.089229583740234
              ],
              [
                34.710418701171875,
                55.15733337402344
              ],
              [
                34.67959213256836,
                55.430015563964844
              ],
              [
                34.592124938964844,
                55.430015563964844
              ],
              [
                34.80894088745117,
                56.04508590698242
              ],
              [
                32.83442687988281,
                55.83982467651367
              ],
              [
                32.81338119506836,
                56.182064056396484
              ],
              [
                33.11844253540039,
                56.387733459472656
              ],
              [
                32.316341400146484,
                56.799827575683594
              ],
              [
                31.785301208496094,
                56.799827575683594
              ],
              [
                31.481149673461914,
                56.59365463256836
              ],
              [
                31.442842483520508,
                56.387733459472656
              ],
              [
                30.636913299560547,
                56.319149017333984
              ],
              [
                30.260435104370117,
                56.182064056396484
              ],
              [
                29.996335983276367,
                56.182064056396484
              ],
              [
                29.843679428100586,
                56.319149017333984
              ],
              [
                29.87904167175293,
                56.524986267089844
              ],
              [
                29.43756866455078,
                56.524986267089844
              ],
              [
                29.414487838745117,
                56.387733459472656
              ],
              [
                29.13858413696289,
                56.319149017333984
              ],
              [
                29.09576988220215,
                56.59365463256836
              ],
              [
                28.28973960876465,
                56.524986267089844
              ],
              [
                28.31157684326172,
                56.662349700927734
              ],
              [
                28.48837661743164,
                56.662349700927734
              ],
              [
                28.477760314941406,
                57.14401626586914
              ],
              [
                28.12265968322754,
                57.14401626586914
              ],
              [
                28.100709915161133,
                57.00625228881836
              ],
              [
                27.72464370727539,
                56.86860656738281
              ],
              [
                27.678783416748047,
                57.14401626586914
              ],
              [
                27.767559051513672,
                57.14401626586914
              ],
              [
                27.800064086914062,
                57.35087585449219
              ],
              [
                27.3873348236084,
                57.55800247192383
              ],
              [
                27.72037696838379,
                57.97305679321289
              ],
              [
                27.809812545776367,
                57.97305679321289
              ],
              [
                27.977479934692383,
                57.903804779052734
              ],
              [
                28.01117706298828,
                58.11164855957031
              ],
              [
                27.921630859375,
                58.11164855957031
              ],
              [
                27.94413948059082,
                58.2503662109375
              ],
              [
                27.753662109375,
                58.180992126464844
              ],
              [
                27.664058685302734,
                58.180992126464844
              ],
              [
                27.484853744506836,
                58.180992126464844
              ],
              [
                27.54010581970215,
                58.528167724609375
              ],
              [
                27.629993438720703,
                58.528167724609375
              ],
              [
                27.719879150390625,
                58.528167724609375
              ],
              [
                27.79935646057129,
                59.015533447265625
              ],
              [
                27.720489501953125,
                59.08528518676758
              ],
              [
                27.731943130493164,
                59.15507125854492
              ],
              [
                27.93600082397461,
                59.294734954833984
              ],
              [
                28.172231674194336,
                59.08528518676758
              ],
              [
                28.726423263549805,
                59.15507125854492
              ],
              [
                28.750720977783203,
                59.294734954833984
              ],
              [
                29.293869018554688,
                59.294734954833984
              ],
              [
                29.54008674621582,
                59.15507125854492
              ],
              [
                30.082529067993164,
                59.15507125854492
              ],
              [
                30.276472091674805,
                59.22488784790039
              ],
              [
                30.302839279174805,
                59.36461639404297
              ],
              [
                30.859933853149414,
                59.434532165527344
              ],
              [
                30.79647445678711,
                59.574459075927734
              ],
              [
                30.614952087402344,
                59.574459075927734
              ],
              [
                30.655654907226562,
                59.78459548950195
              ],
              [
                30.74659538269043,
                59.78459548950195
              ],
              [
                31.103300094604492,
                60.20578384399414
              ],
              [
                31.819162368774414,
                60.135501861572266
              ],
              [
                31.86298179626465,
                60.34645080566406
              ],
              [
                32.090389251708984,
                60.557716369628906
              ],
              [
                32.165489196777344,
                60.91054153442383
              ],
              [
                31.889724731445312,
                60.91054153442383
              ],
              [
                31.857637405395508,
                61.193458557128906
              ],
              [
                31.595989227294922,
                61.264278411865234
              ],
              [
                31.610904693603516,
                61.335140228271484
              ],
              [
                31.64086151123047,
                61.47697448730469
              ],
              [
                32.05660629272461,
                61.69001388549805
              ],
              [
                32.05683135986328,
                62.117156982421875
              ],
              [
                32.19706344604492,
                62.331268310546875
              ],
              [
                32.103851318359375,
                62.331268310546875
              ],
              [
                32.13542175292969,
                62.474212646484375
              ],
              [
                32.042076110839844,
                62.474212646484375
              ],
              [
                31.99602699279785,
                62.68894577026367
              ],
              [
                31.62184715270996,
                62.68894577026367
              ],
              [
                31.57499122619629,
                62.904052734375
              ],
              [
                31.183259963989258,
                63.263427734375
              ],
              [
                30.048580169677734,
                63.69612503051758
              ],
              [
                30.078414916992188,
                63.84071350097656
              ],
              [
                30.50291633605957,
                64.05794525146484
              ],
              [
                30.549240112304688,
                64.27558898925781
              ],
              [
                29.928970336914062,
                64.49365234375
              ],
              [
                30.085460662841797,
                64.78507995605469
              ],
              [
                29.813926696777344,
                64.8580551147461
              ],
              [
                29.859777450561523,
                65.07727813720703
              ],
              [
                30.21004867553711,
                65.3702621459961
              ],
              [
                30.30548858642578,
                65.8112564086914
              ],
              [
                30.0633487701416,
                66.0324478149414
              ],
              [
                29.869653701782227,
                66.0324478149414
              ],
              [
                29.0543212890625,
                66.77322387695312
              ],
              [
                29.132892608642578,
                67.14566802978516
              ],
              [
                29.59016990661621,
                67.44463348388672
              ],
              [
                29.7868709564209,
                67.44463348388672
              ],
              [
                29.935470581054688,
                67.66946411132812
              ],
              [
                29.607641220092773,
                67.97005462646484
              ],
              [
                29.4097843170166,
                67.97005462646484
              ],
              [
                29.34401512145996,
                68.1207046508789
              ],
              [
                28.765607833862305,
                68.19611358642578
              ],
              [
                28.781841278076172,
                68.27159118652344
              ],
              [
                28.583311080932617,
                68.27159118652344
              ],
              [
                28.416759490966797,
                68.42272186279297
              ],
              [
                28.63077163696289,
                68.95359802246094
              ],
              [
                28.847667694091797,
                69.0296859741211
              ],
              [
                29.165199279785156,
                69.10584259033203
              ],
              [
                29.317562103271484,
                69.33467864990234
              ],
              [
                29.938522338867188,
                69.41107940673828
              ],
              [
                30.194869995117188,
                69.64068603515625
              ],
              [
                30.68014907836914,
                69.5640869140625
              ],
              [
                30.919960021972656,
                69.71734619140625
              ],
              [
                30.958600997924805,
                69.8708724975586
              ],
              [
                31.059717178344727,
                69.8708724975586
              ],
              [
                31.545385360717773,
                69.79407501220703
              ],
              [
                31.90928077697754,
                70.024658203125
              ],
              [
                32.31447982788086,
                70.024658203125
              ],
              [
                32.475337982177734,
                69.8708724975586
              ],
              [
                32.980918884277344,
                69.8708724975586
              ],
              [
                32.95972442626953,
                69.79407501220703
              ],
              [
                33.06074905395508,
                69.79407501220703
              ],
              [
                32.89668655395508,
                69.5640869140625
              ],
              [
                33.47982406616211,
                69.487548828125
              ],
              [
                33.43734359741211,
                69.33467864990234
              ],
              [
                34.46426010131836,
                69.41107940673828
              ],
              [
                34.442169189453125,
                69.33467864990234
              ],
              [
                34.84409713745117,
                69.33467864990234
              ],
              [
                34.82174301147461,
                69.25833129882812
              ],
              [
                36.12685775756836,
                69.25833129882812
              ],
              [
                36.10344314575195,
                69.18205261230469
              ],
              [
                36.30405044555664,
                69.18205261230469
              ],
              [
                36.28055191040039,
                69.10584259033203
              ],
              [
                37.96049880981445,
                68.7257080078125
              ],
              [
                38.01121139526367,
                68.57408905029297
              ],
              [
                38.21042251586914,
                68.57408905029297
              ],
              [
                38.18586349487305,
                68.49837493896484
              ],
              [
                38.38490295410156,
                68.49837493896484
              ],
              [
                38.36026382446289,
                68.42272186279297
              ],
              [
                38.931819915771484,
                68.34712219238281
              ],
              [
                38.906864166259766,
                68.27159118652344
              ],
              [
                39.477081298828125,
                68.19611358642578
              ],
              [
                39.451805114746094,
                68.1207046508789
              ],
              [
                39.97298049926758,
                68.19611358642578
              ],
              [
                39.94728469848633,
                68.1207046508789
              ],
              [
                40.145477294921875,
                68.1207046508789
              ],
              [
                40.26614761352539,
                67.89481353759766
              ],
              [
                40.66152572631836,
                67.89481353759766
              ],
              [
                40.63554382324219,
                67.81964111328125
              ],
              [
                41.004371643066406,
                67.74452209472656
              ],
              [
                41.02471923828125,
                67.51952362060547
              ],
              [
                41.12314987182617,
                67.51952362060547
              ],
              [
                41.07123565673828,
                67.36980438232422
              ],
              [
                41.3399772644043,
                67.29503631591797
              ],
              [
                41.288124084472656,
                67.14566802978516
              ],
              [
                41.38615036010742,
                67.14566802978516
              ],
              [
                41.03715515136719,
                66.69890594482422
              ],
              [
                39.79555892944336,
                66.18017578125
              ],
              [
                38.70561981201172,
                66.10628509521484
              ],
              [
                38.68277359008789,
                66.0324478149414
              ],
              [
                38.00484085083008,
                66.0324478149414
              ],
              [
                38.02715301513672,
                66.10628509521484
              ],
              [
                37.44560623168945,
                66.10628509521484
              ],
              [
                37.46752166748047,
                66.18017578125
              ],
              [
                36.42164611816406,
                66.25411987304688
              ],
              [
                36.44285583496094,
                66.32811737060547
              ],
              [
                35.56844711303711,
                66.32811737060547
              ],
              [
                35.58902359008789,
                66.40216064453125
              ],
              [
                35.20008850097656,
                66.40216064453125
              ],
              [
                35.220420837402344,
                66.47626495361328
              ],
              [
                34.92848587036133,
                66.47626495361328
              ],
              [
                34.94865036010742,
                66.55042266845703
              ],
              [
                34.26691818237305,
                66.55042266845703
              ],
              [
                34.11125946044922,
                66.69890594482422
              ],
              [
                33.7210693359375,
                66.69890594482422
              ],
              [
                33.740413665771484,
                66.77322387695312
              ],
              [
                33.05702209472656,
                66.77322387695312
              ],
              [
                32.741058349609375,
                67.0710678100586
              ],
              [
                32.545166015625,
                67.0710678100586
              ],
              [
                32.508087158203125,
                66.92203521728516
              ],
              [
                32.88046646118164,
                66.84760284423828
              ],
              [
                33.0008430480957,
                66.55042266845703
              ],
              [
                33.68257522583008,
                66.55042266845703
              ],
              [
                33.62532043457031,
                66.32811737060547
              ],
              [
                34.382991790771484,
                66.25411987304688
              ],
              [
                34.36347961425781,
                66.18017578125
              ],
              [
                34.55747985839844,
                66.18017578125
              ],
              [
                34.866214752197266,
                65.88493347167969
              ],
              [
                34.67220687866211,
                65.51705932617188
              ],
              [
                34.441368103027344,
                65.3702621459961
              ],
              [
                34.78746032714844,
                65.22367095947266
              ],
              [
                34.73003005981445,
                65.004150390625
              ],
              [
                34.90244674682617,
                64.93107604980469
              ],
              [
                34.845245361328125,
                64.71215057373047
              ],
              [
                34.94075012207031,
                64.71215057373047
              ],
              [
                34.9791145324707,
                64.49365234375
              ],
              [
                35.817100524902344,
                64.4209213256836
              ],
              [
                35.96824264526367,
                64.27558898925781
              ],
              [
                36.253456115722656,
                64.27558898925781
              ],
              [
                36.553855895996094,
                63.98548889160156
              ],
              [
                37.3864631652832,
                63.91307830810547
              ],
              [
                37.880855560302734,
                63.98548889160156
              ],
              [
                37.89069366455078,
                64.34822845458984
              ],
              [
                37.530948638916016,
                64.4209213256836
              ],
              [
                37.12955856323242,
                64.34822845458984
              ],
              [
                36.9801139831543,
                64.49365234375
              ],
              [
                36.78954315185547,
                64.49365234375
              ],
              [
                36.73489761352539,
                64.63926696777344
              ],
              [
                36.544036865234375,
                64.63926696777344
              ],
              [
                36.318058013916016,
                64.8580551147461
              ],
              [
                36.358558654785156,
                65.004150390625
              ],
              [
                36.64594650268555,
                65.004150390625
              ],
              [
                36.687129974365234,
                65.15044403076172
              ],
              [
                36.920738220214844,
                65.29694366455078
              ],
              [
                37.209014892578125,
                65.29694366455078
              ],
              [
                37.187896728515625,
                65.22367095947266
              ],
              [
                37.475948333740234,
                65.22367095947266
              ],
              [
                37.454673767089844,
                65.15044403076172
              ],
              [
                38.15700149536133,
                64.93107604980469
              ],
              [
                38.20941162109375,
                64.78507995605469
              ],
              [
                38.90058135986328,
                64.8580551147461
              ],
              [
                38.87844467163086,
                64.78507995605469
              ],
              [
                39.42938995361328,
                64.71215057373047
              ],
              [
                39.40694808959961,
                64.63926696777344
              ],
              [
                40.193416595458984,
                64.71215057373047
              ],
              [
                40.23966598510742,
                64.8580551147461
              ],
              [
                40.07144546508789,
                64.93107604980469
              ],
              [
                40.11780548095703,
                65.07727813720703
              ],
              [
                39.92606735229492,
                65.07727813720703
              ],
              [
                39.87638473510742,
                65.22367095947266
              ],
              [
                39.68435287475586,
                65.22367095947266
              ],
              [
                39.538185119628906,
                65.3702621459961
              ],
              [
                39.60750961303711,
                65.59053039550781
              ],
              [
                40.25718307495117,
                65.8112564086914
              ],
              [
                40.401878356933594,
                65.95866394042969
              ],
              [
                41.444580078125,
                66.18017578125
              ],
              [
                41.96076583862305,
                66.55042266845703
              ],
              [
                43.4919548034668,
                66.47626495361328
              ],
              [
                43.464988708496094,
                66.40216064453125
              ],
              [
                43.659454345703125,
                66.40216064453125
              ],
              [
                43.605472564697266,
                66.25411987304688
              ],
              [
                43.966617584228516,
                66.18017578125
              ],
              [
                44.13097381591797,
                66.6246337890625
              ],
              [
                44.35377883911133,
                66.69890594482422
              ],
              [
                44.38174057006836,
                66.77322387695312
              ],
              [
                44.284114837646484,
                66.77322387695312
              ],
              [
                44.36833190917969,
                66.99652099609375
              ],
              [
                44.102760314941406,
                67.0710678100586
              ],
              [
                44.13087844848633,
                67.14566802978516
              ],
              [
                43.73877716064453,
                67.14566802978516
              ],
              [
                43.69647979736328,
                67.29503631591797
              ],
              [
                43.59829330444336,
                67.29503631591797
              ],
              [
                43.83753967285156,
                67.66946411132812
              ],
              [
                43.93613815307617,
                67.66946411132812
              ],
              [
                44.167903900146484,
                68.27159118652344
              ],
              [
                43.729759216308594,
                68.42272186279297
              ],
              [
                43.75901412963867,
                68.49837493896484
              ],
              [
                43.460453033447266,
                68.49837493896484
              ],
              [
                43.44834899902344,
                68.7257080078125
              ],
              [
                44.216636657714844,
                68.64987182617188
              ],
              [
                44.18680953979492,
                68.57408905029297
              ],
              [
                45.612335205078125,
                68.64987182617188
              ],
              [
                45.581302642822266,
                68.57408905029297
              ],
              [
                45.88011932373047,
                68.57408905029297
              ],
              [
                45.91733169555664,
                68.42272186279297
              ],
              [
                46.1161994934082,
                68.42272186279297
              ],
              [
                46.08501052856445,
                68.34712219238281
              ],
              [
                46.45099639892578,
                68.27159118652344
              ],
              [
                46.48761749267578,
                68.1207046508789
              ],
              [
                46.68581008911133,
                68.1207046508789
              ],
              [
                46.660003662109375,
                67.81964111328125
              ],
              [
                45.34624099731445,
                67.74452209472656
              ],
              [
                45.286834716796875,
                67.5944595336914
              ],
              [
                45.08980941772461,
                67.5944595336914
              ],
              [
                44.932804107666016,
                67.44463348388672
              ],
              [
                45.198524475097656,
                67.36980438232422
              ],
              [
                45.16929244995117,
                67.29503631591797
              ],
              [
                45.56204605102539,
                67.29503631591797
              ],
              [
                45.806949615478516,
                66.92203521728516
              ],
              [
                47.37152099609375,
                66.92203521728516
              ],
              [
                47.597896575927734,
                66.99652099609375
              ],
              [
                47.62880325317383,
                67.0710678100586
              ],
              [
                47.53085708618164,
                67.0710678100586
              ],
              [
                47.816524505615234,
                67.51952362060547
              ],
              [
                47.71809387207031,
                67.51952362060547
              ],
              [
                47.78139114379883,
                67.66946411132812
              ],
              [
                48.70132064819336,
                67.74452209472656
              ],
              [
                48.70079040527344,
                67.97005462646484
              ],
              [
                49.29436111450195,
                67.97005462646484
              ],
              [
                50.82497787475586,
                68.49837493896484
              ],
              [
                51.52162170410156,
                68.49837493896484
              ],
              [
                51.892967224121094,
                68.64987182617188
              ],
              [
                52.25493240356445,
                68.57408905029297
              ],
              [
                52.465641021728516,
                68.8016128540039
              ],
              [
                53.27893829345703,
                69.0296859741211
              ],
              [
                54.04103469848633,
                68.95359802246094
              ],
              [
                53.78712844848633,
                68.64987182617188
              ],
              [
                53.9482421875,
                68.57408905029297
              ],
              [
                53.872135162353516,
                68.42272186279297
              ],
              [
                53.30027389526367,
                68.27159118652344
              ],
              [
                54.72844696044922,
                68.34712219238281
              ],
              [
                54.68998336791992,
                68.27159118652344
              ],
              [
                54.789249420166016,
                68.27159118652344
              ],
              [
                55.04391098022461,
                68.57408905029297
              ],
              [
                55.621395111083984,
                68.7257080078125
              ],
              [
                57.176673889160156,
                68.64987182617188
              ],
              [
                57.842567443847656,
                68.95359802246094
              ],
              [
                58.200279235839844,
                68.87757110595703
              ],
              [
                58.38547134399414,
                69.0296859741211
              ],
              [
                59.086368560791016,
                69.0296859741211
              ],
              [
                59.043052673339844,
                68.95359802246094
              ],
              [
                59.399715423583984,
                68.87757110595703
              ],
              [
                59.127777099609375,
                68.57408905029297
              ],
              [
                59.22738265991211,
                68.57408905029297
              ],
              [
                59.24163055419922,
                68.42272186279297
              ],
              [
                59.73880386352539,
                68.42272186279297
              ],
              [
                59.76868438720703,
                68.64987182617188
              ],
              [
                59.95558166503906,
                68.8016128540039
              ],
              [
                60.69910430908203,
                68.87757110595703
              ],
              [
                60.833534240722656,
                69.10584259033203
              ],
              [
                60.733314514160156,
                69.10584259033203
              ],
              [
                60.77838897705078,
                69.18205261230469
              ],
              [
                60.477474212646484,
                69.18205261230469
              ],
              [
                60.41181564331055,
                69.41107940673828
              ],
              [
                60.05451202392578,
                69.487548828125
              ],
              [
                60.089622497558594,
                69.71734619140625
              ],
              [
                59.48402404785156,
                69.71734619140625
              ],
              [
                59.52910232543945,
                69.79407501220703
              ],
              [
                59.32705307006836,
                69.79407501220703
              ],
              [
                59.372135162353516,
                69.8708724975586
              ],
              [
                59.06878662109375,
                69.8708724975586
              ],
              [
                59.11377716064453,
                69.9477310180664
              ],
              [
                58.765438079833984,
                69.8708724975586
              ],
              [
                58.81015396118164,
                69.9477310180664
              ],
              [
                58.44985580444336,
                70.024658203125
              ],
              [
                58.437992095947266,
                70.17870330810547
              ],
              [
                58.33650588989258,
                70.17870330810547
              ],
              [
                58.61920928955078,
                70.48763275146484
              ],
              [
                59.072845458984375,
                70.5650405883789
              ],
              [
                59.02665328979492,
                70.48763275146484
              ],
              [
                59.332237243652344,
                70.48763275146484
              ],
              [
                59.28596878051758,
                70.41029357910156
              ],
              [
                59.489501953125,
                70.41029357910156
              ],
              [
                59.44325256347656,
                70.3330307006836
              ],
              [
                59.74827194213867,
                70.3330307006836
              ],
              [
                59.70194625854492,
                70.2558364868164
              ],
              [
                59.90510177612305,
                70.2558364868164
              ],
              [
                59.85879135131836,
                70.17870330810547
              ],
              [
                60.163246154785156,
                70.17870330810547
              ],
              [
                60.116851806640625,
                70.10164642333984
              ],
              [
                60.475852966308594,
                70.024658203125
              ],
              [
                60.539344787597656,
                69.79407501220703
              ],
              [
                60.83430862426758,
                69.9477310180664
              ],
              [
                61.239139556884766,
                69.9477310180664
              ],
              [
                61.19221878051758,
                69.8708724975586
              ],
              [
                62.00114440917969,
                69.8708724975586
              ],
              [
                61.95368194580078,
                69.79407501220703
              ],
              [
                63.925079345703125,
                69.71734619140625
              ],
              [
                63.87618637084961,
                69.64068603515625
              ],
              [
                64.4320068359375,
                69.5640869140625
              ],
              [
                64.38296508789062,
                69.487548828125
              ],
              [
                64.78561401367188,
                69.487548828125
              ],
              [
                64.73640441894531,
                69.41107940673828
              ],
              [
                64.93755340576172,
                69.41107940673828
              ],
              [
                64.88836669921875,
                69.33467864990234
              ],
              [
                65.39077758789062,
                69.33467864990234
              ],
              [
                65.34133911132812,
                69.25833129882812
              ],
              [
                66.24520874023438,
                69.10584259033203
              ],
              [
                66.19547271728516,
                69.0296859741211
              ],
              [
                67.2959976196289,
                68.87757110595703
              ],
              [
                67.24578857421875,
                68.8016128540039
              ],
              [
                67.74408721923828,
                68.64987182617188
              ],
              [
                67.69393157958984,
                68.57408905029297
              ],
              [
                67.99275207519531,
                68.57408905029297
              ],
              [
                67.94252014160156,
                68.49837493896484
              ],
              [
                68.14156341552734,
                68.49837493896484
              ],
              [
                68.09134674072266,
                68.42272186279297
              ],
              [
                68.29022216796875,
                68.42272186279297
              ],
              [
                68.24002075195312,
                68.34712219238281
              ],
              [
                68.48780822753906,
                68.27159118652344
              ],
              [
                68.53964233398438,
                68.49837493896484
              ],
              [
                68.63916778564453,
                68.49837493896484
              ],
              [
                68.94705200195312,
                68.95359802246094
              ],
              [
                68.59539031982422,
                68.87757110595703
              ],
              [
                68.64693450927734,
                68.95359802246094
              ],
              [
                68.34680938720703,
                68.95359802246094
              ],
              [
                68.39828491210938,
                69.0296859741211
              ],
              [
                68.04910278320312,
                69.10584259033203
              ],
              [
                68.00332641601562,
                69.33467864990234
              ],
              [
                67.90283966064453,
                69.33467864990234
              ],
              [
                68.00678253173828,
                69.487548828125
              ],
              [
                66.59893035888672,
                69.64068603515625
              ],
              [
                66.80875396728516,
                70.10164642333984
              ],
              [
                67.1657485961914,
                70.17870330810547
              ],
              [
                67.015625,
                70.2558364868164
              ],
              [
                67.12200927734375,
                70.41029357910156
              ],
              [
                67.0202407836914,
                70.41029357910156
              ],
              [
                67.18770599365234,
                70.79769897460938
              ],
              [
                66.5742416381836,
                70.79769897460938
              ],
              [
                66.63455200195312,
                71.0310287475586
              ],
              [
                66.53201293945312,
                71.0310287475586
              ],
              [
                66.64151763916016,
                71.18696594238281
              ],
              [
                67.01390838623047,
                71.42146301269531
              ],
              [
                68.11344146728516,
                71.65669250488281
              ],
              [
                68.33336639404297,
                71.81393432617188
              ],
              [
                69.01949310302734,
                72.84458923339844
              ],
              [
                69.35682678222656,
                73.00454711914062
              ],
              [
                70.55322265625,
                72.92451477050781
              ],
              [
                70.6185073852539,
                73.00454711914062
              ],
              [
                71.7750473022461,
                73.00454711914062
              ],
              [
                71.70853424072266,
                72.92451477050781
              ],
              [
                72.44373321533203,
                72.92451477050781
              ],
              [
                72.37686920166016,
                72.84458923339844
              ],
              [
                72.93927001953125,
                72.76475524902344
              ],
              [
                72.87256622314453,
                72.68501281738281
              ],
              [
                72.97726440429688,
                72.68501281738281
              ],
              [
                72.81827545166016,
                72.36699676513672
              ],
              [
                72.92253875732422,
                72.36699676513672
              ],
              [
                72.6645278930664,
                72.05043029785156
              ],
              [
                72.56068420410156,
                72.05043029785156
              ],
              [
                72.24671173095703,
                71.65669250488281
              ],
              [
                71.8140869140625,
                71.49979400634766
              ],
              [
                72.06233978271484,
                71.42146301269531
              ],
              [
                72.00151824951172,
                71.34321594238281
              ],
              [
                72.20738220214844,
                71.34321594238281
              ],
              [
                72.14666748046875,
                71.26505279541016
              ],
              [
                72.55799102783203,
                71.26505279541016
              ],
              [
                72.4971923828125,
                71.18696594238281
              ],
              [
                72.70265197753906,
                71.18696594238281
              ],
              [
                72.64196014404297,
                71.10896301269531
              ],
              [
                72.88916778564453,
                71.0310287475586
              ],
              [
                72.69210815429688,
                70.64251708984375
              ],
              [
                72.8369369506836,
                70.5650405883789
              ],
              [
                72.50088500976562,
                70.2558364868164
              ],
              [
                72.60246276855469,
                70.2558364868164
              ],
              [
                72.54447937011719,
                70.17870330810547
              ],
              [
                72.64596557617188,
                70.17870330810547
              ],
              [
                72.58812713623047,
                70.10164642333984
              ],
              [
                72.77680969238281,
                69.9477310180664
              ],
              [
                72.6053237915039,
                69.71734619140625
              ],
              [
                72.70625305175781,
                69.71734619140625
              ],
              [
                72.59290313720703,
                69.5640869140625
              ],
              [
                72.69364929199219,
                69.5640869140625
              ],
              [
                72.58101654052734,
                69.41107940673828
              ],
              [
                72.68158721923828,
                69.41107940673828
              ],
              [
                72.4586181640625,
                69.10584259033203
              ],
              [
                72.55883026123047,
                69.10584259033203
              ],
              [
                72.5035400390625,
                69.0296859741211
              ],
              [
                73.6259536743164,
                68.64987182617188
              ],
              [
                73.09920501708984,
                68.19611358642578
              ],
              [
                73.24353790283203,
                68.1207046508789
              ],
              [
                73.02936553955078,
                67.81964111328125
              ],
              [
                73.12812805175781,
                67.81964111328125
              ],
              [
                73.07498168945312,
                67.74452209472656
              ],
              [
                72.72624206542969,
                67.66946411132812
              ],
              [
                72.41897583007812,
                67.36980438232422
              ],
              [
                72.02140045166016,
                67.22032165527344
              ],
              [
                71.86856842041016,
                66.99652099609375
              ],
              [
                71.52460479736328,
                66.92203521728516
              ],
              [
                71.47441101074219,
                66.84760284423828
              ],
              [
                71.61963653564453,
                66.77322387695312
              ],
              [
                71.51976776123047,
                66.6246337890625
              ],
              [
                71.03241729736328,
                66.6246337890625
              ],
              [
                70.39883422851562,
                66.40216064453125
              ],
              [
                72.09921264648438,
                66.32811737060547
              ],
              [
                72.44754791259766,
                66.69890594482422
              ],
              [
                72.74019622802734,
                66.69890594482422
              ],
              [
                73.63014221191406,
                66.99652099609375
              ],
              [
                73.99942016601562,
                67.51952362060547
              ],
              [
                74.65384674072266,
                67.74452209472656
              ],
              [
                74.76298522949219,
                67.89481353759766
              ],
              [
                74.53178405761719,
                68.1207046508789
              ],
              [
                74.58690643310547,
                68.19611358642578
              ],
              [
                74.3885498046875,
                68.19611358642578
              ],
              [
                74.39971160888672,
                68.34712219238281
              ],
              [
                74.20101165771484,
                68.34712219238281
              ],
              [
                74.32379913330078,
                68.64987182617188
              ],
              [
                74.59256744384766,
                68.87757110595703
              ],
              [
                76.46726989746094,
                69.10584259033203
              ],
              [
                76.40853881835938,
                69.0296859741211
              ],
              [
                76.75020599365234,
                68.95359802246094
              ],
              [
                76.73304748535156,
                68.8016128540039
              ],
              [
                77.07389068603516,
                68.7257080078125
              ],
              [
                77.0155029296875,
                68.64987182617188
              ],
              [
                77.31458282470703,
                68.64987182617188
              ],
              [
                77.25614929199219,
                68.57408905029297
              ],
              [
                77.39698028564453,
                68.49837493896484
              ],
              [
                77.24919128417969,
                68.04534912109375
              ],
              [
                77.87696075439453,
                68.34712219238281
              ],
              [
                77.69554138183594,
                68.49837493896484
              ],
              [
                77.75418090820312,
                68.57408905029297
              ],
              [
                77.65457153320312,
                68.57408905029297
              ],
              [
                77.71334838867188,
                68.64987182617188
              ],
              [
                77.61365509033203,
                68.64987182617188
              ],
              [
                77.67256927490234,
                68.7257080078125
              ],
              [
                77.57279205322266,
                68.7257080078125
              ],
              [
                77.59115600585938,
                68.87757110595703
              ],
              [
                76.5674819946289,
                69.10584259033203
              ],
              [
                76.62652587890625,
                69.18205261230469
              ],
              [
                75.48107147216797,
                69.25833129882812
              ],
              [
                74.96401977539062,
                69.10584259033203
              ],
              [
                73.66120910644531,
                69.10584259033203
              ],
              [
                73.78787994384766,
                69.41107940673828
              ],
              [
                73.41278839111328,
                69.71734619140625
              ],
              [
                73.7198257446289,
                70.2558364868164
              ],
              [
                74.04214477539062,
                70.41029357910156
              ],
              [
                74.22288513183594,
                70.64251708984375
              ],
              [
                73.97723388671875,
                70.7200698852539
              ],
              [
                73.99675750732422,
                70.87539672851562
              ],
              [
                73.79207611083984,
                70.87539672851562
              ],
              [
                73.8531494140625,
                70.95317840576172
              ],
              [
                73.64827728271484,
                70.95317840576172
              ],
              [
                73.66828918457031,
                71.10896301269531
              ],
              [
                73.46302032470703,
                71.10896301269531
              ],
              [
                73.52450561523438,
                71.18696594238281
              ],
              [
                73.31903839111328,
                71.18696594238281
              ],
              [
                73.38063049316406,
                71.26505279541016
              ],
              [
                72.8865737915039,
                71.42146301269531
              ],
              [
                73.44659423828125,
                71.73527526855469
              ],
              [
                73.63835906982422,
                71.97151184082031
              ],
              [
                74.42991638183594,
                72.05043029785156
              ],
              [
                74.87391662597656,
                72.20853424072266
              ],
              [
                75.00789642333984,
                72.36699676513672
              ],
              [
                74.83000946044922,
                72.52581787109375
              ],
              [
                74.8980712890625,
                72.6053695678711
              ],
              [
                74.7934799194336,
                72.6053695678711
              ],
              [
                74.82581329345703,
                72.76475524902344
              ],
              [
                74.72100830078125,
                72.76475524902344
              ],
              [
                74.8593978881836,
                72.92451477050781
              ],
              [
                75.38453674316406,
                72.92451477050781
              ],
              [
                75.3145751953125,
                72.84458923339844
              ],
              [
                75.66427612304688,
                72.76475524902344
              ],
              [
                75.59473419189453,
                72.68501281738281
              ],
              [
                75.69943237304688,
                72.68501281738281
              ],
              [
                75.63020324707031,
                72.6053695678711
              ],
              [
                75.77034759521484,
                72.52581787109375
              ],
              [
                75.63350677490234,
                72.36699676513672
              ],
              [
                75.73777770996094,
                72.36699676513672
              ],
              [
                75.27027893066406,
                71.81393432617188
              ],
              [
                75.37381744384766,
                71.81393432617188
              ],
              [
                75.30840301513672,
                71.73527526855469
              ],
              [
                75.4883041381836,
                71.57820129394531
              ],
              [
                75.3592758178711,
                71.42146301269531
              ],
              [
                75.46231079101562,
                71.42146301269531
              ],
              [
                75.398193359375,
                71.34321594238281
              ],
              [
                76.11869812011719,
                71.34321594238281
              ],
              [
                76.05421447753906,
                71.26505279541016
              ],
              [
                76.73627471923828,
                71.34321594238281
              ],
              [
                76.67119598388672,
                71.26505279541016
              ],
              [
                77.18534088134766,
                71.26505279541016
              ],
              [
                77.25092315673828,
                71.34321594238281
              ],
              [
                76.94213104248047,
                71.34321594238281
              ],
              [
                77.00774383544922,
                71.42146301269531
              ],
              [
                76.59562683105469,
                71.42146301269531
              ],
              [
                76.66117858886719,
                71.49979400634766
              ],
              [
                76.1455307006836,
                71.49979400634766
              ],
              [
                76.17332458496094,
                71.65669250488281
              ],
              [
                75.96665954589844,
                71.65669250488281
              ],
              [
                75.9577865600586,
                71.8926773071289
              ],
              [
                75.85414123535156,
                71.8926773071289
              ],
              [
                76.09146118164062,
                72.05043029785156
              ],
              [
                76.6786117553711,
                72.12944030761719
              ],
              [
                77.23377227783203,
                72.05043029785156
              ],
              [
                77.37126159667969,
                72.20853424072266
              ],
              [
                76.71146392822266,
                72.2877197265625
              ],
              [
                76.84984588623047,
                72.44635772705078
              ],
              [
                77.47931671142578,
                72.68501281738281
              ],
              [
                78.31690216064453,
                72.68501281738281
              ],
              [
                78.24495697021484,
                72.6053695678711
              ],
              [
                78.45413970947266,
                72.6053695678711
              ],
              [
                78.31109619140625,
                72.44635772705078
              ],
              [
                79.66796875,
                72.44635772705078
              ],
              [
                79.59568786621094,
                72.36699676513672
              ],
              [
                80.01275634765625,
                72.36699676513672
              ],
              [
                79.94047546386719,
                72.2877197265625
              ],
              [
                80.56544494628906,
                72.2877197265625
              ],
              [
                80.4929428100586,
                72.20853424072266
              ],
              [
                80.80510711669922,
                72.20853424072266
              ],
              [
                80.7645492553711,
                72.05043029785156
              ],
              [
                81.07608795166016,
                72.05043029785156
              ],
              [
                81.00406646728516,
                71.97151184082031
              ],
              [
                81.45064544677734,
                71.8926773071289
              ],
              [
                81.37890625,
                71.81393432617188
              ],
              [
                82.5177993774414,
                71.81393432617188
              ],
              [
                83.33147430419922,
                72.12944030761719
              ],
              [
                83.74727630615234,
                72.12944030761719
              ],
              [
                83.6722412109375,
                72.05043029785156
              ],
              [
                83.87993621826172,
                72.05043029785156
              ],
              [
                83.83434295654297,
                71.8926773071289
              ],
              [
                84.04161834716797,
                71.8926773071289
              ],
              [
                83.9673080444336,
                71.81393432617188
              ],
              [
                84.07083892822266,
                71.81393432617188
              ],
              [
                83.996826171875,
                71.73527526855469
              ],
              [
                84.12986755371094,
                71.65669250488281
              ],
              [
                83.98338317871094,
                71.49979400634766
              ],
              [
                84.18964385986328,
                71.49979400634766
              ],
              [
                84.17778778076172,
                71.26505279541016
              ],
              [
                84.3834457397461,
                71.26505279541016
              ],
              [
                84.37306213378906,
                71.0310287475586
              ],
              [
                84.60906219482422,
                70.95317840576172
              ],
              [
                84.42803955078125,
                70.64251708984375
              ],
              [
                84.56190490722656,
                70.5650405883789
              ],
              [
                84.42235565185547,
                70.41029357910156
              ],
              [
                84.5887680053711,
                70.2558364868164
              ],
              [
                84.45105743408203,
                70.10164642333984
              ],
              [
                84.5852279663086,
                70.024658203125
              ],
              [
                84.44884490966797,
                69.8708724975586
              ],
              [
                84.58311462402344,
                69.79407501220703
              ],
              [
                84.44801330566406,
                69.64068603515625
              ],
              [
                84.615966796875,
                69.487548828125
              ],
              [
                84.48245239257812,
                69.33467864990234
              ],
              [
                84.58293151855469,
                69.33467864990234
              ],
              [
                84.55059051513672,
                69.18205261230469
              ],
              [
                84.65089416503906,
                69.18205261230469
              ],
              [
                84.58478546142578,
                69.10584259033203
              ],
              [
                84.75343322753906,
                68.95359802246094
              ],
              [
                84.62244415283203,
                68.8016128540039
              ],
              [
                84.7223129272461,
                68.8016128540039
              ],
              [
                84.6571044921875,
                68.7257080078125
              ],
              [
                84.75688171386719,
                68.7257080078125
              ],
              [
                84.76150512695312,
                68.49837493896484
              ],
              [
                84.86102294921875,
                68.49837493896484
              ],
              [
                84.8314437866211,
                68.34712219238281
              ],
              [
                84.93079376220703,
                68.34712219238281
              ],
              [
                84.86651611328125,
                68.27159118652344
              ],
              [
                85.03595733642578,
                68.1207046508789
              ],
              [
                84.90852355957031,
                67.97005462646484
              ],
              [
                85.00745391845703,
                67.97005462646484
              ],
              [
                84.94400024414062,
                67.89481353759766
              ],
              [
                85.0428466796875,
                67.89481353759766
              ],
              [
                85.05076599121094,
                67.66946411132812
              ],
              [
                85.14936828613281,
                67.66946411132812
              ],
              [
                85.08647155761719,
                67.5944595336914
              ],
              [
                85.18498992919922,
                67.5944595336914
              ],
              [
                85.12223052978516,
                67.51952362060547
              ],
              [
                85.22066497802734,
                67.51952362060547
              ],
              [
                85.15805053710938,
                67.44463348388672
              ],
              [
                85.3280258178711,
                67.29503631591797
              ],
              [
                85.20380401611328,
                67.14566802978516
              ],
              [
                85.30182647705078,
                67.14566802978516
              ],
              [
                85.23995208740234,
                67.0710678100586
              ],
              [
                85.33789825439453,
                67.0710678100586
              ],
              [
                85.27615356445312,
                66.99652099609375
              ],
              [
                85.37401580810547,
                66.99652099609375
              ],
              [
                85.38502502441406,
                66.77322387695312
              ],
              [
                85.58028411865234,
                66.77322387695312
              ],
              [
                85.5552978515625,
                66.6246337890625
              ],
              [
                85.75023651123047,
                66.6246337890625
              ],
              [
                85.72543334960938,
                66.47626495361328
              ],
              [
                85.92005157470703,
                66.47626495361328
              ],
              [
                85.8954086303711,
                66.32811737060547
              ],
              [
                86.0897216796875,
                66.32811737060547
              ],
              [
                86.06523132324219,
                66.18017578125
              ],
              [
                86.25923156738281,
                66.18017578125
              ],
              [
                86.19854736328125,
                66.10628509521484
              ],
              [
                86.4285888671875,
                66.0324478149414
              ],
              [
                86.36804962158203,
                65.95866394042969
              ],
              [
                87.60018920898438,
                65.8112564086914
              ],
              [
                87.53914642333984,
                65.73763275146484
              ],
              [
                87.82878112792969,
                65.73763275146484
              ],
              [
                87.76769256591797,
                65.66405487060547
              ],
              [
                88.35547637939453,
                65.44363403320312
              ],
              [
                88.32984924316406,
                65.29694366455078
              ],
              [
                88.52203369140625,
                65.29694366455078
              ],
              [
                88.46121978759766,
                65.22367095947266
              ],
              [
                88.65325927734375,
                65.22367095947266
              ],
              [
                88.62773895263672,
                65.07727813720703
              ],
              [
                88.81947326660156,
                65.07727813720703
              ],
              [
                88.75881958007812,
                65.004150390625
              ],
              [
                89.2119369506836,
                64.8580551147461
              ],
              [
                89.18647766113281,
                64.71215057373047
              ],
              [
                89.63821411132812,
                64.56643676757812
              ],
              [
                89.61283111572266,
                64.4209213256836
              ],
              [
                89.93329620361328,
                64.34822845458984
              ],
              [
                89.90802001953125,
                64.20299530029297
              ],
              [
                90.227783203125,
                64.13044738769531
              ],
              [
                90.2026138305664,
                63.98548889160156
              ],
              [
                90.52167510986328,
                63.91307830810547
              ],
              [
                90.49662017822266,
                63.768394470214844
              ],
              [
                90.81500244140625,
                63.69612503051758
              ],
              [
                90.82487487792969,
                63.479576110839844
              ],
              [
                91.14240264892578,
                63.4074821472168
              ],
              [
                91.08292388916016,
                63.33543014526367
              ],
              [
                91.36539459228516,
                63.33543014526367
              ],
              [
                91.30587768554688,
                63.263427734375
              ],
              [
                91.75105285644531,
                63.11954879760742
              ],
              [
                91.6916275024414,
                63.047672271728516
              ],
              [
                92.25492095947266,
                63.047672271728516
              ],
              [
                92.17011260986328,
                62.83230972290039
              ],
              [
                92.26378631591797,
                62.83230972290039
              ],
              [
                91.95826721191406,
                62.68894577026367
              ],
              [
                91.665771484375,
                62.331268310546875
              ],
              [
                91.75897979736328,
                62.331268310546875
              ],
              [
                91.7009048461914,
                62.259857177734375
              ],
              [
                91.79405212402344,
                62.259857177734375
              ],
              [
                91.73606872558594,
                62.18848419189453
              ],
              [
                91.82914733886719,
                62.18848419189453
              ],
              [
                91.77127075195312,
                62.117156982421875
              ],
              [
                91.8642807006836,
                62.117156982421875
              ],
              [
                91.8064956665039,
                62.045867919921875
              ],
              [
                91.89944458007812,
                62.045867919921875
              ],
              [
                91.84175872802734,
                61.97461700439453
              ],
              [
                91.93463897705078,
                61.97461700439453
              ],
              [
                91.87704467773438,
                61.90340805053711
              ],
              [
                91.96986389160156,
                61.90340805053711
              ],
              [
                92.01850891113281,
                61.618961334228516
              ],
              [
                92.58675384521484,
                61.40604019165039
              ],
              [
                92.56497192382812,
                61.264278411865234
              ],
              [
                92.78466796875,
                61.193458557128906
              ],
              [
                92.79850769042969,
                60.9812126159668
              ],
              [
                92.98248291015625,
                60.9812126159668
              ],
              [
                92.92583465576172,
                60.91054153442383
              ],
              [
                93.61754608154297,
                60.628211975097656
              ],
              [
                93.59627532958984,
                60.48725891113281
              ],
              [
                93.77937316894531,
                60.48725891113281
              ],
              [
                93.75823974609375,
                60.34645080566406
              ],
              [
                93.94109344482422,
                60.34645080566406
              ],
              [
                93.92008972167969,
                60.20578384399414
              ],
              [
                94.13783264160156,
                60.135501861572266
              ],
              [
                93.8237075805664,
                59.85470962524414
              ],
              [
                93.49554443359375,
                59.78459548950195
              ],
              [
                89.99734497070312,
                59.36461639404297
              ],
              [
                88.4736557006836,
                58.38920593261719
              ],
              [
                88.0324478149414,
                57.7653923034668
              ],
              [
                88.12171936035156,
                57.7653923034668
              ],
              [
                87.78565979003906,
                57.28189468383789
              ],
              [
                87.87454986572266,
                57.28189468383789
              ],
              [
                87.54956817626953,
                56.937416076660156
              ],
              [
                87.63817596435547,
                56.937416076660156
              ],
              [
                87.4050521850586,
                56.59365463256836
              ],
              [
                87.49340057373047,
                56.59365463256836
              ],
              [
                87.35490417480469,
                56.387733459472656
              ],
              [
                87.4430923461914,
                56.387733459472656
              ],
              [
                87.3512954711914,
                56.25059127807617
              ],
              [
                87.43938446044922,
                56.25059127807617
              ],
              [
                87.30247497558594,
                56.04508590698242
              ],
              [
                87.3904037475586,
                56.04508590698242
              ],
              [
                87.2929916381836,
                55.498252868652344
              ],
              [
                87.38050842285156,
                55.498252868652344
              ],
              [
                87.37876892089844,
                55.36180877685547
              ],
              [
                87.5536117553711,
                55.36180877685547
              ],
              [
                87.50906372070312,
                55.29362487792969
              ],
              [
                87.7679672241211,
                55.021148681640625
              ],
              [
                87.67973327636719,
                54.88506317138672
              ],
              [
                87.76679992675781,
                54.88506317138672
              ],
              [
                87.93865966796875,
                54.47740173339844
              ],
              [
                88.1559066772461,
                54.545284271240234
              ],
              [
                88.02518463134766,
                54.341712951660156
              ],
              [
                88.19853973388672,
                54.341712951660156
              ],
              [
                88.15512084960938,
                54.27390670776367
              ],
              [
                88.28498840332031,
                54.20612335205078
              ],
              [
                88.1985855102539,
                54.07062530517578
              ],
              [
                88.32845306396484,
                54.00291442871094
              ],
              [
                88.24262237548828,
                53.86756134033203
              ],
              [
                88.32897186279297,
                53.86756134033203
              ],
              [
                88.03028869628906,
                53.52959060668945
              ],
              [
                87.38860321044922,
                53.32708740234375
              ],
              [
                86.6597900390625,
                53.25962829589844
              ],
              [
                86.70083618164062,
                53.32708740234375
              ],
              [
                86.52890014648438,
                53.32708740234375
              ],
              [
                86.43553161621094,
                53.597137451171875
              ],
              [
                86.34937286376953,
                53.597137451171875
              ],
              [
                86.30136108398438,
                53.799922943115234
              ],
              [
                86.04247283935547,
                53.799922943115234
              ],
              [
                86.21207427978516,
                53.93522644042969
              ],
              [
                85.50299835205078,
                54.88506317138672
              ],
              [
                85.58875274658203,
                55.021148681640625
              ],
              [
                85.4131851196289,
                55.15733337402344
              ],
              [
                85.49959564208984,
                55.29362487792969
              ],
              [
                85.32408142089844,
                55.430015563964844
              ],
              [
                85.41116333007812,
                55.56651306152344
              ],
              [
                85.14789581298828,
                55.83982467651367
              ],
              [
                85.19184875488281,
                55.90821838378906
              ],
              [
                85.01619720458984,
                55.90821838378906
              ],
              [
                84.92870330810547,
                56.182064056396484
              ],
              [
                84.57657623291016,
                56.182064056396484
              ],
              [
                84.62103271484375,
                56.387733459472656
              ],
              [
                84.4012451171875,
                56.59365463256836
              ],
              [
                84.44680786132812,
                56.799827575683594
              ],
              [
                83.20771026611328,
                56.799827575683594
              ],
              [
                82.85459899902344,
                56.662349700927734
              ],
              [
                81.83916473388672,
                56.59365463256836
              ],
              [
                81.88219451904297,
                56.662349700927734
              ],
              [
                80.51009368896484,
                56.731075286865234
              ],
              [
                80.5525131225586,
                56.799827575683594
              ],
              [
                70.99378204345703,
                56.799827575683594
              ],
              [
                70.8321533203125,
                56.662349700927734
              ],
              [
                69.54186248779297,
                56.731075286865234
              ],
              [
                62.66188049316406,
                56.387733459472656
              ],
              [
                62.12825012207031,
                56.182064056396484
              ],
              [
                61.91804504394531,
                55.90821838378906
              ],
              [
                61.0698356628418,
                54.138362884521484
              ],
              [
                61.1865348815918,
                54.00291442871094
              ],
              [
                60.878353118896484,
                53.462066650390625
              ],
              [
                60.96441650390625,
                53.462066650390625
              ],
              [
                60.93703079223633,
                53.39456558227539
              ],
              [
                60.43758773803711,
                52.78806686401367
              ],
              [
                59.93108367919922,
                51.91512680053711
              ],
              [
                58.921852111816406,
                51.71418380737305
              ],
              [
                57.96393966674805,
                51.64724349975586
              ],
              [
                57.9879264831543,
                51.71418380737305
              ],
              [
                57.56341552734375,
                51.71418380737305
              ],
              [
                57.44123840332031,
                51.84812545776367
              ],
              [
                56.7849235534668,
                51.91512680053711
              ],
              [
                56.57699966430664,
                52.0491943359375
              ],
              [
                56.29814910888672,
                51.98215103149414
              ],
              [
                56.3216438293457,
                52.0491943359375
              ],
              [
                54.835174560546875,
                52.18334197998047
              ],
              [
                54.56289291381836,
                52.38472366333008
              ],
              [
                54.22154235839844,
                52.38472366333008
              ],
              [
                54.244361877441406,
                52.4518928527832
              ],
              [
                52.878257751464844,
                52.4518928527832
              ],
              [
                52.578224182128906,
                52.31757736206055
              ],
              [
                52.13068771362305,
                51.44654083251953
              ],
              [
                52.21541976928711,
                51.44654083251953
              ],
              [
                52.091575622558594,
                51.04566955566406
              ],
              [
                52.176055908203125,
                51.04566955566406
              ],
              [
                52.054664611816406,
                50.64549255371094
              ],
              [
                52.13890075683594,
                50.64549255371094
              ],
              [
                51.923011779785156,
                49.91355895996094
              ],
              [
                52.00680923461914,
                49.91355895996094
              ],
              [
                51.9115104675293,
                49.58156967163086
              ],
              [
                51.9951171875,
                49.58156967163086
              ],
              [
                51.938690185546875,
                49.38258361816406
              ],
              [
                52.022178649902344,
                49.38258361816406
              ],
              [
                51.95759582519531,
                48.852684020996094
              ],
              [
                52.04079055786133,
                48.852684020996094
              ],
              [
                52.00434494018555,
                48.72037124633789
              ],
              [
                52.08746337890625,
                48.72037124633789
              ],
              [
                52.05119705200195,
                48.5881233215332
              ],
              [
                52.228084564208984,
                48.323814392089844
              ],
              [
                52.174503326416016,
                48.1257438659668
              ],
              [
                52.25729751586914,
                48.1257438659668
              ],
              [
                52.09917068481445,
                47.53233337402344
              ],
              [
                52.18164825439453,
                47.53233337402344
              ],
              [
                52.10936737060547,
                46.94007873535156
              ],
              [
                52.027198791503906,
                46.94007873535156
              ],
              [
                51.58463668823242,
                47.13737487792969
              ],
              [
                50.84418869018555,
                47.13737487792969
              ],
              [
                50.3016242980957,
                46.94007873535156
              ],
              [
                49.990848541259766,
                46.677207946777344
              ],
              [
                49.303199768066406,
                46.54585266113281
              ],
              [
                49.06181335449219,
                46.21768569946289
              ],
              [
                48.6375732421875,
                46.1520881652832
              ],
              [
                48.59209442138672,
                45.95537567138672
              ],
              [
                48.34708023071289,
                45.95537567138672
              ],
              [
                48.05744171142578,
                45.75876998901367
              ],
              [
                47.56800079345703,
                45.75876998901367
              ],
              [
                47.457275390625,
                45.62776184082031
              ],
              [
                47.53878402709961,
                45.62776184082031
              ],
              [
                47.48066329956055,
                45.36587905883789
              ],
              [
                47.332332611083984,
                45.431331634521484
              ],
              [
                47.04105758666992,
                44.842647552490234
              ],
              [
                46.688507080078125,
                44.71194839477539
              ],
              [
                46.63267517089844,
                44.45067596435547
              ],
              [
                47.00926971435547,
                44.32010269165039
              ],
              [
                47.34308624267578,
                43.99384307861328
              ],
              [
                47.3150520324707,
                43.86341094970703
              ],
              [
                46.72294998168945,
                43.73301696777344
              ],
              [
                46.60286331176758,
                43.92862319946289
              ],
              [
                46.44148635864258,
                43.92862319946289
              ],
              [
                46.374454493508416,
                43.993824843023425
              ],
              [
                46.36079788208008,
                43.92862319946289
              ],
              [
                46.28010940551758,
                43.92862319946289
              ]
            ],
            [
              [
                46.37443574604235,
                43.99384307861328
              ],
              [
                46.30739211702143,
                44.059056164862305
              ],
              [
                46.293739318847656,
                43.99384307861328
              ],
              [
                46.37443574604235,
                43.99384307861328
              ]
            ]
          ],
          [
            [
              [
                46.15951919555664,
                44.12431716918945
              ],
              [
                46.240299224853516,
                44.12431716918945
              ],
              [
                46.226646423339844,
                44.05907440185547
              ],
              [
                46.145896911621094,
                44.05907440185547
              ],
              [
                46.15951919555664,
                44.12431716918945
              ]
            ]
          ],
          [
            [
              [
                36.09128952026367,
                65.07727813720703
              ],
              [
                35.49639892578125,
                65.004150390625
              ],
              [
                35.4595832824707,
                65.22367095947266
              ],
              [
                35.555599212646484,
                65.22367095947266
              ],
              [
                35.65161895751953,
                65.22367095947266
              ],
              [
                36.13170623779297,
                65.22367095947266
              ],
              [
                36.09128952026367,
                65.07727813720703
              ]
            ]
          ],
          [
            [
              [
                48.37113952636719,
                68.8016128540039
              ],
              [
                48.10503005981445,
                68.87757110595703
              ],
              [
                48.242610931396484,
                69.41107940673828
              ],
              [
                48.61397171020508,
                69.5640869140625
              ],
              [
                49.52073669433594,
                69.5640869140625
              ],
              [
                49.48503494262695,
                69.487548828125
              ],
              [
                50.31840515136719,
                69.33467864990234
              ],
              [
                50.210609436035156,
                69.10584259033203
              ],
              [
                50.01017761230469,
                69.10584259033203
              ],
              [
                49.70427703857422,
                68.87757110595703
              ],
              [
                48.83641815185547,
                68.7257080078125
              ],
              [
                48.73664093017578,
                68.7257080078125
              ],
              [
                48.3375244140625,
                68.7257080078125
              ],
              [
                48.37113952636719,
                68.8016128540039
              ]
            ]
          ]
        ]
      }
    }
  ]
}
