{
  "type": "FeatureCollection",
  "features": [
    {
      "type": "Feature",
      "properties": {
        "Name": "Spanish Empire",
        "FromYear": 1800,
        "ToYear": 1802,
        "Area": 11242168.465551332,
        "Type": "POLITY",
        "Wikipedia": "Spanish Empire",
        "Wikidata": "Q80702",
        "SeshatID": "es_spanish_emp_2",
        "Components": "",
        "MemberOf": "(Spanish Empire)",
        "displayYear": 1800,
        "sourceYear": 1800,
        "mappedTerritoryId": "cliopatria_spanish_empire"
      },
      "geometry": {
        "type": "MultiPolygon",
        "coordinates": [
          [
            [
              [
                -73.28602600097656,
                -41.140167236328125
              ],
              [
                -73.20658874511719,
                -41.140167236328125
              ],
              [
                -73.26345825195312,
                -41.26985549926758
              ],
              [
                -73.18396759033203,
                -41.26985549926758
              ],
              [
                -73.2190170288086,
                -41.529327392578125
              ],
              [
                -73.05982208251953,
                -41.529327392578125
              ],
              [
                -73.28433990478516,
                -41.85384750366211
              ],
              [
                -73.63265991210938,
                -41.91877746582031
              ],
              [
                -73.43131256103516,
                -42.1785774230957
              ],
              [
                -73.72048950195312,
                -42.63356018066406
              ],
              [
                -73.57080078125,
                -42.82868576049805
              ],
              [
                -73.6315689086914,
                -42.95881652832031
              ],
              [
                -73.55133056640625,
                -42.95881652832031
              ],
              [
                -73.6429443359375,
                -43.15407943725586
              ],
              [
                -73.87755584716797,
                -43.479705810546875
              ],
              [
                -74.53938293457031,
                -43.34942626953125
              ],
              [
                -74.35370635986328,
                -42.95881652832031
              ],
              [
                -74.43394470214844,
                -42.95881652832031
              ],
              [
                -74.27033233642578,
                -42.438514709472656
              ],
              [
                -74.37003326416016,
                -42.308528900146484
              ],
              [
                -74.13204956054688,
                -41.78892517089844
              ],
              [
                -73.84253692626953,
                -41.85384750366211
              ],
              [
                -73.81318664550781,
                -41.78892517089844
              ],
              [
                -73.89290618896484,
                -41.78892517089844
              ],
              [
                -73.88490295410156,
                -41.594215393066406
              ],
              [
                -74.09463500976562,
                -41.529327392578125
              ],
              [
                -74.03657531738281,
                -41.399574279785156
              ],
              [
                -74.13784790039062,
                -41.26985549926758
              ],
              [
                -73.81615447998047,
                -39.97433853149414
              ],
              [
                -73.52547454833984,
                -39.84494400024414
              ],
              [
                -73.36656188964844,
                -39.26300048828125
              ],
              [
                -73.05186462402344,
                -39.26300048828125
              ],
              [
                -72.87033081054688,
                -39.0045280456543
              ],
              [
                -72.42431640625,
                -39.06913757324219
              ],
              [
                -72.39680480957031,
                -39.1983757019043
              ],
              [
                -72.71025848388672,
                -39.392276763916016
              ],
              [
                -72.68360137939453,
                -39.521575927734375
              ],
              [
                -72.81485748291016,
                -39.65090560913086
              ],
              [
                -72.55220031738281,
                -39.78025817871094
              ],
              [
                -72.9765396118164,
                -40.23320770263672
              ],
              [
                -73.03101348876953,
                -40.36268615722656
              ],
              [
                -72.951904296875,
                -40.36268615722656
              ],
              [
                -72.979248046875,
                -40.427433013916016
              ],
              [
                -73.22027587890625,
                -40.621726989746094
              ],
              [
                -73.33187103271484,
                -40.88088607788086
              ],
              [
                -73.22944641113281,
                -41.01051330566406
              ],
              [
                -73.28602600097656,
                -41.140167236328125
              ]
            ]
          ],
          [
            [
              [
                -106.96640014648438,
                34.87228775024414
              ],
              [
                -106.96839904785156,
                34.55062484741211
              ],
              [
                -107.10904693603516,
                34.3576545715332
              ],
              [
                -106.83168029785156,
                33.5859489440918
              ],
              [
                -106.9852066040039,
                33.5859489440918
              ],
              [
                -106.9945068359375,
                33.26447677612305
              ],
              [
                -107.07118225097656,
                33.26447677612305
              ],
              [
                -106.68519592285156,
                32.557350158691406
              ],
              [
                -106.05886840820312,
                31.978878021240234
              ],
              [
                -106.23451232910156,
                31.8503360748291
              ],
              [
                -106.17910766601562,
                31.528987884521484
              ],
              [
                -104.81110382080078,
                30.564971923828125
              ],
              [
                -104.50143432617188,
                29.729440689086914
              ],
              [
                -103.6162109375,
                29.150936126708984
              ],
              [
                -103.04299926757812,
                29.022375106811523
              ],
              [
                -103.03347778320312,
                29.21521759033203
              ],
              [
                -102.85104370117188,
                29.34377670288086
              ],
              [
                -102.8653335571289,
                29.600887298583984
              ],
              [
                -102.660888671875,
                29.665164947509766
              ],
              [
                -102.63077545166016,
                29.79371452331543
              ],
              [
                -102.07048034667969,
                29.922264099121094
              ],
              [
                -101.41868591308594,
                29.79371452331543
              ],
              [
                -100.5704116821289,
                29.08665657043457
              ],
              [
                -100.16818237304688,
                28.315250396728516
              ],
              [
                -99.40354919433594,
                27.54378890991211
              ],
              [
                -99.32816314697266,
                27.029460906982422
              ],
              [
                -99.01545715332031,
                26.450830459594727
              ],
              [
                -98.28783416748047,
                26.257951736450195
              ],
              [
                -98.0114974975586,
                26.06507110595703
              ],
              [
                -97.63661193847656,
                26.06507110595703
              ],
              [
                -97.45305633544922,
                25.936485290527344
              ],
              [
                -97.0949935913086,
                26.000778198242188
              ],
              [
                -97.04515838623047,
                25.807899475097656
              ],
              [
                -97.12008666992188,
                25.807899475097656
              ],
              [
                -97.17241668701172,
                25.422143936157227
              ],
              [
                -97.68042755126953,
                25.357851028442383
              ],
              [
                -97.5553207397461,
                24.843517303466797
              ],
              [
                -97.63008880615234,
                24.843517303466797
              ],
              [
                -97.62931060791016,
                24.522062301635742
              ],
              [
                -97.77873992919922,
                24.522062301635742
              ],
              [
                -97.61592102050781,
                24.136323928833008
              ],
              [
                -97.6905746459961,
                24.136323928833008
              ],
              [
                -97.61913299560547,
                23.814878463745117
              ],
              [
                -97.69374084472656,
                23.814878463745117
              ],
              [
                -97.58287811279297,
                23.30057144165039
              ],
              [
                -97.65740966796875,
                23.30057144165039
              ],
              [
                -97.60343933105469,
                23.043420791625977
              ],
              [
                -97.74750518798828,
                22.657697677612305
              ],
              [
                -97.54424285888672,
                21.629112243652344
              ],
              [
                -97.37100982666016,
                21.500539779663086
              ],
              [
                -97.18753814697266,
                20.921964645385742
              ],
              [
                -96.51469421386719,
                20.08624267578125
              ],
              [
                -96.25057983398438,
                19.443374633789062
              ],
              [
                -95.76676940917969,
                18.800504684448242
              ],
              [
                -94.77217102050781,
                18.607641220092773
              ],
              [
                -94.48452758789062,
                18.2219181060791
              ],
              [
                -94.04130554199219,
                18.2219181060791
              ],
              [
                -93.49372100830078,
                18.479066848754883
              ],
              [
                -92.61772155761719,
                18.543354034423828
              ],
              [
                -92.50244903564453,
                18.736217498779297
              ],
              [
                -91.83705139160156,
                18.736217498779297
              ],
              [
                -91.79398345947266,
                18.479066848754883
              ],
              [
                -91.49837493896484,
                18.479066848754883
              ],
              [
                -91.44587707519531,
                18.607641220092773
              ],
              [
                -91.29804229736328,
                18.607641220092773
              ],
              [
                -91.35189819335938,
                18.929079055786133
              ],
              [
                -90.81432342529297,
                19.25051498413086
              ],
              [
                -90.74271392822266,
                19.700523376464844
              ],
              [
                -90.47938537597656,
                19.893383026123047
              ],
              [
                -90.49354553222656,
                20.40767478942871
              ],
              [
                -90.41940307617188,
                20.40767478942871
              ],
              [
                -90.3199234008789,
                21.114822387695312
              ],
              [
                -90.17145538330078,
                21.114822387695312
              ],
              [
                -89.9826889038086,
                21.307680130004883
              ],
              [
                -89.1771240234375,
                21.371967315673828
              ],
              [
                -88.47954559326172,
                21.629112243652344
              ],
              [
                -87.3426742553711,
                21.500539779663086
              ],
              [
                -87.2164306640625,
                21.629112243652344
              ],
              [
                -86.91922760009766,
                21.629112243652344
              ],
              [
                -86.74839782714844,
                21.500539779663086
              ],
              [
                -86.66070556640625,
                20.986249923706055
              ],
              [
                -86.85083770751953,
                20.793392181396484
              ],
              [
                -86.82926940917969,
                20.664819717407227
              ],
              [
                -87.04102325439453,
                20.60053253173828
              ],
              [
                -87.34735107421875,
                20.214815139770508
              ],
              [
                -87.29402160644531,
                19.893383026123047
              ],
              [
                -87.54778289794922,
                19.6362361907959
              ],
              [
                -87.38911437988281,
                19.571949005126953
              ],
              [
                -87.36799621582031,
                19.443374633789062
              ],
              [
                -87.49495697021484,
                19.314802169799805
              ],
              [
                -87.45301055908203,
                19.057653427124023
              ],
              [
                -87.7293930053711,
                18.479066848754883
              ],
              [
                -87.69865417480469,
                18.286205291748047
              ],
              [
                -87.91007232666016,
                18.2219181060791
              ],
              [
                -88.03532409667969,
                18.543354034423828
              ],
              [
                -87.96141052246094,
                18.543354034423828
              ],
              [
                -87.99251556396484,
                18.736217498779297
              ],
              [
                -88.12997436523438,
                18.67193031311035
              ],
              [
                -88.17279815673828,
                18.479066848754883
              ],
              [
                -88.2467041015625,
                18.479066848754883
              ],
              [
                -88.3945083618164,
                18.479066848754883
              ],
              [
                -88.75556182861328,
                17.964767456054688
              ],
              [
                -89.05091857910156,
                17.964767456054688
              ],
              [
                -89.1781997680664,
                17.836191177368164
              ],
              [
                -89.03401947021484,
                17.38617706298828
              ],
              [
                -89.10779571533203,
                17.38617706298828
              ],
              [
                -89.11003112792969,
                15.907554626464844
              ],
              [
                -88.81562042236328,
                15.907554626464844
              ],
              [
                -88.74201202392578,
                15.907554626464844
              ],
              [
                -88.30039978027344,
                15.907554626464844
              ],
              [
                -88.20897674560547,
                15.77897834777832
              ],
              [
                -87.98821258544922,
                15.77897834777832
              ],
              [
                -87.93238830566406,
                15.907554626464844
              ],
              [
                -87.49076843261719,
                15.907554626464844
              ],
              [
                -87.25232696533203,
                15.77897834777832
              ],
              [
                -86.4428482055664,
                15.77897834777832
              ],
              [
                -86.01872253417969,
                15.907554626464844
              ],
              [
                -85.96268463134766,
                16.036130905151367
              ],
              [
                -85.35629272460938,
                15.907554626464844
              ],
              [
                -84.62890625,
                15.971842765808105
              ],
              [
                -84.53807830810547,
                15.843266487121582
              ],
              [
                -84.09650421142578,
                15.843266487121582
              ],
              [
                -83.93238830566406,
                15.714691162109375
              ],
              [
                -83.82552337646484,
                15.457538604736328
              ],
              [
                -84.0379638671875,
                15.393251419067383
              ],
              [
                -83.28631591796875,
                15.26467514038086
              ],
              [
                -83.27033996582031,
                15.136098861694336
              ],
              [
                -83.11539459228516,
                15.07181167602539
              ],
              [
                -83.09198760986328,
                14.878947257995605
              ],
              [
                -83.30475616455078,
                14.81466007232666
              ],
              [
                -83.09062957763672,
                14.236069679260254
              ],
              [
                -83.4676742553711,
                13.657480239868164
              ],
              [
                -83.39510345458984,
                12.950316429138184
              ],
              [
                -83.51050567626953,
                12.628878593444824
              ],
              [
                -83.65097045898438,
                12.564591407775879
              ],
              [
                -83.603515625,
                12.050291061401367
              ],
              [
                -83.73855590820312,
                11.92171573638916
              ],
              [
                -83.58641815185547,
                11.857428550720215
              ],
              [
                -83.5697021484375,
                11.664566040039062
              ],
              [
                -83.7729721069336,
                11.47170352935791
              ],
              [
                -83.81965637207031,
                11.15026569366455
              ],
              [
                -83.58470153808594,
                10.957403182983398
              ],
              [
                -83.5647201538086,
                10.7002534866333
              ],
              [
                -83.23410034179688,
                10.185953140258789
              ],
              [
                -82.8504638671875,
                9.928803443908691
              ],
              [
                -82.84166717529297,
                9.800228118896484
              ],
              [
                -82.60948944091797,
                9.607365608215332
              ],
              [
                -82.30876159667969,
                9.478790283203125
              ],
              [
                -82.20748138427734,
                9.028778076171875
              ],
              [
                -81.83834838867188,
                8.964489936828613
              ],
              [
                -81.92312622070312,
                9.157352447509766
              ],
              [
                -81.77700805664062,
                9.157352447509766
              ],
              [
                -81.46550750732422,
                8.835914611816406
              ],
              [
                -81.02725982666016,
                8.835914611816406
              ],
              [
                -80.53499603271484,
                9.157352447509766
              ],
              [
                -79.95831298828125,
                9.285927772521973
              ],
              [
                -79.68607330322266,
                9.607365608215332
              ],
              [
                -78.95521545410156,
                9.607365608215332
              ],
              [
                -78.94718170166016,
                9.478790283203125
              ],
              [
                -78.50871276855469,
                9.478790283203125
              ],
              [
                -77.98551940917969,
                9.285927772521973
              ],
              [
                -77.7439956665039,
                8.900202751159668
              ],
              [
                -77.5141830444336,
                8.707340240478516
              ],
              [
                -77.29507446289062,
                8.707340240478516
              ],
              [
                -77.1319580078125,
                8.385902404785156
              ],
              [
                -76.8301010131836,
                8.193038940429688
              ],
              [
                -76.92643737792969,
                8.643052101135254
              ],
              [
                -76.29025268554688,
                9.028778076171875
              ],
              [
                -76.09332275390625,
                9.41450309753418
              ],
              [
                -75.65867614746094,
                9.478790283203125
              ],
              [
                -75.63796997070312,
                10.314528465270996
              ],
              [
                -75.4959716796875,
                10.378815650939941
              ],
              [
                -75.5777359008789,
                10.507390975952148
              ],
              [
                -75.44463348388672,
                10.7002534866333
              ],
              [
                -75.22962188720703,
                10.764540672302246
              ],
              [
                -75.23863220214844,
                10.893115997314453
              ],
              [
                -74.96434783935547,
                11.15026569366455
              ],
              [
                -74.52061462402344,
                11.085978507995605
              ],
              [
                -74.36063385009766,
                10.893115997314453
              ],
              [
                -74.17333221435547,
                11.343128204345703
              ],
              [
                -73.15324401855469,
                11.407415390014648
              ],
              [
                -72.81107330322266,
                11.728853225708008
              ],
              [
                -72.23989868164062,
                11.92171573638916
              ],
              [
                -72.19175720214844,
                12.24315357208252
              ],
              [
                -71.90381622314453,
                12.307440757751465
              ],
              [
                -71.84087371826172,
                12.436016082763672
              ],
              [
                -71.32791900634766,
                12.436016082763672
              ],
              [
                -71.09784698486328,
                12.307440757751465
              ],
              [
                -71.07292938232422,
                11.986002922058105
              ],
              [
                -71.27811431884766,
                11.793140411376953
              ],
              [
                -71.9228286743164,
                11.6002779006958
              ],
              [
                -71.82191467285156,
                11.214552879333496
              ],
              [
                -71.59342193603516,
                11.085978507995605
              ],
              [
                -71.6491470336914,
                10.828827857971191
              ],
              [
                -71.50282287597656,
                10.828827857971191
              ],
              [
                -71.01683044433594,
                11.214552879333496
              ],
              [
                -70.15194702148438,
                11.407415390014648
              ],
              [
                -70.08782958984375,
                11.535990715026855
              ],
              [
                -69.79044342041016,
                11.47170352935791
              ],
              [
                -69.799560546875,
                11.6002779006958
              ],
              [
                -69.65773010253906,
                11.664566040039062
              ],
              [
                -69.5708236694336,
                11.47170352935791
              ],
              [
                -68.98965454101562,
                11.535990715026855
              ],
              [
                -68.46390533447266,
                11.343128204345703
              ],
              [
                -68.30884552001953,
                11.214552879333496
              ],
              [
                -68.19046783447266,
                10.507390975952148
              ],
              [
                -67.45906066894531,
                10.507390975952148
              ],
              [
                -67.1742935180664,
                10.635965347290039
              ],
              [
                -66.37355041503906,
                10.7002534866333
              ],
              [
                -66.15019989013672,
                10.635965347290039
              ],
              [
                -65.83870697021484,
                10.314528465270996
              ],
              [
                -65.24639892578125,
                10.185953140258789
              ],
              [
                -65.09302520751953,
                10.057377815246582
              ],
              [
                -64.80410766601562,
                10.121665954589844
              ],
              [
                -64.59552001953125,
                10.314528465270996
              ],
              [
                -64.37612915039062,
                10.314528465270996
              ],
              [
                -64.38343048095703,
                10.443102836608887
              ],
              [
                -64.09455871582031,
                10.507390975952148
              ],
              [
                -64.03263092041016,
                10.7002534866333
              ],
              [
                -61.91484069824219,
                10.764540672302246
              ],
              [
                -61.97705078125,
                10.571678161621094
              ],
              [
                -62.851158142089844,
                10.507390975952148
              ],
              [
                -62.843971252441406,
                10.378815650939941
              ],
              [
                -62.62457275390625,
                10.378815650939941
              ],
              [
                -62.617530822753906,
                10.250240325927734
              ],
              [
                -62.471282958984375,
                10.250240325927734
              ],
              [
                -62.30142593383789,
                9.800228118896484
              ],
              [
                -62.234920501708984,
                9.928803443908691
              ],
              [
                -61.945823669433594,
                9.993090629577637
              ],
              [
                -61.78974533081055,
                9.800228118896484
              ],
              [
                -61.4275016784668,
                9.86451530456543
              ],
              [
                -61.34477996826172,
                9.671652793884277
              ],
              [
                -60.82693862915039,
                9.543078422546387
              ],
              [
                -60.74177551269531,
                9.285927772521973
              ],
              [
                -61.02523422241211,
                9.09306526184082
              ],
              [
                -61.0111083984375,
                8.771627426147461
              ],
              [
                -61.15443420410156,
                8.707340240478516
              ],
              [
                -61.149017333984375,
                8.578764915466309
              ],
              [
                -61.43844985961914,
                8.514476776123047
              ],
              [
                -60.64049530029297,
                8.643052101135254
              ],
              [
                -60.710853576660156,
                8.578764915466309
              ],
              [
                -60.632568359375,
                8.450189590454102
              ],
              [
                -60.1163215637207,
                8.321614265441895
              ],
              [
                -59.96286392211914,
                8.128751754760742
              ],
              [
                -60.10166549682617,
                7.935888767242432
              ],
              [
                -60.247657775878906,
                7.935888767242432
              ],
              [
                -60.67403030395508,
                7.614450931549072
              ],
              [
                -60.588035583496094,
                7.228724956512451
              ],
              [
                -60.29208755493164,
                7.100150108337402
              ],
              [
                -60.35907745361328,
                6.907287120819092
              ],
              [
                -61.00979995727539,
                6.714424133300781
              ],
              [
                -61.15193176269531,
                6.585848808288574
              ],
              [
                -61.070098876953125,
                6.264410972595215
              ],
              [
                -61.35509490966797,
                6.007260322570801
              ],
              [
                -61.27592086791992,
                5.750109672546387
              ],
              [
                -60.68156433105469,
                5.235808849334717
              ],
              [
                -60.60492706298828,
                5.042945861816406
              ],
              [
                -60.67542266845703,
                4.914370536804199
              ],
              [
                -60.67426681518555,
                4.850082874298096
              ],
              [
                -60.88848876953125,
                4.592932224273682
              ],
              [
                -61.39645004272461,
                4.464356899261475
              ],
              [
                -61.68400955200195,
                4.207206249237061
              ],
              [
                -61.90256118774414,
                4.207206249237061
              ],
              [
                -62.04645538330078,
                4.078630924224854
              ],
              [
                -62.70207595825195,
                4.078630924224854
              ],
              [
                -62.769996643066406,
                3.692905426025391
              ],
              [
                -62.91421890258789,
                3.564330101013184
              ],
              [
                -63.1334342956543,
                3.628617763519287
              ],
              [
                -63.355079650878906,
                3.885768175125122
              ],
              [
                -64.08435821533203,
                3.950055837631226
              ],
              [
                -64.23280334472656,
                4.142918586730957
              ],
              [
                -64.6698989868164,
                4.142918586730957
              ],
              [
                -64.81758880615234,
                4.271493911743164
              ],
              [
                -64.66622924804688,
                3.885768175125122
              ],
              [
                -64.29878997802734,
                3.628617763519287
              ],
              [
                -64.07080841064453,
                2.471440553665161
              ],
              [
                -63.48806381225586,
                2.407152891159058
              ],
              [
                -63.414772033691406,
                2.27857780456543
              ],
              [
                -64.21453094482422,
                1.76427698135376
              ],
              [
                -64.36029815673828,
                1.378551483154297
              ],
              [
                -64.65145874023438,
                1.378551483154297
              ],
              [
                -65.08857727050781,
                1.185688734054565
              ],
              [
                -65.60047149658203,
                0.60710072517395
              ],
              [
                -65.8919677734375,
                0.542813181877136
              ],
              [
                -65.96603393554688,
                0.349950581789017
              ],
              [
                -66.11157989501953,
                0.349950581789017
              ],
              [
                -66.173095703125,
                -0.228637129068375
              ],
              [
                -66.46559143066406,
                -0.421499729156494
              ],
              [
                -66.47025299072266,
                -0.935800075531006
              ],
              [
                -66.39747619628906,
                -0.935800075531006
              ],
              [
                -66.33617401123047,
                -1.83582615852356
              ],
              [
                -65.97840118408203,
                -2.221551656723022
              ],
              [
                -65.91385650634766,
                -2.671565055847168
              ],
              [
                -66.64590454101562,
                -2.864427804946899
              ],
              [
                -68.0294189453125,
                -2.864427804946899
              ],
              [
                -68.619140625,
                -3.185865879058838
              ],
              [
                -68.54935455322266,
                -3.314441204071045
              ],
              [
                -68.62532043457031,
                -3.443016529083252
              ],
              [
                -69.57539367675781,
                -3.57159161567688
              ],
              [
                -69.79900360107422,
                -3.76445460319519
              ],
              [
                -69.73149108886719,
                -3.957317352294922
              ],
              [
                -69.95185852050781,
                -4.021605014801025
              ],
              [
                -70.17994689941406,
                -4.343043327331543
              ],
              [
                -70.39459991455078,
                -4.214468002319336
              ],
              [
                -70.90455627441406,
                -4.214468002319336
              ],
              [
                -71.34967803955078,
                -4.47161865234375
              ],
              [
                -72.00748443603516,
                -4.535906314849854
              ],
              [
                -72.97960662841797,
                -5.243070125579834
              ],
              [
                -72.98947143554688,
                -5.500220775604248
              ],
              [
                -73.22110748291016,
                -5.821659088134766
              ],
              [
                -73.25202941894531,
                -6.528822898864746
              ],
              [
                -73.78093719482422,
                -6.914548873901367
              ],
              [
                -73.79702758789062,
                -7.235986709594727
              ],
              [
                -63.658226013183594,
                -7.30027437210083
              ],
              [
                -63.673099517822266,
                -7.621712207794189
              ],
              [
                -63.54261779785156,
                -7.943150520324707
              ],
              [
                -63.77122497558594,
                -8.13601303100586
              ],
              [
                -63.79116439819336,
                -8.52173900604248
              ],
              [
                -64.03118133544922,
                -8.907464027404785
              ],
              [
                -64.69584655761719,
                -9.036039352416992
              ],
              [
                -65.01827239990234,
                -9.550339698791504
              ],
              [
                -65.16443634033203,
                -9.550339698791504
              ],
              [
                -65.22977447509766,
                -9.421764373779297
              ],
              [
                -65.45286560058594,
                -9.486052513122559
              ],
              [
                -65.47261810302734,
                -9.807489395141602
              ],
              [
                -65.33857727050781,
                -10.000351905822754
              ],
              [
                -65.50990295410156,
                -10.386076927185059
              ],
              [
                -65.4355697631836,
                -11.414677619934082
              ],
              [
                -65.2448501586914,
                -11.800402641296387
              ],
              [
                -65.10330200195312,
                -11.864689826965332
              ],
              [
                -65.11322784423828,
                -11.993265151977539
              ],
              [
                -64.82524108886719,
                -12.057552337646484
              ],
              [
                -64.48946380615234,
                -12.443277359008789
              ],
              [
                -64.13343048095703,
                -12.571852684020996
              ],
              [
                -63.68851852416992,
                -12.50756549835205
              ],
              [
                -63.55752182006836,
                -12.700428009033203
              ],
              [
                -63.191017150878906,
                -12.700428009033203
              ],
              [
                -62.99217224121094,
                -12.9575777053833
              ],
              [
                -62.274932861328125,
                -13.15044116973877
              ],
              [
                -62.07114791870117,
                -13.343303680419922
              ],
              [
                -62.082130432128906,
                -13.471879005432129
              ],
              [
                -61.79974365234375,
                -13.600454330444336
              ],
              [
                -61.133853912353516,
                -13.536166191101074
              ],
              [
                -60.777984619140625,
                -13.664741516113281
              ],
              [
                -60.58013916015625,
                -13.921893119812012
              ],
              [
                -60.29215621948242,
                -13.986180305480957
              ],
              [
                -59.86632537841797,
                -14.9504976272583
              ],
              [
                -59.364051818847656,
                -15.079072952270508
              ],
              [
                -59.23561096191406,
                -15.271936416625977
              ],
              [
                -58.66606903076172,
                -15.464800834655762
              ],
              [
                -58.18925094604492,
                -15.850528717041016
              ],
              [
                -57.69337844848633,
                -16.043392181396484
              ],
              [
                -57.46482849121094,
                -16.68627166748047
              ],
              [
                -57.32417297363281,
                -16.750560760498047
              ],
              [
                -57.312042236328125,
                -17.329151153564453
              ],
              [
                -57.13974380493164,
                -17.779165267944336
              ],
              [
                -57.18252182006836,
                -18.164892196655273
              ],
              [
                -57.10865783691406,
                -18.164892196655273
              ],
              [
                -57.269954681396484,
                -18.93634033203125
              ],
              [
                -57.6104850769043,
                -19.322063446044922
              ],
              [
                -57.90816879272461,
                -19.96493148803711
              ],
              [
                -58.14572525024414,
                -20.093503952026367
              ],
              [
                -58.19184875488281,
                -20.47922134399414
              ],
              [
                -57.890777587890625,
                -21.057798385620117
              ],
              [
                -58.018394470214844,
                -22.08637809753418
              ],
              [
                -57.373512268066406,
                -22.279237747192383
              ],
              [
                -56.778411865234375,
                -22.279237747192383
              ],
              [
                -56.687904357910156,
                -22.150665283203125
              ],
              [
                -56.39042282104492,
                -22.150665283203125
              ],
              [
                -56.11695098876953,
                -22.343524932861328
              ],
              [
                -55.893760681152344,
                -22.343524932861328
              ],
              [
                -55.65275955200195,
                -22.793533325195312
              ],
              [
                -55.57306671142578,
                -23.886428833007812
              ],
              [
                -55.30097579956055,
                -24.079296112060547
              ],
              [
                -54.90151596069336,
                -23.886428833007812
              ],
              [
                -54.52843475341797,
                -23.886428833007812
              ],
              [
                -54.396507263183594,
                -24.01500701904297
              ],
              [
                -54.41085433959961,
                -24.65790557861328
              ],
              [
                -54.48558807373047,
                -24.65790557861328
              ],
              [
                -54.71277618408203,
                -25.68657684326172
              ],
              [
                -54.0287971496582,
                -25.622283935546875
              ],
              [
                -53.85340881347656,
                -25.943748474121094
              ],
              [
                -53.84946823120117,
                -26.393798828125
              ],
              [
                -53.77442932128906,
                -26.393798828125
              ],
              [
                -53.89078140258789,
                -27.101015090942383
              ],
              [
                -54.31069564819336,
                -27.358179092407227
              ],
              [
                -54.12973403930664,
                -27.615341186523438
              ],
              [
                -53.52753448486328,
                -27.615341186523438
              ],
              [
                -53.27130889892578,
                -27.87249755859375
              ],
              [
                -53.9701042175293,
                -30.700767517089844
              ],
              [
                -53.89412307739258,
                -30.700767517089844
              ],
              [
                -53.962581634521484,
                -31.022106170654297
              ],
              [
                -53.69375991821289,
                -31.53624725341797
              ],
              [
                -53.62685012817383,
                -31.921865463256836
              ],
              [
                -53.48863983154297,
                -31.98613739013672
              ],
              [
                -53.376075744628906,
                -32.50033187866211
              ],
              [
                -53.237892150878906,
                -32.56460952758789
              ],
              [
                -53.29727554321289,
                -32.82173156738281
              ],
              [
                -53.572113037109375,
                -33.014583587646484
              ],
              [
                -53.67923355102539,
                -33.46461868286133
              ],
              [
                -53.526676177978516,
                -33.78611755371094
              ],
              [
                -53.54233932495117,
                -33.85042190551758
              ],
              [
                -53.714263916015625,
                -34.23628616333008
              ],
              [
                -54.02592849731445,
                -34.557891845703125
              ],
              [
                -54.8189811706543,
                -34.94389343261719
              ],
              [
                -56.03681564331055,
                -34.879554748535156
              ],
              [
                -56.379703521728516,
                -35.008235931396484
              ],
              [
                -56.559810638427734,
                -34.815216064453125
              ],
              [
                -57.08256912231445,
                -34.75088119506836
              ],
              [
                -57.125370025634766,
                -34.62221908569336
              ],
              [
                -57.3994026184082,
                -34.49356460571289
              ],
              [
                -58.09275436401367,
                -34.49356460571289
              ],
              [
                -58.31477355957031,
                -34.17197036743164
              ],
              [
                -58.468658447265625,
                -34.17197036743164
              ],
              [
                -58.59730911254883,
                -34.36492156982422
              ],
              [
                -58.37608337402344,
                -34.68655014038086
              ],
              [
                -57.28129196166992,
                -35.20127487182617
              ],
              [
                -57.34575271606445,
                -35.71617126464844
              ],
              [
                -58.47597122192383,
                -35.32998275756836
              ],
              [
                -58.5174446105957,
                -35.20127487182617
              ],
              [
                -58.80855941772461,
                -35.136924743652344
              ],
              [
                -59.069969177246094,
                -34.68655014038086
              ],
              [
                -59.769935607910156,
                -34.42924118041992
              ],
              [
                -60.06689453125,
                -34.1076545715332
              ],
              [
                -60.62953186035156,
                -33.91472625732422
              ],
              [
                -61.013851165771484,
                -33.91472625732422
              ],
              [
                -61.37456512451172,
                -34.1076545715332
              ],
              [
                -61.60533142089844,
                -34.1076545715332
              ],
              [
                -61.71817398071289,
                -34.23628616333008
              ],
              [
                -61.93101119995117,
                -34.17197036743164
              ],
              [
                -62.10297775268555,
                -34.23628616333008
              ],
              [
                -62.06230163574219,
                -34.36492156982422
              ],
              [
                -62.37030029296875,
                -34.36492156982422
              ],
              [
                -63.06043243408203,
                -34.62221908569336
              ],
              [
                -63.59998321533203,
                -34.62221908569336
              ],
              [
                -63.56253433227539,
                -34.49356460571289
              ],
              [
                -64.3535385131836,
                -34.300601959228516
              ],
              [
                -67.85697937011719,
                -34.42924118041992
              ],
              [
                -68.7642593383789,
                -34.62221908569336
              ],
              [
                -68.9791030883789,
                -34.815216064453125
              ],
              [
                -69.77103424072266,
                -34.879554748535156
              ],
              [
                -70.35916137695312,
                -35.265628814697266
              ],
              [
                -70.75908660888672,
                -36.23126220703125
              ],
              [
                -70.7034912109375,
                -36.2956657409668
              ],
              [
                -71.20304107666016,
                -36.61772918701172
              ],
              [
                -71.29344940185547,
                -36.87545394897461
              ],
              [
                -71.21563720703125,
                -36.87545394897461
              ],
              [
                -71.28410339355469,
                -37.06878662109375
              ],
              [
                -71.20623016357422,
                -37.06878662109375
              ],
              [
                -71.2752685546875,
                -37.26216125488281
              ],
              [
                -71.19732666015625,
                -37.26216125488281
              ],
              [
                -71.28270721435547,
                -37.71352767944336
              ],
              [
                -71.20460510253906,
                -37.71352767944336
              ],
              [
                -71.35382843017578,
                -37.907039642333984
              ],
              [
                -71.58833312988281,
                -37.907039642333984
              ],
              [
                -71.54071044921875,
                -37.77802658081055
              ],
              [
                -71.69696044921875,
                -37.77802658081055
              ],
              [
                -71.78205871582031,
                -37.58454132080078
              ],
              [
                -72.8271484375,
                -37.45557403564453
              ],
              [
                -73.0136489868164,
                -37.326629638671875
              ],
              [
                -72.96642303466797,
                -37.19770050048828
              ],
              [
                -73.12226104736328,
                -37.19770050048828
              ],
              [
                -73.08305358886719,
                -36.87545394897461
              ],
              [
                -73.33982849121094,
                -36.93989562988281
              ],
              [
                -72.97697448730469,
                -36.360069274902344
              ],
              [
                -72.76463317871094,
                -35.52306365966797
              ],
              [
                -72.42416381835938,
                -35.20127487182617
              ],
              [
                -72.10264587402344,
                -33.979034423828125
              ],
              [
                -71.9082260131836,
                -33.85042190551758
              ],
              [
                -71.8076400756836,
                -33.52891540527344
              ],
              [
                -71.92125701904297,
                -33.40032196044922
              ],
              [
                -71.6297378540039,
                -32.69316864013672
              ],
              [
                -71.70624542236328,
                -32.69316864013672
              ],
              [
                -71.6109848022461,
                -32.37178039550781
              ],
              [
                -71.76494598388672,
                -32.114681243896484
              ],
              [
                -71.71183013916016,
                -31.664785385131836
              ],
              [
                -71.82779693603516,
                -31.53624725341797
              ],
              [
                -71.77355194091797,
                -31.343442916870117
              ],
              [
                -71.84969329833984,
                -31.343442916870117
              ],
              [
                -71.8597640991211,
                -30.829303741455078
              ],
              [
                -71.93577575683594,
                -30.829303741455078
              ],
              [
                -71.79762268066406,
                -30.315153121948242
              ],
              [
                -71.62892150878906,
                -30.250883102416992
              ],
              [
                -71.42005920410156,
                -29.7367000579834
              ],
              [
                -71.49579620361328,
                -29.7367000579834
              ],
              [
                -71.49042510986328,
                -29.415315628051758
              ],
              [
                -71.72916412353516,
                -29.1581974029541
              ],
              [
                -71.6507339477539,
                -28.836788177490234
              ],
              [
                -71.31739044189453,
                -28.386796951293945
              ],
              [
                -71.2601547241211,
                -27.808208465576172
              ],
              [
                -71.18484497070312,
                -27.808208465576172
              ],
              [
                -70.7818603515625,
                -26.265213012695312
              ],
              [
                -70.8934326171875,
                -26.07233428955078
              ],
              [
                -70.88081359863281,
                -25.622283935546875
              ],
              [
                -70.61961364746094,
                -25.429405212402344
              ],
              [
                -70.57182312011719,
                -25.172237396240234
              ],
              [
                -70.73779296875,
                -24.850778579711914
              ],
              [
                -70.62429809570312,
                -23.757850646972656
              ],
              [
                -70.528564453125,
                -23.629274368286133
              ],
              [
                -70.80585479736328,
                -23.50069808959961
              ],
              [
                -70.75408172607422,
                -23.179258346557617
              ],
              [
                -70.51019287109375,
                -23.050682067871094
              ],
              [
                -70.39552307128906,
                -22.793533325195312
              ],
              [
                -70.26895141601562,
                -21.957805633544922
              ],
              [
                -70.18431091308594,
                -21.379228591918945
              ],
              [
                -70.25858306884766,
                -21.379228591918945
              ],
              [
                -70.22156524658203,
                -21.12208366394043
              ],
              [
                -70.2957992553711,
                -21.12208366394043
              ],
              [
                -70.29682922363281,
                -20.6077938079834
              ],
              [
                -70.3709945678711,
                -20.6077938079834
              ],
              [
                -70.2628173828125,
                -19.83635711669922
              ],
              [
                -70.33688354492188,
                -19.83635711669922
              ],
              [
                -70.30113220214844,
                -19.57921028137207
              ],
              [
                -70.37517547607422,
                -19.57921028137207
              ],
              [
                -70.43451690673828,
                -18.93634033203125
              ],
              [
                -70.50847625732422,
                -18.93634033203125
              ],
              [
                -70.43856048583984,
                -18.422040939331055
              ],
              [
                -70.58634948730469,
                -18.422040939331055
              ],
              [
                -70.97771453857422,
                -18.03631591796875
              ],
              [
                -71.3297119140625,
                -17.90774154663086
              ],
              [
                -71.49990844726562,
                -17.522014617919922
              ],
              [
                -71.63900756835938,
                -17.457727432250977
              ],
              [
                -71.62213134765625,
                -17.329151153564453
              ],
              [
                -72.0478515625,
                -17.20057487487793
              ],
              [
                -72.44017791748047,
                -16.814847946166992
              ],
              [
                -73.0132064819336,
                -16.68627166748047
              ],
              [
                -73.20954895019531,
                -16.493408203125
              ],
              [
                -73.987060546875,
                -16.236255645751953
              ],
              [
                -74.3148422241211,
                -15.914815902709961
              ],
              [
                -74.74047088623047,
                -15.786240577697754
              ],
              [
                -74.79821014404297,
                -15.65766429901123
              ],
              [
                -75.22389221191406,
                -15.529088973999023
              ],
              [
                -75.47163391113281,
                -15.14336109161377
              ],
              [
                -76.08062744140625,
                -14.69334602355957
              ],
              [
                -76.19117736816406,
                -14.371907234191895
              ],
              [
                -76.46356201171875,
                -14.179043769836426
              ],
              [
                -76.4218978881836,
                -13.793316841125488
              ],
              [
                -76.34850311279297,
                -13.793316841125488
              ],
              [
                -76.3817138671875,
                -13.407590866088867
              ],
              [
                -76.64266967773438,
                -13.086153030395508
              ],
              [
                -76.75159454345703,
                -12.700428009033203
              ],
              [
                -76.89202880859375,
                -12.636139869689941
              ],
              [
                -76.94102478027344,
                -12.378990173339844
              ],
              [
                -77.28361511230469,
                -12.12183952331543
              ],
              [
                -77.31663513183594,
                -11.67182731628418
              ],
              [
                -77.8013687133789,
                -11.35038948059082
              ],
              [
                -77.77444458007812,
                -11.028952598571777
              ],
              [
                -78.35681915283203,
                -10.064640045166016
              ],
              [
                -78.34247589111328,
                -9.871777534484863
              ],
              [
                -78.86370849609375,
                -8.971752166748047
              ],
              [
                -78.97621154785156,
                -8.457450866699219
              ],
              [
                -79.59014129638672,
                -7.750287532806396
              ],
              [
                -79.71047973632812,
                -7.30027437210083
              ],
              [
                -79.85286712646484,
                -7.235986709594727
              ],
              [
                -79.98148345947266,
                -6.914548873901367
              ],
              [
                -80.75439453125,
                -6.335959911346436
              ],
              [
                -81.32842254638672,
                -6.143096923828125
              ],
              [
                -81.31636047363281,
                -5.885946750640869
              ],
              [
                -81.02180480957031,
                -5.821659088134766
              ],
              [
                -81.01318359375,
                -5.628796100616455
              ],
              [
                -81.29094696044922,
                -5.307357788085938
              ],
              [
                -81.27531433105469,
                -4.921631813049316
              ],
              [
                -81.4185562133789,
                -4.857344150543213
              ],
              [
                -81.47466278076172,
                -4.407330989837646
              ],
              [
                -81.16791534423828,
                -3.957317352294922
              ],
              [
                -80.94527435302734,
                -3.828742265701294
              ],
              [
                -80.94126892089844,
                -3.700166940689087
              ],
              [
                -80.05075073242188,
                -3.121578216552734
              ],
              [
                -80.04412841796875,
                -2.864427804946899
              ],
              [
                -80.18976593017578,
                -2.864427804946899
              ],
              [
                -80.19469451904297,
                -3.05729079246521
              ],
              [
                -80.41316223144531,
                -3.05729079246521
              ],
              [
                -80.33069610595703,
                -2.671565055847168
              ],
              [
                -80.54913330078125,
                -2.671565055847168
              ],
              [
                -81.12286376953125,
                -2.285839319229126
              ],
              [
                -81.12015533447266,
                -2.157264232635498
              ],
              [
                -80.90043640136719,
                -2.092976570129395
              ],
              [
                -80.96051788330078,
                -1.385813117027283
              ],
              [
                -80.88673400878906,
                -1.321525454521179
              ],
              [
                -81.03038024902344,
                -1.192950367927551
              ],
              [
                -81.02684020996094,
                -0.935800075531006
              ],
              [
                -80.66131591796875,
                -0.807224988937378
              ],
              [
                -80.58253479003906,
                -0.228637129068375
              ],
              [
                -80.2898941040039,
                -0.035774555057287
              ],
              [
                -80.30448913574219,
                0.092800483107567
              ],
              [
                -80.1581039428711,
                0.221375524997711
              ],
              [
                -80.22835540771484,
                0.864250957965851
              ],
              [
                -79.06356811523438,
                1.249976277351379
              ],
              [
                -78.99114227294922,
                1.507126569747925
              ],
              [
                -79.13688659667969,
                1.571414232254028
              ],
              [
                -79.13754272460938,
                1.76427698135376
              ],
              [
                -78.70103454589844,
                1.828564524650574
              ],
              [
                -78.77699279785156,
                2.342865228652954
              ],
              [
                -78.4874038696289,
                2.535728216171265
              ],
              [
                -77.90552520751953,
                2.600015640258789
              ],
              [
                -77.76564025878906,
                3.114316701889038
              ],
              [
                -77.26336669921875,
                3.628617763519287
              ],
              [
                -77.26665496826172,
                3.821480512619019
              ],
              [
                -77.4123306274414,
                3.821480512619019
              ],
              [
                -77.56282806396484,
                4.078630924224854
              ],
              [
                -77.56674194335938,
                4.271493911743164
              ],
              [
                -77.4210433959961,
                4.271493911743164
              ],
              [
                -77.53081512451172,
                5.685822010040283
              ],
              [
                -77.31619262695312,
                5.81439733505249
              ],
              [
                -77.54344177246094,
                6.071547985076904
              ],
              [
                -77.41372680664062,
                6.521561145782471
              ],
              [
                -77.725830078125,
                7.035862445831299
              ],
              [
                -78.33206939697266,
                7.550163269042969
              ],
              [
                -78.49637603759766,
                7.935888767242432
              ],
              [
                -78.5060043334961,
                8.128751754760742
              ],
              [
                -78.2869873046875,
                8.128751754760742
              ],
              [
                -78.23062133789062,
                8.450189590454102
              ],
              [
                -78.522705078125,
                8.450189590454102
              ],
              [
                -78.52961730957031,
                8.578764915466309
              ],
              [
                -79.0625,
                8.964489936828613
              ],
              [
                -79.6431655883789,
                8.900202751159668
              ],
              [
                -79.7675552368164,
                8.514476776123047
              ],
              [
                -79.97621154785156,
                8.321614265441895
              ],
              [
                -80.4108657836914,
                8.25732707977295
              ],
              [
                -80.32125091552734,
                7.935888767242432
              ],
              [
                -80.01974487304688,
                7.743025779724121
              ],
              [
                -80.0045394897461,
                7.421587944030762
              ],
              [
                -80.3664321899414,
                7.357300281524658
              ],
              [
                -80.5766372680664,
                7.164437294006348
              ],
              [
                -80.9414291381836,
                7.164437294006348
              ],
              [
                -81.04794311523438,
                7.871601104736328
              ],
              [
                -81.18123626708984,
                7.614450931549072
              ],
              [
                -81.47315216064453,
                7.614450931549072
              ],
              [
                -81.94063568115234,
                8.193038940429688
              ],
              [
                -82.232666015625,
                8.193038940429688
              ],
              [
                -82.45869445800781,
                8.321614265441895
              ],
              [
                -82.9627456665039,
                8.193038940429688
              ],
              [
                -83.19242095947266,
                8.385902404785156
              ],
              [
                -83.2033920288086,
                8.578764915466309
              ],
              [
                -83.27642059326172,
                8.578764915466309
              ],
              [
                -83.26184844970703,
                8.321614265441895
              ],
              [
                -83.70719146728516,
                8.450189590454102
              ],
              [
                -83.72593688964844,
                8.771627426147461
              ],
              [
                -83.58760070800781,
                8.900202751159668
              ],
              [
                -83.67251586914062,
                9.09306526184082
              ],
              [
                -84.12311553955078,
                9.285927772521973
              ],
              [
                -84.2818603515625,
                9.478790283203125
              ],
              [
                -84.57417297363281,
                9.478790283203125
              ],
              [
                -84.82884979248047,
                9.993090629577637
              ],
              [
                -84.90196228027344,
                9.993090629577637
              ],
              [
                -84.8795166015625,
                9.671652793884277
              ],
              [
                -85.24056243896484,
                9.607365608215332
              ],
              [
                -85.47767639160156,
                9.86451530456543
              ],
              [
                -85.77926635742188,
                9.993090629577637
              ],
              [
                -85.88573455810547,
                10.443102836608887
              ],
              [
                -85.68115997314453,
                10.635965347290039
              ],
              [
                -85.83755493164062,
                10.764540672302246
              ],
              [
                -85.8530044555664,
                10.957403182983398
              ],
              [
                -85.71714782714844,
                11.085978507995605
              ],
              [
                -86.583251953125,
                11.793140411376953
              ],
              [
                -86.92401885986328,
                12.307440757751465
              ],
              [
                -87.54815673828125,
                12.69316577911377
              ],
              [
                -87.66111755371094,
                13.07889175415039
              ],
              [
                -87.44111633300781,
                13.07889175415039
              ],
              [
                -87.2811050415039,
                12.950316429138184
              ],
              [
                -87.46842956542969,
                13.336042404174805
              ],
              [
                -87.7618408203125,
                13.336042404174805
              ],
              [
                -87.74122619628906,
                13.143178939819336
              ],
              [
                -88.84818267822266,
                13.207467079162598
              ],
              [
                -89.24311828613281,
                13.464617729187012
              ],
              [
                -89.9106216430664,
                13.528904914855957
              ],
              [
                -90.46885681152344,
                13.914630889892578
              ],
              [
                -91.3497085571289,
                13.914630889892578
              ],
              [
                -92.47407531738281,
                14.686083793640137
              ],
              [
                -92.75463104248047,
                15.136098861694336
              ],
              [
                -93.8301010131836,
                15.971842765808105
              ],
              [
                -93.9773178100586,
                15.971842765808105
              ],
              [
                -94.15343475341797,
                16.16470718383789
              ],
              [
                -94.6688461303711,
                16.16470718383789
              ],
              [
                -94.77195739746094,
                16.35757064819336
              ],
              [
                -94.95361328125,
                16.100418090820312
              ],
              [
                -96.21102905273438,
                15.650403022766113
              ],
              [
                -96.7260513305664,
                15.650403022766113
              ],
              [
                -97.0493392944336,
                15.843266487121582
              ],
              [
                -97.7215347290039,
                15.907554626464844
              ],
              [
                -98.05585479736328,
                16.16470718383789
              ],
              [
                -98.43414306640625,
                16.228994369506836
              ],
              [
                -98.85388946533203,
                16.550434112548828
              ],
              [
                -99.68539428710938,
                16.67901039123535
              ],
              [
                -100.02298736572266,
                16.9361629486084
              ],
              [
                -101.11003112792969,
                17.257600784301758
              ],
              [
                -101.89891815185547,
                17.964767456054688
              ],
              [
                -102.25653076171875,
                17.90047836303711
              ],
              [
                -103.18941497802734,
                18.157629013061523
              ],
              [
                -103.52046966552734,
                18.350492477416992
              ],
              [
                -103.82637786865234,
                18.800504684448242
              ],
              [
                -105.04668426513672,
                19.379087448120117
              ],
              [
                -105.54254913330078,
                20.021955490112305
              ],
              [
                -105.63154602050781,
                20.471960067749023
              ],
              [
                -105.22492980957031,
                20.664819717407227
              ],
              [
                -105.46028900146484,
                20.72910499572754
              ],
              [
                -105.48603057861328,
                20.857677459716797
              ],
              [
                -105.28923034667969,
                20.986249923706055
              ],
              [
                -105.31514739990234,
                21.114822387695312
              ],
              [
                -105.13148498535156,
                21.307680130004883
              ],
              [
                -105.5344467163086,
                21.821969985961914
              ],
              [
                -105.69853210449219,
                22.59341049194336
              ],
              [
                -106.43732452392578,
                23.236284255981445
              ],
              [
                -106.97566986083984,
                23.943456649780273
              ],
              [
                -107.59268188476562,
                24.329193115234375
              ],
              [
                -107.71582794189453,
                24.522062301635742
              ],
              [
                -107.8652572631836,
                24.522062301635742
              ],
              [
                -108.10762023925781,
                25.164974212646484
              ],
              [
                -108.49905395507812,
                25.229267120361328
              ],
              [
                -108.7939682006836,
                25.48643684387207
              ],
              [
                -109.01859283447266,
                25.48643684387207
              ],
              [
                -109.05445098876953,
                25.615020751953125
              ],
              [
                -109.39036560058594,
                25.743606567382812
              ],
              [
                -109.42670440673828,
                26.129364013671875
              ],
              [
                -109.18354797363281,
                26.32224464416504
              ],
              [
                -109.26063537597656,
                26.57941436767578
              ],
              [
                -109.84523010253906,
                26.772293090820312
              ],
              [
                -109.94569396972656,
                27.093751907348633
              ],
              [
                -110.41718292236328,
                27.158044815063477
              ],
              [
                -110.6169204711914,
                27.993812561035156
              ],
              [
                -111.40364837646484,
                29.150936126708984
              ],
              [
                -111.51893615722656,
                29.857990264892578
              ],
              [
                -112.07575225830078,
                30.500701904296875
              ],
              [
                -112.57320404052734,
                31.336183547973633
              ],
              [
                -111.32439422607422,
                31.978878021240234
              ],
              [
                -111.13121795654297,
                32.23596954345703
              ],
              [
                -111.12052917480469,
                32.557350158691406
              ],
              [
                -110.81464385986328,
                32.557350158691406
              ],
              [
                -110.54827880859375,
                32.30024337768555
              ],
              [
                -110.39547729492188,
                32.30024337768555
              ],
              [
                -110.42365264892578,
                32.36451721191406
              ],
              [
                -110.11798095703125,
                32.36451721191406
              ],
              [
                -109.97346496582031,
                32.557350158691406
              ],
              [
                -109.11233520507812,
                32.685909271240234
              ],
              [
                -109.1407470703125,
                32.75019073486328
              ],
              [
                -108.5285415649414,
                32.75019073486328
              ],
              [
                -108.35565948486328,
                32.878753662109375
              ],
              [
                -107.7431640625,
                32.878753662109375
              ],
              [
                -107.38066101074219,
                32.75019073486328
              ],
              [
                -107.32477569580078,
                32.62162780761719
              ],
              [
                -107.09530639648438,
                32.62162780761719
              ],
              [
                -107.56001281738281,
                33.32876968383789
              ],
              [
                -107.43547821044922,
                33.393062591552734
              ],
              [
                -107.49345397949219,
                33.52165222167969
              ],
              [
                -107.25574493408203,
                33.84315490722656
              ],
              [
                -107.50779724121094,
                34.55062484741211
              ],
              [
                -107.36798858642578,
                34.743614196777344
              ],
              [
                -107.41383361816406,
                35.00096893310547
              ],
              [
                -106.89034271240234,
                35.51579284667969
              ],
              [
                -107.01673889160156,
                35.77327346801758
              ],
              [
                -106.92552947998047,
                35.902034759521484
              ],
              [
                -106.98957824707031,
                36.03080368041992
              ],
              [
                -106.85360717773438,
                36.2239875793457
              ],
              [
                -106.69842529296875,
                36.2239875793457
              ],
              [
                -106.76322937011719,
                36.3527946472168
              ],
              [
                -106.60796356201172,
                36.3527946472168
              ],
              [
                -106.6730728149414,
                36.48161697387695
              ],
              [
                -106.36237335205078,
                36.48161697387695
              ],
              [
                -105.92252349853516,
                36.2239875793457
              ],
              [
                -105.731689453125,
                35.837650299072266
              ],
              [
                -105.29682159423828,
                35.58015823364258
              ],
              [
                -105.18923950195312,
                35.194007873535156
              ],
              [
                -105.46766662597656,
                35.12965774536133
              ],
              [
                -105.48391723632812,
                35.00096893310547
              ],
              [
                -105.56111907958984,
                35.00096893310547
              ],
              [
                -105.6244888305664,
                34.80794906616211
              ],
              [
                -106.0873031616211,
                34.80794906616211
              ],
              [
                -106.34915161132812,
                34.87228775024414
              ],
              [
                -106.4102783203125,
                35.00096893310547
              ],
              [
                -106.96640014648438,
                34.87228775024414
              ]
            ]
          ],
          [
            [
              [
                -81.68589782714844,
                7.485875606536865
              ],
              [
                -81.61293029785156,
                7.485875606536865
              ],
              [
                -81.60688018798828,
                7.357300281524658
              ],
              [
                -81.89875030517578,
                7.357300281524658
              ],
              [
                -81.91102600097656,
                7.614450931549072
              ],
              [
                -81.69523620605469,
                7.678738594055176
              ],
              [
                -81.68589782714844,
                7.485875606536865
              ]
            ]
          ],
          [
            [
              [
                -78.87763977050781,
                8.25732707977295
              ],
              [
                -79.02702331542969,
                8.321614265441895
              ],
              [
                -78.96083068847656,
                8.450189590454102
              ],
              [
                -78.81478881835938,
                8.450189590454102
              ],
              [
                -78.80462646484375,
                8.25732707977295
              ],
              [
                -78.87763977050781,
                8.25732707977295
              ]
            ]
          ],
          [
            [
              [
                -69.84729766845703,
                12.24315357208252
              ],
              [
                -69.76420593261719,
                12.114578247070312
              ],
              [
                -69.75934600830078,
                12.050291061401367
              ],
              [
                -69.73094940185547,
                11.664566040039062
              ],
              [
                -70.23886108398438,
                11.6002779006958
              ],
              [
                -70.27698516845703,
                12.114578247070312
              ],
              [
                -70.1403579711914,
                12.24315357208252
              ],
              [
                -69.84729766845703,
                12.24315357208252
              ]
            ]
          ],
          [
            [
              [
                -65.51956176757812,
                18.157629013061523
              ],
              [
                -65.71776580810547,
                17.964767456054688
              ],
              [
                -66.15299987792969,
                17.90047836303711
              ],
              [
                -66.2268295288086,
                17.90047836303711
              ],
              [
                -67.1207046508789,
                17.964767456054688
              ],
              [
                -67.25861358642578,
                18.479066848754883
              ],
              [
                -66.15807342529297,
                18.543354034423828
              ],
              [
                -65.55097198486328,
                18.414779663085938
              ],
              [
                -65.51956176757812,
                18.157629013061523
              ]
            ]
          ],
          [
            [
              [
                -68.56468963623047,
                18.864791870117188
              ],
              [
                -68.24402618408203,
                18.67193031311035
              ],
              [
                -68.28504180908203,
                18.414779663085938
              ],
              [
                -68.43283081054688,
                18.414779663085938
              ],
              [
                -68.55606079101562,
                18.2219181060791
              ],
              [
                -69.09786987304688,
                18.414779663085938
              ],
              [
                -69.83680725097656,
                18.414779663085938
              ],
              [
                -69.95960235595703,
                18.2219181060791
              ],
              [
                -70.5505599975586,
                18.2219181060791
              ],
              [
                -70.56732940673828,
                18.350492477416992
              ],
              [
                -70.71510314941406,
                18.350492477416992
              ],
              [
                -70.99378204345703,
                18.2219181060791
              ],
              [
                -71.27989196777344,
                17.57904052734375
              ],
              [
                -71.59156799316406,
                17.707616806030273
              ],
              [
                -71.69873046875,
                17.964767456054688
              ],
              [
                -71.7071304321289,
                18.029054641723633
              ],
              [
                -71.66710662841797,
                18.286205291748047
              ],
              [
                -71.93164825439453,
                18.607641220092773
              ],
              [
                -71.71852111816406,
                18.67193031311035
              ],
              [
                -71.67056274414062,
                18.864791870117188
              ],
              [
                -71.76193237304688,
                18.993366241455078
              ],
              [
                -71.56623077392578,
                19.186227798461914
              ],
              [
                -71.71976470947266,
                19.764808654785156
              ],
              [
                -71.72867584228516,
                19.8290958404541
              ],
              [
                -71.67244720458984,
                19.95766830444336
              ],
              [
                -70.78340911865234,
                19.95766830444336
              ],
              [
                -70.22978973388672,
                19.700523376464844
              ],
              [
                -69.8595199584961,
                19.700523376464844
              ],
              [
                -69.74224853515625,
                19.379087448120117
              ],
              [
                -69.43762969970703,
                19.314802169799805
              ],
              [
                -69.44619750976562,
                19.379087448120117
              ],
              [
                -69.07612609863281,
                19.379087448120117
              ],
              [
                -69.05908966064453,
                19.25051498413086
              ],
              [
                -69.48600769042969,
                19.12194061279297
              ],
              [
                -68.5814208984375,
                18.993366241455078
              ],
              [
                -68.56468963623047,
                18.864791870117188
              ]
            ]
          ],
          [
            [
              [
                -86.74434661865234,
                20.60053253173828
              ],
              [
                -86.67018127441406,
                20.60053253173828
              ],
              [
                -86.70156860351562,
                20.343387603759766
              ],
              [
                -86.9874267578125,
                20.279102325439453
              ],
              [
                -87.01952362060547,
                20.471960067749023
              ],
              [
                -86.74434661865234,
                20.60053253173828
              ]
            ]
          ],
          [
            [
              [
                -77.52362060546875,
                21.88625717163086
              ],
              [
                -77.66207122802734,
                21.821969985961914
              ],
              [
                -77.0573501586914,
                21.7576847076416
              ],
              [
                -77.02719116210938,
                21.5648250579834
              ],
              [
                -76.79434967041016,
                21.500539779663086
              ],
              [
                -76.77450561523438,
                21.371967315673828
              ],
              [
                -76.24481201171875,
                21.307680130004883
              ],
              [
                -75.9927978515625,
                21.114822387695312
              ],
              [
                -75.63130950927734,
                21.179107666015625
              ],
              [
                -75.4993896484375,
                20.793392181396484
              ],
              [
                -74.74800872802734,
                20.72910499572754
              ],
              [
                -74.32099914550781,
                20.343387603759766
              ],
              [
                -74.09859466552734,
                20.343387603759766
              ],
              [
                -74.07083892822266,
                20.150527954101562
              ],
              [
                -75.20996856689453,
                19.8290958404541
              ],
              [
                -75.7471923828125,
                19.95766830444336
              ],
              [
                -76.4880599975586,
                19.95766830444336
              ],
              [
                -76.91358184814453,
                19.8290958404541
              ],
              [
                -77.65428161621094,
                19.8290958404541
              ],
              [
                -77.68303680419922,
                20.021955490112305
              ],
              [
                -77.55404663085938,
                20.150527954101562
              ],
              [
                -77.13813018798828,
                20.343387603759766
              ],
              [
                -77.18638610839844,
                20.664819717407227
              ],
              [
                -77.92814636230469,
                20.664819717407227
              ],
              [
                -78.2445068359375,
                20.793392181396484
              ],
              [
                -78.66162872314453,
                21.5648250579834
              ],
              [
                -79.24571990966797,
                21.500539779663086
              ],
              [
                -79.6480941772461,
                21.693397521972656
              ],
              [
                -79.94532775878906,
                21.693397521972656
              ],
              [
                -80.36949157714844,
                22.014829635620117
              ],
              [
                -80.88996124267578,
                22.014829635620117
              ],
              [
                -82.04874420166016,
                22.271976470947266
              ],
              [
                -82.08177947998047,
                22.46483612060547
              ],
              [
                -81.63530731201172,
                22.46483612060547
              ],
              [
                -81.74300384521484,
                22.657697677612305
              ],
              [
                -82.63627624511719,
                22.657697677612305
              ],
              [
                -82.9115219116211,
                22.529123306274414
              ],
              [
                -83.02685546875,
                22.33626365661621
              ],
              [
                -83.17564392089844,
                22.33626365661621
              ],
              [
                -83.22785186767578,
                22.20768928527832
              ],
              [
                -83.81177520751953,
                22.143402099609375
              ],
              [
                -83.91641998291016,
                21.88625717163086
              ],
              [
                -84.0760726928711,
                21.950544357299805
              ],
              [
                -84.26617431640625,
                21.7576847076416
              ],
              [
                -84.41481018066406,
                21.7576847076416
              ],
              [
                -84.43675994873047,
                21.88625717163086
              ],
              [
                -84.79740142822266,
                21.821969985961914
              ],
              [
                -84.75626373291016,
                22.014829635620117
              ],
              [
                -84.32123565673828,
                22.079116821289062
              ],
              [
                -84.37725830078125,
                22.400548934936523
              ],
              [
                -83.99913787841797,
                22.786272048950195
              ],
              [
                -83.22618103027344,
                23.043420791625977
              ],
              [
                -82.77921295166016,
                23.043420791625977
              ],
              [
                -82.29248046875,
                23.236284255981445
              ],
              [
                -81.10013580322266,
                23.236284255981445
              ],
              [
                -81.07723999023438,
                23.107707977294922
              ],
              [
                -80.56707763671875,
                23.171995162963867
              ],
              [
                -80.46991729736328,
                23.043420791625977
              ],
              [
                -79.85165405273438,
                22.914846420288086
              ],
              [
                -79.77717590332031,
                22.914846420288086
              ],
              [
                -79.25408935546875,
                22.46483612060547
              ],
              [
                -78.57373046875,
                22.400548934936523
              ],
              [
                -78.00057983398438,
                22.079116821289062
              ],
              [
                -77.63912963867188,
                22.143402099609375
              ],
              [
                -77.52362060546875,
                21.88625717163086
              ]
            ]
          ],
          [
            [
              [
                -82.6635513305664,
                21.950544357299805
              ],
              [
                -82.4932861328125,
                21.821969985961914
              ],
              [
                -82.48255157470703,
                21.7576847076416
              ],
              [
                -82.50363159179688,
                21.43625259399414
              ],
              [
                -82.94928741455078,
                21.43625259399414
              ],
              [
                -83.08789825439453,
                21.821969985961914
              ],
              [
                -83.03526306152344,
                21.950544357299805
              ],
              [
                -82.6635513305664,
                21.950544357299805
              ]
            ]
          ],
          [
            [
              [
                -78.4249267578125,
                22.400548934936523
              ],
              [
                -78.59505462646484,
                22.529123306274414
              ],
              [
                -78.23362731933594,
                22.59341049194336
              ],
              [
                -78.20171356201172,
                22.400548934936523
              ],
              [
                -78.35051727294922,
                22.400548934936523
              ],
              [
                -78.4249267578125,
                22.400548934936523
              ]
            ]
          ],
          [
            [
              [
                -82.1212387084961,
                30.372163772583008
              ],
              [
                -81.91297912597656,
                30.436433792114258
              ],
              [
                -81.97172546386719,
                30.629240036010742
              ],
              [
                -81.42045593261719,
                30.564971923828125
              ],
              [
                -81.40098571777344,
                30.500701904296875
              ],
              [
                -81.20995330810547,
                30.115081787109375
              ],
              [
                -81.2857894897461,
                30.115081787109375
              ],
              [
                -81.13652801513672,
                29.600887298583984
              ],
              [
                -80.6197509765625,
                28.829526901245117
              ],
              [
                -80.5508804321289,
                28.572391510009766
              ],
              [
                -80.70183563232422,
                28.572391510009766
              ],
              [
                -80.63406372070312,
                28.315250396728516
              ],
              [
                -80.05867767333984,
                27.222335815429688
              ],
              [
                -79.93730926513672,
                26.70800018310547
              ],
              [
                -80.01240539550781,
                26.70800018310547
              ],
              [
                -79.98892974853516,
                25.936485290527344
              ],
              [
                -80.11087799072266,
                25.807899475097656
              ],
              [
                -80.15161895751953,
                25.29355812072754
              ],
              [
                -80.30130004882812,
                25.29355812072754
              ],
              [
                -80.32319641113281,
                25.03639030456543
              ],
              [
                -80.47279357910156,
                25.03639030456543
              ],
              [
                -80.49916076660156,
                25.164974212646484
              ],
              [
                -81.00960540771484,
                25.100683212280273
              ],
              [
                -81.18592834472656,
                25.229267120361328
              ],
              [
                -81.07682037353516,
                25.422143936157227
              ],
              [
                -81.25399017333984,
                25.55072784423828
              ],
              [
                -81.29570770263672,
                25.743606567382812
              ],
              [
                -81.81658172607422,
                26.06507110595703
              ],
              [
                -81.81476593017578,
                26.386537551879883
              ],
              [
                -81.9797134399414,
                26.450830459594727
              ],
              [
                -82.0705795288086,
                26.836584091186523
              ],
              [
                -82.29593658447266,
                26.836584091186523
              ],
              [
                -82.49684143066406,
                27.35091781616211
              ],
              [
                -82.6795425415039,
                27.4794979095459
              ],
              [
                -82.38495635986328,
                27.800947189331055
              ],
              [
                -82.41815948486328,
                27.92952537536621
              ],
              [
                -82.56884002685547,
                27.92952537536621
              ],
              [
                -82.51907348632812,
                27.736658096313477
              ],
              [
                -82.7449722290039,
                27.736658096313477
              ],
              [
                -82.84542846679688,
                28.12238883972168
              ],
              [
                -82.60623931884766,
                28.636676788330078
              ],
              [
                -82.71278381347656,
                29.022375106811523
              ],
              [
                -83.25760650634766,
                29.34377670288086
              ],
              [
                -83.84465026855469,
                30.050809860229492
              ],
              [
                -84.2237319946289,
                30.050809860229492
              ],
              [
                -84.65744018554688,
                29.729440689086914
              ],
              [
                -85.3198013305664,
                29.665164947509766
              ],
              [
                -85.3974838256836,
                29.922264099121094
              ],
              [
                -85.60826110839844,
                30.115081787109375
              ],
              [
                -86.17919158935547,
                30.243623733520508
              ],
              [
                -86.33628845214844,
                30.500701904296875
              ],
              [
                -86.59909057617188,
                30.372163772583008
              ],
              [
                -87.0749740600586,
                30.436433792114258
              ],
              [
                -87.46887969970703,
                30.243623733520508
              ],
              [
                -87.84819793701172,
                30.243623733520508
              ],
              [
                -87.95161437988281,
                30.564971923828125
              ],
              [
                -88.04110717773438,
                30.372163772583008
              ],
              [
                -89.02775573730469,
                30.372163772583008
              ],
              [
                -89.34473419189453,
                30.179353713989258
              ],
              [
                -89.7998275756836,
                30.179353713989258
              ],
              [
                -90.01439666748047,
                30.372163772583008
              ],
              [
                -90.22100067138672,
                30.307893753051758
              ],
              [
                -90.296875,
                30.307893753051758
              ],
              [
                -90.41508483886719,
                30.436433792114258
              ],
              [
                -90.8160171508789,
                30.500701904296875
              ],
              [
                -90.83747100830078,
                30.564971923828125
              ],
              [
                -91.33649444580078,
                30.69350814819336
              ],
              [
                -91.59848022460938,
                31.014846801757812
              ],
              [
                -91.52242279052734,
                31.014846801757812
              ],
              [
                -85.43782043457031,
                31.014846801757812
              ],
              [
                -85.36176300048828,
                31.014846801757812
              ],
              [
                -84.9054183959961,
                31.014846801757812
              ],
              [
                -84.74698638916016,
                30.757776260375977
              ],
              [
                -84.34671020507812,
                30.69350814819336
              ],
              [
                -82.40773010253906,
                30.564971923828125
              ],
              [
                -82.33177947998047,
                30.564971923828125
              ],
              [
                -82.1212387084961,
                30.372163772583008
              ]
            ]
          ],
          [
            [
              [
                -115.1607666015625,
                28.058101654052734
              ],
              [
                -115.23612976074219,
                28.058101654052734
              ],
              [
                -115.27562713623047,
                28.379535675048828
              ],
              [
                -115.124755859375,
                28.379535675048828
              ],
              [
                -115.07855224609375,
                28.25096321105957
              ],
              [
                -115.03276824951172,
                28.12238883972168
              ],
              [
                -115.1607666015625,
                28.058101654052734
              ]
            ]
          ],
          [
            [
              [
                -97.14118957519531,
                28.765243530273438
              ],
              [
                -96.98478698730469,
                28.508106231689453
              ],
              [
                -97.26658630371094,
                28.44382095336914
              ],
              [
                -97.42284393310547,
                28.700960159301758
              ],
              [
                -97.21670532226562,
                28.765243530273438
              ],
              [
                -97.14118957519531,
                28.765243530273438
              ]
            ]
          ],
          [
            [
              [
                -98.4959945678711,
                29.665164947509766
              ],
              [
                -98.25782775878906,
                29.40805435180664
              ],
              [
                -98.10649871826172,
                29.40805435180664
              ],
              [
                -98.0213623046875,
                29.150936126708984
              ],
              [
                -98.17256927490234,
                29.150936126708984
              ],
              [
                -98.1304931640625,
                29.022375106811523
              ],
              [
                -98.28164672851562,
                29.022375106811523
              ],
              [
                -98.23987579345703,
                28.893810272216797
              ],
              [
                -98.54206848144531,
                28.893810272216797
              ],
              [
                -98.58395385742188,
                29.022375106811523
              ],
              [
                -98.92863464355469,
                29.150936126708984
              ],
              [
                -99.01448059082031,
                29.40805435180664
              ],
              [
                -98.93881225585938,
                29.40805435180664
              ],
              [
                -98.86314392089844,
                29.40805435180664
              ],
              [
                -98.90656280517578,
                29.536611557006836
              ],
              [
                -98.75517272949219,
                29.536611557006836
              ],
              [
                -98.79889678955078,
                29.665164947509766
              ],
              [
                -98.4959945678711,
                29.665164947509766
              ]
            ]
          ],
          [
            [
              [
                -119.12067413330078,
                34.3576545715332
              ],
              [
                -118.47179412841797,
                34.2933349609375
              ],
              [
                -118.09054565429688,
                33.84315490722656
              ],
              [
                -117.53388214111328,
                33.65024948120117
              ],
              [
                -116.94587707519531,
                33.07160949707031
              ],
              [
                -116.70293426513672,
                32.557350158691406
              ],
              [
                -116.85588073730469,
                32.557350158691406
              ],
              [
                -116.70711517333984,
                32.23596954345703
              ],
              [
                -116.43730163574219,
                31.978878021240234
              ],
              [
                -115.15895080566406,
                31.8503360748291
              ],
              [
                -114.76876831054688,
                31.65752601623535
              ],
              [
                -114.68460845947266,
                31.464719772338867
              ],
              [
                -114.8297348022461,
                31.271915435791016
              ],
              [
                -114.53189086914062,
                30.564971923828125
              ],
              [
                -114.60783386230469,
                30.564971923828125
              ],
              [
                -114.5025863647461,
                30.307893753051758
              ],
              [
                -114.5784683227539,
                30.307893753051758
              ],
              [
                -114.4491958618164,
                29.986536026000977
              ],
              [
                -113.84330749511719,
                29.600887298583984
              ],
              [
                -113.59339141845703,
                29.34377670288086
              ],
              [
                -113.47262573242188,
                29.022375106811523
              ],
              [
                -113.22209930419922,
                28.958093643188477
              ],
              [
                -113.0060043334961,
                28.572391510009766
              ],
              [
                -112.83202362060547,
                28.508106231689453
              ],
              [
                -112.56362915039062,
                27.736658096313477
              ],
              [
                -112.39134979248047,
                27.6723690032959
              ],
              [
                -111.99602508544922,
                27.158044815063477
              ],
              [
                -111.84565734863281,
                27.158044815063477
              ],
              [
                -111.83857727050781,
                26.900876998901367
              ],
              [
                -111.6131820678711,
                26.900876998901367
              ],
              [
                -111.49761199951172,
                26.772293090820312
              ],
              [
                -110.76608276367188,
                25.03639030456543
              ],
              [
                -110.6912841796875,
                25.03639030456543
              ],
              [
                -110.72631072998047,
                25.164974212646484
              ],
              [
                -110.48432159423828,
                25.100683212280273
              ],
              [
                -110.48993682861328,
                24.843517303466797
              ],
              [
                -110.67391967773438,
                24.97209930419922
              ],
              [
                -110.58006286621094,
                24.329193115234375
              ],
              [
                -110.2649917602539,
                24.264904022216797
              ],
              [
                -110.29774475097656,
                24.393482208251953
              ],
              [
                -110.14836120605469,
                24.393482208251953
              ],
              [
                -109.93395233154297,
                24.136323928833008
              ],
              [
                -109.6939697265625,
                24.07203483581543
              ],
              [
                -109.59952545166016,
                23.68630027770996
              ],
              [
                -109.32964324951172,
                23.493436813354492
              ],
              [
                -109.26912689208984,
                23.236284255981445
              ],
              [
                -109.44792175292969,
                23.043420791625977
              ],
              [
                -109.59690856933594,
                23.043420791625977
              ],
              [
                -109.6418228149414,
                22.914846420288086
              ],
              [
                -109.93972778320312,
                22.914846420288086
              ],
              [
                -110.11918640136719,
                23.36486053466797
              ],
              [
                -110.659423828125,
                23.75058937072754
              ],
              [
                -110.6910171508789,
                23.879167556762695
              ],
              [
                -111.58423614501953,
                24.457773208618164
              ],
              [
                -111.8663330078125,
                24.393482208251953
              ],
              [
                -111.99148559570312,
                24.586353302001953
              ],
              [
                -111.84203338623047,
                24.586353302001953
              ],
              [
                -111.9508285522461,
                24.714935302734375
              ],
              [
                -112.15795135498047,
                24.650644302368164
              ],
              [
                -112.30174255371094,
                24.907808303833008
              ],
              [
                -112.09487915039062,
                24.97209930419922
              ],
              [
                -112.1657485961914,
                25.229267120361328
              ],
              [
                -112.07020568847656,
                25.422143936157227
              ],
              [
                -112.12521362304688,
                25.615020751953125
              ],
              [
                -112.0503158569336,
                25.615020751953125
              ],
              [
                -112.27625274658203,
                26.129364013671875
              ],
              [
                -112.70964813232422,
                26.32224464416504
              ],
              [
                -113.12965393066406,
                26.70800018310547
              ],
              [
                -113.5802230834961,
                26.70800018310547
              ],
              [
                -115.04851531982422,
                27.736658096313477
              ],
              [
                -115.09310150146484,
                27.865236282348633
              ],
              [
                -114.26451110839844,
                27.865236282348633
              ],
              [
                -114.06961822509766,
                27.736658096313477
              ],
              [
                -114.2035903930664,
                28.12238883972168
              ],
              [
                -114.0228500366211,
                28.25096321105957
              ],
              [
                -114.0394287109375,
                28.508106231689453
              ],
              [
                -114.65470886230469,
                29.150936126708984
              ],
              [
                -115.5089340209961,
                29.600887298583984
              ],
              [
                -115.7621078491211,
                29.857990264892578
              ],
              [
                -116.0829086303711,
                30.822044372558594
              ],
              [
                -116.26223754882812,
                30.886310577392578
              ],
              [
                -116.35221862792969,
                31.271915435791016
              ],
              [
                -116.56069946289062,
                31.40045166015625
              ],
              [
                -116.71347045898438,
                31.91460609436035
              ],
              [
                -117.04226684570312,
                32.30024337768555
              ],
              [
                -117.4219741821289,
                33.26447677612305
              ],
              [
                -118.10328674316406,
                33.71455001831055
              ],
              [
                -118.41050720214844,
                33.71455001831055
              ],
              [
                -118.5718765258789,
                34.03607940673828
              ],
              [
                -119.14288330078125,
                34.10039138793945
              ],
              [
                -119.61592864990234,
                34.42197799682617
              ],
              [
                -120.57373046875,
                34.48630142211914
              ],
              [
                -120.68334197998047,
                35.12965774536133
              ],
              [
                -120.96980285644531,
                35.51579284667969
              ],
              [
                -121.27255249023438,
                35.644527435302734
              ],
              [
                -121.45104217529297,
                35.9664192199707
              ],
              [
                -121.82852172851562,
                36.2239875793457
              ],
              [
                -121.97157287597656,
                36.61045455932617
              ],
              [
                -121.77228546142578,
                36.80373764038086
              ],
              [
                -122.19632720947266,
                36.9970588684082
              ],
              [
                -122.5805435180664,
                37.641746520996094
              ],
              [
                -122.50247192382812,
                37.641746520996094
              ],
              [
                -122.54196166992188,
                37.835243225097656
              ],
              [
                -122.38567352294922,
                37.835243225097656
              ],
              [
                -122.22935485839844,
                37.5772590637207
              ],
              [
                -121.45135498046875,
                37.3193473815918
              ],
              [
                -121.33745574951172,
                37.12596130371094
              ],
              [
                -121.53594970703125,
                36.932613372802734
              ],
              [
                -121.46455383300781,
                36.67487716674805
              ],
              [
                -121.58297729492188,
                36.61045455932617
              ],
              [
                -121.35823059082031,
                36.3527946472168
              ],
              [
                -121.28060150146484,
                36.3527946472168
              ],
              [
                -120.99201202392578,
                35.837650299072266
              ],
              [
                -120.43575286865234,
                35.38706970214844
              ],
              [
                -120.21253967285156,
                34.679283142089844
              ],
              [
                -119.48507690429688,
                34.614952087402344
              ],
              [
                -119.12067413330078,
                34.3576545715332
              ]
            ]
          ],
          [
            [
              [
                -99.84090423583984,
                30.886310577392578
              ],
              [
                -99.76487731933594,
                30.886310577392578
              ],
              [
                -99.5943832397461,
                30.629240036010742
              ],
              [
                -99.7228775024414,
                30.564971923828125
              ],
              [
                -99.87476348876953,
                30.564971923828125
              ],
              [
                -100.0451431274414,
                30.822044372558594
              ],
              [
                -99.84090423583984,
                30.886310577392578
              ]
            ]
          ],
          [
            [
              [
                -94.15892791748047,
                31.78606605529785
              ],
              [
                -94.0826644897461,
                31.78606605529785
              ],
              [
                -93.91227722167969,
                31.528987884521484
              ],
              [
                -94.04130554199219,
                31.464719772338867
              ],
              [
                -94.19365692138672,
                31.464719772338867
              ],
              [
                -94.36396026611328,
                31.7217960357666
              ],
              [
                -94.15892791748047,
                31.78606605529785
              ]
            ]
          ],
          [
            [
              [
                -94.79292297363281,
                31.8503360748291
              ],
              [
                -94.71664428710938,
                31.8503360748291
              ],
              [
                -94.54534912109375,
                31.593257904052734
              ],
              [
                -94.6741943359375,
                31.528987884521484
              ],
              [
                -94.82657623291016,
                31.528987884521484
              ],
              [
                -94.99778747558594,
                31.78606605529785
              ],
              [
                -94.79292297363281,
                31.8503360748291
              ]
            ]
          ],
          [
            [
              [
                -58.43751525878906,
                -51.52097702026367
              ],
              [
                -58.371273040771484,
                -51.387229919433594
              ],
              [
                -57.811180114746094,
                -51.45409393310547
              ],
              [
                -57.994998931884766,
                -51.65480041503906
              ],
              [
                -58.470794677734375,
                -51.5878791809082
              ],
              [
                -58.43751525878906,
                -51.52097702026367
              ]
            ]
          ],
          [
            [
              [
                -62.763641357421875,
                -40.621726989746094
              ],
              [
                -62.65361404418945,
                -40.75128936767578
              ],
              [
                -62.67793655395508,
                -40.81608581542969
              ],
              [
                -62.5681037902832,
                -40.94569396972656
              ],
              [
                -62.69657897949219,
                -41.07533645629883
              ],
              [
                -63.33693313598633,
                -40.88088607788086
              ],
              [
                -63.00129318237305,
                -40.621726989746094
              ],
              [
                -62.763641357421875,
                -40.621726989746094
              ]
            ]
          ],
          [
            [
              [
                8.461264610290527,
                3.50004243850708
              ],
              [
                8.537701606750488,
                3.757192850112915
              ],
              [
                8.829950332641602,
                3.821480512619019
              ],
              [
                8.900080680847168,
                3.628617763519287
              ],
              [
                8.899168968200684,
                3.564330101013184
              ],
              [
                8.675135612487793,
                3.178604364395142
              ],
              [
                8.311943054199219,
                3.242892026901245
              ],
              [
                8.314693450927734,
                3.435754776000977
              ],
              [
                8.461264610290527,
                3.50004243850708
              ]
            ]
          ],
          [
            [
              [
                117.39812469482422,
                8.514476776123047
              ],
              [
                117.23539733886719,
                8.321614265441895
              ],
              [
                117.08937072753906,
                8.321614265441895
              ],
              [
                117.28052520751953,
                8.835914611816406
              ],
              [
                118.21685028076172,
                9.478790283203125
              ],
              [
                118.89142608642578,
                10.378815650939941
              ],
              [
                119.19066619873047,
                10.443102836608887
              ],
              [
                119.34013366699219,
                11.15026569366455
              ],
              [
                119.5668716430664,
                11.214552879333496
              ],
              [
                119.5836410522461,
                10.7002534866333
              ],
              [
                119.7162094116211,
                10.571678161621094
              ],
              [
                120.01566314697266,
                10.635965347290039
              ],
              [
                120.00196075439453,
                10.507390975952148
              ],
              [
                119.31689453125,
                10.250240325927734
              ],
              [
                119.14446258544922,
                9.993090629577637
              ],
              [
                119.07135772705078,
                9.993090629577637
              ],
              [
                118.76608276367188,
                9.86451530456543
              ],
              [
                118.7283935546875,
                9.478790283203125
              ],
              [
                118.02262115478516,
                8.964489936828613
              ],
              [
                118.01094055175781,
                8.835914611816406
              ],
              [
                117.39812469482422,
                8.514476776123047
              ]
            ]
          ],
          [
            [
              [
                -63.75532531738281,
                10.957403182983398
              ],
              [
                -63.96709442138672,
                10.828827857971191
              ],
              [
                -64.04025268554688,
                10.828827857971191
              ],
              [
                -64.26361846923828,
                10.893115997314453
              ],
              [
                -64.3486099243164,
                11.085978507995605
              ],
              [
                -64.05193328857422,
                11.021690368652344
              ],
              [
                -63.844329833984375,
                11.214552879333496
              ],
              [
                -63.75532531738281,
                10.957403182983398
              ]
            ]
          ],
          [
            [
              [
                120.06517791748047,
                11.728853225708008
              ],
              [
                119.85306549072266,
                11.793140411376953
              ],
              [
                119.86833190917969,
                11.92171573638916
              ],
              [
                120.08805084228516,
                11.92171573638916
              ],
              [
                120.07276153564453,
                11.793140411376953
              ],
              [
                120.06517791748047,
                11.728853225708008
              ]
            ]
          ],
          [
            [
              [
                119.94927215576172,
                11.986002922058105
              ],
              [
                119.95702362060547,
                12.050291061401367
              ],
              [
                119.81829833984375,
                12.114578247070312
              ],
              [
                119.8418960571289,
                12.307440757751465
              ],
              [
                120.33893585205078,
                12.178865432739258
              ],
              [
                120.31549835205078,
                11.986002922058105
              ],
              [
                119.94927215576172,
                11.986002922058105
              ]
            ]
          ],
          [
            [
              [
                120.34144592285156,
                13.336042404174805
              ],
              [
                120.36778259277344,
                13.528904914855957
              ],
              [
                120.74353790283203,
                13.593193054199219
              ],
              [
                121.31269073486328,
                13.464617729187012
              ],
              [
                121.4417495727539,
                13.336042404174805
              ],
              [
                121.42427062988281,
                13.207467079162598
              ],
              [
                121.56228637695312,
                13.143178939819336
              ],
              [
                121.55143737792969,
                12.500303268432617
              ],
              [
                121.29131317138672,
                12.178865432739258
              ],
              [
                121.21804809570312,
                12.178865432739258
              ],
              [
                120.94896697998047,
                12.37172794342041
              ],
              [
                120.84320068359375,
                12.69316577911377
              ],
              [
                120.70488739013672,
                12.757453918457031
              ],
              [
                120.67367553710938,
                13.07889175415039
              ],
              [
                120.34144592285156,
                13.336042404174805
              ]
            ]
          ],
          [
            [
              [
                120.31220245361328,
                13.657480239868164
              ],
              [
                120.10101318359375,
                13.721768379211426
              ],
              [
                120.11906433105469,
                13.850343704223633
              ],
              [
                120.26586151123047,
                13.850343704223633
              ],
              [
                120.32117462158203,
                13.721768379211426
              ],
              [
                120.31220245361328,
                13.657480239868164
              ]
            ]
          ],
          [
            [
              [
                121.85796356201172,
                14.686083793640137
              ],
              [
                121.81441497802734,
                14.878947257995605
              ],
              [
                121.82450103759766,
                14.943235397338867
              ],
              [
                121.84484100341797,
                15.07181167602539
              ],
              [
                122.12867736816406,
                15.007523536682129
              ],
              [
                122.0685043334961,
                14.621796607971191
              ],
              [
                121.85796356201172,
                14.686083793640137
              ]
            ]
          ],
          [
            [
              [
                122.25811767578125,
                16.228994369506836
              ],
              [
                121.86782836914062,
                16.100418090820312
              ],
              [
                121.60336303710938,
                15.843266487121582
              ],
              [
                121.48748779296875,
                15.136098861694336
              ],
              [
                121.59392547607422,
                14.878947257995605
              ],
              [
                121.7944107055664,
                14.750371932983398
              ],
              [
                121.67190551757812,
                14.428933143615723
              ],
              [
                121.84449768066406,
                14.107494354248047
              ],
              [
                122.08374786376953,
                14.236069679260254
              ],
              [
                122.19281005859375,
                13.97891902923584
              ],
              [
                122.39672088623047,
                14.364645004272461
              ],
              [
                122.76395416259766,
                14.364645004272461
              ],
              [
                123.03838348388672,
                14.236069679260254
              ],
              [
                123.1191177368164,
                13.786055564880371
              ],
              [
                123.26589965820312,
                13.786055564880371
              ],
              [
                123.23951721191406,
                14.107494354248047
              ],
              [
                123.52367401123047,
                14.043206214904785
              ],
              [
                123.57817840576172,
                13.914630889892578
              ],
              [
                123.87179565429688,
                13.914630889892578
              ],
              [
                123.9171371459961,
                13.721768379211426
              ],
              [
                123.60518646240234,
                13.593193054199219
              ],
              [
                123.80708312988281,
                13.464617729187012
              ],
              [
                123.84456634521484,
                13.207467079162598
              ],
              [
                124.137939453125,
                13.207467079162598
              ],
              [
                124.11639404296875,
                12.500303268432617
              ],
              [
                123.89653778076172,
                12.500303268432617
              ],
              [
                123.79224395751953,
                12.821741104125977
              ],
              [
                123.64562225341797,
                12.821741104125977
              ],
              [
                123.45155334472656,
                13.014603614807129
              ],
              [
                123.23157501220703,
                13.014603614807129
              ],
              [
                123.34386444091797,
                12.757453918457031
              ],
              [
                123.05914306640625,
                12.821741104125977
              ],
              [
                122.92964172363281,
                12.950316429138184
              ],
              [
                122.95568084716797,
                13.143178939819336
              ],
              [
                123.24028015136719,
                13.07889175415039
              ],
              [
                123.26667785644531,
                13.271754264831543
              ],
              [
                122.79804992675781,
                13.593193054199219
              ],
              [
                122.68801879882812,
                13.850343704223633
              ],
              [
                122.54122161865234,
                13.850343704223633
              ],
              [
                122.52278137207031,
                13.721768379211426
              ],
              [
                122.74443817138672,
                13.207467079162598
              ],
              [
                122.52440643310547,
                13.207467079162598
              ],
              [
                122.47758483886719,
                13.40032958984375
              ],
              [
                122.15584564208984,
                13.721768379211426
              ],
              [
                122.00907135009766,
                13.721768379211426
              ],
              [
                121.81647491455078,
                13.914630889892578
              ],
              [
                121.50447845458984,
                13.786055564880371
              ],
              [
                121.40391540527344,
                13.593193054199219
              ],
              [
                121.03704071044922,
                13.593193054199219
              ],
              [
                120.8530502319336,
                13.850343704223633
              ],
              [
                120.62376403808594,
                13.786055564880371
              ],
              [
                120.62451934814453,
                14.300357818603516
              ],
              [
                120.947021484375,
                14.493220329284668
              ],
              [
                120.96644592285156,
                14.621796607971191
              ],
              [
                120.6186752319336,
                14.750371932983398
              ],
              [
                120.6435775756836,
                14.428933143615723
              ],
              [
                120.34976959228516,
                14.428933143615723
              ],
              [
                120.31494903564453,
                14.686083793640137
              ],
              [
                120.04063415527344,
                14.81466007232666
              ],
              [
                120.0271987915039,
                15.200387001037598
              ],
              [
                119.85801696777344,
                15.52182674407959
              ],
              [
                119.91065979003906,
                15.843266487121582
              ],
              [
                119.77412414550781,
                15.907554626464844
              ],
              [
                119.80636596679688,
                16.100418090820312
              ],
              [
                119.73274230957031,
                16.100418090820312
              ],
              [
                119.77629852294922,
                16.35757064819336
              ],
              [
                120.00827026367188,
                16.421857833862305
              ],
              [
                120.11172485351562,
                16.16470718383789
              ],
              [
                120.39535522460938,
                16.100418090820312
              ],
              [
                120.38765716552734,
                16.486146926879883
              ],
              [
                120.3139877319336,
                16.486146926879883
              ],
              [
                120.46136474609375,
                17.321889877319336
              ],
              [
                120.34858703613281,
                17.514753341674805
              ],
              [
                120.61154174804688,
                18.543354034423828
              ],
              [
                121.43663024902344,
                18.607641220092773
              ],
              [
                121.68395233154297,
                18.350492477416992
              ],
              [
                122.05338287353516,
                18.350492477416992
              ],
              [
                122.16364288330078,
                18.543354034423828
              ],
              [
                122.3853759765625,
                18.543354034423828
              ],
              [
                122.43495178222656,
                18.414779663085938
              ],
              [
                122.28857421875,
                18.029054641723633
              ],
              [
                122.27656555175781,
                17.964767456054688
              ],
              [
                122.2168960571289,
                17.643327713012695
              ],
              [
                122.53849792480469,
                17.38617706298828
              ],
              [
                122.50325012207031,
                17.193313598632812
              ],
              [
                122.63904571533203,
                17.129026412963867
              ],
              [
                122.25811767578125,
                16.228994369506836
              ]
            ]
          ],
          [
            [
              [
                121.48419189453125,
                19.25051498413086
              ],
              [
                121.348388671875,
                19.314802169799805
              ],
              [
                121.44680786132812,
                19.443374633789062
              ],
              [
                121.58262634277344,
                19.379087448120117
              ],
              [
                121.55818939208984,
                19.25051498413086
              ],
              [
                121.48419189453125,
                19.25051498413086
              ]
            ]
          ],
          [
            [
              [
                -17.997596740722656,
                27.865236282348633
              ],
              [
                -17.846942901611328,
                27.865236282348633
              ],
              [
                -17.90181541442871,
                27.608078002929688
              ],
              [
                -18.057466506958008,
                27.6723690032959
              ],
              [
                -17.992435455322266,
                27.800947189331055
              ],
              [
                -17.997596740722656,
                27.865236282348633
              ]
            ]
          ],
          [
            [
              [
                -15.356483459472656,
                27.800947189331055
              ],
              [
                -15.431796073913574,
                27.800947189331055
              ],
              [
                -15.728307723999023,
                27.736658096313477
              ],
              [
                -15.82758617401123,
                28.058101654052734
              ],
              [
                -15.761932373046875,
                28.186676025390625
              ],
              [
                -15.304783821105957,
                28.12238883972168
              ],
              [
                -15.356483459472656,
                27.800947189331055
              ]
            ]
          ],
          [
            [
              [
                -17.254457473754883,
                27.993812561035156
              ],
              [
                -17.345203399658203,
                28.186676025390625
              ],
              [
                -17.124155044555664,
                28.25096321105957
              ],
              [
                -17.033451080322266,
                28.058101654052734
              ],
              [
                -17.17910385131836,
                27.993812561035156
              ],
              [
                -17.254457473754883,
                27.993812561035156
              ]
            ]
          ],
          [
            [
              [
                -16.64666748046875,
                27.92952537536621
              ],
              [
                -16.908185958862305,
                28.379535675048828
              ],
              [
                -16.390287399291992,
                28.508106231689453
              ],
              [
                -16.39539337158203,
                28.572391510009766
              ],
              [
                -16.09348487854004,
                28.572391510009766
              ],
              [
                -16.083406448364258,
                28.44382095336914
              ],
              [
                -16.365081787109375,
                28.186676025390625
              ],
              [
                -16.355152130126953,
                28.058101654052734
              ],
              [
                -16.64666748046875,
                27.92952537536621
              ]
            ]
          ],
          [
            [
              [
                -14.117085456848145,
                28.379535675048828
              ],
              [
                -14.065006256103516,
                28.700960159301758
              ],
              [
                -13.767658233642578,
                28.765243530273438
              ],
              [
                -13.762985229492188,
                28.700960159301758
              ],
              [
                -13.80622386932373,
                28.25096321105957
              ],
              [
                -14.3202543258667,
                28.058101654052734
              ],
              [
                -14.26330280303955,
                28.315250396728516
              ],
              [
                -14.117085456848145,
                28.379535675048828
              ]
            ]
          ],
          [
            [
              [
                -18.002243041992188,
                28.829526901245117
              ],
              [
                -17.856664657592773,
                28.893810272216797
              ],
              [
                -17.781116485595703,
                28.893810272216797
              ],
              [
                -17.705568313598633,
                28.893810272216797
              ],
              [
                -17.673158645629883,
                28.508106231689453
              ],
              [
                -17.899547576904297,
                28.508106231689453
              ],
              [
                -17.9858341217041,
                28.636676788330078
              ],
              [
                -18.002243041992188,
                28.829526901245117
              ]
            ]
          ],
          [
            [
              [
                -13.857359886169434,
                28.958093643188477
              ],
              [
                -13.862126350402832,
                29.022375106811523
              ],
              [
                -13.649682998657227,
                29.21521759033203
              ],
              [
                -13.422821044921875,
                29.21521759033203
              ],
              [
                -13.474872589111328,
                28.893810272216797
              ],
              [
                -13.847886085510254,
                28.829526901245117
              ],
              [
                -13.857359886169434,
                28.958093643188477
              ]
            ]
          ],
          [
            [
              [
                126.59105682373047,
                7.614450931549072
              ],
              [
                126.5477294921875,
                7.100150108337402
              ],
              [
                126.23509979248047,
                6.842999458312988
              ],
              [
                126.1999740600586,
                6.392985820770264
              ],
              [
                125.9861068725586,
                6.457273483276367
              ],
              [
                126.01626586914062,
                6.842999458312988
              ],
              [
                125.82874298095703,
                7.228724956512451
              ],
              [
                125.68281555175781,
                7.228724956512451
              ],
              [
                125.67225646972656,
                7.100150108337402
              ],
              [
                125.52112579345703,
                7.035862445831299
              ],
              [
                125.41255950927734,
                6.585848808288574
              ],
              [
                125.68462371826172,
                6.328698635101318
              ],
              [
                125.65145111083984,
                5.878684997558594
              ],
              [
                125.33269500732422,
                5.492959022521973
              ],
              [
                125.1229248046875,
                5.62153434753418
              ],
              [
                125.15039825439453,
                6.007260322570801
              ],
              [
                124.99071502685547,
                5.81439733505249
              ],
              [
                124.6990966796875,
                5.81439733505249
              ],
              [
                124.00261688232422,
                6.264410972595215
              ],
              [
                123.90087890625,
                6.842999458312988
              ],
              [
                124.09355926513672,
                7.421587944030762
              ],
              [
                123.68280792236328,
                7.743025779724121
              ],
              [
                123.46385192871094,
                7.743025779724121
              ],
              [
                123.37995910644531,
                7.614450931549072
              ],
              [
                123.4315185546875,
                7.357300281524658
              ],
              [
                122.93135070800781,
                7.485875606536865
              ],
              [
                122.91549682617188,
                7.293012619018555
              ],
              [
                122.76435852050781,
                7.228724956512451
              ],
              [
                122.72855377197266,
                7.678738594055176
              ],
              [
                122.58802795410156,
                7.743025779724121
              ],
              [
                122.4935073852539,
                7.485875606536865
              ],
              [
                122.34226989746094,
                7.421587944030762
              ],
              [
                122.2331771850586,
                6.971574783325195
              ],
              [
                121.79547882080078,
                6.971574783325195
              ],
              [
                121.81585693359375,
                7.228724956512451
              ],
              [
                122.06098937988281,
                7.550163269042969
              ],
              [
                122.09911346435547,
                8.000176429748535
              ],
              [
                122.76734924316406,
                8.128751754760742
              ],
              [
                122.92475891113281,
                8.25732707977295
              ],
              [
                122.9479751586914,
                8.514476776123047
              ],
              [
                123.2459716796875,
                8.578764915466309
              ],
              [
                123.33692932128906,
                8.771627426147461
              ],
              [
                123.76313018798828,
                8.643052101135254
              ],
              [
                123.8681411743164,
                8.193038940429688
              ],
              [
                124.08716583251953,
                8.193038940429688
              ],
              [
                124.27434539794922,
                8.643052101135254
              ],
              [
                124.70652770996094,
                8.578764915466309
              ],
              [
                124.8223648071289,
                9.028778076171875
              ],
              [
                125.4798355102539,
                9.028778076171875
              ],
              [
                125.31193542480469,
                9.543078422546387
              ],
              [
                125.41825866699219,
                9.86451530456543
              ],
              [
                125.96309661865234,
                9.478790283203125
              ],
              [
                126.01667785644531,
                9.285927772521973
              ],
              [
                126.23587799072266,
                9.285927772521973
              ],
              [
                126.21035766601562,
                9.028778076171875
              ],
              [
                126.35016632080078,
                8.964489936828613
              ],
              [
                126.33148956298828,
                8.771627426147461
              ],
              [
                126.17926788330078,
                8.707340240478516
              ],
              [
                126.16708374023438,
                8.578764915466309
              ],
              [
                126.37410736083984,
                8.450189590454102
              ],
              [
                126.36812591552734,
                8.385902404785156
              ],
              [
                126.49642181396484,
                8.193038940429688
              ],
              [
                126.39456939697266,
                7.871601104736328
              ],
              [
                126.53488159179688,
                7.807313442230225
              ],
              [
                126.51807403564453,
                7.614450931549072
              ],
              [
                126.59105682373047,
                7.614450931549072
              ]
            ]
          ],
          [
            [
              [
                124.68251037597656,
                9.09306526184082
              ],
              [
                124.54899597167969,
                9.221640586853027
              ],
              [
                124.77455139160156,
                9.285927772521973
              ],
              [
                124.8223648071289,
                9.028778076171875
              ],
              [
                124.67626190185547,
                9.028778076171875
              ],
              [
                124.68251037597656,
                9.09306526184082
              ]
            ]
          ],
          [
            [
              [
                123.74530029296875,
                9.221640586853027
              ],
              [
                123.73902893066406,
                9.157352447509766
              ],
              [
                123.58047485351562,
                9.028778076171875
              ],
              [
                123.44056701660156,
                9.09306526184082
              ],
              [
                123.53874969482422,
                9.350214958190918
              ],
              [
                123.68489074707031,
                9.350214958190918
              ],
              [
                123.74530029296875,
                9.221640586853027
              ]
            ]
          ],
          [
            [
              [
                125.96966552734375,
                9.543078422546387
              ],
              [
                125.8301010131836,
                9.607365608215332
              ],
              [
                125.91650390625,
                9.735940933227539
              ],
              [
                125.90982818603516,
                9.671652793884277
              ],
              [
                125.96966552734375,
                9.543078422546387
              ]
            ]
          ],
          [
            [
              [
                126.09666442871094,
                10.057377815246582
              ],
              [
                126.1492691040039,
                9.86451530456543
              ],
              [
                126.14250183105469,
                9.800228118896484
              ],
              [
                126.05599975585938,
                9.671652793884277
              ],
              [
                125.91650390625,
                9.735940933227539
              ],
              [
                125.94357299804688,
                9.993090629577637
              ],
              [
                126.09666442871094,
                10.057377815246582
              ]
            ]
          ],
          [
            [
              [
                123.7369384765625,
                9.86451530456543
              ],
              [
                123.98318481445312,
                10.121665954589844
              ],
              [
                124.05630493164062,
                10.121665954589844
              ],
              [
                124.50186157226562,
                10.185953140258789
              ],
              [
                124.62086486816406,
                9.928803443908691
              ],
              [
                124.5942153930664,
                9.671652793884277
              ],
              [
                123.7772216796875,
                9.543078422546387
              ],
              [
                123.7369384765625,
                9.86451530456543
              ]
            ]
          ],
          [
            [
              [
                122.32845306396484,
                9.671652793884277
              ],
              [
                122.36124420166016,
                9.993090629577637
              ],
              [
                122.81331634521484,
                10.121665954589844
              ],
              [
                122.78832244873047,
                10.571678161621094
              ],
              [
                122.89701080322266,
                10.893115997314453
              ],
              [
                123.057861328125,
                11.021690368652344
              ],
              [
                123.56278228759766,
                10.957403182983398
              ],
              [
                123.51274108886719,
                10.507390975952148
              ],
              [
                123.35253143310547,
                10.378815650939941
              ],
              [
                123.1455307006836,
                9.800228118896484
              ],
              [
                123.31321716308594,
                9.285927772521973
              ],
              [
                123.30692291259766,
                9.221640586853027
              ],
              [
                123.21521759033203,
                9.028778076171875
              ],
              [
                122.84996032714844,
                9.028778076171875
              ],
              [
                122.86854553222656,
                9.221640586853027
              ],
              [
                122.58883666992188,
                9.350214958190918
              ],
              [
                122.32845306396484,
                9.671652793884277
              ]
            ]
          ],
          [
            [
              [
                125.49812316894531,
                9.928803443908691
              ],
              [
                125.473388671875,
                10.378815650939941
              ],
              [
                125.69986724853516,
                10.443102836608887
              ],
              [
                125.71066284179688,
                9.86451530456543
              ],
              [
                125.57122802734375,
                9.928803443908691
              ],
              [
                125.49812316894531,
                9.928803443908691
              ]
            ]
          ],
          [
            [
              [
                123.99688720703125,
                10.250240325927734
              ],
              [
                123.85063171386719,
                10.250240325927734
              ],
              [
                123.60409545898438,
                9.993090629577637
              ],
              [
                123.47845458984375,
                9.478790283203125
              ],
              [
                123.25921630859375,
                9.478790283203125
              ],
              [
                123.27210998535156,
                9.607365608215332
              ],
              [
                123.27861022949219,
                9.671652793884277
              ],
              [
                123.4118881225586,
                10.250240325927734
              ],
              [
                123.65902709960938,
                10.507390975952148
              ],
              [
                123.88501739501953,
                11.214552879333496
              ],
              [
                124.1120834350586,
                11.278841018676758
              ],
              [
                123.99688720703125,
                10.250240325927734
              ]
            ]
          ],
          [
            [
              [
                121.89673614501953,
                10.443102836608887
              ],
              [
                121.8726806640625,
                10.893115997314453
              ],
              [
                121.94584655761719,
                10.893115997314453
              ],
              [
                122.03459930419922,
                11.664566040039062
              ],
              [
                121.82258605957031,
                11.728853225708008
              ],
              [
                121.9268798828125,
                11.986002922058105
              ],
              [
                122.41613006591797,
                11.793140411376953
              ],
              [
                122.53948974609375,
                11.6002779006958
              ],
              [
                123.11756134033203,
                11.535990715026855
              ],
              [
                123.13835906982422,
                11.085978507995605
              ],
              [
                122.83833312988281,
                11.021690368652344
              ],
              [
                122.74349975585938,
                10.828827857971191
              ],
              [
                122.73635864257812,
                10.764540672302246
              ],
              [
                122.78832244873047,
                10.571678161621094
              ],
              [
                122.62120819091797,
                10.378815650939941
              ],
              [
                122.47493743896484,
                10.378815650939941
              ],
              [
                122.50274658203125,
                10.635965347290039
              ],
              [
                121.89673614501953,
                10.443102836608887
              ]
            ]
          ],
          [
            [
              [
                125.02620697021484,
                10.957403182983398
              ],
              [
                125.26813507080078,
                10.507390975952148
              ],
              [
                125.24000549316406,
                10.250240325927734
              ],
              [
                125.0206298828125,
                10.250240325927734
              ],
              [
                125.06626892089844,
                9.993090629577637
              ],
              [
                124.92005157470703,
                9.993090629577637
              ],
              [
                124.72122192382812,
                10.185953140258789
              ],
              [
                124.76324462890625,
                10.571678161621094
              ],
              [
                124.65301513671875,
                10.893115997314453
              ],
              [
                124.42623901367188,
                10.828827857971191
              ],
              [
                124.25096130371094,
                11.214552879333496
              ],
              [
                124.3698959350586,
                11.6002779006958
              ],
              [
                124.31226348876953,
                11.728853225708008
              ],
              [
                124.60516357421875,
                11.728853225708008
              ],
              [
                124.5740966796875,
                11.47170352935791
              ],
              [
                124.42002868652344,
                11.407415390014648
              ],
              [
                124.70521545410156,
                11.343128204345703
              ],
              [
                124.9712905883789,
                11.728853225708008
              ],
              [
                124.82483673095703,
                11.728853225708008
              ],
              [
                124.6369400024414,
                11.986002922058105
              ],
              [
                124.36007690429688,
                12.114578247070312
              ],
              [
                124.27135467529297,
                12.564591407775879
              ],
              [
                125.36222839355469,
                12.500303268432617
              ],
              [
                125.33709716796875,
                12.307440757751465
              ],
              [
                125.5486068725586,
                12.24315357208252
              ],
              [
                125.47598266601562,
                11.664566040039062
              ],
              [
                125.6491470336914,
                11.278841018676758
              ],
              [
                125.64154815673828,
                11.214552879333496
              ],
              [
                125.78035736083984,
                11.15026569366455
              ],
              [
                125.7653579711914,
                11.021690368652344
              ],
              [
                125.18739318847656,
                11.085978507995605
              ],
              [
                125.05603790283203,
                11.214552879333496
              ],
              [
                125.02620697021484,
                10.957403182983398
              ]
            ]
          ],
          [
            [
              [
                123.62014770507812,
                12.628878593444824
              ],
              [
                123.76673889160156,
                12.628878593444824
              ],
              [
                123.83161926269531,
                12.564591407775879
              ],
              [
                123.72517395019531,
                12.307440757751465
              ],
              [
                124.06705474853516,
                12.114578247070312
              ],
              [
                124.09258270263672,
                11.728853225708008
              ],
              [
                123.80750274658203,
                11.793140411376953
              ],
              [
                123.55427551269531,
                12.114578247070312
              ],
              [
                123.39974975585938,
                12.050291061401367
              ],
              [
                123.32649993896484,
                12.050291061401367
              ],
              [
                123.17204284667969,
                11.986002922058105
              ],
              [
                123.23698425292969,
                12.500303268432617
              ],
              [
                123.60340118408203,
                12.500303268432617
              ],
              [
                123.62014770507812,
                12.628878593444824
              ]
            ]
          ],
          [
            [
              [
                121.94268035888672,
                12.114578247070312
              ],
              [
                121.95064544677734,
                12.178865432739258
              ],
              [
                121.87738800048828,
                12.178865432739258
              ],
              [
                121.90153503417969,
                12.37172794342041
              ],
              [
                122.1295166015625,
                12.436016082763672
              ],
              [
                122.08918762207031,
                12.114578247070312
              ],
              [
                121.94268035888672,
                12.114578247070312
              ]
            ]
          ],
          [
            [
              [
                122.71574401855469,
                12.436016082763672
              ],
              [
                122.70755004882812,
                12.37172794342041
              ],
              [
                122.69129943847656,
                12.24315357208252
              ],
              [
                122.54476928710938,
                12.24315357208252
              ],
              [
                122.4144515991211,
                12.37172794342041
              ],
              [
                122.51241302490234,
                12.564591407775879
              ],
              [
                122.71574401855469,
                12.436016082763672
              ]
            ]
          ],
          [
            [
              [
                122.14596557617188,
                12.564591407775879
              ],
              [
                121.99114227294922,
                12.500303268432617
              ],
              [
                122.01599884033203,
                12.69316577911377
              ],
              [
                122.23590087890625,
                12.69316577911377
              ],
              [
                122.21925354003906,
                12.564591407775879
              ],
              [
                122.14596557617188,
                12.564591407775879
              ]
            ]
          ],
          [
            [
              [
                121.75287628173828,
                13.464617729187012
              ],
              [
                122.20203399658203,
                13.528904914855957
              ],
              [
                122.15769958496094,
                13.207467079162598
              ],
              [
                121.86432647705078,
                13.207467079162598
              ],
              [
                121.7439956665039,
                13.40032958984375
              ],
              [
                121.75287628173828,
                13.464617729187012
              ]
            ]
          ],
          [
            [
              [
                144.96832275390625,
                13.657480239868164
              ],
              [
                144.84144592285156,
                13.336042404174805
              ],
              [
                144.6108856201172,
                13.271754264831543
              ],
              [
                144.6532440185547,
                13.528904914855957
              ],
              [
                144.8949432373047,
                13.657480239868164
              ],
              [
                144.96832275390625,
                13.657480239868164
              ]
            ]
          ],
          [
            [
              [
                124.43084716796875,
                13.721768379211426
              ],
              [
                124.42155456542969,
                13.657480239868164
              ],
              [
                124.24726867675781,
                13.464617729187012
              ],
              [
                124.10964965820312,
                13.528904914855957
              ],
              [
                124.12057495117188,
                14.107494354248047
              ],
              [
                124.4685287475586,
                13.97891902923584
              ],
              [
                124.43084716796875,
                13.721768379211426
              ]
            ]
          ]
        ]
      }
    }
  ]
}
