{
  "type": "FeatureCollection",
  "features": [
    {
      "type": "Feature",
      "properties": {
        "Name": "Ottoman Empire",
        "FromYear": 1687,
        "ToYear": 1690,
        "Area": 3510480.670473836,
        "Type": "POLITY",
        "Wikipedia": "Ottoman Empire",
        "Wikidata": "Q12560",
        "SeshatID": "tr_ottoman_emp_3",
        "Components": "",
        "MemberOf": "",
        "displayYear": 1689,
        "sourceYear": 1689,
        "mappedTerritoryId": "ottoman_empire"
      },
      "geometry": {
        "type": "MultiPolygon",
        "coordinates": [
          [
            [
              [
                30.87657928466797,
                46.677207946777344
              ],
              [
                30.297666549682617,
                45.95537567138672
              ],
              [
                30.044963836669922,
                45.889827728271484
              ],
              [
                29.85890007019043,
                45.693260192871094
              ],
              [
                29.614274978637695,
                45.693260192871094
              ],
              [
                29.58445930480957,
                45.431331634521484
              ],
              [
                29.66587257385254,
                45.431331634521484
              ],
              [
                29.525348663330078,
                44.908016204833984
              ],
              [
                29.024105072021484,
                44.77729415893555
              ],
              [
                29.04557228088379,
                44.973392486572266
              ],
              [
                28.802005767822266,
                44.973392486572266
              ],
              [
                28.84072494506836,
                44.58129119873047
              ],
              [
                28.576906204223633,
                44.38538360595703
              ],
              [
                28.53555679321289,
                43.99384307861328
              ],
              [
                28.616275787353516,
                43.99384307861328
              ],
              [
                28.48109245300293,
                43.472347259521484
              ],
              [
                28.159194946289062,
                43.472347259521484
              ],
              [
                28.22636604309082,
                43.342071533203125
              ],
              [
                27.89820098876953,
                43.276947021484375
              ],
              [
                27.80489730834961,
                43.146724700927734
              ],
              [
                27.84662628173828,
                42.75628662109375
              ],
              [
                27.513538360595703,
                42.62621307373047
              ],
              [
                27.494890213012695,
                42.43117141723633
              ],
              [
                27.796031951904297,
                42.236209869384766
              ],
              [
                27.783546447753906,
                42.10627746582031
              ],
              [
                28.004253387451172,
                41.911441802978516
              ],
              [
                27.979368209838867,
                41.65177917480469
              ],
              [
                28.21833038330078,
                41.65177917480469
              ],
              [
                28.352495193481445,
                41.39224624633789
              ],
              [
                28.975934982299805,
                41.26253128051758
              ],
              [
                28.96312141418457,
                41.132843017578125
              ],
              [
                30.47923469543457,
                41.19768524169922
              ],
              [
                30.62422752380371,
                41.06801223754883
              ],
              [
                31.1800537109375,
                41.06801223754883
              ],
              [
                31.534175872802734,
                41.39224624633789
              ],
              [
                32.02653121948242,
                41.521995544433594
              ],
              [
                32.04172897338867,
                41.65177917480469
              ],
              [
                32.1933708190918,
                41.586883544921875
              ],
              [
                32.694705963134766,
                41.781593322753906
              ],
              [
                32.630775451660156,
                41.911441802978516
              ],
              [
                34.78450012207031,
                41.911441802978516
              ],
              [
                34.881736755371094,
                42.041324615478516
              ],
              [
                35.121212005615234,
                42.041324615478516
              ],
              [
                35.08602523803711,
                41.781593322753906
              ],
              [
                35.30754852294922,
                41.65177917480469
              ],
              [
                35.953800201416016,
                41.71668243408203
              ],
              [
                36.20920181274414,
                41.26253128051758
              ],
              [
                36.77476501464844,
                41.32738494873047
              ],
              [
                37.06510925292969,
                41.132843017578125
              ],
              [
                37.23323440551758,
                41.19768524169922
              ],
              [
                37.21474075317383,
                41.06801223754883
              ],
              [
                37.770565032958984,
                41.06801223754883
              ],
              [
                37.83116149902344,
                40.93837356567383
              ],
              [
                38.15805435180664,
                41.00318908691406
              ],
              [
                38.29773712158203,
                40.873565673828125
              ],
              [
                38.78335189819336,
                40.93837356567383
              ],
              [
                39.0508918762207,
                41.132843017578125
              ],
              [
                39.735538482666016,
                40.93837356567383
              ],
              [
                40.370330810546875,
                40.93837356567383
              ],
              [
                40.390892028808594,
                41.06801223754883
              ],
              [
                40.53934860229492,
                41.00318908691406
              ],
              [
                41.04725646972656,
                41.19768524169922
              ],
              [
                41.15876007080078,
                41.39224624633789
              ],
              [
                41.307071685791016,
                41.32738494873047
              ],
              [
                41.40821838378906,
                41.45711898803711
              ],
              [
                41.567359924316406,
                41.45711898803711
              ],
              [
                41.57828140258789,
                41.521995544433594
              ],
              [
                42.442626953125,
                41.45711898803711
              ],
              [
                42.62437438964844,
                41.586883544921875
              ],
              [
                42.704002380371094,
                41.586883544921875
              ],
              [
                42.783626556396484,
                41.586883544921875
              ],
              [
                42.86325454711914,
                41.586883544921875
              ],
              [
                43.19264602661133,
                41.19768524169922
              ],
              [
                43.57847213745117,
                41.132843017578125
              ],
              [
                43.55564880371094,
                41.00318908691406
              ],
              [
                43.77094650268555,
                40.873565673828125
              ],
              [
                43.63535690307617,
                40.54964065551758
              ],
              [
                43.648197174072266,
                40.16116714477539
              ],
              [
                43.86334228515625,
                40.031734466552734
              ],
              [
                44.416175842285156,
                40.031734466552734
              ],
              [
                44.766448974609375,
                39.77294921875
              ],
              [
                44.51885986328125,
                39.70827102661133
              ],
              [
                44.396663665771484,
                39.449623107910156
              ],
              [
                44.071044921875,
                39.38497543334961
              ],
              [
                44.165225982666016,
                38.997230529785156
              ],
              [
                44.31191635131836,
                38.93262481689453
              ],
              [
                44.30800247192383,
                38.416015625
              ],
              [
                44.45452117919922,
                38.351463317871094
              ],
              [
                44.30603790283203,
                37.89975357055664
              ],
              [
                44.58888626098633,
                37.706241607666016
              ],
              [
                44.627601623535156,
                37.44829177856445
              ],
              [
                44.773807525634766,
                37.38381576538086
              ],
              [
                44.85211181640625,
                36.8681755065918
              ],
              [
                45.056724548339844,
                36.67487716674805
              ],
              [
                45.09638595581055,
                36.417205810546875
              ],
              [
                45.37849426269531,
                36.2239875793457
              ],
              [
                45.350242614746094,
                36.03080368041992
              ],
              [
                45.78702163696289,
                35.837650299072266
              ],
              [
                46.25180435180664,
                35.837650299072266
              ],
              [
                46.059085845947266,
                35.58015823364258
              ],
              [
                46.1484375,
                35.12965774536133
              ],
              [
                45.812076568603516,
                34.93662643432617
              ],
              [
                45.68980026245117,
                34.614952087402344
              ],
              [
                45.535648345947266,
                34.614952087402344
              ],
              [
                45.50016784667969,
                34.3576545715332
              ],
              [
                45.64531326293945,
                34.2933349609375
              ],
              [
                45.43903350830078,
                33.90746307373047
              ],
              [
                45.59275817871094,
                33.90746307373047
              ],
              [
                46.137794494628906,
                33.393062591552734
              ],
              [
                46.231224060058594,
                32.94303894042969
              ],
              [
                46.682132720947266,
                32.878753662109375
              ],
              [
                46.945579528808594,
                32.557350158691406
              ],
              [
                47.31937026977539,
                32.493072509765625
              ],
              [
                47.599449157714844,
                32.30024337768555
              ],
              [
                47.58243942260742,
                32.171695709228516
              ],
              [
                47.98128890991211,
                31.7217960357666
              ],
              [
                47.79570007324219,
                31.464719772338867
              ],
              [
                47.738956451416016,
                31.014846801757812
              ],
              [
                48.103145599365234,
                30.886310577392578
              ],
              [
                48.04780960083008,
                30.436433792114258
              ],
              [
                48.27554702758789,
                30.436433792114258
              ],
              [
                48.41168975830078,
                30.307893753051758
              ],
              [
                48.38842010498047,
                30.115081787109375
              ],
              [
                48.6004753112793,
                29.986536026000977
              ],
              [
                48.592803955078125,
                29.922264099121094
              ],
              [
                48.36544418334961,
                29.922264099121094
              ],
              [
                48.40353012084961,
                29.600887298583984
              ],
              [
                47.8662223815918,
                29.536611557006836
              ],
              [
                47.95664978027344,
                29.665164947509766
              ],
              [
                47.751686096191406,
                29.857990264892578
              ],
              [
                47.160240173339844,
                29.986536026000977
              ],
              [
                47.25092697143555,
                30.115081787109375
              ],
              [
                46.56842803955078,
                30.115081787109375
              ],
              [
                46.583160400390625,
                30.243623733520508
              ],
              [
                45.68001174926758,
                30.307893753051758
              ],
              [
                45.12348556518555,
                30.757776260375977
              ],
              [
                45.13818359375,
                30.886310577392578
              ],
              [
                44.79490280151367,
                31.20764923095703
              ],
              [
                44.63529586791992,
                31.143381118774414
              ],
              [
                44.657562255859375,
                31.336183547973633
              ],
              [
                44.44402313232422,
                31.464719772338867
              ],
              [
                44.459014892578125,
                31.593257904052734
              ],
              [
                43.152584075927734,
                32.81447219848633
              ],
              [
                42.708534240722656,
                32.94303894042969
              ],
              [
                42.578269958496094,
                33.13589859008789
              ],
              [
                42.064544677734375,
                33.32876968383789
              ],
              [
                41.580623626708984,
                33.77885055541992
              ],
              [
                40.92682647705078,
                34.10039138793945
              ],
              [
                39.904991149902344,
                33.90746307373047
              ],
              [
                39.806495666503906,
                33.71455001831055
              ],
              [
                39.415401458740234,
                33.65024948120117
              ],
              [
                39.40131759643555,
                33.52165222167969
              ],
              [
                39.24782180786133,
                33.52165222167969
              ],
              [
                38.91337203979492,
                33.26447677612305
              ],
              [
                38.893001556396484,
                33.07160949707031
              ],
              [
                38.64313507080078,
                32.878753662109375
              ],
              [
                38.28504943847656,
                32.36451721191406
              ],
              [
                38.26596450805664,
                32.171695709228516
              ],
              [
                38.01194763183594,
                31.91460609436035
              ],
              [
                38.06972885131836,
                31.7217960357666
              ],
              [
                37.83492660522461,
                31.65752601623535
              ],
              [
                37.48277282714844,
                31.143381118774414
              ],
              [
                37.547245025634766,
                31.014846801757812
              ],
              [
                37.3951301574707,
                31.014846801757812
              ],
              [
                37.307640075683594,
                30.886310577392578
              ],
              [
                37.159767150878906,
                30.050809860229492
              ],
              [
                37.306007385253906,
                29.986536026000977
              ],
              [
                37.21951675415039,
                29.857990264892578
              ],
              [
                37.67628860473633,
                28.958093643188477
              ],
              [
                37.82230758666992,
                28.893810272216797
              ],
              [
                37.81216049194336,
                28.765243530273438
              ],
              [
                37.96828842163086,
                28.829526901245117
              ],
              [
                37.94807815551758,
                28.572391510009766
              ],
              [
                38.22993469238281,
                28.315250396728516
              ],
              [
                38.22005081176758,
                28.186676025390625
              ],
              [
                38.446231842041016,
                28.186676025390625
              ],
              [
                38.361000061035156,
                28.058101654052734
              ],
              [
                38.421749114990234,
                27.865236282348633
              ],
              [
                38.70368576049805,
                27.608078002929688
              ],
              [
                38.75993347167969,
                27.35091781616211
              ],
              [
                38.90565490722656,
                27.2866268157959
              ],
              [
                38.89628219604492,
                27.158044815063477
              ],
              [
                39.04197311401367,
                27.093751907348633
              ],
              [
                39.305747985839844,
                26.57941436767578
              ],
              [
                39.45589065551758,
                26.57941436767578
              ],
              [
                39.37630081176758,
                26.515121459960938
              ],
              [
                39.43792724609375,
                26.32224464416504
              ],
              [
                39.58352279663086,
                26.257951736450195
              ],
              [
                39.77783966064453,
                25.807899475097656
              ],
              [
                39.92338562011719,
                25.743606567382812
              ],
              [
                40.24751663208008,
                24.97209930419922
              ],
              [
                40.39302444458008,
                24.907808303833008
              ],
              [
                40.51856994628906,
                24.522062301635742
              ],
              [
                40.86863327026367,
                24.136323928833008
              ],
              [
                41.40525817871094,
                23.107707977294922
              ],
              [
                42.17338943481445,
                22.20768928527832
              ],
              [
                42.16621398925781,
                22.079116821289062
              ],
              [
                42.44926071166992,
                21.821969985961914
              ],
              [
                42.78487777709961,
                21.179107666015625
              ],
              [
                43.1416130065918,
                20.921964645385742
              ],
              [
                43.27187728881836,
                20.60053253173828
              ],
              [
                43.694766998291016,
                20.214815139770508
              ],
              [
                43.68737030029297,
                20.08624267578125
              ],
              [
                43.82813262939453,
                19.95766830444336
              ],
              [
                43.980045318603516,
                20.021955490112305
              ],
              [
                44.31254196166992,
                19.379087448120117
              ],
              [
                44.464393615722656,
                19.443374633789062
              ],
              [
                44.378910064697266,
                19.25051498413086
              ],
              [
                44.45290756225586,
                19.25051498413086
              ],
              [
                44.449073791503906,
                19.186227798461914
              ],
              [
                44.35977554321289,
                18.929079055786133
              ],
              [
                43.50886917114258,
                18.286205291748047
              ],
              [
                43.552940368652344,
                17.77190399169922
              ],
              [
                43.464351654052734,
                17.514753341674805
              ],
              [
                43.235687255859375,
                17.38617706298828
              ],
              [
                43.27681350708008,
                16.807586669921875
              ],
              [
                43.03795623779297,
                16.486146926879883
              ],
              [
                42.81345748901367,
                16.421857833862305
              ],
              [
                42.816959381103516,
                16.486146926879883
              ],
              [
                42.48373794555664,
                17.129026412963867
              ],
              [
                42.33625793457031,
                17.129026412963867
              ],
              [
                42.28022766113281,
                17.450464248657227
              ],
              [
                41.784889221191406,
                17.836191177368164
              ],
              [
                41.45082092285156,
                18.479066848754883
              ],
              [
                41.23610305786133,
                18.607641220092773
              ],
              [
                41.25007629394531,
                18.864791870117188
              ],
              [
                41.04209899902344,
                19.12194061279297
              ],
              [
                40.985382080078125,
                19.443374633789062
              ],
              [
                40.84076690673828,
                19.507661819458008
              ],
              [
                40.85103988647461,
                19.700523376464844
              ],
              [
                40.561588287353516,
                19.8290958404541
              ],
              [
                40.14036178588867,
                20.279102325439453
              ],
              [
                39.84385299682617,
                20.279102325439453
              ],
              [
                39.35056686401367,
                20.793392181396484
              ],
              [
                39.14701461791992,
                21.179107666015625
              ],
              [
                39.16929626464844,
                21.629112243652344
              ],
              [
                39.02705764770508,
                21.7576847076416
              ],
              [
                39.14019775390625,
                22.529123306274414
              ],
              [
                38.8588752746582,
                22.85055923461914
              ],
              [
                38.86882400512695,
                23.043420791625977
              ],
              [
                38.60107421875,
                23.622013092041016
              ],
              [
                38.03175354003906,
                24.136323928833008
              ],
              [
                37.444801330566406,
                24.329193115234375
              ],
              [
                37.38759231567383,
                24.650644302368164
              ],
              [
                37.17045593261719,
                24.779226303100586
              ],
              [
                37.1776123046875,
                24.907808303833008
              ],
              [
                37.3307991027832,
                24.97209930419922
              ],
              [
                37.27071762084961,
                25.229267120361328
              ],
              [
                36.772972106933594,
                25.67931365966797
              ],
              [
                36.7172966003418,
                26.000778198242188
              ],
              [
                36.42910385131836,
                26.19365882873535
              ],
              [
                36.16486358642578,
                26.772293090820312
              ],
              [
                35.671688079833984,
                27.2866268157959
              ],
              [
                35.61323928833008,
                27.54378890991211
              ],
              [
                35.46693801879883,
                27.608078002929688
              ],
              [
                35.40869903564453,
                27.865236282348633
              ],
              [
                35.04917907714844,
                28.12238883972168
              ],
              [
                34.59267044067383,
                28.058101654052734
              ],
              [
                34.60541915893555,
                28.25096321105957
              ],
              [
                34.853519439697266,
                28.572391510009766
              ],
              [
                34.91290283203125,
                29.40805435180664
              ],
              [
                34.75225830078125,
                29.279497146606445
              ],
              [
                34.517303466796875,
                28.058101654052734
              ],
              [
                34.35825729370117,
                27.92952537536621
              ],
              [
                34.345943450927734,
                27.736658096313477
              ],
              [
                34.12004470825195,
                27.736658096313477
              ],
              [
                33.6169548034668,
                28.12238883972168
              ],
              [
                33.553810119628906,
                28.315250396728516
              ],
              [
                33.40296936035156,
                28.315250396728516
              ],
              [
                33.18891525268555,
                28.508106231689453
              ],
              [
                33.14677429199219,
                29.022375106811523
              ],
              [
                32.857112884521484,
                29.21521759033203
              ],
              [
                32.58876037597656,
                29.729440689086914
              ],
              [
                32.60188293457031,
                29.922264099121094
              ],
              [
                32.44160079956055,
                29.79371452331543
              ],
              [
                32.68916320800781,
                28.958093643188477
              ],
              [
                32.83612823486328,
                28.893810272216797
              ],
              [
                33.10531997680664,
                28.379535675048828
              ],
              [
                33.60887145996094,
                27.993812561035156
              ],
              [
                33.585105895996094,
                27.608078002929688
              ],
              [
                33.7991943359375,
                27.41520881652832
              ],
              [
                33.92659378051758,
                27.029460906982422
              ],
              [
                34.07311248779297,
                26.96516990661621
              ],
              [
                34.05074691772461,
                26.57941436767578
              ],
              [
                34.197208404541016,
                26.515121459960938
              ],
              [
                34.461280822753906,
                25.8721923828125
              ],
              [
                34.60763931274414,
                25.807899475097656
              ],
              [
                35.145530700683594,
                24.650644302368164
              ],
              [
                35.860408782958984,
                24.00774574279785
              ],
              [
                35.85411834716797,
                23.879167556762695
              ],
              [
                35.558753967285156,
                23.943456649780273
              ],
              [
                35.546443939208984,
                23.68630027770996
              ],
              [
                35.808685302734375,
                22.914846420288086
              ],
              [
                35.662662506103516,
                22.97913360595703
              ],
              [
                35.049800872802734,
                22.59341049194336
              ],
              [
                33.62252426147461,
                22.271976470947266
              ],
              [
                32.057987213134766,
                22.20768928527832
              ],
              [
                31.69084930419922,
                22.33626365661621
              ],
              [
                31.458280563354492,
                22.079116821289062
              ],
              [
                31.23288917541504,
                22.014829635620117
              ],
              [
                31.167762756347656,
                22.271976470947266
              ],
              [
                31.321212768554688,
                22.400548934936523
              ],
              [
                30.735116958618164,
                22.657697677612305
              ],
              [
                30.155345916748047,
                23.107707977294922
              ],
              [
                30.00634002685547,
                23.107707977294922
              ],
              [
                29.572689056396484,
                23.493436813354492
              ],
              [
                29.577219009399414,
                23.622013092041016
              ],
              [
                29.140974044799805,
                23.943456649780273
              ],
              [
                29.145538330078125,
                24.07203483581543
              ],
              [
                28.783687591552734,
                24.393482208251953
              ],
              [
                28.788328170776367,
                24.522062301635742
              ],
              [
                28.568815231323242,
                24.650644302368164
              ],
              [
                28.288646697998047,
                25.164974212646484
              ],
              [
                28.24367904663086,
                25.936485290527344
              ],
              [
                28.34531593322754,
                26.57941436767578
              ],
              [
                28.270244598388672,
                26.57941436767578
              ],
              [
                28.15372657775879,
                27.35091781616211
              ],
              [
                27.93669891357422,
                27.54378890991211
              ],
              [
                27.710918426513672,
                27.54378890991211
              ],
              [
                27.791961669921875,
                27.6723690032959
              ],
              [
                27.429920196533203,
                27.993812561035156
              ],
              [
                27.27633285522461,
                27.92952537536621
              ],
              [
                27.28502082824707,
                28.12238883972168
              ],
              [
                27.140071868896484,
                28.25096321105957
              ],
              [
                25.586284637451172,
                28.958093643188477
              ],
              [
                25.37345314025879,
                29.279497146606445
              ],
              [
                25.14654541015625,
                29.279497146606445
              ],
              [
                25.000762939453125,
                29.40805435180664
              ],
              [
                24.846712112426758,
                29.34377670288086
              ],
              [
                24.779218673706055,
                29.536611557006836
              ],
              [
                24.330371856689453,
                29.665164947509766
              ],
              [
                24.25998878479004,
                29.79371452331543
              ],
              [
                23.51007843017578,
                29.986536026000977
              ],
              [
                22.91602325439453,
                30.307893753051758
              ],
              [
                22.76180076599121,
                30.243623733520508
              ],
              [
                22.76673698425293,
                30.372163772583008
              ],
              [
                21.938846588134766,
                30.564971923828125
              ],
              [
                20.95157814025879,
                30.564971923828125
              ],
              [
                18.73456573486328,
                29.986536026000977
              ],
              [
                17.905044555664062,
                30.179353713989258
              ],
              [
                16.701202392578125,
                30.69350814819336
              ],
              [
                15.489551544189453,
                30.950578689575195
              ],
              [
                15.184454917907715,
                30.886310577392578
              ],
              [
                15.187263488769531,
                31.079113006591797
              ],
              [
                14.584433555603027,
                31.528987884521484
              ],
              [
                14.586112022399902,
                31.65752601623535
              ],
              [
                14.284331321716309,
                31.91460609436035
              ],
              [
                13.60022258758545,
                32.171695709228516
              ],
              [
                13.06567096710205,
                32.171695709228516
              ],
              [
                13.0667085647583,
                32.30024337768555
              ],
              [
                11.767910957336426,
                32.30024337768555
              ],
              [
                11.768352508544922,
                32.428794860839844
              ],
              [
                11.539045333862305,
                32.428794860839844
              ],
              [
                11.462910652160645,
                32.557350158691406
              ],
              [
                11.309853553771973,
                32.493072509765625
              ],
              [
                11.157184600830078,
                32.685909271240234
              ],
              [
                10.391599655151367,
                33.00732421875
              ],
              [
                10.008606910705566,
                33.00732421875
              ],
              [
                10.08484935760498,
                33.13589859008789
              ],
              [
                9.62503719329834,
                33.13589859008789
              ],
              [
                9.547471046447754,
                33.32876968383789
              ],
              [
                9.623573303222656,
                33.45735549926758
              ],
              [
                9.315913200378418,
                33.5859489440918
              ],
              [
                9.237561225891113,
                33.84315490722656
              ],
              [
                9.083436965942383,
                33.90746307373047
              ],
              [
                9.082552909851074,
                34.03607940673828
              ],
              [
                8.928751945495605,
                34.03607940673828
              ],
              [
                8.927783012390137,
                34.164703369140625
              ],
              [
                8.310981750488281,
                34.2933349609375
              ],
              [
                8.0807523727417,
                34.22901916503906
              ],
              [
                8.001612663269043,
                34.42197799682617
              ],
              [
                7.614861011505127,
                34.55062484741211
              ],
              [
                7.153473854064941,
                34.48630142211914
              ],
              [
                6.920335292816162,
                34.614952087402344
              ],
              [
                6.459011077880859,
                34.55062484741211
              ],
              [
                6.14835262298584,
                34.679283142089844
              ],
              [
                5.377389430999756,
                34.679283142089844
              ],
              [
                5.1490478515625,
                34.55062484741211
              ],
              [
                4.453888416290283,
                34.614952087402344
              ],
              [
                3.842682838439941,
                34.42197799682617
              ],
              [
                3.455702066421509,
                34.48630142211914
              ],
              [
                2.920501947402954,
                34.3576545715332
              ],
              [
                2.449900150299072,
                34.614952087402344
              ],
              [
                1.910364866256714,
                34.614952087402344
              ],
              [
                1.905736327171326,
                34.743614196777344
              ],
              [
                1.751503825187683,
                34.743614196777344
              ],
              [
                1.527384757995605,
                34.55062484741211
              ],
              [
                1.293753147125244,
                34.614952087402344
              ],
              [
                0.684976637363434,
                34.42197799682617
              ],
              [
                0.451262414455414,
                34.48630142211914
              ],
              [
                0.302583903074265,
                34.3576545715332
              ],
              [
                -0.467391967773438,
                34.3576545715332
              ],
              [
                -0.53571629524231,
                34.164703369140625
              ],
              [
                -0.689594328403473,
                34.164703369140625
              ],
              [
                -0.683780312538147,
                34.03607940673828
              ],
              [
                -1.502088189125061,
                33.45735549926758
              ],
              [
                -1.578816890716553,
                33.45735549926758
              ],
              [
                -1.715473294258118,
                34.679283142089844
              ],
              [
                -2.114432096481323,
                34.93662643432617
              ],
              [
                -2.121232748031616,
                35.065311431884766
              ],
              [
                -2.044016122817993,
                35.065311431884766
              ],
              [
                -1.358735799789429,
                35.258358001708984
              ],
              [
                -1.136477708816528,
                35.45143127441406
              ],
              [
                -1.223541498184204,
                35.644527435302734
              ],
              [
                -0.991338431835175,
                35.644527435302734
              ],
              [
                -0.913937389850616,
                35.644527435302734
              ],
              [
                -0.907609820365906,
                35.51579284667969
              ],
              [
                -0.672443270683289,
                35.45143127441406
              ],
              [
                -0.446486860513687,
                35.58015823364258
              ],
              [
                -0.530006587505341,
                35.708900451660156
              ],
              [
                -0.533090353012085,
                35.77327346801758
              ],
              [
                0.083524890244007,
                35.837650299072266
              ],
              [
                0.376142233610153,
                36.2239875793457
              ],
              [
                0.683685302734375,
                36.28839111328125
              ],
              [
                0.678023815155029,
                36.417205810546875
              ],
              [
                0.913757801055908,
                36.3527946472168
              ],
              [
                1.216211557388306,
                36.5460319519043
              ],
              [
                1.529616475105286,
                36.48161697387695
              ],
              [
                2.376901149749756,
                36.67487716674805
              ],
              [
                2.690169095993042,
                36.61045455932617
              ],
              [
                2.841080188751221,
                36.73930740356445
              ],
              [
                3.229894161224365,
                36.73930740356445
              ],
              [
                3.458978891372681,
                36.8681755065918
              ],
              [
                3.850007295608521,
                36.80373764038086
              ],
              [
                4.468640327453613,
                36.932613372802734
              ],
              [
                4.859498500823975,
                36.8681755065918
              ],
              [
                5.097836971282959,
                36.67487716674805
              ],
              [
                5.56428337097168,
                36.67487716674805
              ],
              [
                5.639055728912354,
                36.80373764038086
              ],
              [
                6.105763912200928,
                36.80373764038086
              ],
              [
                6.103042125701904,
                36.932613372802734
              ],
              [
                6.333924293518066,
                37.06150817871094
              ],
              [
                6.804664611816406,
                36.8681755065918
              ],
              [
                7.193697929382324,
                36.8681755065918
              ],
              [
                7.346271514892578,
                37.06150817871094
              ],
              [
                7.502017498016357,
                37.06150817871094
              ],
              [
                7.738344192504883,
                36.8681755065918
              ],
              [
                8.516410827636719,
                36.8681755065918
              ],
              [
                8.903155326843262,
                37.12596130371094
              ],
              [
                9.05947494506836,
                37.06150817871094
              ],
              [
                9.603086471557617,
                37.3193473815918
              ],
              [
                9.993423461914062,
                37.1904182434082
              ],
              [
                10.226980209350586,
                37.254878997802734
              ],
              [
                10.227567672729492,
                37.06150817871094
              ],
              [
                10.305440902709961,
                37.06150817871094
              ],
              [
                10.228352546691895,
                36.80373764038086
              ],
              [
                10.539600372314453,
                36.73930740356445
              ],
              [
                10.850569725036621,
                36.9970588684082
              ],
              [
                11.006271362304688,
                36.9970588684082
              ],
              [
                11.006199836730957,
                36.80373764038086
              ],
              [
                10.462488174438477,
                36.417205810546875
              ],
              [
                10.540250778198242,
                36.3527946472168
              ],
              [
                10.463515281677246,
                35.902034759521484
              ],
              [
                10.69615650177002,
                35.708900451660156
              ],
              [
                10.850979804992676,
                35.77327346801758
              ],
              [
                10.928420066833496,
                35.58015823364258
              ],
              [
                11.08318042755127,
                35.58015823364258
              ],
              [
                11.083049774169922,
                35.38706970214844
              ],
              [
                11.005731582641602,
                35.38706970214844
              ],
              [
                11.082771301269531,
                35.00096893310547
              ],
              [
                10.85119342803955,
                34.93662643432617
              ],
              [
                10.851213455200195,
                34.80794906616211
              ],
              [
                10.543014526367188,
                34.55062484741211
              ],
              [
                10.004497528076172,
                34.2933349609375
              ],
              [
                10.081672668457031,
                34.22901916503906
              ],
              [
                10.005777359008789,
                33.90746307373047
              ],
              [
                10.23681354522705,
                33.71455001831055
              ],
              [
                10.544031143188477,
                33.71455001831055
              ],
              [
                10.697741508483887,
                33.52165222167969
              ],
              [
                11.081541061401367,
                33.5859489440918
              ],
              [
                11.157825469970703,
                33.20018768310547
              ],
              [
                11.464441299438477,
                33.20018768310547
              ],
              [
                12.228955268859863,
                32.81447219848633
              ],
              [
                12.612099647521973,
                32.878753662109375
              ],
              [
                12.534722328186035,
                32.75019073486328
              ],
              [
                12.840824127197266,
                32.75019073486328
              ],
              [
                12.841785430908203,
                32.878753662109375
              ],
              [
                13.301749229431152,
                32.94303894042969
              ],
              [
                13.453653335571289,
                32.81447219848633
              ],
              [
                13.760527610778809,
                32.878753662109375
              ],
              [
                13.759129524230957,
                32.75019073486328
              ],
              [
                14.065231323242188,
                32.75019073486328
              ],
              [
                14.444439888000488,
                32.493072509765625
              ],
              [
                14.674704551696777,
                32.557350158691406
              ],
              [
                14.749334335327148,
                32.428794860839844
              ],
              [
                15.055076599121094,
                32.428794860839844
              ],
              [
                15.282304763793945,
                32.30024337768555
              ],
              [
                15.424593925476074,
                31.65752601623535
              ],
              [
                15.575982093811035,
                31.593257904052734
              ],
              [
                15.64897632598877,
                31.40045166015625
              ],
              [
                16.178552627563477,
                31.20764923095703
              ],
              [
                16.8635196685791,
                31.20764923095703
              ],
              [
                17.846824645996094,
                30.950578689575195
              ],
              [
                18.222288131713867,
                30.757776260375977
              ],
              [
                18.592470169067383,
                30.372163772583008
              ],
              [
                18.896053314208984,
                30.372163772583008
              ],
              [
                18.968589782714844,
                30.243623733520508
              ],
              [
                19.655010223388672,
                30.372163772583008
              ],
              [
                19.964311599731445,
                30.564971923828125
              ],
              [
                19.968164443969727,
                30.69350814819336
              ],
              [
                20.202085494995117,
                30.886310577392578
              ],
              [
                20.13410186767578,
                31.143381118774414
              ],
              [
                20.214296340942383,
                31.271915435791016
              ],
              [
                19.996076583862305,
                31.593257904052734
              ],
              [
                20.089075088500977,
                32.107421875
              ],
              [
                20.016965866088867,
                32.23596954345703
              ],
              [
                20.246112823486328,
                32.23596954345703
              ],
              [
                20.33134651184082,
                32.493072509765625
              ],
              [
                20.481992721557617,
                32.428794860839844
              ],
              [
                20.562992095947266,
                32.557350158691406
              ],
              [
                20.71593475341797,
                32.557350158691406
              ],
              [
                20.644094467163086,
                32.685909271240234
              ],
              [
                20.87124252319336,
                32.62162780761719
              ],
              [
                21.108016967773438,
                32.81447219848633
              ],
              [
                21.41167449951172,
                32.75019073486328
              ],
              [
                21.87872886657715,
                32.94303894042969
              ],
              [
                23.089431762695312,
                32.62162780761719
              ],
              [
                23.077939987182617,
                32.36451721191406
              ],
              [
                23.29851722717285,
                32.171695709228516
              ],
              [
                23.680339813232422,
                32.171695709228516
              ],
              [
                24.129365921020508,
                31.978878021240234
              ],
              [
                24.892484664916992,
                31.978878021240234
              ],
              [
                25.11168098449707,
                31.78606605529785
              ],
              [
                25.102048873901367,
                31.593257904052734
              ],
              [
                25.248035430908203,
                31.464719772338867
              ],
              [
                26.847702026367188,
                31.464719772338867
              ],
              [
                27.297456741333008,
                31.336183547973633
              ],
              [
                27.514896392822266,
                31.143381118774414
              ],
              [
                28.496395111083984,
                31.014846801757812
              ],
              [
                28.865032196044922,
                30.822044372558594
              ],
              [
                29.3970890045166,
                30.822044372558594
              ],
              [
                29.485143661499023,
                31.014846801757812
              ],
              [
                29.633193969726562,
                30.950578689575195
              ],
              [
                29.86956024169922,
                31.079113006591797
              ],
              [
                29.8017635345459,
                31.20764923095703
              ],
              [
                29.882049560546875,
                31.271915435791016
              ],
              [
                30.33879280090332,
                31.271915435791016
              ],
              [
                30.271244049072266,
                31.40045166015625
              ],
              [
                30.351730346679688,
                31.464719772338867
              ],
              [
                30.80877685546875,
                31.464719772338867
              ],
              [
                30.965608596801758,
                31.528987884521484
              ],
              [
                30.974620819091797,
                31.65752601623535
              ],
              [
                31.203296661376953,
                31.65752601623535
              ],
              [
                31.117990493774414,
                31.528987884521484
              ],
              [
                31.265825271606445,
                31.464719772338867
              ],
              [
                31.875221252441406,
                31.464719772338867
              ],
              [
                31.780553817749023,
                31.20764923095703
              ],
              [
                31.93739891052246,
                31.271915435791016
              ],
              [
                31.999635696411133,
                31.079113006591797
              ],
              [
                32.303932189941406,
                31.079113006591797
              ],
              [
                32.23719787597656,
                31.20764923095703
              ],
              [
                32.38941192626953,
                31.20764923095703
              ],
              [
                32.53215408325195,
                31.079113006591797
              ],
              [
                32.76515197753906,
                31.143381118774414
              ],
              [
                32.8316764831543,
                31.014846801757812
              ],
              [
                33.74934005737305,
                31.079113006591797
              ],
              [
                34.2972412109375,
                31.271915435791016
              ],
              [
                34.30759811401367,
                31.40045166015625
              ],
              [
                34.63344955444336,
                31.65752601623535
              ],
              [
                34.57329559326172,
                31.8503360748291
              ],
              [
                34.81304168701172,
                31.978878021240234
              ],
              [
                34.76983642578125,
                32.36451721191406
              ],
              [
                35.021759033203125,
                32.62162780761719
              ],
              [
                35.05632781982422,
                33.00732421875
              ],
              [
                35.21538543701172,
                33.07160949707031
              ],
              [
                35.39840316772461,
                33.393062591552734
              ],
              [
                35.34577560424805,
                33.65024948120117
              ],
              [
                35.49934768676758,
                33.65024948120117
              ],
              [
                35.4470100402832,
                33.90746307373047
              ],
              [
                35.68381118774414,
                33.971771240234375
              ],
              [
                35.64447784423828,
                34.3576545715332
              ],
              [
                35.79212951660156,
                34.2933349609375
              ],
              [
                36.048770904541016,
                34.55062484741211
              ],
              [
                36.0682373046875,
                34.743614196777344
              ],
              [
                35.92698669433594,
                34.87228775024414
              ],
              [
                35.959747314453125,
                35.194007873535156
              ],
              [
                35.88248825073242,
                35.194007873535156
              ],
              [
                35.99294662475586,
                35.51579284667969
              ],
              [
                35.84488296508789,
                35.58015823364258
              ],
              [
                35.990074157714844,
                36.2239875793457
              ],
              [
                35.84174346923828,
                36.28839111328125
              ],
              [
                36.26490020751953,
                36.61045455932617
              ],
              [
                36.28622817993164,
                36.80373764038086
              ],
              [
                36.144901275634766,
                36.932613372802734
              ],
              [
                35.833587646484375,
                36.932613372802734
              ],
              [
                35.487709045410156,
                36.61045455932617
              ],
              [
                35.11265563964844,
                36.73930740356445
              ],
              [
                34.95038986206055,
                36.67487716674805
              ],
              [
                34.892860412597656,
                36.8681755065918
              ],
              [
                34.581634521484375,
                36.8681755065918
              ],
              [
                34.2507209777832,
                36.67487716674805
              ],
              [
                33.97906494140625,
                36.28839111328125
              ],
              [
                32.558349609375,
                36.03080368041992
              ],
              [
                32.498512268066406,
                36.2239875793457
              ],
              [
                32.06806182861328,
                36.61045455932617
              ],
              [
                31.08603858947754,
                36.932613372802734
              ],
              [
                30.535690307617188,
                36.8681755065918
              ],
              [
                30.49193572998047,
                36.3527946472168
              ],
              [
                30.02613639831543,
                36.3527946472168
              ],
              [
                29.938032150268555,
                36.2239875793457
              ],
              [
                29.239721298217773,
                36.2239875793457
              ],
              [
                29.124916076660156,
                36.73930740356445
              ],
              [
                28.357105255126953,
                36.8681755065918
              ],
              [
                28.186922073364258,
                36.67487716674805
              ],
              [
                28.03143882751465,
                36.67487716674805
              ],
              [
                28.138330459594727,
                37.06150817871094
              ],
              [
                28.065349578857422,
                37.12596130371094
              ],
              [
                27.597978591918945,
                37.12596130371094
              ],
              [
                27.53919219970703,
                37.38381576538086
              ],
              [
                27.22254180908203,
                37.3193473815918
              ],
              [
                27.309988021850586,
                37.44829177856445
              ],
              [
                27.16343116760254,
                37.5772590637207
              ],
              [
                27.2558650970459,
                37.7707405090332
              ],
              [
                27.177743911743164,
                37.7707405090332
              ],
              [
                27.27528190612793,
                38.028785705566406
              ],
              [
                26.888994216918945,
                38.09331130981445
              ],
              [
                26.820327758789062,
                38.22237777709961
              ],
              [
                26.42890739440918,
                38.22237777709961
              ],
              [
                26.38368797302246,
                38.67427444458008
              ],
              [
                26.535762786865234,
                38.60969924926758
              ],
              [
                26.594974517822266,
                38.351463317871094
              ],
              [
                27.06496238708496,
                38.351463317871094
              ],
              [
                27.079774856567383,
                38.54513168334961
              ],
              [
                26.849470138549805,
                38.60969924926758
              ],
              [
                26.95786476135254,
                38.997230529785156
              ],
              [
                26.879291534423828,
                38.997230529785156
              ],
              [
                26.894468307495117,
                39.19107437133789
              ],
              [
                26.742225646972656,
                39.25570297241211
              ],
              [
                26.84657859802246,
                39.57893371582031
              ],
              [
                26.132457733154297,
                39.51427459716797
              ],
              [
                26.2723331451416,
                40.29063034057617
              ],
              [
                26.604726791381836,
                40.4848747253418
              ],
              [
                26.683887481689453,
                40.4848747253418
              ],
              [
                26.673099517822266,
                40.355369567871094
              ],
              [
                27.46982192993164,
                40.42012023925781
              ],
              [
                27.537628173828125,
                40.29063034057617
              ],
              [
                27.695789337158203,
                40.29063034057617
              ],
              [
                27.792133331298828,
                40.4848747253418
              ],
              [
                27.950454711914062,
                40.4848747253418
              ],
              [
                27.938817977905273,
                40.355369567871094
              ],
              [
                29.046321868896484,
                40.355369567871094
              ],
              [
                28.900379180908203,
                40.4848747253418
              ],
              [
                28.91274642944336,
                40.614410400390625
              ],
              [
                29.3944091796875,
                40.6791877746582
              ],
              [
                29.493009567260742,
                40.873565673828125
              ],
              [
                29.24864959716797,
                40.80876541137695
              ],
              [
                29.10276222229004,
                40.93837356567383
              ],
              [
                29.115554809570312,
                41.06801223754883
              ],
              [
                27.527481079101562,
                41.06801223754883
              ],
              [
                27.017187118530273,
                40.6791877746582
              ],
              [
                26.921367645263672,
                40.4848747253418
              ],
              [
                26.62644386291504,
                40.74397277832031
              ],
              [
                26.140260696411133,
                40.614410400390625
              ],
              [
                26.082168579101562,
                40.873565673828125
              ],
              [
                25.849451065063477,
                40.93837356567383
              ],
              [
                24.34656524658203,
                41.00318908691406
              ],
              [
                24.010608673095703,
                40.74397277832031
              ],
              [
                23.698017120361328,
                40.80876541137695
              ],
              [
                23.684629440307617,
                40.614410400390625
              ],
              [
                23.83857536315918,
                40.54964065551758
              ],
              [
                23.73737335205078,
                40.225894927978516
              ],
              [
                23.267255783081055,
                40.29063034057617
              ],
              [
                22.884185791015625,
                40.4848747253418
              ],
              [
                22.89249038696289,
                40.614410400390625
              ],
              [
                22.654850006103516,
                40.614410400390625
              ],
              [
                22.55951499938965,
                40.355369567871094
              ],
              [
                22.543659210205078,
                40.0964469909668
              ],
              [
                22.701663970947266,
                40.0964469909668
              ],
              [
                22.610868453979492,
                39.90232849121094
              ],
              [
                23.135168075561523,
                39.449623107910156
              ],
              [
                22.816326141357422,
                39.38497543334961
              ],
              [
                22.797286987304688,
                39.06184005737305
              ],
              [
                22.95830535888672,
                39.1264533996582
              ],
              [
                23.492761611938477,
                38.8680305480957
              ],
              [
                23.331829071044922,
                38.80344009399414
              ],
              [
                23.025423049926758,
                38.93262481689453
              ],
              [
                22.935583114624023,
                38.738853454589844
              ],
              [
                23.16720199584961,
                38.67427444458008
              ],
              [
                23.312631607055664,
                38.48057174682617
              ],
              [
                23.626148223876953,
                38.48057174682617
              ],
              [
                23.563383102416992,
                38.738853454589844
              ],
              [
                24.030162811279297,
                38.67427444458008
              ],
              [
                24.178871154785156,
                38.54513168334961
              ],
              [
                24.158668518066406,
                38.22237777709961
              ],
              [
                24.002099990844727,
                38.22237777709961
              ],
              [
                23.9786319732666,
                37.835243225097656
              ],
              [
                23.900487899780273,
                37.835243225097656
              ],
              [
                23.904340744018555,
                37.89975357055664
              ],
              [
                23.837743759155273,
                38.09331130981445
              ],
              [
                23.6030330657959,
                38.09331130981445
              ],
              [
                23.595443725585938,
                37.96426773071289
              ],
              [
                23.517253875732422,
                37.96426773071289
              ],
              [
                23.208162307739258,
                38.028785705566406
              ],
              [
                23.20083236694336,
                37.89975357055664
              ],
              [
                23.044498443603516,
                37.89975357055664
              ],
              [
                22.988061904907227,
                38.28691864013672
              ],
              [
                22.603641510009766,
                38.416015625
              ],
              [
                21.19325065612793,
                38.416015625
              ],
              [
                20.973709106445312,
                38.738853454589844
              ],
              [
                20.74135398864746,
                38.80344009399414
              ],
              [
                20.91095733642578,
                39.06184005737305
              ],
              [
                20.29724884033203,
                39.38497543334961
              ],
              [
                20.15495491027832,
                39.70827102661133
              ],
              [
                19.918411254882812,
                39.70827102661133
              ],
              [
                20.009418487548828,
                39.9670295715332
              ],
              [
                19.62952995300293,
                40.29063034057617
              ],
              [
                19.47136878967285,
                40.29063034057617
              ],
              [
                19.48629379272461,
                40.614410400390625
              ],
              [
                19.2486515045166,
                40.614410400390625
              ],
              [
                19.254547119140625,
                40.74397277832031
              ],
              [
                19.498455047607422,
                40.873565673828125
              ],
              [
                19.437559127807617,
                41.26253128051758
              ],
              [
                19.523332595825195,
                41.39224624633789
              ],
              [
                19.443790435791016,
                41.39224624633789
              ],
              [
                19.529659271240234,
                41.521995544433594
              ],
              [
                19.450061798095703,
                41.521995544433594
              ],
              [
                19.54244041442871,
                41.781593322753906
              ],
              [
                18.8489990234375,
                42.30118942260742
              ],
              [
                18.85202980041504,
                42.36617660522461
              ],
              [
                18.71311378479004,
                42.82133865356445
              ],
              [
                18.306493759155273,
                42.691246032714844
              ],
              [
                18.080114364624023,
                43.016544342041016
              ],
              [
                17.518268585205078,
                43.016544342041016
              ],
              [
                17.520870208740234,
                43.08163070678711
              ],
              [
                17.440576553344727,
                43.08163070678711
              ],
              [
                17.443153381347656,
                43.146724700927734
              ],
              [
                17.362831115722656,
                43.146724700927734
              ],
              [
                17.36538314819336,
                43.211830139160156
              ],
              [
                17.053739547729492,
                43.472347259521484
              ],
              [
                17.05619239807129,
                43.53750228881836
              ],
              [
                16.97568702697754,
                43.53750228881836
              ],
              [
                16.429935455322266,
                44.05907440185547
              ],
              [
                15.624360084533691,
                44.12431716918945
              ],
              [
                15.547369003295898,
                44.25482940673828
              ],
              [
                15.22576904296875,
                44.32010269165039
              ],
              [
                15.229314804077148,
                44.45067596435547
              ],
              [
                15.477727890014648,
                44.64661407470703
              ],
              [
                15.803844451904297,
                44.71194839477539
              ],
              [
                15.819802284240723,
                45.23500442504883
              ],
              [
                16.3011417388916,
                45.03877639770508
              ],
              [
                16.4703311920166,
                45.23500442504883
              ],
              [
                16.795595169067383,
                45.23500442504883
              ],
              [
                16.88656234741211,
                45.496795654296875
              ],
              [
                17.04945182800293,
                45.496795654296875
              ],
              [
                17.304113388061523,
                45.75876998901367
              ],
              [
                17.54883575439453,
                45.75876998901367
              ],
              [
                17.63585090637207,
                45.889827728271484
              ],
              [
                17.87512969970703,
                45.75876998901367
              ],
              [
                18.446147918701172,
                45.75876998901367
              ],
              [
                19.445716857910156,
                46.1520881652832
              ],
              [
                20.099876403808594,
                46.1520881652832
              ],
              [
                20.450244903564453,
                46.54585266113281
              ],
              [
                20.670743942260742,
                47.46647262573242
              ],
              [
                20.831451416015625,
                47.4006233215332
              ],
              [
                20.897123336791992,
                47.13737487792969
              ],
              [
                21.143939971923828,
                47.13737487792969
              ],
              [
                21.209108352661133,
                46.87434005737305
              ],
              [
                21.55974006652832,
                47.20316696166992
              ],
              [
                21.96666145324707,
                47.13737487792969
              ],
              [
                22.085050582885742,
                46.480194091796875
              ],
              [
                22.412790298461914,
                46.480194091796875
              ],
              [
                22.47120475769043,
                46.1520881652832
              ],
              [
                22.293855667114258,
                45.95537567138672
              ],
              [
                22.04435157775879,
                45.889827728271484
              ],
              [
                22.0353946685791,
                45.75876998901367
              ],
              [
                21.533151626586914,
                45.56227111816406
              ],
              [
                21.520401000976562,
                45.36587905883789
              ],
              [
                21.841554641723633,
                45.300437927246094
              ],
              [
                22.1445369720459,
                44.973392486572266
              ],
              [
                22.55048179626465,
                44.973392486572266
              ],
              [
                22.531999588012695,
                44.71194839477539
              ],
              [
                22.689453125,
                44.64661407470703
              ],
              [
                22.518192291259766,
                44.5159797668457
              ],
              [
                22.50443458557129,
                44.32010269165039
              ],
              [
                22.894636154174805,
                44.12431716918945
              ],
              [
                22.951791763305664,
                43.79821014404297
              ],
              [
                23.601760864257812,
                43.86341094970703
              ],
              [
                24.15087890625,
                43.6678352355957
              ],
              [
                24.881397247314453,
                43.73301696777344
              ],
              [
                25.434297561645508,
                43.6026611328125
              ],
              [
                25.84855079650879,
                43.73301696777344
              ],
              [
                26.281423568725586,
                44.05907440185547
              ],
              [
                27.492671966552734,
                44.05907440185547
              ],
              [
                27.828874588012695,
                44.18956756591797
              ],
              [
                27.943035125732422,
                44.5159797668457
              ],
              [
                27.787734985351562,
                44.58129119873047
              ],
              [
                27.801036834716797,
                44.71194839477539
              ],
              [
                27.969886779785156,
                44.77729415893555
              ],
              [
                27.99687957763672,
                45.03877639770508
              ],
              [
                27.847858428955078,
                45.169586181640625
              ],
              [
                27.861310958862305,
                45.300437927246094
              ],
              [
                28.11903953552246,
                45.431331634521484
              ],
              [
                28.146530151367188,
                45.693260192871094
              ],
              [
                28.309614181518555,
                45.693260192871094
              ],
              [
                28.330547332763672,
                45.889827728271484
              ],
              [
                28.50797462463379,
                46.02093505859375
              ],
              [
                28.440406799316406,
                46.1520881652832
              ],
              [
                28.88568115234375,
                46.480194091796875
              ],
              [
                29.481975555419922,
                46.677207946777344
              ],
              [
                29.355844497680664,
                47.005828857421875
              ],
              [
                29.199012756347656,
                47.07159423828125
              ],
              [
                29.2142276763916,
                47.20316696166992
              ],
              [
                28.915130615234375,
                47.46647262573242
              ],
              [
                29.028188705444336,
                47.730003356933594
              ],
              [
                28.555265426635742,
                47.92780685424805
              ],
              [
                28.570432662963867,
                48.059749603271484
              ],
              [
                28.4200382232666,
                48.191749572753906
              ],
              [
                27.537879943847656,
                48.455936431884766
              ],
              [
                27.39371109008789,
                48.654239654541016
              ],
              [
                26.472915649414062,
                48.5881233215332
              ],
              [
                25.981304168701172,
                48.654239654541016
              ],
              [
                25.668682098388672,
                48.852684020996094
              ],
              [
                25.68194580078125,
                48.98506164550781
              ],
              [
                26.112018585205078,
                49.11750411987305
              ],
              [
                26.063322067260742,
                49.44889450073242
              ],
              [
                26.31390953063965,
                49.44889450073242
              ],
              [
                26.66996192932129,
                49.64793395996094
              ],
              [
                27.088180541992188,
                49.64793395996094
              ],
              [
                27.156713485717773,
                49.51522445678711
              ],
              [
                27.399791717529297,
                49.44889450073242
              ],
              [
                27.46052360534668,
                49.2500114440918
              ],
              [
                28.87859535217285,
                49.2500114440918
              ],
              [
                29.195640563964844,
                49.11750411987305
              ],
              [
                29.620437622070312,
                48.52202224731445
              ],
              [
                29.57158851623535,
                48.1257438659668
              ],
              [
                29.646299362182617,
                48.059749603271484
              ],
              [
                30.002090454101562,
                48.257774353027344
              ],
              [
                30.573623657226562,
                48.191749572753906
              ],
              [
                30.539783477783203,
                47.92780685424805
              ],
              [
                30.622472763061523,
                47.92780685424805
              ],
              [
                30.597265243530273,
                47.730003356933594
              ],
              [
                30.745615005493164,
                47.598209381103516
              ],
              [
                31.80066680908203,
                47.46647262573242
              ],
              [
                31.791893005371094,
                47.4006233215332
              ],
              [
                31.839319229125977,
                47.13737487792969
              ],
              [
                31.98637580871582,
                47.005828857421875
              ],
              [
                31.94304084777832,
                46.677207946777344
              ],
              [
                30.87657928466797,
                46.677207946777344
              ]
            ]
          ],
          [
            [
              [
                2.610407114028931,
                34.42197799682617
              ],
              [
                2.533390045166016,
                34.42197799682617
              ],
              [
                2.531259059906006,
                34.48630142211914
              ],
              [
                2.608296155929565,
                34.48630142211914
              ],
              [
                2.610407114028931,
                34.42197799682617
              ]
            ]
          ],
          [
            [
              [
                24.149879455566406,
                35.38706970214844
              ],
              [
                24.30097007751465,
                35.32271194458008
              ],
              [
                25.69233512878418,
                35.32271194458008
              ],
              [
                25.680648803710938,
                35.12965774536133
              ],
              [
                26.22533416748047,
                35.194007873535156
              ],
              [
                26.140073776245117,
                35.065311431884766
              ],
              [
                24.823745727539062,
                35.00096893310547
              ],
              [
                24.7574462890625,
                35.194007873535156
              ],
              [
                24.52567481994629,
                35.194007873535156
              ],
              [
                24.44841766357422,
                35.194007873535156
              ],
              [
                23.679210662841797,
                35.258358001708984
              ],
              [
                23.615402221679688,
                35.51579284667969
              ],
              [
                24.156919479370117,
                35.51579284667969
              ],
              [
                24.149879455566406,
                35.38706970214844
              ]
            ]
          ],
          [
            [
              [
                22.978273391723633,
                36.67487716674805
              ],
              [
                23.056013107299805,
                36.67487716674805
              ],
              [
                23.20806121826172,
                36.61045455932617
              ],
              [
                23.20122528076172,
                36.48161697387695
              ],
              [
                22.97154426574707,
                36.5460319519043
              ],
              [
                22.978273391723633,
                36.67487716674805
              ]
            ]
          ],
          [
            [
              [
                25.339021682739258,
                37.12596130371094
              ],
              [
                25.416915893554688,
                37.12596130371094
              ],
              [
                25.57270622253418,
                37.12596130371094
              ],
              [
                25.56435775756836,
                36.9970588684082
              ],
              [
                25.330806732177734,
                36.9970588684082
              ],
              [
                25.339021682739258,
                37.12596130371094
              ]
            ]
          ],
          [
            [
              [
                24.28331756591797,
                37.706241607666016
              ],
              [
                24.36141586303711,
                37.706241607666016
              ],
              [
                24.43158721923828,
                37.5772590637207
              ],
              [
                24.27158546447754,
                37.51277160644531
              ],
              [
                24.201318740844727,
                37.641746520996094
              ],
              [
                24.28331756591797,
                37.706241607666016
              ]
            ]
          ],
          [
            [
              [
                26.079580307006836,
                37.706241607666016
              ],
              [
                26.157678604125977,
                37.706241607666016
              ],
              [
                26.313875198364258,
                37.706241607666016
              ],
              [
                26.304851531982422,
                37.5772590637207
              ],
              [
                25.988245010375977,
                37.51277160644531
              ],
              [
                26.079580307006836,
                37.706241607666016
              ]
            ]
          ],
          [
            [
              [
                24.694225311279297,
                38.028785705566406
              ],
              [
                24.772438049316406,
                38.028785705566406
              ],
              [
                25.068470001220703,
                37.7707405090332
              ],
              [
                24.830005645751953,
                37.706241607666016
              ],
              [
                24.681930541992188,
                37.835243225097656
              ],
              [
                24.694225311279297,
                38.028785705566406
              ]
            ]
          ],
          [
            [
              [
                25.89913558959961,
                38.48057174682617
              ],
              [
                25.820756912231445,
                38.48057174682617
              ],
              [
                25.912982940673828,
                38.67427444458008
              ],
              [
                25.99143409729004,
                38.67427444458008
              ],
              [
                26.217344284057617,
                38.54513168334961
              ],
              [
                26.111188888549805,
                38.157840728759766
              ],
              [
                25.876405715942383,
                38.157840728759766
              ],
              [
                25.89913558959961,
                38.48057174682617
              ]
            ]
          ],
          [
            [
              [
                23.56732749938965,
                38.80344009399414
              ],
              [
                23.563383102416992,
                38.738853454589844
              ],
              [
                23.484909057617188,
                38.738853454589844
              ],
              [
                23.488826751708984,
                38.80344009399414
              ],
              [
                23.56732749938965,
                38.80344009399414
              ]
            ]
          ],
          [
            [
              [
                24.364974975585938,
                38.997230529785156
              ],
              [
                24.443546295166016,
                38.997230529785156
              ],
              [
                24.674930572509766,
                38.93262481689453
              ],
              [
                24.662033081054688,
                38.738853454589844
              ],
              [
                24.35651969909668,
                38.8680305480957
              ],
              [
                24.364974975585938,
                38.997230529785156
              ]
            ]
          ],
          [
            [
              [
                26.09356689453125,
                38.997230529785156
              ],
              [
                26.103172302246094,
                39.1264533996582
              ],
              [
                25.793418884277344,
                39.19107437133789
              ],
              [
                26.043895721435547,
                39.38497543334961
              ],
              [
                26.122615814208984,
                39.38497543334961
              ],
              [
                26.511207580566406,
                39.320335388183594
              ],
              [
                26.643573760986328,
                38.997230529785156
              ],
              [
                26.24588966369629,
                38.93262481689453
              ],
              [
                26.09356689453125,
                38.997230529785156
              ]
            ]
          ],
          [
            [
              [
                20.151897430419922,
                39.64360046386719
              ],
              [
                20.148855209350586,
                39.57893371582031
              ],
              [
                20.070056915283203,
                39.57893371582031
              ],
              [
                20.073074340820312,
                39.64360046386719
              ],
              [
                20.151897430419922,
                39.64360046386719
              ]
            ]
          ],
          [
            [
              [
                25.066978454589844,
                40.031734466552734
              ],
              [
                25.145954132080078,
                40.031734466552734
              ],
              [
                25.46186065673828,
                40.031734466552734
              ],
              [
                25.447328567504883,
                39.8376350402832
              ],
              [
                24.973936080932617,
                39.8376350402832
              ],
              [
                25.066978454589844,
                40.031734466552734
              ]
            ]
          ],
          [
            [
              [
                25.718765258789062,
                40.29063034057617
              ],
              [
                25.7978458404541,
                40.29063034057617
              ],
              [
                26.03508949279785,
                40.29063034057617
              ],
              [
                26.024850845336914,
                40.16116714477539
              ],
              [
                25.703752517700195,
                40.0964469909668
              ],
              [
                25.718765258789062,
                40.29063034057617
              ]
            ]
          ],
          [
            [
              [
                24.490964889526367,
                40.80876541137695
              ],
              [
                24.57025909423828,
                40.80876541137695
              ],
              [
                24.808143615722656,
                40.80876541137695
              ],
              [
                24.793624877929688,
                40.614410400390625
              ],
              [
                24.551259994506836,
                40.54964065551758
              ],
              [
                24.490964889526367,
                40.80876541137695
              ]
            ]
          ],
          [
            [
              [
                43.70588684082031,
                10.250240325927734
              ],
              [
                43.71318817138672,
                10.443102836608887
              ],
              [
                43.4986686706543,
                10.571678161621094
              ],
              [
                43.228397369384766,
                11.15026569366455
              ],
              [
                43.08454895019531,
                11.214552879333496
              ],
              [
                43.17050552368164,
                11.535990715026855
              ],
              [
                43.31692886352539,
                11.535990715026855
              ],
              [
                43.67005920410156,
                11.214552879333496
              ],
              [
                43.73307418823242,
                10.957403182983398
              ],
              [
                44.083831787109375,
                10.571678161621094
              ],
              [
                44.371421813964844,
                10.443102836608887
              ],
              [
                44.88338088989258,
                10.443102836608887
              ],
              [
                44.885902404785156,
                10.507390975952148
              ],
              [
                45.105323791503906,
                10.507390975952148
              ],
              [
                45.09775924682617,
                10.314528465270996
              ],
              [
                44.868465423583984,
                10.057377815246582
              ],
              [
                43.70588684082031,
                10.250240325927734
              ]
            ]
          ],
          [
            [
              [
                43.438602447509766,
                12.69316577911377
              ],
              [
                43.44704818725586,
                12.886029243469238
              ],
              [
                43.23561477661133,
                13.07889175415039
              ],
              [
                43.25004959106445,
                13.40032958984375
              ],
              [
                43.47012710571289,
                13.40032958984375
              ],
              [
                43.46719741821289,
                13.336042404174805
              ],
              [
                43.684322357177734,
                13.271754264831543
              ],
              [
                43.80510330200195,
                12.69316577911377
              ],
              [
                43.73180389404297,
                12.69316577911377
              ],
              [
                43.438602447509766,
                12.69316577911377
              ]
            ]
          ],
          [
            [
              [
                39.737396240234375,
                15.26467514038086
              ],
              [
                39.30215835571289,
                15.393251419067383
              ],
              [
                39.099578857421875,
                15.77897834777832
              ],
              [
                39.10568618774414,
                15.907554626464844
              ],
              [
                39.25597381591797,
                15.971842765808105
              ],
              [
                39.25906753540039,
                16.036130905151367
              ],
              [
                39.40629959106445,
                16.036130905151367
              ],
              [
                39.46445083618164,
                15.714691162109375
              ],
              [
                39.74041748046875,
                15.328963279724121
              ],
              [
                39.737396240234375,
                15.26467514038086
              ]
            ]
          ],
          [
            [
              [
                37.34303283691406,
                19.12194061279297
              ],
              [
                37.62345504760742,
                18.800504684448242
              ],
              [
                37.69739532470703,
                18.800504684448242
              ],
              [
                37.540225982666016,
                18.607641220092773
              ],
              [
                37.24455261230469,
                18.607641220092773
              ],
              [
                37.10281753540039,
                18.736217498779297
              ],
              [
                37.34303283691406,
                19.12194061279297
              ]
            ]
          ],
          [
            [
              [
                44.32396697998047,
                19.571949005126953
              ],
              [
                44.24993133544922,
                19.571949005126953
              ],
              [
                44.253726959228516,
                19.6362361907959
              ],
              [
                44.3277702331543,
                19.6362361907959
              ],
              [
                44.32396697998047,
                19.571949005126953
              ]
            ]
          ],
          [
            [
              [
                44.253726959228516,
                19.6362361907959
              ],
              [
                44.17967987060547,
                19.6362361907959
              ],
              [
                44.18346405029297,
                19.700523376464844
              ],
              [
                44.25751876831055,
                19.700523376464844
              ],
              [
                44.253726959228516,
                19.6362361907959
              ]
            ]
          ],
          [
            [
              [
                40.131011962890625,
                25.48643684387207
              ],
              [
                40.05613708496094,
                25.48643684387207
              ],
              [
                40.06037139892578,
                25.55072784423828
              ],
              [
                40.135257720947266,
                25.55072784423828
              ],
              [
                40.131011962890625,
                25.48643684387207
              ]
            ]
          ],
          [
            [
              [
                34.08732223510742,
                35.00096893310547
              ],
              [
                33.69539260864258,
                34.93662643432617
              ],
              [
                33.523399353027344,
                34.743614196777344
              ],
              [
                33.1320686340332,
                34.679283142089844
              ],
              [
                33.04356002807617,
                34.55062484741211
              ],
              [
                32.36665725708008,
                34.743614196777344
              ],
              [
                32.229042053222656,
                34.93662643432617
              ],
              [
                32.24578857421875,
                35.12965774536133
              ],
              [
                32.55473709106445,
                35.12965774536133
              ],
              [
                32.875247955322266,
                35.258358001708984
              ],
              [
                32.886871337890625,
                35.38706970214844
              ],
              [
                33.73737716674805,
                35.38706970214844
              ],
              [
                34.309810638427734,
                35.708900451660156
              ],
              [
                34.38723373413086,
                35.708900451660156
              ],
              [
                34.542076110839844,
                35.708900451660156
              ],
              [
                34.5294189453125,
                35.58015823364258
              ],
              [
                33.95713424682617,
                35.258358001708984
              ],
              [
                34.08732223510742,
                35.00096893310547
              ]
            ]
          ],
          [
            [
              [
                27.692523956298828,
                36.28839111328125
              ],
              [
                28.01713752746582,
                36.48161697387695
              ],
              [
                28.09481430053711,
                36.48161697387695
              ],
              [
                28.250165939331055,
                36.48161697387695
              ],
              [
                28.139331817626953,
                36.03080368041992
              ],
              [
                27.742563247680664,
                35.902034759521484
              ],
              [
                27.692523956298828,
                36.28839111328125
              ]
            ]
          ],
          [
            [
              [
                27.116777420043945,
                36.932613372802734
              ],
              [
                27.18541717529297,
                36.80373764038086
              ],
              [
                26.865324020385742,
                36.67487716674805
              ],
              [
                27.038949966430664,
                36.932613372802734
              ],
              [
                27.116777420043945,
                36.932613372802734
              ]
            ]
          ],
          [
            [
              [
                41.19608688354492,
                43.016544342041016
              ],
              [
                41.3337516784668,
                42.88639831542969
              ],
              [
                41.173343658447266,
                42.88639831542969
              ],
              [
                41.11582565307617,
                43.016544342041016
              ],
              [
                41.19608688354492,
                43.016544342041016
              ]
            ]
          ],
          [
            [
              [
                41.11582565307617,
                43.016544342041016
              ],
              [
                41.035560607910156,
                43.016544342041016
              ],
              [
                40.95529556274414,
                43.016544342041016
              ],
              [
                40.966617584228516,
                43.08163070678711
              ],
              [
                41.046913146972656,
                43.08163070678711
              ],
              [
                41.12720489501953,
                43.08163070678711
              ],
              [
                41.11582565307617,
                43.016544342041016
              ]
            ]
          ],
          [
            [
              [
                34.376285552978516,
                44.77729415893555
              ],
              [
                33.92564392089844,
                44.45067596435547
              ],
              [
                33.52096176147461,
                44.45067596435547
              ],
              [
                33.46652603149414,
                44.64661407470703
              ],
              [
                33.54755401611328,
                44.64661407470703
              ],
              [
                33.55644607543945,
                44.71194839477539
              ],
              [
                34.03373718261719,
                44.64661407470703
              ],
              [
                34.3947639465332,
                44.908016204833984
              ],
              [
                34.55707931518555,
                44.908016204833984
              ],
              [
                34.56639862060547,
                44.973392486572266
              ],
              [
                35.39760208129883,
                45.10417556762695
              ],
              [
                35.387939453125,
                45.03877639770508
              ],
              [
                34.95339584350586,
                44.842647552490234
              ],
              [
                34.376285552978516,
                44.77729415893555
              ]
            ]
          ],
          [
            [
              [
                36.250205993652344,
                45.36587905883789
              ],
              [
                36.2602653503418,
                45.431331634521484
              ],
              [
                36.42308807373047,
                45.431331634521484
              ],
              [
                36.3826904296875,
                45.169586181640625
              ],
              [
                36.23013687133789,
                45.23500442504883
              ],
              [
                36.250205993652344,
                45.36587905883789
              ]
            ]
          ],
          [
            [
              [
                39.52638626098633,
                47.33478927612305
              ],
              [
                39.47877502441406,
                47.07159423828125
              ],
              [
                39.2203369140625,
                47.005828857421875
              ],
              [
                39.232059478759766,
                47.07159423828125
              ],
              [
                39.243812561035156,
                47.13737487792969
              ],
              [
                39.25559616088867,
                47.20316696166992
              ],
              [
                39.26741409301758,
                47.26897048950195
              ],
              [
                39.12632369995117,
                47.4006233215332
              ],
              [
                39.30305862426758,
                47.46647262573242
              ],
              [
                39.385501861572266,
                47.46647262573242
              ],
              [
                39.52638626098633,
                47.33478927612305
              ]
            ]
          ]
        ]
      }
    }
  ]
}
