{"type":"FeatureCollection","features":[{"type":"Feature","properties":{"name":"Cyprus","abbrevname":"Cyprus","fips_code":"CY","wb_cntry":"CYP"},"geometry":{"type":"Polygon","coordinates":[[[33.991874743232785,35.221258003766465],[34.123339571826364,34.97325047080979],[33.120920253800165,34.55614689265536],[32.480029214406386,34.736516007532956],[32.34856438581278,35.06343502824858],[34.665631989774965,35.660907721280594],[33.991874743232785,35.221258003766465]]]}},{"type":"Feature","properties":{"name":"Japan","abbrevname":"Japan","fips_code":"JA","wb_cntry":"JPN"},"geometry":{"type":"MultiPolygon","coordinates":[[[[139.64029762176477,38.20862146892654],[139.70603003606158,38.434082862523525],[140.23188935043595,39.50502448210921],[140.00182590039714,39.9108549905838],[140.11685762541657,40.58723917137476],[140.59341762906837,41.00434274952917],[140.85634728625558,40.74506214689265],[141.34934039348155,40.88033898305085],[140.97137901127496,41.27489642184557],[141.28360797918475,41.45526553672315],[141.64513625781717,41.28616949152541],[141.67800246496557,40.53087382297551],[142.20386177933995,39.47120527306967],[141.69443556853975,38.434082862523525],[141.06997763272017,37.938067796610156],[141.16857625416537,36.96858380414312],[140.75774866481038,36.303472693032006],[141.03711142557177,35.694726930320144],[140.52768521477157,35.05216195856873],[140.03469210754554,34.84924670433145],[140.11685762541657,35.570723163841805],[139.26233623955818,35.04088888888889],[139.06513899666777,34.58996610169491],[138.88437485735153,35.00706967984934],[138.35851554297716,34.544873822975504],[137.45469484639614,34.49978154425611],[136.94526863559594,34.894338983050844],[136.71520518555718,34.53360075329566],[137.10959967133795,34.27432015065912],[136.40297621764734,34.015039548022585],[135.95928242114394,33.36120150659133],[135.26909207102756,33.710666666666654],[135.41699000319534,34.63505838041431],[132.68909480987816,34.15031638418078],[132.39329894554254,34.30813935969867],[132.19610170265213,33.82339736346515],[130.98005203816132,33.98122033898305],[132.86985894919434,35.40162711864406],[135.36769069247276,35.660907721280594],[135.56488793536317,35.33398870056496],[136.12361345688595,35.6158154425612],[136.38654311407316,36.22456120527306],[136.87953622129913,36.68675706214688],[136.92883553202176,37.2842297551789],[137.52042726069294,37.453325800376646],[137.22463139635738,37.05876836158191],[137.37252932852516,36.66421092278719],[138.70361071803535,37.31804896421845],[139.64029762176477,38.20862146892654]]],[[[132.90272515634274,32.56081355932203],[132.32756653124574,33.36120150659133],[132.98489067421377,33.924854990583796],[133.44501757429134,33.8121242937853],[134.21737344227876,34.20668173258002],[134.74323275665313,34.026312617702445],[134.20094033870453,33.16955932203389],[133.93801068151737,33.39502071563088],[133.44501757429134,33.316109227871934],[132.90272515634274,32.56081355932203]]],[[[130.94718583101292,30.903672316384174],[130.93075272743874,31.489871939736332],[130.43775962021272,31.038949152542372],[130.25699548089653,31.23059133709981],[130.25699548089653,31.985887005649715],[130.70068927739993,32.57208662900187],[130.30629479161917,32.9440979284369],[129.94476651298675,32.65099811676082],[129.55037202720592,33.16955932203389],[130.84858720956777,33.72193973634651],[131.76884100972296,33.50775141242937],[131.62094307755513,33.124467043314496],[132.03177066691012,32.70736346516007],[130.94718583101292,30.903672316384174]]],[[[140.31405486830698,41.28616949152541],[139.91966038252616,42.49238794726929],[140.70844935408775,42.90949152542373],[140.70844935408775,43.33786817325799],[141.51367142922356,43.20259133709979],[141.51367142922356,43.73242561205271],[141.90806591500439,43.935340866290005],[141.72730177568815,45.19792467043314],[142.07239695074634,45.45720527306966],[143.99507006892776,44.04807156308851],[144.81672524763775,43.85642937853106],[145.55621490847676,44.262259887005655],[145.26041904414114,43.80006403013181],[145.65481352992197,43.191318267419945],[144.20870041539234,42.89821845574386],[143.41991144383076,41.940007532956685],[142.13812936504314,42.51493408662898],[141.13571004701697,42.266926553672306],[140.74131556123615,42.54875329566855],[140.4455196969006,42.244380414312616],[141.36577349705578,41.77091148775895],[140.31405486830698,41.28616949152541]]]]}},{"type":"Feature","properties":{"name":"Taiwan","abbrevname":"Taiwan","fips_code":"TW","wb_cntry":"OAN"},"geometry":{"type":"Polygon","coordinates":[[[120.82439402930572,21.941581920903943],[120.31496781850552,22.6630583804143],[120.21636919706032,23.632542372881346],[121.05445747934453,24.82748775894538],[121.62961610444154,25.154406779661016],[121.9911443830739,24.91767231638417],[120.82439402930572,21.941581920903943]]]}},{"type":"Feature","properties":{"name":"Cuba","abbrevname":"Cuba","fips_code":"CU","wb_cntry":"CUB"},"geometry":{"type":"Polygon","coordinates":[[[-81.97653717989682,22.381231638418072],[-81.46711096909662,22.527781544256115],[-82.35449856210343,22.730696798493398],[-84.50723513032364,21.783758945386055],[-84.09640754096863,22.51650847457627],[-83.48838270872324,22.832154425612046],[-81.22061441548362,23.15907344632768],[-79.77450130095403,22.899792843691145],[-76.98087369334002,21.468112994350278],[-75.55119368238462,21.141193973634643],[-75.45259506093942,20.701544256120513],[-74.86100333226821,20.712817325800373],[-73.97361573926142,20.205529190207145],[-75.32113023234582,19.923702448210918],[-77.45743369699181,19.923702448210918],[-76.89870817546903,20.554994350282485],[-78.24622266855341,20.983370998116754],[-78.52558542931482,21.63720903954801],[-79.52800474734103,21.693574387947265],[-81.97653717989682,22.381231638418072]]]}},{"type":"Feature","properties":{"name":"Haiti","abbrevname":"Haiti","fips_code":"HA","wb_cntry":"HTI"},"geometry":{"type":"Polygon","coordinates":[[[-71.57438261742821,19.78842561205272],[-71.6894143424476,18.62729943502825],[-71.47578399598301,18.018553672316372],[-71.968777103209,18.300380414312613],[-73.66138677135162,18.131284369114866],[-74.23654539644862,18.537114877589445],[-72.10024193180261,18.68366478342749],[-72.49463641758341,18.95421845574387],[-72.56036883188021,19.540418079096042],[-73.26699228557081,19.85606403013182],[-71.57438261742821,19.78842561205272]]]}},{"type":"Feature","properties":{"name":"Dominican Republic","abbrevname":"Dominican Rp","fips_code":"DR","wb_cntry":"DOM"},"geometry":{"type":"Polygon","coordinates":[[[-71.47578399598301,18.018553672316372],[-71.6894143424476,18.62729943502825],[-71.57438261742821,19.78842561205272],[-70.6705619208472,19.946248587570608],[-69.78317432784041,19.69824105461393],[-68.17273017756881,18.5934802259887],[-68.46852604190441,18.22146892655367],[-68.7807550098142,18.5258418079096],[-69.6024101885242,18.55966101694915],[-70.0954032957502,18.27783427495291],[-70.48979778153101,18.537114877589445],[-71.1964212352216,17.7254538606403],[-71.47578399598301,18.018553672316372]]]}},{"type":"Feature","properties":{"name":"Philippines","abbrevname":"Philippines","fips_code":"RP","wb_cntry":"PHL"},"geometry":{"type":"MultiPolygon","coordinates":[[[[120.56146437211851,14.546448210922776],[120.18350298991191,14.918459510357806],[119.8877071255763,16.20358945386063],[119.96987264344733,16.372685499058377],[120.41356643995073,16.057039548022587],[120.4957319578217,16.248681732580025],[120.59433057926691,18.06364595103578],[121.0051581686219,18.570934086628995],[121.77751403660932,18.31165348399246],[122.25407404026112,18.469476459510346],[122.27050714383535,17.454900188323904],[122.59916921531931,17.127981167608283],[121.4488519651253,15.324290018832386],[121.92541196877715,14.129344632768351],[122.30337335098375,13.937702448210914],[122.69776783676451,14.332259887005648],[123.19076094399054,13.746060263653476],[123.56872232619713,13.971521657250463],[123.89738439768115,13.83624482109228],[123.60158853334553,13.543145009416193],[124.02884922627476,12.99076459510357],[123.43725749760353,13.047129943502824],[122.68133473319034,13.892610169491519],[122.59916921531931,13.317683615819206],[121.82681334733195,13.915156308851223],[121.21878851508654,13.667148775894532],[120.70936230428634,14.129344632768351],[121.0051581686219,14.399898305084733],[121.4817181722737,14.354806026365338],[120.67649609713794,14.817001883239172],[120.56146437211851,14.546448210922776]]],[[[121.30095403295752,12.21292278719396],[120.54503126854434,13.407868173257995],[121.38311955082855,13.351502824858756],[121.5145843794221,12.754030131826738],[121.30095403295752,12.21292278719396]]],[[[125.52426165152696,11.141981167608279],[124.47254302277815,12.438384180790948],[125.32706440863655,12.494749529190202],[125.52426165152696,11.141981167608279]]],[[[122.07330990094493,10.488143126177022],[122.20477472953854,11.773273069679846],[122.68133473319034,11.468900188323914],[123.12502852969374,11.547811676082858],[122.91139818322915,10.961612052730686],[122.07330990094493,10.488143126177022]]],[[[119.06605194686631,10.037220338983047],[119.55904505409234,11.232165725047068],[119.77267540055692,10.521962335216571],[119.06605194686631,10.037220338983047]]],[[[123.14146163326791,9.067736346516],[122.5005705938741,9.665209039548017],[122.91139818322915,10.048493408662893],[123.12502852969374,10.871427495291897],[123.43725749760353,10.939065913370996],[123.14146163326791,9.067736346516]]],[[[117.4720409001689,8.470263653483983],[117.58707262518834,8.909913370998112],[118.70452366823395,9.935762711864399],[118.70452366823395,9.49611299435027],[117.4720409001689,8.470263653483983]]],[[[126.24731820879174,6.621480225988691],[125.82005751586252,7.252772128060258],[125.49139544437855,6.610207156308846],[125.73789199799154,5.956369114877589],[125.49139544437855,5.5054463276836145],[125.32706440863655,6.069099811676082],[125.01483544072676,5.798546139359686],[124.17674715844254,6.350926553672309],[124.27534577988774,7.275318267419962],[124.01241612270053,7.6698757062146825],[123.53585611904873,7.793879472693021],[122.92783128680333,7.4669604519774],[122.84566576893235,7.8051525423728805],[122.18834162596431,6.892033898305073],[122.0240105902223,7.072403013182665],[122.30337335098375,7.793879472693021],[123.09216232254533,8.357532956685489],[123.68375405121651,8.515355932203377],[123.86451819053275,8.030613935969868],[124.57114164422336,8.582994350282476],[124.86693750855892,8.447717514124292],[124.94910302642995,8.932459510357816],[125.19559958004294,8.72954425612052],[125.60642716939793,8.966278719397351],[125.63929337654633,9.800485875706215],[126.24731820879174,8.97755178907721],[126.13228648377236,8.504082862523532],[126.47738165883055,8.447717514124292],[126.57598028027576,7.354229755178906],[126.24731820879174,6.621480225988691]]]]}},{"type":"Feature","properties":{"name":"Puerto Rico","abbrevname":"Puerto Rico","fips_code":"RQ","wb_cntry":"PRI"},"geometry":{"type":"Polygon","coordinates":[[[-66.6937508558908,17.950915254237287],[-66.9402474095038,18.007280602636527],[-66.956680513078,18.5258418079096],[-65.5270005021226,18.345472693032008],[-65.7570639521614,18.041099811676077],[-66.6937508558908,17.950915254237287]]]}},{"type":"Feature","properties":{"name":"Jamaica","abbrevname":"Jamaica","fips_code":"JM","wb_cntry":"JAM"},"geometry":{"type":"Polygon","coordinates":[[[-77.07947231478522,17.826911487758935],[-78.11475783995982,18.368018832391712],[-77.57246542201122,18.5258418079096],[-76.09348610033322,18.007280602636527],[-77.07947231478522,17.826911487758935]]]}},{"type":"Feature","properties":{"name":"Madagascar","abbrevname":"Madagascar","fips_code":"MA","wb_cntry":"MDG"},"geometry":{"type":"Polygon","coordinates":[[[50.30994659241341,-14.098421845574393],[50.68790797462,-15.46246327683616],[50.392112110284415,-15.93593220338984],[49.81695348518741,-15.43991713747647],[50.0963162459488,-16.443220338983053],[49.6361893458712,-17.17596986817327],[49.537590724425996,-18.2130922787194],[48.28867485278681,-22.023389830508478],[47.69708312411561,-24.041269303201517],[47.154790706167006,-25.14603013182675],[45.774410005934186,-25.608225988700568],[45.412881727301794,-25.642045197740117],[44.246131373533586,-24.976934086629],[43.868169991326994,-24.21036534839925],[44.032501027069,-23.398704331450105],[43.4902086091204,-22.395401129943508],[43.703838955584985,-21.482282485875714],[44.67339206646278,-20.152060263653482],[44.78842379148219,-19.50949529190207],[44.4597617199982,-19.0811186440678],[44.591226548591806,-18.77674576271187],[44.18039895923678,-17.4803427495292],[44.65695896288858,-16.22903201506591],[46.628931391792605,-15.92465913370998],[46.941160359702394,-15.428644067796611],[47.450586570502594,-15.349732580037667],[47.302688638334786,-15.12427118644068],[47.631350709818804,-14.808625235404904],[47.82854795270919,-14.966448210922792],[48.0914776098964,-14.69589453860641],[47.94357967772859,-14.29006403013183],[48.25580864563841,-14.109694915254238],[48.140776920619004,-13.568587570621474],[48.551604509974,-13.816595103578166],[48.96243209932899,-13.399491525423727],[49.373259688684016,-12.249638418079101],[50.0798831423746,-12.903476459510358],[50.30994659241341,-14.098421845574393]],[[48.22294243849001,-17.00687382297552],[47.68065002054141,-16.882870056497183],[46.85899484183139,-17.717077212806032],[45.4950472451728,-22.63213559322034],[45.72511069521158,-23.579073446327683],[46.20167069886341,-23.579073446327683],[47.38485415620579,-23.10560451977402],[48.69950244214181,-20.028056497175143],[48.22294243849001,-17.00687382297552]]]}},{"type":"Feature","properties":{"name":"New Zealand","abbrevname":"New Zealand","fips_code":"NZ","wb_cntry":"NZL"},"geometry":{"type":"MultiPolygon","coordinates":[[[[175.5137627242434,-37.298399246704335],[175.84242479572742,-37.38858380414313],[175.8588578993016,-36.93766101694916],[176.33541790295345,-37.78314124293786],[177.56790067101844,-38.22279096045198],[178.43885516045106,-37.8169604519774],[178.80038343908342,-38.11006026365349],[178.61961929976724,-38.7526252354049],[177.22280549596024,-39.42900941619586],[177.35427032455385,-39.93629755178908],[175.56306203496604,-41.64980414312618],[175.1029351348884,-41.27779284369115],[175.56306203496604,-40.28576271186441],[174.00191719541704,-39.40646327683616],[174.85643858127543,-38.966813559322034],[175.15223444561104,-37.9071450094162],[174.9714703062948,-37.27585310734464],[172.8351668416488,-34.547770244821095],[173.22956132742962,-34.5026779661017],[173.5417902953394,-35.06633145009417],[174.51134340621724,-35.3256120527307],[175.16866754918522,-36.757291902071564],[174.85643858127543,-36.81365725047081],[175.5137627242434,-37.298399246704335]]],[[[172.2600082165518,-43.90441807909605],[171.58625097000964,-44.32152165725047],[171.19185648422882,-44.25388323917138],[171.372620623545,-44.91899435028249],[170.8303282055964,-44.840082862523545],[171.22472269137722,-45.05427118644068],[170.81389510202223,-45.93357062146893],[169.59784543753142,-46.68886629001884],[168.6282923266536,-46.63250094161959],[167.5437074907564,-46.147758945386066],[166.7220523120464,-46.215397363465165],[167.05071438353042,-45.89975141242938],[166.83708403706584,-45.68556308851225],[167.21504541927243,-45.79829378531074],[167.0014150728078,-45.5390131826742],[167.4779750764596,-45.55028625235405],[167.34651024786604,-45.178274952919026],[168.16816542657602,-44.468071563088515],[171.22472269137722,-42.86729566854991],[171.66841648788062,-41.97672316384181],[172.2928744237002,-41.69489642184558],[172.63796959875845,-40.73668549905838],[173.45962477746843,-41.52580037664784],[174.2648468526042,-41.27779284369115],[174.4291778883462,-41.99926930320151],[172.63796959875845,-43.48731450094162],[173.2131282238554,-43.8255065913371],[172.2600082165518,-43.90441807909605]]]]}},{"type":"Feature","properties":{"name":"Iceland","abbrevname":"Iceland","fips_code":"IC","wb_cntry":"ISL"},"geometry":{"type":"Polygon","coordinates":[[[-24.016980873693313,65.5458154425612],[-23.063860866389717,65.73745762711863],[-23.26105810928013,66.15456120527307],[-22.406536723421738,65.94037288135593],[-22.472269137718513,66.41384180790959],[-21.23978636965353,66.14328813559322],[-20.87825809102111,65.21889642184556],[-19.958004290865915,65.5683615819209],[-19.777240151549705,66.13201506591335],[-19.136349112155926,65.69236534839925],[-18.47902496918792,66.10946892655366],[-17.673802894052102,65.7712768361582],[-17.82170082621991,66.09819585687382],[-16.359154608116114,66.04183050847456],[-16.178390468799904,66.47020715630885],[-13.450495275482695,65.51199623352164],[-13.351896654037517,65.02725423728813],[-14.617245629250903,64.21559322033897],[-18.758387729949305,63.358839924670434],[-22.176473273382925,63.78721657250469],[-21.289085680376132,64.39596233521655],[-23.47468845574471,64.6777890772128],[-21.78207878760213,64.97088888888888],[-21.58488154471172,65.32035404896422],[-24.016980873693313,65.5458154425612]]]}},{"type":"Feature","properties":{"name":"United Kingdom","abbrevname":"UK","fips_code":"UK","wb_cntry":"GBR"},"geometry":{"type":"MultiPolygon","coordinates":[[[[-2.538914502213885,51.65739359698682],[-3.2948372666270984,51.477024482109215],[-5.0531793490664825,51.871581920903935],[-3.9192952024467047,52.39014312617701],[-4.280823481079096,53.010161958568716],[-2.703245537955894,53.28071563088511],[-2.686812434381693,54.18256120527306],[-3.360569680923902,54.43056873822974],[-2.9497420915688792,54.85894538606402],[-3.9192952024467047,54.78003389830508],[-4.905281416898703,54.81385310734461],[-4.510886931117881,56.144075329566846],[-5.3654083169763,55.772064030131816],[-5.069612452640683,56.561178907721285],[-5.841968320628098,56.493540489642186],[-4.724517277582493,58.579058380414295],[-2.96617519514308,58.533966101694915],[-3.952161409595078,57.84630885122411],[-3.952161409595078,57.57575517890771],[-1.733692427078097,57.417932203389825],[-2.9497420915688792,56.35826365348399],[-2.522481398639684,56.2004406779661],[-3.689231752407892,55.9975254237288],[-2.045921394987886,55.82842937853107],[-1.733692427078097,55.56914877589452],[-1.1914000091294952,54.701122410546134],[-0.09038206965809081,54.04728436911486],[-0.12324827680649264,53.59636158192089],[0.4683434518647118,53.145438794726914],[0.20541379467752563,52.80724670433145],[1.585794494910317,52.82979284369114],[1.898023462820106,52.33377777777778],[0.4519103482905109,51.46575141242937],[1.5693613913361162,51.364293785310736],[1.0928013876843181,50.91337099811676],[-1.8158579449491015,50.58645197740111],[-2.7525448486784967,50.744274952919],[-3.3112703702012993,50.63154425612052],[-3.508467613091682,50.2369868173258],[-4.330122791801699,50.372263653484],[-5.086045556214884,49.97770621468925],[-5.579038663440883,50.14680225988701],[-4.083626238188685,51.20647080979285],[-2.867576573697903,51.195197740112974],[-2.538914502213885,51.65739359698682]]],[[[-6.006299356370107,53.96837288135592],[-6.8936869493768995,54.40802259887005],[-7.353813849454497,54.12619585687381],[-7.8796731638288975,54.34038418079095],[-7.222349020860889,55.08440677966101],[-5.809102113479696,55.1069529190207],[-5.464006938421505,54.34038418079095],[-6.006299356370107,53.96837288135592]]]]}},{"type":"Feature","properties":{"name":"Ireland","abbrevname":"Ireland","fips_code":"EI","wb_cntry":"IRL"},"geometry":{"type":"Polygon","coordinates":[[[-6.006299356370107,53.96837288135592],[-5.841968320628098,52.90870433145008],[-6.20349659926049,52.23232015065912],[-9.621582142694109,51.454478342749525],[-10.098142146345907,51.99558568738229],[-9.753046971287688,52.108316384180796],[-10.262473182087916,52.221047080979275],[-8.997124206874503,52.570512241054615],[-9.407951796229497,52.64942372881356],[-9.325786278358493,52.91997740112993],[-8.717761446113087,53.17925800376648],[-9.950244214178099,53.39344632768362],[-9.490117314100502,53.889461393596974],[-9.9831104213265,53.92328060263654],[-9.950244214178099,54.148741996233525],[-9.687314556990913,54.34038418079095],[-8.389099374629097,54.216380414312596],[-8.011137992422505,54.656030131826725],[-8.61916282466791,54.656030131826725],[-8.142602821016112,55.1069529190207],[-7.551011092344908,55.26477589453859],[-7.222349020860889,55.08440677966101],[-7.8796731638288975,54.34038418079095],[-7.353813849454497,54.12619585687381],[-6.8936869493768995,54.40802259887005],[-6.006299356370107,53.96837288135592]]]}},{"type":"Feature","properties":{"name":"Portugal","abbrevname":"Portugal","fips_code":"PO","wb_cntry":"PRT"},"geometry":{"type":"Polygon","coordinates":[[[-7.288081435157693,37.22786440677966],[-8.78349386040989,37.00240301318267],[-8.635595928242111,37.543510357815435],[-8.652029031816312,37.92679472693031],[-8.586296617519508,38.45662900188324],[-9.079289724745507,38.63699811676082],[-8.832793171132494,38.94137099811675],[-9.342219381932694,38.79482109227871],[-8.487697996074303,41.00434274952917],[-8.60272972109371,41.90618832391712],[-6.663623499338087,41.99637288135591],[-5.940566942073303,41.545450094161964],[-6.630757292189685,41.07198116760827],[-6.647190395763886,40.88033898305085],[-6.614324188615484,40.67742372881355],[-6.680056602912288,40.22650094161958],[-6.680056602912288,39.71921280602635],[-7.222349020860889,39.53884369114877],[-6.72935591363489,38.97519020715629],[-7.1894828137124875,38.3100790960452],[-6.827954535080096,38.253713747645946],[-6.647190395763886,38.11843691148775],[-7.288081435157693,37.22786440677966]]]}},{"type":"Feature","properties":{"name":"Papua New Guinea","abbrevname":"Papua N Guin","fips_code":"PP","wb_cntry":"PNG"},"geometry":{"type":"MultiPolygon","coordinates":[[[[149.76308942347197,-6.38764218455745],[148.51417355183276,-5.756350282485883],[149.845254941343,-5.699984934086629],[150.07531839138176,-5.384338983050853],[150.3875473592916,-5.688711864406784],[150.9298397772402,-5.60980037664784],[151.35710047016937,-5.079966101694922],[151.76792805952437,-5.012327683615823],[151.73506185237596,-4.392308851224115],[152.2937873738988,-4.3472165725047205],[152.47455151321498,-4.764320150659145],[152.03085771671158,-5.192696798493415],[152.12945633815679,-5.643619585687389],[151.48856529876298,-5.6548926553672345],[150.6997763272014,-6.263638418079097],[149.76308942347197,-6.38764218455745]]],[[[141.15214315059114,-9.262274952919029],[140.9549459077008,-6.737107344632776],[141.15214315059114,-6.365096045197745],[141.06997763272017,-2.7802598870056556],[144.75099283334094,-3.9752052730696903],[145.93417629068335,-4.978508474576273],[145.81914456566398,-5.5083427495291915],[147.5774866481034,-6.105815442561209],[147.93901492673575,-6.7258342749529305],[147.11735974802576,-6.872384180790959],[147.34742319806458,-7.548768361581921],[148.23481079107137,-8.225152542372882],[148.6620714840006,-9.081905838041436],[149.4015611448396,-9.10445197740114],[149.28652941982017,-9.442644067796621],[150.02601908065918,-9.690651600753299],[149.76308942347197,-9.90483992467044],[150.61761080933036,-10.27685122410547],[150.7326425343498,-10.615043314500952],[150.20678321997536,-10.716500941619586],[149.99315287351078,-10.389581920903964],[147.82398320171637,-10.062662900188329],[146.85443009083855,-9.262274952919029],[146.0163418085544,-8.07860263653484],[144.83315835121198,-7.762956685499063],[143.86360524033415,-7.650225988700569],[143.9786369653536,-8.089875706214698],[143.5678093759986,-8.112421845574389],[143.63354179029534,-8.337883239171376],[142.450358332953,-8.292790960451981],[143.5349431688502,-8.980448210922788],[142.81188661158535,-9.363732580037663],[141.15214315059114,-9.262274952919029]]]]}},{"type":"Feature","properties":{"name":"Australia","abbrevname":"Australia","fips_code":"AS","wb_cntry":"AUS"},"geometry":{"type":"MultiPolygon","coordinates":[[[[146.92016250513535,-43.70150282485876],[145.93417629068335,-43.228033898305085],[145.49048249417996,-42.65310734463277],[145.39188387273475,-42.461465160075335],[145.83557766923815,-42.50655743879473],[144.89889076550878,-40.849416195856875],[146.5915004336514,-41.289065913371005],[148.26767699821977,-40.90578154425612],[148.48130734468435,-41.07487758945386],[148.13621216962616,-42.81093032015066],[146.92016250513535,-43.70150282485876]]],[[[142.5489569543982,-10.896870056497178],[142.84475281873375,-11.07723917137477],[143.02551695805,-11.900173258003775],[143.37061213310818,-12.103088512241058],[143.17341489021777,-12.520192090395483],[143.5678093759986,-12.802018832391724],[143.94577075820519,-14.447887005649719],[144.27443282968915,-14.571890772128071],[144.586661797599,-14.35770244821093],[145.39188387273475,-15.03408662900189],[145.52334870132836,-16.477039548022603],[146.19710594787057,-17.491615819209045],[146.13137353357376,-18.235638418079105],[146.5257680193546,-19.069845574387955],[148.16907837677456,-20.084421845574397],[148.90856803761358,-20.18587947269303],[148.77710320901997,-20.636802259887006],[149.3029625233944,-21.042632768361585],[149.76308942347197,-22.417947269303212],[150.2232163235496,-22.711047080979284],[150.14105080567856,-22.30521657250472],[150.8969735700918,-22.66595480225989],[151.01200529511118,-23.579073446327683],[151.93225909526637,-24.14272693032015],[153.11544255260878,-25.608225988700568],[153.14830875975719,-27.32173258003767],[153.6906011777058,-28.821050847457634],[153.1811749669056,-31.402583804143127],[152.37595289176977,-32.85680979284369],[151.57073081663395,-33.49937476459511],[150.9627059843886,-35.23542749529191],[150.42041356644,-35.67507721280603],[149.9109873556398,-37.77186817325801],[148.23481079107137,-38.07624105461394],[146.50933491578036,-38.876629001883245],[146.722965262245,-39.15845574387948],[145.73697904779294,-38.707532956685505],[145.17825352627017,-38.05369491525424],[144.6195280047474,-38.23406403013183],[144.94819007623136,-38.436979284369116],[143.5678093759986,-38.95554048964219],[142.10526315789474,-38.41443314500942],[141.4315059113526,-38.436979284369116],[140.21545624686178,-37.62531826741996],[139.57456520746797,-35.596165725047086],[138.40781485369973,-35.74271563088512],[138.76934313233215,-34.90850847457627],[138.30921623225458,-34.33358192090396],[137.88195553932536,-35.31433898305085],[137.15889898206058,-35.460888888888896],[137.30679691422836,-35.055058380414316],[137.70119140000918,-35.00996610169492],[137.71762450358335,-34.44631261770245],[138.39138175012556,-33.27391337099812],[138.07915278221577,-32.73280602636535],[135.90998311042136,-35.19033521657251],[134.03660930296257,-32.32697551789077],[132.39329894554254,-32.135333333333335],[131.48947824896152,-31.61677212806027],[129.38604099146391,-31.78586817325801],[127.46336787328255,-32.36079472693032],[126.26375131236591,-32.41716007532957],[124.45610991920393,-33.12736346516008],[123.56872232619713,-34.02920903954803],[119.96987264344733,-34.10812052730697],[119.52617884694394,-34.55904331450095],[118.8688547039759,-34.5928625235405],[118.40872780389833,-35.07760451977401],[117.73497055735612,-35.23542749529191],[116.4531884785685,-35.088877589453865],[115.25357191765193,-34.40122033898305],[115.18783950335512,-33.73610922787194],[115.61510019628435,-33.747382297551795],[115.8451636463231,-33.35282485875707],[115.8780298534715,-31.909871939736348],[115.2700050212261,-30.78256497175142],[114.8263112247227,-28.888689265536726],[113.2323001780253,-26.149333333333338],[113.93892363171591,-26.645348399246707],[113.52809604236091,-25.675864406779667],[114.08682156388369,-26.48752542372882],[114.3826174282193,-26.25079096045198],[113.57739535308349,-24.593649717514126],[114.10325466745792,-22.023389830508478],[114.43191673894194,-22.59831638418079],[114.66198018898069,-22.07975517890773],[116.61751951431052,-20.817171374764598],[117.80070297165292,-20.738259887005654],[119.13178436116311,-20.005510357815453],[120.0191719541699,-20.095694915254242],[121.07089058291871,-19.656045197740113],[122.40197197242895,-18.224365348399246],[122.28694024740952,-17.37888512241055],[122.94426439037755,-16.567224105461392],[123.6180216369197,-17.559254237288144],[123.71662025836491,-17.09705838041431],[124.02884922627476,-17.23233521657251],[124.11101474414573,-16.961781544256127],[123.78235267266172,-16.375581920903954],[125.04770164787516,-16.510858757062152],[124.53827543707496,-16.24030508474577],[124.62044095494593,-15.642832391713753],[124.89980371570732,-15.451190207156316],[125.31063130506232,-15.609013182674204],[125.35993061578495,-14.7860790960452],[126.06655406947556,-14.673348399246706],[126.47738165883055,-14.053329566854998],[126.75674441959194,-14.335156308851225],[127.05254028392756,-13.771502824858757],[128.16999132697316,-14.684621468926565],[128.26858994841837,-15.361005649717512],[128.66298443419913,-14.864990583804143],[129.82973478796737,-15.259548022598878],[130.05979823800612,-14.797352165725059],[129.63253754507696,-14.29006403013183],[130.40489341306437,-13.467129943502826],[130.66782307025153,-12.74565348399247],[131.16081617747756,-12.610376647834286],[131.22654859177436,-12.249638418079101],[132.95202446706537,-12.148180790960453],[132.72196101702656,-11.60707344632769],[132.22896790980053,-11.460523540489646],[132.40973204911677,-11.302700564971758],[133.75724654220113,-11.933992467043325],[134.97329620669194,-12.046723163841818],[135.33482448532436,-12.37364218455744],[135.86068379969873,-12.170726930320157],[136.28794449262796,-12.554011299435032],[136.63303966768615,-12.103088512241058],[136.99456794631857,-12.35109604519775],[136.66590587483455,-13.20784934086629],[136.04144793901497,-13.467129943502826],[136.09074724973755,-14.188606403013182],[135.61418724608575,-14.955175141242947],[136.89596932487336,-16.003570621468924],[139.16373761811298,-16.97305461393597],[140.01825900397137,-17.739623352165736],[140.90564659697816,-17.615619585687384],[141.90806591500439,-15.214455743879483],[141.67800246496557,-14.740986817325805],[141.71086867211397,-13.794048964218462],[141.80946729355918,-13.027480225988711],[142.12169626146897,-12.68928813559323],[141.87519970785598,-12.452553672316384],[142.5489569543982,-10.896870056497178]]]]}},{"type":"Feature","properties":{"name":"Trinidad","abbrevname":"Trinidad","fips_code":"TD","wb_cntry":"TTO"},"geometry":{"type":"Polygon","coordinates":[[[-60.90929839777239,10.837608286252348],[-61.007897019217594,10.138677966101682],[-61.8295521979276,10.071039548022597],[-61.45159081572099,10.296500941619584],[-61.5994887478888,10.747423728813558],[-60.90929839777239,10.837608286252348]]]}},{"type":"Feature","properties":{"name":"Antarctica","abbrevname":"Antarctica","fips_code":"AY"},"geometry":{"type":"MultiPolygon","coordinates":[[[[-72.90546400693842,-72.72965725047081],[-71.82087917104121,-71.80526553672317],[-74.13794677500341,-72.18854990583804],[-75.07463367873282,-71.64744256120528],[-71.90304468891222,-71.02742372881356],[-71.59081572100241,-69.71974764595103],[-72.1988405532478,-69.24627871939737],[-70.50623088510521,-68.79535593220339],[-68.18916328114301,-71.1063352165725],[-68.41922673118181,-72.042],[-69.8160405349888,-72.65074576271186],[-72.90546400693842,-72.72965725047081]]],[[[-102.35358561190486,-72.1096384180791],[-100.95677180809786,-71.80526553672317],[-97.01282695028985,-71.80526553672317],[-95.69817866435385,-72.34637288135593],[-96.93066143241886,-72.65074576271186],[-102.35358561190486,-72.1096384180791]]],[[[-54.976948007486186,-80.92517890772129],[-50.03058383165197,-78.37746516007533],[-48.650203131419175,-78.06181920903956],[-45.560779659469574,-78.06181920903956],[-44.016067923494774,-78.37746516007533],[-44.62409275574015,-80.30516007532957],[-54.976948007486186,-80.92517890772129]]],[[[-163.84625918656138,-79.33567608286252],[-162.38371296845756,-78.79456873822976],[-160.52677226457297,-79.03130320150659],[-158.99849363217237,-79.86551035781544],[-160.21454329666318,-79.95569491525424],[-163.84625918656138,-79.33567608286252]]],[[[169.975806819738,-83.40525423728813],[180.00000000000006,-84.31837288135593],[180.00000000000006,-85.29912994350282],[180.00000000000006,-86.30243314500942],[180.00000000000006,-87.30573634651601],[180.00000000000006,-88.29776647834275],[180.00000000000006,-89.30106967984933],[180.00000000000006,-90],[179.98356689642583,-90],[178.98114757839966,-90],[177.97872826037343,-90],[176.9763089423472,-90],[175.97388962432103,-90],[174.98790340986903,-90],[173.9854840918428,-90],[172.98306477381664,-90],[171.9806454557904,-90],[170.97822613776424,-90],[169.975806819738,-90],[168.989820605286,-90],[167.9874012872598,-90],[166.98498196923362,-90],[165.9825626512074,-90],[164.98014333318122,-90],[163.977724015155,-90],[162.97530469712882,-90],[161.98931848267682,-90],[160.9868991646506,-90],[159.98447984662437,-90],[158.9820605285982,-90],[157.97964121057197,-90],[156.9772218925458,-90],[155.97480257451957,-90],[154.98881636006757,-90],[153.9863970420414,-90],[152.98397772401518,-90],[151.981558405989,-90],[150.97913908796278,-90],[149.97671976993655,-90],[148.97430045191038,-90],[147.98831423745838,-90],[146.98589491943216,-90],[145.98347560140598,-90],[144.98105628337976,-90],[143.9786369653536,-90],[142.97621764732736,-90],[141.9737983293012,-90],[140.98781211484913,-90],[139.98539279682296,-90],[138.98297347879674,-90],[137.98055416077057,-90],[136.97813484274434,-90],[135.97571552471817,-90],[134.98972931026617,-90],[133.98730999223994,-90],[132.98489067421377,-90],[131.98247135618755,-90],[130.98005203816132,-90],[129.97763272013515,-90],[128.97521340210892,-90],[127.98922718765692,-90],[126.98680786963075,-90],[125.98438855160452,-90],[124.98196923357835,-90],[123.97954991555213,-90],[122.97713059752596,-90],[121.97471127949973,-90],[120.98872506504773,-90],[119.9863057470215,-90],[118.98388642899533,-90],[117.9814671109691,-90],[116.97904779294294,-90],[115.97662847491671,-90],[114.97420915689054,-90],[113.98822294243854,-90],[112.98580362441231,-90],[111.98338430638609,-90],[110.98096498835991,-90],[109.97854567033369,-90],[108.97612635230752,-90],[107.97370703428129,-90],[106.98772081982929,-90],[105.98530150180312,-90],[104.9828821837769,-90],[103.98046286575072,-90],[102.9780435477245,-90],[101.97562422969827,-90],[100.98963801524627,-90],[99.9872186972201,-90],[98.98479937919387,-90],[97.9823800611677,-90],[96.97996074314148,-90],[95.9775414251153,-90],[94.97512210708908,-90],[93.98913589263708,-90],[92.98671657461085,-90],[91.98429725658468,-90],[90.98187793855845,-90],[89.99589172410646,-90],[89.97945862053228,-90],[88.97703930250606,-90],[87.97461998447989,-90],[86.98863377002789,-90],[85.98621445200166,-90],[84.98379513397549,-90],[83.98137581594926,-90],[82.97895649792304,-90],[81.97653717989687,-90],[80.97411786187064,-90],[79.98813164741864,-90],[78.98571232939247,-90],[77.98329301136624,-90],[76.98087369334007,-90],[75.97845437531385,-90],[74.97603505728765,-90],[73.97361573926145,-90],[72.98762952480945,-90],[71.98521020678325,-90],[70.98279088875705,-90],[69.98037157073082,-90],[68.97795225270463,-90],[67.97553293467843,-90],[66.98954672022643,-90],[65.98712740220023,-90],[64.98470808417403,-90],[63.98228876614783,-90],[62.97986944812163,-90],[61.977450130095434,-90],[60.975030812069235,-90],[59.98904459761721,-90],[58.98662527959101,-90],[57.98420596156481,-90],[56.98178664353861,-90],[55.97936732551241,-90],[54.976948007486214,-90],[53.974528689460016,-90],[52.98854247500802,-90],[51.98612315698182,-90],[50.98370383895559,-90],[49.98128452092939,-90],[48.978865202903194,-90],[47.976445884876995,-90],[46.974026566850796,-90],[45.9880403523988,-90],[44.9856210343726,-90],[43.9832017163464,-90],[42.9807823983202,-90],[41.978363080294,-90],[40.975943762267775,-90],[39.973524444241576,-90],[38.98753822978958,-90],[37.98511891176338,-90],[36.98269959373718,-90],[35.98028027571098,-90],[34.97786095768478,-90],[33.975441639658584,-90],[32.989455425206586,-90],[31.98703610718036,-90],[30.98461678915416,-90],[29.98219747112796,-90],[28.979778153101762,-90],[27.977358835075563,-90],[26.974939517049364,-90],[25.988953302597366,-90],[24.986533984571167,-90],[23.98411466654497,-90],[22.98169534851877,-90],[21.979276030492542,-90],[20.976856712466343,-90],[19.974437394440145,-90],[18.988451179988147,-90],[17.986031861961948,-90],[16.98361254393575,-90],[15.98119322590955,-90],[14.978773907883351,-90],[13.976354589857152,-90],[12.973935271830925,-90],[11.987949057378927,-90],[10.985529739352728,-90],[9.98311042132653,-90],[8.98069110330033,-90],[7.978271785274131,-90],[6.9758524672479325,-90],[5.9898662527959345,-90],[4.987446934769736,-90],[3.9850276167435084,-90],[2.9826082987173095,-90],[1.9801889806911106,-90],[0.9777696626649117,-90],[0.008216551787114668,-90],[-0.9942027662390842,-90],[-1.996622084265283,-90],[-2.999041402291482,-90],[-4.001460720317681,-90],[-5.00388003834388,-90],[-6.006299356370107,-90],[-6.992285570822105,-90],[-7.994704888848304,-90],[-8.997124206874503,-90],[-9.999543524900702,-90],[-11.0019628429269,-90],[-12.0043821609531,-90],[-13.006801478979298,-90],[-13.992787693431296,-90],[-14.995207011457524,-90],[-15.997626329483722,-90],[-17.00004564750992,-90],[-18.00246496553612,-90],[-19.00488428356232,-90],[-20.007303601588518,-90],[-20.993289816040516,-90],[-21.995709134066715,-90],[-22.998128452092914,-90],[-24.000547770119113,-90],[-25.00296708814534,-90],[-26.00538640617154,-90],[-27.007805724197738,-90],[-27.993791938649736,-90],[-28.996211256675934,-90],[-29.998630574702133,-90],[-31.001049892728332,-90],[-32.00346921075453,-90],[-33.00588852878073,-90],[-33.991874743232756,-90],[-34.994294061258955,-90],[-35.996713379285154,-90],[-36.99913269731135,-90],[-38.00155201533755,-90],[-39.00397133336375,-90],[-40.00639065138995,-90],[-40.99237686584195,-90],[-41.99479618386815,-90],[-42.997215501894374,-90],[-43.99963481992057,-90],[-45.00205413794677,-90],[-46.00447345597297,-90],[-47.00689277399917,-90],[-47.99287898845117,-90],[-48.995298306477366,-90],[-49.997717624503565,-90],[-51.000136942529764,-90],[-52.00255626055598,-90],[-53.004975578582176,-90],[-54.007394896608375,-90],[-54.99338111106039,-90],[-55.995800429086586,-90],[-56.998219747112785,-90],[-58.000639065138984,-90],[-59.00305838316518,-90],[-60.005477701191396,-90],[-61.007897019217594,-90],[-61.99388323366959,-90],[-62.99630255169579,-90],[-63.99872186972199,-90],[-65.0011411877482,-90],[-66.0035605057744,-90],[-67.0059798238006,-90],[-67.9919660382526,-90],[-68.99438535627881,-90],[-69.99680467430501,-90],[-70.99922399233121,-90],[-72.00164331035741,-90],[-73.00406262838361,-90],[-74.00648194640982,-90],[-74.99246816086182,-90],[-75.99488747888802,-90],[-76.99730679691422,-90],[-77.99972611494042,-90],[-79.00214543296663,-90],[-80.00456475099283,-90],[-81.00698406901903,-90],[-81.99297028347102,-90],[-82.99538960149722,-90],[-83.99780891952344,-90],[-85.00022823754963,-90],[-86.00264755557583,-90],[-87.00506687360203,-90],[-88.00748619162825,-90],[-88.99347240608024,-90],[-89.99589172410644,-90],[-90.99831104213264,-90],[-92.00073036015884,-90],[-93.00314967818505,-90],[-94.00556899621125,-90],[-95.00798831423745,-90],[-95.99397452868945,-90],[-96.99639384671565,-90],[-97.99881316474186,-90],[-99.00123248276806,-90],[-100.00365180079426,-90],[-101.00607111882046,-90],[-101.99205733327247,-90],[-102.99447665129867,-90],[-103.99689596932487,-90],[-104.99931528735107,-90],[-106.00173460537727,-90],[-107.00415392340348,-90],[-108.00657324142968,-90],[-108.99255945588168,-90],[-109.99497877390787,-90],[-110.99739809193407,-90],[-111.99981740996029,-90],[-113.00223672798649,-90],[-114.00465604601268,-90],[-115.00707536403888,-90],[-115.99306157849088,-90],[-116.99548089651708,-90],[-117.9979002145433,-90],[-119.00031953256949,-90],[-120.0027388505957,-90],[-121.0051581686219,-90],[-122.0075774866481,-90],[-122.9935637011001,-90],[-123.9959830191263,-90],[-124.9984023371525,-90],[-126.0008216551787,-90],[-127.00324097320491,-90],[-128.0056602912311,-90],[-129.00807960925732,-90],[-129.99406582370932,-90],[-130.99648514173552,-90],[-131.99890445976172,-90],[-133.00132377778792,-90],[-134.00374309581412,-90],[-135.00616241384031,-90],[-135.9921486282923,-90],[-136.9945679463185,-90],[-137.99698726434474,-90],[-138.99940658237094,-90],[-140.00182590039714,-90],[-141.00424521842334,-90],[-142.00666453644953,-90],[-142.99265075090153,-90],[-143.99507006892773,-90],[-144.99748938695393,-90],[-145.99990870498016,-90],[-147.00232802300633,-90],[-148.00474734103256,-90],[-149.00716665905875,-90],[-149.99315287351075,-90],[-150.99557219153695,-90],[-151.99799150956315,-90],[-153.00041082758935,-90],[-154.00283014561555,-90],[-155.00524946364175,-90],[-156.00766878166797,-90],[-156.99365499611997,-90],[-157.99607431414617,-90],[-158.99849363217237,-90],[-160.00091295019857,-90],[-161.00333226822477,-90],[-162.00575158625097,-90],[-163.00817090427716,-90],[-163.99415711872916,-90],[-164.99657643675536,-90],[-165.99899575478156,-90],[-167.0014150728078,-90],[-168.003834390834,-90],[-169.00625370886019,-90],[-169.99223992331218,-90],[-170.99465924133838,-90],[-171.99707855936458,-90],[-172.99949787739078,-90],[-174.00191719541698,-90],[-175.00433651344318,-90],[-176.0067558314694,-90],[-176.9927420459214,-90],[-177.9951613639476,-90],[-178.9975806819738,-90],[-180,-90],[-180,-89.30106967984933],[-180,-88.3090395480226],[-180,-87.30573634651601],[-180,-86.30243314500942],[-180,-85.31040301318268],[-180,-84.30709981167608],[-167.017848176382,-84.74674952919021],[-156.35276395672616,-85.44567984934086],[-150.17391701282696,-85.44567984934086],[-148.54703975898116,-85.06239548022599],[-139.13087141096452,-85.20894538606403],[-138.60501209659014,-84.99475706214689],[-152.17875564887936,-84.28455367231638],[-151.88295978454374,-82.58232015065913],[-156.79645775322956,-81.18445951035781],[-154.26575980280276,-81.03790960451977],[-148.62920527685213,-81.35355555555556],[-145.45761628703156,-80.496802259887],[-148.39914182681335,-79.65132203389831],[-155.66257360660975,-78.71565725047081],[-153.92066462774454,-78.33237288135594],[-154.51225635641575,-78.10691148775895],[-155.81047153877756,-78.33237288135594],[-157.12511982471355,-78.17454990583803],[-157.83174327840416,-77.2501581920904],[-153.96996393846715,-77.10360828625235],[-149.79595563062034,-77.71235404896422],[-147.77468389099374,-77.32906967984934],[-145.93417629068335,-77.44180037664783],[-146.92016250513535,-76.5174086629002],[-149.40156114483955,-76.32576647834276],[-148.31697630894234,-76.02139359698683],[-146.47646870863196,-76.08903201506591],[-140.36335417902953,-75.24355178907722],[-134.56246861733692,-74.6235329566855],[-123.3715250833067,-74.81517514124295],[-118.57305883964028,-74.58971374764596],[-117.8828684895239,-74.27406779661017],[-117.17624503583329,-74.510802259887],[-114.79344501757429,-74.43189077212806],[-113.93892363171588,-73.913329566855],[-113.23230017802528,-74.6686252354049],[-112.16414844570228,-74.81517514124295],[-111.53969050988267,-74.27406779661017],[-110.22504222394667,-74.27406779661017],[-110.35650705254028,-75.28864406779661],[-108.99255945588168,-75.13082109227872],[-106.59332633404847,-75.35628248587571],[-105.44300908385446,-75.05190960451978],[-99.83932076505226,-75.28864406779661],[-99.80645455790386,-74.92790583804143],[-100.79244077235586,-74.87154048964219],[-100.34874697585246,-74.44316384180792],[-101.28543387958186,-74.52207532956686],[-103.04377596202127,-73.54131826741997],[-99.47779248641986,-73.6427758945386],[-100.02008490436846,-73.41731450094161],[-103.09307527274386,-73.31585687382298],[-103.38887113707946,-72.71838418079096],[-101.97562422969827,-73.06784934086629],[-99.57639110786506,-72.9776647834275],[-90.29168758844204,-73.31585687382298],[-88.51691240242845,-72.77474952919022],[-88.36901447026064,-73.23694538606404],[-86.11767928059524,-73.23694538606404],[-81.56570959054183,-74.00351412429379],[-80.79335372255443,-73.23694538606404],[-79.56087095448943,-73.15803389830509],[-78.31195508285022,-73.69914124293786],[-75.38686264664261,-73.7329604519774],[-67.41680741315561,-72.72965725047081],[-66.87451499520701,-71.80526553672317],[-68.5835577669238,-69.79865913370998],[-66.87451499520701,-68.6375329566855],[-67.4989729310266,-66.8563879472693],[-66.6444515451682,-66.77747645951035],[-62.70050668736019,-64.69195856873823],[-57.22828319715158,-63.22645951035781],[-57.06395216140959,-63.68865536723164],[-60.92573150134659,-64.84978154425612],[-62.552608755192395,-66.63092655367231],[-63.6371935910896,-66.47310357815442],[-65.1819053270644,-67.31858380414313],[-65.2640708449354,-68.17533709981168],[-63.24279910530879,-68.87426741996234],[-61.46802391929519,-70.80196233521657],[-60.62993563701099,-72.72965725047081],[-61.15579495138539,-73.8907834274953],[-64.26165152690919,-75.67192843691149],[-70.3583329529374,-76.67523163841808],[-75.73195782170082,-76.47231638418079],[-78.24622266855341,-75.97630131826742],[-78.39412060072122,-76.59632015065914],[-75.61692609668141,-77.44180037664783],[-73.36559090701601,-77.46434651600754],[-72.82329848906741,-77.80253860640302],[-74.30227781074541,-78.06181920903956],[-80.48112475464463,-77.55453107344633],[-81.45067786552242,-77.66726177024482],[-80.56329027251563,-78.21964218455744],[-78.08189163281142,-78.29855367231639],[-77.57246542201122,-78.63674576271187],[-78.93641301866982,-78.9185725047081],[-81.25348062263203,-78.83966101694915],[-82.88035787647783,-78.21964218455744],[-83.96494271237503,-78.21964218455744],[-83.89921029807823,-78.63674576271187],[-82.25589994065822,-79.22294538606403],[-77.76966266490162,-79.06512241054614],[-76.38928196466883,-79.38076836158191],[-76.22495092892682,-79.84296421845575],[-79.80736750810243,-79.91060263653483],[-78.08189163281142,-80.30516007532957],[-76.43858127539141,-80.19242937853107],[-60.005477701191396,-82.31176647834275],[-58.772994933126384,-83.1685197740113],[-52.05185557127858,-82.00739359698682],[-43.62167343771395,-81.77065913370998],[-42.76715205185556,-81.92848210922787],[-41.616834801661554,-81.38737476459511],[-37.82078787602134,-80.92517890772129],[-28.716848495914547,-80.46298305084746],[-29.357739535308326,-79.21167231638418],[-36.21034372574974,-79.14403389830508],[-36.21034372574974,-78.60292655367232],[-32.956589218058156,-77.37416195856873],[-23.376089834299535,-75.89738983050847],[-18.199662208426503,-75.67192843691149],[-16.96717944036152,-74.73626365348399],[-14.23928424704431,-74.04860640301318],[-14.798009768567113,-73.81187193973635],[-15.96476012233532,-74.04860640301318],[-16.885013922490515,-73.8907834274953],[-16.194823572374105,-73.42858757062147],[-11.347058017985091,-72.05327306967985],[-12.168713196695109,-71.38816195856874],[-11.609987675172306,-71.2867043314501],[-10.936230428630097,-71.56853107344634],[-9.539416624823104,-71.02742372881356],[-8.61916282466791,-71.80526553672317],[-7.534577988770707,-71.64744256120528],[-6.154197288537887,-70.64413935969868],[-5.5297393527182805,-70.88087382297552],[-6.121331081389485,-71.41070809792843],[-1.043502076961687,-71.29797740112994],[-0.5833751768840898,-71.69253483992468],[8.684895238964742,-70.06921280602637],[9.621582142694137,-70.06921280602637],[11.314191810836746,-70.83578154425612],[12.858903546811547,-70.29467419962336],[17.805267722645738,-70.06921280602637],[23.918382252248165,-70.56522787193974],[32.956589218058184,-69.33646327683616],[33.74537818961977,-68.52480225988701],[34.501300954032985,-68.47970998116762],[36.27607614004657,-69.57319774011299],[37.78792166887297,-69.25755178907721],[37.50855890811158,-69.64083615819209],[38.16588305107959,-69.86629755178907],[38.47811201898938,-69.5281054613936],[38.54384443328618,-70.01284745762712],[39.66129547633179,-69.6859284369115],[39.8584927192222,-68.91935969868173],[42.76715205185559,-68.09642561205274],[46.23453690601178,-67.66804896421846],[46.57963208107,-67.30731073446327],[47.5163189847994,-67.75823352165725],[49.0445976172,-67.42004143126178],[48.5187383028256,-67.00293785310734],[50.47427762815539,-67.11566854990585],[50.34281279956181,-66.46183050847458],[52.659880403524,-65.96581544256121],[55.338476286118606,-65.9432693032015],[57.3104487150226,-66.50692278719397],[56.833888711370804,-66.9240263653484],[69.56954398137583,-67.82587193973634],[69.65170949924683,-69.17864030131827],[67.71260327749124,-70.45249717514125],[69.27374811704024,-70.56522787193974],[67.56470534532343,-71.69253483992468],[68.41922673118182,-72.38019209039548],[69.73387501711784,-72.38019209039548],[72.74113297119644,-70.21576271186441],[77.07947231478528,-69.29137099811676],[78.45985301501804,-68.36697928436911],[82.02583649061944,-67.28476459510358],[85.72328479481445,-66.9014802259887],[87.43232756653128,-66.98039171374765],[88.51691240242849,-66.04472693032015],[88.86200757748668,-66.74365725047082],[95.92824211439267,-66.50692278719397],[98.8697676541745,-66.60838041431262],[99.32989455425206,-66.878934086629],[101.0718035331173,-66.06727306967986],[102.83014561555672,-65.90945009416197],[107.82580910211351,-66.43928436911489],[108.6474642808235,-66.73238418079096],[110.1757429132241,-66.57456120527307],[110.8166339526179,-66.04472693032015],[113.21586707445113,-65.75162711864407],[114.64554708540652,-66.47310357815442],[115.8780298534715,-66.39419209039548],[118.4908933217693,-67.04803013182675],[122.66490162961611,-66.63092655367231],[125.32706440863655,-66.76620338983051],[125.63929337654633,-66.42801129943503],[126.60884648742416,-66.36037288135593],[127.00324097320492,-66.86766101694916],[129.20527685214773,-67.0142109227872],[130.47062582736112,-66.23636911487759],[134.41457068516917,-66.16873069679849],[134.23380654585293,-65.16542749529191],[134.79253206737576,-65.00760451977402],[135.25265896745333,-66.16873069679849],[145.47404939060578,-67.08184934086628],[145.65481352992197,-67.6116836158192],[147.08449354087736,-67.98369491525423],[148.30054320536817,-67.91605649717513],[148.46487424111018,-68.18661016949153],[151.09417081298216,-68.52480225988701],[151.29136805587257,-68.87426741996234],[153.953530834893,-68.90808662900189],[154.13429497420918,-68.42334463276836],[154.64372118500938,-68.93063276836159],[156.35276395672616,-69.29137099811676],[157.50308120692017,-69.14482109227872],[160.8061350253344,-70.20448964218456],[167.839503355092,-70.84705461393597],[170.4852330305382,-71.50089265536724],[170.9289268270416,-71.88417702448211],[170.0908385447574,-72.06454613935969],[170.30446889122203,-72.61692655367231],[169.1048523303054,-73.51877212806026],[167.7737709407952,-73.46240677966102],[165.99899575478162,-73.81187193973635],[164.8158122974392,-74.15006403013183],[165.3909709225362,-74.6460790960452],[163.977724015155,-74.63480602636535],[162.5480440041996,-75.08572881355933],[162.53161090062542,-76.94578531073446],[166.9521157620852,-78.58038041431261],[160.2967088145342,-78.95239171374764],[158.3411694892044,-80.29388700564972],[159.787282603734,-80.4291638418079],[160.773268818186,-81.52265160075329],[168.5954261195052,-83.0783352165725],[167.56014059433062,-83.41652730696799],[169.975806819738,-83.40525423728813]]]]}},{"type":"Feature","properties":{"name":"Papal States","abbrevname":"Papal States"},"geometry":{"type":"Polygon","coordinates":[[[12.579540786050131,44.747001883239164],[12.480942164604926,44.69063653483991],[12.54667457890173,44.31862523540488],[12.711005614643739,44.14952919020715],[12.90820285753415,43.94661393596985],[13.812023554115143,43.55205649717513],[14.124252522024932,42.88694538606401],[14.27215045419274,42.65021092278718],[14.206418039895937,42.62766478342749],[14.140685625599133,42.54875329566855],[14.025653900579726,42.58257250470808],[13.910622175560349,42.41347645951035],[13.828456657689344,42.54875329566855],[13.614826311224732,42.379657250470814],[13.828456657689344,42.030192090395474],[13.76272424339254,41.88364218455743],[13.795590450540942,41.81600376647833],[13.844889761263545,41.77091148775895],[13.844889761263545,41.81600376647833],[14.058520107728128,41.77091148775895],[14.058520107728128,41.80473069679849],[14.140685625599133,41.77091148775895],[13.959921486282951,41.218531073446314],[13.696991829095737,41.31998870056498],[13.466928379056952,41.33126177024482],[12.595973889624332,41.74836534839923],[12.168713196695137,42.01891902071563],[12.21801250741774,42.12037664783426],[12.201579403843539,42.266926553672306],[12.267311818140342,42.312018832391715],[12.250878714566142,42.54875329566855],[12.365910439585548,42.65021092278718],[12.349477336011347,43.078587570621465],[12.513808371753328,43.360414312617706],[12.102980782398333,44.3411713747646],[11.938649746656324,44.374990583804134],[11.905783539507922,44.239713747645936],[11.757885607340143,44.2058945386064],[11.659286985894937,44.29607909604519],[11.412790432281923,44.16080225988699],[11.379924225133522,45.08519397363463],[11.445656639430325,45.08519397363463],[11.807184918062745,44.92737099811674],[12.23444561099194,45.15283239171373],[12.333044232437146,45.119013182674195],[12.579540786050131,44.747001883239164]]]}},{"type":"Feature","properties":{"name":"Expansionist Kingdom of Merina","abbrevname":"Merina"},"geometry":{"type":"Polygon","coordinates":[[[48.22294243849001,-17.00687382297552],[48.69950244214181,-20.028056497175143],[47.38485415620579,-23.10560451977402],[46.20167069886341,-23.579073446327683],[45.72511069521158,-23.579073446327683],[45.4950472451728,-22.63213559322034],[46.85899484183139,-17.717077212806032],[47.68065002054141,-16.882870056497183],[48.22294243849001,-17.00687382297552]]]}},{"type":"Feature","properties":{"name":"Mossi States","abbrevname":"Mossi States"},"geometry":{"type":"Polygon","coordinates":[[[-2.8182772629753003,13.678421845574377],[-1.4871958734650832,13.82497175141242],[0.13968138038072198,13.306410546139347],[0.2875793125485018,11.750726930320141],[-0.9613365590906824,10.860154425612052],[-2.96617519514308,10.939065913370996],[-3.6234993381110883,12.708937853107344],[-2.8182772629753003,13.678421845574377]]]}},{"type":"Feature","properties":{"name":"Congo","abbrevname":"Congo"},"geometry":{"type":"Polygon","coordinates":[[[12.579540786050131,-6.241092278719407],[13.006801478979327,-5.9367193973634755],[13.41762906833435,-6.117088512241054],[13.483361482631125,-5.756350282485883],[14.305016661341142,-4.9334161958568785],[14.78157666499294,-4.753047080979286],[15.258136668644738,-5.993084745762715],[15.192404254347935,-7.176757062146905],[15.077372529328528,-7.357126177024483],[14.60081252567673,-7.176757062146905],[14.288583557766941,-7.684045197740119],[14.469347697083151,-8.924082862523548],[14.535080111379955,-9.352459510357818],[13.286164239740742,-9.273548022598874],[13.680558725521536,-8.619709981167617],[13.368329757611747,-7.830595103578162],[13.220431825443939,-7.59386064030133],[13.171132514721336,-7.492403013182681],[12.579540786050131,-6.241092278719407]]]}},{"type":"Feature","properties":{"name":"Cambodia","abbrevname":"Cambodia"},"geometry":{"type":"Polygon","coordinates":[[[102.87944492627929,12.055099811676072],[102.9451773405761,12.134011299435016],[103.86543114073129,12.866760828625232],[105.2129456338157,13.41914124293784],[106.26466426256451,13.3627758945386],[107.67791116994573,13.272591337099811],[107.5957456520747,12.370745762711863],[107.0534532341261,10.589600753295656],[106.97128771625512,10.657239171374755],[106.90555530195832,10.465596986817317],[106.69192495549368,9.563751412429369],[105.1143470123705,8.492809792843687],[105.1800794266673,10.003401129943498],[104.58848769799607,10.330320150659134],[103.73396631213768,10.544508474576261],[103.73396631213768,11.07434274952918],[103.24097320491171,10.916519774011292],[102.87944492627929,12.055099811676072]]]}},{"type":"Feature","properties":{"name":"France","abbrevname":"France","fips_code":"FR","wb_cntry":"FRA"},"geometry":{"type":"Polygon","coordinates":[[[1.9966220842653115,50.93591713747645],[2.0294882914137133,50.25953295668549],[2.1938193271557225,50.1017099811676],[4.01789382389191,50.05661770244819],[4.461587620395335,49.898794726930305],[5.562605559866739,49.71842561205273],[6.1048979778153125,49.22241054613934],[5.8091021134797245,49.22241054613934],[6.449993152873532,47.97109981167608],[6.022732459944336,47.75691148775894],[5.841968320628126,46.47178154425612],[5.464006938421534,46.33650470809792],[6.022732459944336,45.41211299435028],[6.712922810060718,45.13028625235404],[6.860820742228526,44.97246327683615],[7.140183502989942,44.88227871939736],[7.205915917286717,44.73572881355932],[7.123750399415741,44.73572881355932],[6.992285570822133,44.566632768361586],[7.074451088693138,44.36371751412429],[6.992285570822133,44.217167608286246],[7.041584881544736,44.12698305084746],[7.090884192267339,44.16080225988699],[7.140183502989942,44.14952919020715],[7.205915917286717,44.0706177024482],[7.123750399415741,43.83388323917137],[7.551011092344936,43.92406779661016],[7.600310403067539,43.77751789077212],[7.501711781622333,43.68733333333333],[6.039165563518537,43.03349529190206],[4.01789382389191,43.48441807909603],[3.278404163052926,42.96585687382296],[3.245537955904524,42.56002636534839],[3.294837266627127,42.39093032015066],[3.1469393344593186,42.424749529190194],[2.785411055826927,42.30074576271187],[2.571780709362315,42.312018832391715],[2.3745834664719325,42.402203389830504],[2.078787602136316,42.334564971751405],[2.062354498562115,42.402203389830504],[1.914456566394307,42.43602259887004],[1.6515269092071208,42.39093032015066],[1.5693613913361162,42.424749529190194],[1.5529282877619153,42.56002636534839],[1.5036289770393125,42.65021092278718],[0.9449034555165099,42.78548775894538],[0.7805724197745292,42.78548775894538],[0.7970055233487301,42.65021092278718],[0.5505089697357164,42.65021092278718],[0.40261103756790817,42.62766478342749],[-0.2054137946774972,42.80803389830507],[-0.40261103756787975,42.751668549905844],[-0.6326744876066925,42.92076459510358],[-0.6984069019034962,42.89821845574386],[-1.717259323503896,43.32659510357814],[-1.3557310448714759,43.540783427495285],[-0.9777696626648833,45.513570621468915],[-0.5176427625872861,45.04010169491525],[-1.0599351805358879,46.325231638418074],[-1.503628977039284,46.46050847457627],[-2.4074496736202775,47.58781544256121],[-4.16579175605969,47.84709604519773],[-4.49445382754368,48.08383050847456],[-4.116492445337087,48.11764971751413],[-4.379422102524302,48.26419962335217],[-4.149358652485489,48.41074952919021],[-4.576619345414684,48.37693032015065],[-4.5601862418404835,48.5685725047081],[-3.2291048523302948,48.85039924670431],[-2.5882138129364876,48.602391713747636],[-1.2571324234262988,48.70384934086627],[-1.733692427078097,49.72969868173257],[-1.043502076961687,49.71842561205273],[-0.9777696626648833,49.346414312617696],[0.5340758661615155,49.47041807909605],[0.38617793399370726,49.695879472693036],[1.7501255306523262,50.248259887005645],[1.799424841374929,50.83445951035782],[1.9966220842653115,50.93591713747645]]]}},{"type":"Feature","properties":{"name":"Venice","abbrevname":"Venice"},"geometry":{"type":"MultiPolygon","coordinates":[[[[16.901447026064744,43.867702448210906],[16.917880129638945,43.78879096045196],[16.83571461176794,43.40550659133709],[16.112658054503157,43.66478719397364],[15.701830465148134,43.90152165725047],[15.948327018761148,44.11570998116761],[16.901447026064744,43.867702448210906]]],[[[17.50947185831015,43.08986064030131],[17.279408408271337,43.23641054613935],[17.197242890400332,43.33786817325799],[17.262975304697136,43.48441807909603],[17.52590496188435,43.34914124293783],[17.50947185831015,43.08986064030131]]],[[[13.56552700050213,45.71648587570621],[12.694572511069538,45.47975141242938],[12.382343543159749,45.231743879472674],[12.678139407495337,44.80336723163842],[12.579540786050131,44.747001883239164],[12.333044232437146,45.119013182674195],[12.23444561099194,45.15283239171373],[11.807184918062745,44.92737099811674],[11.445656639430325,45.08519397363463],[11.379924225133522,45.08519397363463],[11.067695257223733,45.06264783427494],[10.870498014333322,45.36702071563087],[10.574702149997734,45.38956685499056],[10.196740767791141,45.423386064030126],[10.131008353494337,45.68266666666665],[10.048842835623333,45.71648587570621],[9.703747660565142,45.536116760828605],[9.900944903455525,45.795397363465156],[9.753046971287745,46.325231638418074],[10.196740767791141,46.26886629001882],[10.295339389236347,46.46050847457627],[10.196740767791141,46.5168738229755],[10.229606974939543,46.64087758945385],[10.361071803533122,46.674696798493386],[10.426804217829925,46.607058380414315],[10.574702149997734,46.5845122410546],[10.591135253571935,46.674696798493386],[10.541835942849332,46.764881355932204],[10.607568357146135,46.90015819209037],[10.755466289313944,46.73106214689264],[10.656867667868738,46.22377401129944],[10.722600082165542,45.76157815442559],[10.870498014333322,45.82921657250469],[11.001962842926929,45.66012052730696],[11.133427671520536,45.85176271186441],[11.363491121559349,45.76157815442559],[11.429223535856124,46.02085875706214],[11.774318710914343,45.98703954802258],[11.774318710914343,46.257593220338975],[12.119413885972534,46.42668926553671],[11.938649746656324,46.764881355932204],[12.283744921714543,46.94525047080978],[12.41520975030815,46.90015819209037],[12.530241475327529,46.979069679849346],[12.612406993198533,46.979069679849346],[12.90820285753415,46.96779661016947],[13.499794586205326,47.08052730696798],[13.713424932669938,47.01288888888888],[13.910622175560349,46.85506591337099],[13.92705527913455,46.66342372881354],[13.828456657689344,46.437962335216554],[13.812023554115143,46.14486252354047],[13.696991829095737,45.953220338983044],[13.56552700050213,45.71648587570621]]],[[[14.551513214954127,45.34447457627118],[14.370749075637946,45.028828625235406],[14.09138631487653,44.7808210922787],[13.729858036244138,45.468478342749535],[14.009220797005554,45.581209039548014],[13.877755968411947,45.72775894538606],[14.27215045419274,45.69393973634649],[14.27215045419274,45.28810922787193],[14.551513214954127,45.34447457627118]]]]}},{"type":"Feature","properties":{"name":"Islamic city-states"},"geometry":{"type":"Polygon","coordinates":[[[44.5090610307208,1.3118644067796623],[43.9339024056238,0.8158493408662792],[43.30944446980419,0.18455743879472664],[43.14511343406218,0.026734463276824272],[41.81403204455199,-1.8558681732580027],[41.12384169443558,-2.0587834274952996],[40.959510658693574,-2.577344632768373],[40.482950655041776,-2.80280602636536],[39.431232026292975,-4.83195856873823],[39.06970374766058,-6.071996233521659],[39.776327201351194,-7.030207156308862],[39.48053133701558,-7.785502824858767],[39.67772857990599,-7.977145009416205],[39.595563062034984,-8.721167608286251],[39.8584927192222,-9.780836158192102],[40.663714794357986,-10.45722033898305],[40.72944720865479,-10.536131826742007],[40.59798238006118,-11.212516007532955],[39.447665129867175,-11.122331450094165],[38.44524581184098,-9.273548022598874],[37.93581960104078,-4.561404896421848],[39.628429269183385,-1.3598531073446338],[42.9972155018944,1.3344105461393525],[44.5090610307208,1.3118644067796623]]]}},{"type":"Feature","properties":{"name":"Ayutthaya","abbrevname":"Ayutthaya"},"geometry":{"type":"Polygon","coordinates":[[[98.4260738576711,15.0311902071563],[98.34390833980007,15.211559322033892],[98.3932076505227,15.234105461393597],[98.4260738576711,15.0311902071563]]]}},{"type":"Feature","properties":{"name":"Denmark-Norway","abbrevname":"DenmarkNorwa"},"geometry":{"type":"MultiPolygon","coordinates":[[[[20.023736705162747,69.38993220338983],[19.169215319304357,68.30771751412428],[18.74195462637516,66.44766101694916],[17.52590496188435,64.84688512241053],[17.936732551239345,64.57633145009416],[16.868580818916342,63.775943502824845],[15.258136668644738,63.53920903954801],[13.351896654037546,62.03989077212805],[12.990368375405126,61.35223352165724],[12.382343543159749,60.968949152542365],[12.628840096772734,60.05583050847457],[12.694572511069538,58.579058380414295],[11.938649746656324,57.71103201506591],[11.807184918062745,57.82376271186439],[11.379924225133522,59.086346516007524],[10.771899392888145,59.59363465160075],[10.377504907107323,59.00743502824858],[8.241201442461318,58.08304331450094],[7.156616606564114,57.99285875706215],[5.825535217053925,58.47760075329566],[5.677637284886117,58.996161958568734],[6.3020952207057235,58.81579284369113],[6.466426256447733,59.00743502824858],[5.973433149221734,59.09761958568737],[6.433560049299331,59.300534839924666],[6.08846487424114,59.3343540489642],[6.318528324279924,59.54854237288134],[5.72693659560872,59.277988700564975],[5.283242799105324,59.52599623352165],[6.384260738576728,59.84164218455743],[5.891267631350729,59.77400376647833],[6.1048979778153125,60.179834274952896],[5.299675902679525,60.28129190207156],[5.759802802757122,60.529299435028236],[5.184644177660118,60.70966854990584],[5.595471767015113,61.04786064030131],[5.299675902679525,61.712971751412425],[6.0062993563701355,61.79188323917137],[5.677637284886117,62.107529190207146],[6.811521431505923,62.60354425612053],[7.748208335235319,62.614817325800374],[7.288081435157721,62.93046327683615],[8.438398685351729,62.86282485875705],[11.100561464372134,64.48614689265537],[11.560688364449732,64.42978154425612],[12.72743871821794,65.12871186440677],[12.90820285753415,65.92909981167608],[13.779157346966741,66.19965348399245],[13.368329757611747,66.47020715630885],[14.189984936321736,66.70694161958568],[13.94348838270875,66.94367608286251],[15.948327018761148,67.60878719397363],[16.12909115807733,68.07098305084745],[16.622084265303357,67.89061393596987],[18.52832427991055,69.37865913370996],[19.777240151549762,69.19829001883238],[20.023736705162747,69.38993220338983]]],[[[13.450495275482751,79.81752165725047],[14.370749075637946,79.37787193973634],[15.011640115031753,79.81752165725047],[16.34272150454194,79.15241054613935],[16.112658054503157,79.86261393596985],[16.52348564385815,80.04298305084745],[17.772401515497336,79.90770621468926],[17.969598758387747,79.43423728813559],[18.758387729949362,79.58078719397363],[21.10832154105995,78.82549152542373],[19.317113251472136,78.47602636534839],[17.115077372529356,76.73997363465159],[14.682978043547735,77.38253860640299],[16.917880129638945,77.81091525423727],[14.337882868489544,77.78836911487758],[14.107819418450731,78.01383050847457],[16.81928150819374,78.48729943502823],[15.29100287579314,78.80294538606401],[13.828456657689344,78.28438418079094],[11.971515953804726,78.89312994350283],[12.72743871821794,79.0734990583804],[11.116994567946335,79.55824105461392],[13.450495275482751,79.81752165725047]]],[[[22.176473273382953,79.79497551789075],[18.52832427991055,79.89643314500941],[20.122335326607953,80.65172881355932],[22.406536723421766,80.14444067796609],[23.425389145022166,80.62918267419963],[23.32679052357696,80.11062146892655],[24.625005705938747,80.44881355932202],[27.40220020997856,79.96407156308851],[24.01698087369337,79.1636836158192],[21.206920162505156,79.2087758945386],[22.176473273382953,79.79497551789075]]],[[[10.34463869995892,54.351657250470794],[9.095722828319737,54.25019962335216],[8.78349386040992,54.20510734463275],[9.16145524261654,54.43056873822974],[8.816360067558321,54.90403766478343],[8.767060756835718,55.377506591337095],[8.241201442461318,55.490237288135575],[8.389099374629126,56.44844821092278],[8.882092481855125,56.36953672316383],[9.210754553339143,56.673909604519764],[9.522983521248932,56.493540489642186],[9.572282831971535,56.89937099811675],[10.032409732049132,56.910644067796596],[11.084128360797934,56.38080979284368],[9.900944903455525,55.62551412429377],[9.703747660565142,54.960403013182656],[10.34463869995892,54.351657250470794]]],[[[8.389099374629126,56.82045951035781],[10.755466289313944,57.767397363465165],[10.459670424978327,57.023374764595104],[9.046423517597134,57.000828625235386],[8.668462135390541,56.61754425612051],[8.389099374629126,56.82045951035781]]],[[[12.086547678824132,57.33902071563088],[12.513808371753328,57.699758945386066],[13.631259414798933,56.538632768361566],[14.387182179212147,56.83173258003765],[15.63609805085133,56.78664030131827],[16.260555986670937,56.41462900188324],[16.227689779522535,56.36953672316383],[15.98119322590955,56.05389077212806],[14.863742182863945,56.132802259887],[14.321449764915343,55.36623352165725],[13.006801478979327,55.36623352165725],[13.187565618295537,55.681879472693026],[12.612406993198533,56.256806026365325],[13.07253389327613,56.52735969868172],[12.086547678824132,57.33902071563088]]],[[[12.250878714566142,55.71569868173256],[12.645273200346935,55.98625235404896],[12.628840096772734,55.26477589453859],[12.168713196695137,54.9716760828625],[11.494955950152928,55.20841054613936],[11.297758707262545,55.64806026365346],[11.774318710914343,55.89606779661017],[12.250878714566142,55.71569868173256]]]]}},{"type":"Feature","properties":{"name":"Sweden","abbrevname":"Sweden","fips_code":"SW","wb_cntry":"SWE"},"geometry":{"type":"Polygon","coordinates":[[[29.883598849682755,60.14601506591336],[28.76614780663718,60.21365348399246],[28.733281599488777,60.64203013182674],[28.63468297804357,60.619483992467025],[27.122837449217172,60.33765725047081],[26.761309170584752,60.58566478342749],[26.05468571689417,60.134741996233515],[25.791756059706955,60.28129190207156],[23.869082941525562,59.852915254237274],[21.94640982334414,60.4278418079096],[21.27265257680196,62.62609039548022],[21.699913269731155,63.14465160075329],[22.488702241292742,63.223563088512236],[22.768065002054158,63.74212429378531],[23.030994659241344,63.595574387947266],[23.786917423654558,64.10286252354047],[25.52882640251977,64.82433898305084],[25.315196056055157,65.55708851224105],[24.14844570228695,65.81636911487757],[23.408956041447965,65.69236534839925],[22.850230519925162,65.95164595103577],[21.732779476879557,65.38799246704332],[21.25621947322776,64.23813935969866],[21.07545533391155,64.04649717514124],[18.068197379832952,62.8064595103578],[17.920299447665144,62.37808286252354],[17.49303875473595,62.456994350282486],[17.394440133290743,60.687122410546124],[18.133929794129756,60.60821092278718],[19.25138083717536,59.72891148775895],[18.23252841557496,59.37944632768361],[16.720682886748534,59.6049077212806],[17.772401515497336,59.23289642184557],[18.807687040671937,59.345627118644046],[18.150362897703957,58.928523540489635],[17.82170082621994,59.12016572504706],[17.558771169032752,58.7594274952919],[16.638517368877558,58.646696798493394],[16.98361254393575,58.06049717514122],[16.572784954580754,56.8430056497175],[16.260555986670937,56.41462900188324],[15.63609805085133,56.78664030131827],[14.387182179212147,56.83173258003765],[13.631259414798933,56.538632768361566],[12.513808371753328,57.699758945386066],[12.086547678824132,57.33902071563088],[11.971515953804726,57.68848587570619],[11.938649746656324,57.71103201506591],[12.694572511069538,58.579058380414295],[12.628840096772734,60.05583050847457],[12.382343543159749,60.968949152542365],[12.990368375405126,61.35223352165724],[13.351896654037546,62.03989077212805],[15.258136668644738,63.53920903954801],[16.868580818916342,63.775943502824845],[17.936732551239345,64.57633145009416],[17.52590496188435,64.84688512241053],[18.74195462637516,66.44766101694916],[22.077874651937748,66.98876836158192],[25.824622266855357,66.71821468926552],[26.679143652713776,65.59090772128059],[27.43506641712696,63.37011299435028],[28.864746428082356,62.22025988700565],[29.883598849682755,60.14601506591336]]]}},{"type":"Feature","properties":{"name":"Sinhalese kingdoms","abbrevname":"Ceylon"},"geometry":{"type":"Polygon","coordinates":[[[80.76048751540606,5.9450960451977295],[80.43182544392204,6.0803728813559275],[80.05386406171544,7.0836760828625245],[79.87309992239926,8.819728813559323],[80.25106130460586,9.135374764595099],[80.31679371890266,9.699028248587567],[80.85908613685126,9.315743879472691],[82.07513580134207,7.106222222222215],[81.63144200483868,6.28328813559321],[80.76048751540606,5.9450960451977295]]]}},{"type":"Feature","properties":{"name":"Aceh","abbrevname":"Aceh"},"geometry":{"type":"Polygon","coordinates":[[[96.3226366001735,3.972308851224099],[95.51741452503768,4.975612052730696],[95.41881590359247,5.51671939736346],[96.7991966038253,5.08834274952919],[96.74989729310266,4.490870056497172],[96.3226366001735,3.972308851224099]]]}},{"type":"Feature","properties":{"name":"Malacca","abbrevname":"Malacca"},"geometry":{"type":"MultiPolygon","coordinates":[[[[103.5203359656731,-0.796199623352166],[101.9591911261241,-1.2696685499058447],[101.33473319030452,-1.3485800376647887],[100.3980462865751,0.9060338983050826],[98.85333455060027,2.7773634651600645],[98.68900351485831,3.239559322033898],[98.8369014470261,3.679209039548013],[100.06938421509108,2.9239133709981076],[100.06938421509108,2.585721280602627],[100.9403387045237,1.8867909604519753],[101.0389373259689,2.1911638418079065],[101.26900077600772,2.100979284369103],[102.91231113342769,0.579114877589447],[103.93116355502809,0.026734463276824272],[103.5203359656731,-0.796199623352166]]],[[[103.53676906924727,3.4086553672316313],[103.53676906924727,3.3297438794726872],[103.50390286209887,3.0479171374764604],[104.37485735153149,1.4020489642184515],[103.5532021728215,1.4245951035781417],[101.63052905464008,2.6871789077212753],[101.46619801889807,3.239559322033898],[102.04135664399507,3.4762937853107303],[103.53676906924727,3.4086553672316313]]],[[[109.20618980234633,0.21837664783427613],[109.10759118090112,1.1202222222222105],[109.48555256310772,1.8980640301318203],[109.71561601314653,1.8416986817325807],[111.01383119550832,1.2667721280602535],[110.7509015383211,0.7482109227871945],[110.55370429543069,0.8722146892655331],[110.1428767060757,0.20710357815441682],[109.20618980234633,0.21837664783427613]]]]}},{"type":"Feature","properties":{"name":"Malaysian Islamic states"},"geometry":{"type":"MultiPolygon","coordinates":[[[[103.5203359656731,-0.796199623352166],[104.44058976582829,-1.1794839924670555],[104.55562149084767,-1.878414312617707],[105.0157483909253,-2.1376949152542437],[104.88428356233169,-2.656256120527317],[105.19651253024148,-2.45334086629002],[105.6566394303191,-2.577344632768373],[106.14963253754507,-3.1973634651600804],[105.88670288035792,-5.880354048964222],[105.39370977313189,-5.530888888888896],[105.22937873738988,-5.8578079096045315],[104.6706532158671,-5.621073446327685],[104.76925183731231,-6.049450094161969],[102.66581457981471,-4.166847457627128],[101.02250422239467,-2.3180640301318363],[100.48021180444607,-0.9540225988700684],[99.60925731501351,0.10564595103578256],[99.31346145067789,0.24092278719396631],[98.8697676541745,1.6387834274952837],[97.80161592185146,2.2700753295668505],[97.45652074679327,3.160647834274954],[96.3226366001735,3.972308851224099],[96.74989729310266,4.490870056497172],[96.7991966038253,5.08834274952919],[97.58798557538688,5.201073446327683],[98.8369014470261,3.679209039548013],[98.68900351485831,3.239559322033898],[98.85333455060027,2.7773634651600645],[100.3980462865751,0.9060338983050826],[101.33473319030452,-1.3485800376647887],[101.9591911261241,-1.2696685499058447],[103.5203359656731,-0.796199623352166]]],[[[141.06997763272017,-2.7802598870056556],[141.15214315059114,-6.365096045197745],[140.9549459077008,-6.737107344632776],[141.15214315059114,-9.262274952919029],[140.18259003971338,-8.225152542372882],[139.11443830739034,-8.304064030131826],[139.3609348610034,-7.706591337099823],[138.8515086502032,-7.120391713747651],[139.22947003240978,-7.007661016949157],[137.79979002145438,-5.23778907721281],[135.26909207102756,-4.43740112994351],[134.97329620669194,-4.020297551789085],[134.25023964942716,-3.9301129943502815],[133.95444378509154,-3.174817325800376],[133.59291550645912,-3.9752052730696903],[133.13278860638155,-4.257032015065917],[133.03418998493635,-3.4904632768361665],[132.21253480622636,-2.80280602636536],[133.98730999223994,-2.7013483992467116],[134.05304240653675,-2.227879472693033],[132.42616515269094,-2.3293370998116814],[132.01533756333595,-1.65295291902072],[131.27584790249693,-1.517676082862522],[131.40731273109054,-1.010387947269308],[132.45903135983934,-0.5143728813559392],[134.11877482083355,-0.9878418079096036],[134.48030309946597,-2.8366252354048953],[134.66106723878215,-2.9831751412429384],[134.75966586022736,-2.6900753295668665],[134.97329620669194,-3.2875480225988696],[135.44985621034374,-3.524282485875716],[136.46870863194414,-2.3969755178907803],[137.29036381065413,-2.239152542372892],[137.30679691422836,-1.9685988700564963],[137.91482174647376,-1.6191337099811705],[141.06997763272017,-2.7802598870056556]]],[[[120.64362988998954,0.6580263653483911],[121.20235541151231,1.1765875706214644],[122.94426439037755,0.6918455743879406],[124.35751129775872,0.8158493408662792],[125.06413475144933,1.6387834274952837],[125.21203268361711,1.5598719397363396],[124.43967681562975,0.3198342749529104],[123.66732094764234,0.17328436911486733],[123.19076094399054,0.3874726930320094],[120.72579540786052,0.42129190207155887],[120.54503126854434,0.3761996233521643],[120.06847126489254,-0.4467344632768402],[120.31496781850552,-0.9652956685499134],[120.79152782215732,-1.5064030131826769],[121.25165472223495,-1.5289491525423813],[121.66248231158994,-0.9765687382297585],[122.20477472953854,-1.1005725047080972],[123.19076094399054,-0.7060150659133768],[123.45369060117775,-0.8863841807909694],[123.42082439402935,-1.2133032015065908],[122.96069749395173,-1.078026365348407],[121.85967955448035,-1.9798719397363556],[121.46528506869953,-1.946052730696806],[122.46770438672576,-3.1973634651600804],[122.40197197242895,-3.8286553672316472],[122.84566576893235,-4.493766478342749],[122.36910576528055,-4.493766478342749],[122.07330990094493,-4.944689265536724],[121.64604920801571,-4.843231638418089],[121.71178162231251,-4.223212806026368],[121.0051581686219,-3.5806478342749557],[121.12018989364134,-2.814079096045205],[120.79152782215732,-2.7802598870056556],[120.57789747569274,-2.881717514124304],[120.34783402565392,-3.0620866290018824],[120.44643264709913,-5.564708097928445],[119.67407677911172,-5.7901694915254325],[119.49331263979553,-5.406885122410557],[119.65764367553754,-3.7948361581920977],[119.42758022549873,-3.5581016949152655],[119.0003195325695,-3.6482862523540547],[118.88528780755013,-2.881717514124304],[119.3782809147761,-2.160241054613948],[119.4440133290729,-1.2133032015065908],[119.80554160770532,-0.863838041431265],[120.11777057561511,0.5565687382297426],[120.44643264709913,0.8045762711864342],[120.64362988998954,0.6580263653483911]]],[[[106.01816770895152,-6.466553672316394],[106.0017346053773,-6.241092278719407],[106.1331994339709,-6.00435781544256],[107.06988633770032,-6.252365348399252],[107.1520518555713,-6.00435781544256],[107.97370703428129,-6.432734463276844],[108.38453462363628,-6.342549905838041],[108.76249600584293,-6.906203389830509],[109.37052083808828,-7.007661016949157],[109.58415118455292,-6.973841807909608],[110.43867257041131,-7.018934086629002],[111.01383119550832,-6.522919020715634],[111.24389464554713,-6.838564971751424],[112.47637741361211,-7.007661016949157],[112.88720500296711,-7.706591337099823],[114.43191673894194,-7.909506591337106],[114.26758570319993,-8.41679472693032],[114.53051536038714,-8.76625988700566],[113.28159948874793,-8.32661016949153],[110.98096498835991,-8.304064030131826],[109.74848222029493,-7.819322033898317],[109.23905600949473,-7.706591337099823],[107.94084082713289,-7.774229755178908],[106.52759391975172,-7.413491525423737],[106.75765736979048,-7.142937853107355],[106.5768932304743,-7.018934086629002],[105.39370977313189,-6.849838041431269],[106.01816770895152,-6.466553672316394]]],[[[123.70018715479074,-10.33321657250471],[123.86451819053275,-9.735743879472693],[125.27776509791391,-8.7549868173258],[127.29903683754054,-8.495706214689264],[127.06897338750173,-8.78880602636535],[125.40922992650752,-9.375005649717522],[124.35751129775872,-10.186666666666667],[123.70018715479074,-10.33321657250471]]],[[[127.84132925548914,0.004188323917134085],[127.62769890902456,0.9962184557438718],[128.00566029123115,1.9093370998116654],[128.18642443054733,1.5936911487758891],[128.00566029123115,0.7369378531073352],[128.30145615556677,1.221679849340859],[128.81088236636697,1.4020489642184515],[128.8437485735153,1.0413107344632664],[128.40005477701192,0.646753295668546],[128.90948098781212,0.22964971751412122],[128.23572374126996,0.3874726930320094],[128.07139270552796,0.11691902071562765],[128.49865339845712,-1.010387947269308],[127.84132925548914,0.004188323917134085]]],[[[123.15789473684214,-8.36042937853108],[121.89254576162875,-8.980448210922788],[120.13420367918934,-8.924082862523548],[120.05203816131831,-8.664802259887011],[120.77509471858315,-8.371702448210925],[121.4817181722737,-8.69862146892656],[122.36910576528055,-8.619709981167617],[122.89496507965492,-8.07860263653484],[123.15789473684214,-8.36042937853108]]],[[[130.98005203816132,-3.8624745762711967],[129.97763272013515,-3.310094161958574],[129.78043547724474,-3.5693747645951106],[129.12311133427676,-3.242455743879475],[128.58081891632816,-3.535555555555561],[128.25215684484414,-3.0395404896421923],[130.56922444880632,-3.1184519774011363],[130.98005203816132,-3.8624745762711967]]],[[[118.14579814671112,-8.518252354048968],[117.8828684895239,-8.349156308851235],[118.01433331811751,-8.157514124293797],[118.62235815036291,-8.304064030131826],[118.67165746108554,-8.574617702448222],[118.9674533254211,-8.36042937853108],[119.18108367188574,-8.867717514124294],[118.47446021819513,-8.912809792843703],[118.4251609074725,-8.721167608286251],[117.48847400374314,-9.12699811676083],[116.8640160679235,-9.036813559322042],[116.8640160679235,-8.687348399246716],[117.15981193225912,-8.506979284369123],[118.01433331811751,-8.80007909604521],[118.14579814671112,-8.518252354048968]]],[[[106.75765736979048,-3.163544256120531],[105.41014287670612,-2.092602636534849],[105.6237732231707,-1.6980451977401145],[105.85383667320951,-1.934779661016961],[106.0674670196741,-1.6078606403013254],[106.24823115899028,-2.1827871939736383],[106.83982288766151,-2.6900753295668665],[106.75765736979048,-3.163544256120531]]],[[[120.47929885424753,-10.355762711864415],[119.14821746473734,-9.56664783427496],[119.9863057470215,-9.442644067796621],[120.79152782215732,-10.085209039548033],[120.47929885424753,-10.355762711864415]]],[[[138.37494864655133,-8.540798493408673],[137.88195553932536,-8.439340866290024],[138.76934313233215,-7.503676082862526],[139.09800520381617,-7.762956685499063],[138.37494864655133,-8.540798493408673]]],[[[126.87177614461132,-3.8624745762711967],[126.34591683023694,-3.614467043314505],[126.31305062308854,-3.2762749529190245],[126.93750855890812,-3.219909604519785],[127.29903683754054,-3.5017363465160116],[127.31546994111471,-3.7046516007532944],[126.87177614461132,-3.8624745762711967]]],[[[115.2700050212261,-8.76625988700566],[114.66198018898069,-8.315337099811686],[115.28643812480033,-8.213879472693037],[115.69726571415532,-8.45061393596987],[115.2700050212261,-8.76625988700566]]],[[[109.20618980234633,0.21837664783427613],[110.1428767060757,0.20710357815441682],[110.55370429543069,0.8722146892655331],[110.7509015383211,0.7482109227871945],[111.01383119550832,1.2667721280602535],[111.17816223125033,1.2442259887005633],[111.57255671703109,2.6195404896421763],[112.96937052083814,3.025370998116756],[114.2840188067741,4.468323917137468],[114.94134294974214,4.998158192090386],[115.17140639978089,4.896700564971752],[115.56580088556171,4.896700564971752],[115.50006847126491,5.471627118644065],[115.92732916419413,5.48290018832391],[116.7982836536267,6.914580037664777],[117.09407951796231,6.6665725047080855],[117.2419774501301,6.858214689265537],[117.71853745378195,6.407291902071563],[117.57063952161411,5.809819209039546],[118.06363262884014,5.922549905838039],[117.96503400739493,5.595630885122404],[118.57305883964034,5.651996233521658],[119.24681608618255,5.189800376647824],[118.31012918245312,4.953065913370992],[118.14579814671112,4.817789077212794],[118.52375952891771,4.25413559322034],[117.76783676450452,3.9948549905838036],[117.8828684895239,3.6453898305084635],[117.2748436572785,3.521386064030125],[117.3405760715753,3.183193973634644],[118.03076642169174,2.32644067796609],[117.93216780024653,1.8191525423728763],[118.9674533254211,0.8383954802259836],[118.06363262884014,0.8834877589453782],[117.73497055735612,0.6242071563088416],[117.57063952161411,-0.9878418079096036],[117.2419774501301,-0.9202033898305189],[116.2559912356781,-1.9122335216572566],[116.55178710001371,-2.3969755178907803],[116.23955813210392,-2.43079472693033],[116.4531884785685,-2.7802598870056556],[116.15739261423295,-3.1860903954802353],[115.7794312320263,-3.7835630885122526],[114.77701191400013,-4.2795781544256215],[114.4154836353677,-3.4115517890772225],[114.16898708175472,-3.3439133709981235],[113.8074588031223,-3.591920903954801],[113.00223672798649,-2.949355932203389],[112.7886063815219,-3.400278719397363],[111.95051809923768,-3.6257401129943503],[111.78618706349573,-2.7802598870056556],[110.99739809193409,-3.152271186440686],[110.3072077418177,-3.0620866290018824],[109.97854567033369,-1.292214689265549],[109.38695394166251,-0.8525649717514199],[109.6334504952755,-0.6947419962335317],[109.27192221664313,-0.3903691148776005],[109.20618980234633,0.21837664783427613]]]]}},{"type":"Feature","properties":{"name":"Riazan","abbrevname":"Riazan"},"geometry":{"type":"Polygon","coordinates":[[[45.018487241521,54.678576271186444],[43.884603094901195,53.494903954802254],[41.60040169808738,51.81521657250471],[40.61441548363538,51.37556685499058],[37.902953393892375,52.750881355932194],[37.064865111608185,52.108316384180796],[36.80193545442097,54.27274576271185],[37.45925959738898,54.238926553672314],[37.65645684027939,55.118225988700544],[38.593143744008785,55.073133709981164],[38.88893960834437,55.467691148775884],[39.57912995846078,55.862248587570605],[40.959510658693574,55.467691148775884],[40.76231341580319,54.78003389830508],[43.27657826265579,54.92658380414312],[45.018487241521,54.678576271186444]]]}},{"type":"Feature","properties":{"name":"Georgia","abbrevname":"Georgia"},"geometry":{"type":"Polygon","coordinates":[[[45.593645866618004,42.638937853107336],[45.18281827726298,42.78548775894538],[45.067786552243604,42.684030131826745],[44.70625827361118,42.774214689265534],[44.62409275574021,42.751668549905844],[44.574793445017605,42.706576271186435],[44.4926279271466,42.62766478342749],[44.16396585566258,42.6051186440678],[43.07938101976538,41.567996233521654],[42.8986168804492,41.5792693032015],[42.55352170539098,41.42144632768361],[42.4549230839458,41.38762711864405],[42.22485963390699,41.42144632768361],[41.682567215958386,41.45526553672315],[41.8797644588488,41.80473069679849],[41.321038937325994,43.03349529190206],[41.51823618021638,43.57460263653482],[43.81887068060439,43.78879096045196],[45.593645866618004,42.638937853107336]]]}},{"type":"Feature","properties":{"name":"Teutonic Knights","abbrevname":"TeutonicLand"},"geometry":{"type":"Polygon","coordinates":[[[27.813027799333554,56.71900188323917],[27.862327110056157,56.301898305084734],[27.56653124572057,55.73824482109228],[26.449080202674963,55.91861393596986],[25.512393298945568,56.50481355932203],[24.920801570274364,56.35826365348399],[22.948829141370368,56.36953672316383],[22.11074085908615,56.36953672316383],[21.338384991098764,56.144075329566846],[21.519149130414945,55.53532956685498],[21.880677409047365,55.53532956685498],[22.225772584105556,55.27604896421843],[22.12717396266035,54.960403013182656],[22.340804309124962,54.81385310734461],[22.29150499840236,54.610937853107345],[22.390103619847565,54.55457250470809],[22.439402930570168,54.148741996233525],[21.667047062582753,53.83309604519772],[21.009722919614745,53.65272693032014],[20.91112429816954,53.776730696798495],[20.631761537408153,53.799276836158185],[20.58246222668555,53.52872316384179],[20.286666362349962,53.52872316384179],[20.286666362349962,53.68654613935968],[19.76080704797556,53.472357815442564],[19.415711872917342,53.26944256120527],[18.791253937097736,53.122892655367224],[18.479024969187947,53.3709001883239],[18.88985255854294,54.27274576271185],[19.169215319304357,54.25019962335216],[19.958004290865944,54.47566101694915],[19.662208426530356,54.238926553672314],[19.777240151549762,54.27274576271185],[19.941571187291743,54.329111111111104],[20.122335326607953,54.40802259887005],[20.188067740904756,54.44184180790958],[20.533162915962947,54.57711864406778],[20.040169808736948,54.543299435028246],[20.138768430182154,54.87021845574387],[21.338384991098764,54.85894538606402],[21.371251198247165,55.2422297551789],[21.141187748208353,56.08770998116759],[21.880677409047365,57.48557062146892],[22.768065002054158,57.63212052730697],[23.62258638791255,56.910644067796596],[24.54284018806777,57.18119774011299],[24.52640708449357,57.350293785310726],[24.54284018806777,57.880128060263644],[24.707171223809752,58.229593220338984],[23.869082941525562,58.26341242937852],[23.62258638791255,59.13143879472693],[25.660291231113348,59.51472316384181],[27.91162642077876,59.31180790960451],[27.862327110056157,58.951069679849326],[27.714429177888377,57.63212052730697],[27.813027799333554,56.71900188323917]]]}},{"type":"Feature","properties":{"name":"Pskov","abbrevname":"Pskov"},"geometry":{"type":"Polygon","coordinates":[[[27.862327110056157,58.951069679849326],[28.519651253024165,58.68051600753296],[28.61824987446937,57.9364934086629],[29.012644360250164,57.58702824858756],[29.012644360250164,56.89937099811675],[28.289587802985352,56.80918644067796],[28.223855388688577,56.583725047080975],[28.026658145798166,56.74154802259886],[27.813027799333554,56.71900188323917],[27.714429177888377,57.63212052730697],[27.862327110056157,58.951069679849326]]]}},{"type":"Feature","properties":{"name":"Principality of Moscow","abbrevname":"Muscovy"},"geometry":{"type":"Polygon","coordinates":[[[29.012644360250164,56.89937099811675],[29.012644360250164,57.58702824858756],[28.61824987446937,57.9364934086629],[28.519651253024165,58.68051600753296],[27.862327110056157,58.951069679849326],[27.91162642077876,59.31180790960451],[28.223855388688577,59.4696308851224],[28.141689870817572,59.66127306967985],[29.27557401743738,59.92055367231637],[30.16296161044417,59.75145762711864],[29.883598849682755,60.14601506591336],[28.864746428082356,62.22025988700565],[27.43506641712696,63.37011299435028],[26.679143652713776,65.59090772128059],[27.303601588533354,66.85349152542372],[31.444743689231757,67.65387947269303],[32.84155749303878,67.06767984934086],[32.43072990368378,67.01131450094161],[32.956589218058184,66.66184934086627],[34.74779750764597,66.01928436911487],[34.501300954032985,65.41053860640301],[35.09289268270419,64.38468926553671],[37.60715752955679,63.764670433145],[38.264481672524795,64.14795480225987],[37.19632994020179,64.41850847457627],[37.081298215182386,65.08361958568736],[40.53224996576438,64.4748738229755],[40.154288583557786,65.60218079096043],[42.4220568767974,66.42511487758944],[44.26256447710779,66.0531035781544],[44.048934130643204,68.48808662900188],[46.0702058702698,68.39790207156307],[46.84256173825719,67.7215178907721],[45.067786552243604,67.32696045197738],[46.612498288218404,66.74076082862521],[47.77924864198661,66.83094538606403],[48.28867485278681,67.57496798493409],[52.446250057059416,68.56699811676083],[52.922810060711214,68.36408286252353],[53.7115990322728,68.8375517890772],[53.51440178938242,68.14989453860639],[54.96051490391201,68.07098305084745],[55.53567352900902,68.49935969868173],[57.57337837220982,68.47681355932201],[58.97019217601681,68.87137099811676],[59.97261149404301,68.31899058380412],[61.139361847811216,68.8375517890772],[62.86483772310223,61.11549905838041],[62.09248185511481,59.86418832391712],[58.49363217236501,58.4437815442561],[55.667138357602624,58.15068173258004],[46.16880449171501,57.75612429378529],[45.626512073766406,57.48557062146892],[45.018487241521,54.678576271186444],[43.27657826265579,54.92658380414312],[40.76231341580319,54.78003389830508],[40.959510658693574,55.467691148775884],[39.57912995846078,55.862248587570605],[38.88893960834437,55.467691148775884],[38.593143744008785,55.073133709981164],[37.65645684027939,55.118225988700544],[37.45925959738898,54.238926553672314],[36.80193545442097,54.27274576271185],[36.42397407221438,54.284018832391695],[36.374674761491775,54.78003389830508],[34.69849819692337,54.723668549905824],[34.304103711142574,55.118225988700544],[34.649198886200764,56.256806026365325],[33.466015428858384,56.50481355932203],[32.627927146574166,57.29392843691147],[31.47760989638016,57.29392843691147],[30.935317478431557,57.000828625235386],[31.132514721321968,56.40335593220337],[30.886018167708983,55.91861393596986],[30.14652850686997,56.54990583804141],[29.259140913863178,56.54990583804141],[29.012644360250164,56.89937099811675]]]}},{"type":"Feature","properties":{"name":"Montenegro","abbrevname":"Montenegro"},"geometry":{"type":"Polygon","coordinates":[[[38.34664719039577,49.064587570621455],[40.23645410142879,49.09840677966102],[42.78358515542979,50.924644067796606],[43.884603094901195,50.8795517890772],[44.574793445017605,49.44787193973633],[42.73428584470719,47.069254237288135],[42.61925411968778,46.742335216572485],[41.51823618021638,43.57460263653482],[41.321038937325994,43.03349529190206],[40.302186515725595,43.39423352165724],[37.98511891176338,44.75827495291901],[37.67288994385359,44.7131826741996],[37.16346373305339,45.24301694915255],[37.87008718674397,45.36702071563087],[38.19874925822799,46.02085875706214],[38.65887615830559,46.09977024482109],[37.96868580818918,46.61833145009416],[39.48053133701558,47.091800376647825],[39.36549961199617,47.28344256120528],[38.412379604692575,47.17071186440677],[35.83238234354317,46.53941996233522],[35.42155475418818,46.652150659133696],[35.10932578627839,46.29141242937851],[34.04117405395539,46.21250094161957],[35.24079061487197,45.54738983050848],[35.27365682202037,45.35574764595103],[36.719769936549966,45.400839924670436],[36.47327338293698,45.119013182674195],[35.58588578993019,45.096467043314505],[34.22193819327157,44.51026741996233],[33.59748025745196,44.62299811676081],[33.76181129319397,44.94991713747646],[33.59748025745196,45.26556308851224],[32.71009266444517,45.45720527306966],[33.84397681106498,45.9419472693032],[33.72894508604557,46.15613559322034],[32.39786369653538,46.18995480225988],[32.15136714292237,46.87761205273068],[36.27607614004657,47.91473446327683],[37.70575615100199,48.45584180790959],[37.902953393892375,48.951856873822976],[38.34664719039577,49.064587570621455]]]}},{"type":"Feature","properties":{"name":"Poland-Lithuania","abbrevname":"Pol.-Lith.","controllin":"Austrian Empire"},"geometry":{"type":"Polygon","coordinates":[[[37.064865111608185,52.108316384180796],[37.80435477244717,51.42065913370996],[38.49454512256358,51.21774387947269],[38.34664719039577,49.064587570621455],[37.902953393892375,48.951856873822976],[37.70575615100199,48.45584180790959],[36.27607614004657,47.91473446327683],[32.15136714292237,46.87761205273068],[31.083215410599365,47.4750847457627],[28.568950563746768,45.34447457627118],[26.74487606701055,45.26556308851224],[26.90920710275256,45.806670433145],[26.103985027616773,46.88888512241053],[25.87392157757796,48.70384934086627],[24.36207604875156,49.0082222222222],[24.099146391564346,49.2787758945386],[21.979276030492542,49.60569491525422],[21.979276030492542,49.76351789077211],[21.519149130414945,49.876248587570615],[21.486282923266543,49.786064030131826],[20.22093394805316,49.81988323917136],[20.105902223033752,49.49296421845574],[19.58004290865935,49.81988323917136],[19.136349112155955,49.63951412429378],[19.004884283562347,49.72969868173257],[18.972018076413946,50.19189453860639],[18.955584972839745,50.28207909604518],[18.85698635139454,50.665363465160056],[18.34756014059434,51.00355555555555],[17.755968411923135,51.66866666666667],[17.065778061806753,51.66866666666667],[16.704249783174333,52.198500941619585],[16.704249783174333,52.01813182674198],[15.964760122335349,52.27741242937853],[16.046925640206354,52.7283352165725],[16.260555986670937,52.7283352165725],[16.408453918838745,53.359627118644056],[16.622084265303357,53.539996233521634],[16.408453918838745,53.72036534839924],[16.868580818916342,53.87818832391713],[17.01647875108415,53.48363088512241],[16.885013922490543,54.05855743879471],[17.953165654813546,54.45311487758946],[17.85456703336834,54.701122410546134],[18.479024969187947,54.746214689265514],[18.955584972839745,54.55457250470809],[18.56119048705895,54.68984934086629],[18.87341945496874,54.27274576271185],[18.88985255854294,54.27274576271185],[18.479024969187947,53.3709001883239],[18.791253937097736,53.122892655367224],[19.415711872917342,53.26944256120527],[19.76080704797556,53.472357815442564],[20.286666362349962,53.68654613935968],[20.286666362349962,53.52872316384179],[20.58246222668555,53.52872316384179],[20.631761537408153,53.799276836158185],[20.91112429816954,53.776730696798495],[21.009722919614745,53.65272693032014],[21.667047062582753,53.83309604519772],[22.439402930570168,54.148741996233525],[22.390103619847565,54.55457250470809],[22.29150499840236,54.610937853107345],[22.340804309124962,54.81385310734461],[22.12717396266035,54.960403013182656],[22.225772584105556,55.27604896421843],[21.880677409047365,55.53532956685498],[21.519149130414945,55.53532956685498],[21.338384991098764,56.144075329566846],[22.11074085908615,56.36953672316383],[22.948829141370368,56.36953672316383],[24.920801570274364,56.35826365348399],[25.512393298945568,56.50481355932203],[26.449080202674963,55.91861393596986],[27.56653124572057,55.73824482109228],[27.862327110056157,56.301898305084734],[27.813027799333554,56.71900188323917],[28.026658145798166,56.74154802259886],[28.223855388688577,56.583725047080975],[28.289587802985352,56.80918644067796],[29.012644360250164,56.89937099811675],[29.259140913863178,56.54990583804141],[30.14652850686997,56.54990583804141],[30.886018167708983,55.91861393596986],[31.132514721321968,56.40335593220337],[30.935317478431557,57.000828625235386],[31.47760989638016,57.29392843691147],[32.627927146574166,57.29392843691147],[33.466015428858384,56.50481355932203],[34.649198886200764,56.256806026365325],[34.304103711142574,55.118225988700544],[34.69849819692337,54.723668549905824],[36.374674761491775,54.78003389830508],[36.42397407221438,54.284018832391695],[36.80193545442097,54.27274576271185],[37.064865111608185,52.108316384180796]]]}},{"type":"Feature","properties":{"name":"Imperial Hungary","abbrevname":"Hungary"},"geometry":{"type":"Polygon","coordinates":[[[14.551513214954127,45.34447457627118],[14.732277354270337,45.795397363465156],[14.995207011457552,45.885581920903945],[15.077372529328528,45.50229755178907],[15.61966494727713,45.445932203389816],[15.668964257999733,45.75030508474575],[16.32628840096774,45.603755178907704],[16.408453918838745,45.75030508474575],[16.276989090245138,45.908128060263635],[16.408453918838745,46.167408662900186],[16.65495047245173,46.12231638418078],[16.737115990322735,46.38159698681733],[16.50705254028395,46.42668926553671],[16.720682886748534,46.64087758945385],[16.65495047245173,46.94525047080978],[16.85214771534214,47.31726177024481],[16.753549093896936,47.508903954802264],[16.81928150819374,47.75691148775894],[17.00004564750995,47.858369114877576],[17.608070479755355,47.835822975517885],[17.67380289405216,48.08383050847456],[17.427306340439145,48.08383050847456],[17.394440133290743,48.46711487758944],[17.558771169032752,48.98567608286251],[18.068197379832952,48.81658003766478],[18.429725658465344,49.0082222222222],[18.72552152280096,49.58314877589453],[19.136349112155955,49.63951412429378],[19.58004290865935,49.81988323917136],[20.105902223033752,49.49296421845574],[20.22093394805316,49.81988323917136],[21.486282923266543,49.786064030131826],[21.519149130414945,49.876248587570615],[21.979276030492542,49.76351789077211],[21.979276030492542,49.60569491525422],[24.099146391564346,49.2787758945386],[24.36207604875156,49.0082222222222],[25.87392157757796,48.70384934086627],[26.103985027616773,46.88888512241053],[26.90920710275256,45.806670433145],[26.74487606701055,45.26556308851224],[24.378509152325762,45.8743088512241],[23.754051216506156,45.8743088512241],[21.009722919614745,44.94991713747646],[20.500296708814545,44.9160979284369],[19.990870498014345,44.94991713747646],[19.136349112155955,44.40880979284367],[17.065778061806753,44.262259887005655],[16.901447026064744,43.867702448210906],[15.948327018761148,44.11570998116761],[15.701830465148134,43.90152165725047],[15.61966494727713,43.94661393596985],[15.356735290089944,44.262259887005655],[15.751129775870737,44.25098681732578],[15.192404254347935,44.55535969868171],[14.551513214954127,45.34447457627118]]]}},{"type":"Feature","properties":{"name":"Navarre","abbrevname":"Navarre"},"geometry":{"type":"Polygon","coordinates":[[[-1.9473227735426804,43.34914124293783],[-1.8651572556716758,43.34914124293783],[-1.717259323503896,43.32659510357814],[-0.6984069019034962,42.89821845574386],[-1.4543296663166814,42.14292278719395],[-1.4050303555940786,41.782184557438796],[-1.9308896699684794,41.83854990583802],[-1.996622084265283,42.266926553672306],[-2.473182087917081,42.43602259887004],[-2.3581503628976748,43.08986064030131],[-1.9473227735426804,43.34914124293783]]]}},{"type":"Feature","properties":{"name":"Castille","abbrevname":"Castille"},"geometry":{"type":"Polygon","coordinates":[[[-8.60272972109371,41.90618832391712],[-8.4383986853517,42.43602259887004],[-9.062856621171306,43.06731450094162],[-8.10973661386771,43.37168738229755],[-7.781074542383692,43.75497175141243],[-5.020313141918081,43.52951035781544],[-2.5717807093622866,43.55205649717513],[-2.1609531200072922,43.33786817325799],[-1.9473227735426804,43.34914124293783],[-2.3581503628976748,43.08986064030131],[-2.473182087917081,42.43602259887004],[-1.996622084265283,42.266926553672306],[-1.9308896699684794,41.83854990583802],[-1.9473227735426804,41.5116308851224],[-2.0952207057104886,41.5116308851224],[-2.0952207057104886,41.28616949152541],[-1.832291048523274,41.241077212806005],[-1.717259323503896,40.63233145009414],[-2.0952207057104886,40.26032015065911],[-1.6022275984844896,39.87703578154424],[-1.7994248413749006,39.76430508474576],[-1.7994248413749006,39.60648210922787],[-1.6022275984844896,39.49375141242936],[-1.6022275984844896,39.18937853107343],[-1.832291048523274,39.268290018832374],[-1.832291048523274,38.61445197740113],[-1.6022275984844896,38.54681355932203],[-1.6022275984844896,38.27625988700564],[-1.4543296663166814,38.19734839924669],[-1.4543296663166814,37.938067796610156],[-1.832291048523274,37.85915630885121],[-1.733692427078097,36.96858380414312],[-2.4238827771944784,36.833306967984925],[-4.2479572739306946,36.743122410546135],[-5.464006938421505,36.02164595103578],[-6.006299356370107,36.303472693032006],[-6.433560049299302,37.03622222222221],[-6.811521431505895,37.18277212806025],[-7.025151777970507,37.239137476459504],[-7.288081435157693,37.22786440677966],[-6.647190395763886,38.11843691148775],[-6.827954535080096,38.253713747645946],[-7.1894828137124875,38.3100790960452],[-6.72935591363489,38.97519020715629],[-7.222349020860889,39.53884369114877],[-6.680056602912288,39.71921280602635],[-6.680056602912288,40.22650094161958],[-6.614324188615484,40.67742372881355],[-6.647190395763886,40.88033898305085],[-6.630757292189685,41.07198116760827],[-5.940566942073303,41.545450094161964],[-6.663623499338087,41.99637288135591],[-8.60272972109371,41.90618832391712]]]}},{"type":"Feature","properties":{"name":"Wattasid Caliphate","abbrevname":"Wattasid C."},"geometry":{"type":"Polygon","coordinates":[[[-1.996622084265283,35.07470809792842],[-1.536495184187686,34.62378531073446],[-1.4543296663166814,34.21795480225988],[-1.4707627698908823,33.84594350282485],[-1.4707627698908823,33.27101694915254],[-1.4050303555940786,33.06810169491524],[-1.6022275984844896,32.448082862523535],[-2.670379330807492,32.30153295668549],[-4.691651070434091,32.414263653483985],[-8.10973661386771,33.34992843691148],[-6.548591774318709,34.13904331450094],[-6.302095220705695,34.46596233521656],[-6.269229013557293,34.544873822975504],[-6.104897977815284,34.883065913370984],[-5.7269365956086915,35.73981920903954],[-5.3654083169763,35.875096045197736],[-4.395855206098503,35.164892655367225],[-2.8018441594010994,35.40162711864406],[-2.1445200164330913,35.07470809792842],[-2.1280869128588904,35.07470809792842],[-1.996622084265283,35.07470809792842]]]}},{"type":"Feature","properties":{"name":"Zayyanid Caliphate","abbrevname":"Zayyanid C."},"geometry":{"type":"Polygon","coordinates":[[[6.712922810060718,32.752455743879466],[5.891267631350729,32.83136723163841],[2.6539462272333196,32.68481732580037],[-0.8791710412196778,32.470629001883225],[-1.6022275984844896,32.448082862523535],[-1.4050303555940786,33.06810169491524],[-1.4707627698908823,33.27101694915254],[-1.4707627698908823,33.84594350282485],[-1.4543296663166814,34.21795480225988],[-1.536495184187686,34.62378531073446],[-1.996622084265283,35.07470809792842],[-1.1256675948326915,35.503084745762706],[-0.22184689825169812,35.875096045197736],[0.10681517323232015,35.75109227871938],[0.9777696626649117,36.404930320150655],[1.782991737800728,36.52893408662899],[6.252795909983121,36.85585310734463],[6.532158670744536,37.103860640301306],[7.123750399415741,36.833306967984925],[6.712922810060718,32.752455743879466]]]}},{"type":"Feature","properties":{"name":"Hafsid Caliphate","abbrevname":"Hafsid Cal."},"geometry":{"type":"Polygon","coordinates":[[[12.316611128862945,32.89900564971751],[12.612406993198533,32.481902071563084],[12.74387182179214,30.82476082862523],[8.093303510293538,32.60590583804142],[6.712922810060718,32.752455743879466],[7.123750399415741,36.833306967984925],[7.518144885196534,37.081314500941616],[8.109736613867739,36.78821468926553],[8.832793171132522,36.90094538606402],[9.621582142694137,37.295502824858744],[10.229606974939543,37.2165913370998],[10.591135253571935,36.731849340866276],[11.232026292965742,37.081314500941616],[10.722600082165542,36.10055743879472],[11.330624914410947,35.255077212806015],[10.229606974939543,34.093951035781544],[10.624001460720336,33.64302824858757],[11.166293878668938,33.586662900188315],[11.675720089469138,33.158286252354046],[12.316611128862945,32.89900564971751]]]}},{"type":"Feature","properties":{"name":"Mamluke Sultanate","abbrevname":"Mamluke Sul."},"geometry":{"type":"Polygon","coordinates":[[[34.35340302186518,31.23059133709981],[34.40270233258778,31.095314500941612],[34.76423061122017,30.216015065913368],[35.14219199342676,29.438173258003758],[34.96142785411058,29.269077212806025],[34.45200164331038,27.781032015065904],[33.71251198247137,28.34468549905837],[33.02232163235496,29.49453860640301],[32.85799059661298,29.866549905838028],[32.52932852512896,29.562177024482096],[35.38868854703978,24.4216572504708],[32.71009266444517,23.74527306967984],[31.01748299630256,23.67763465160074],[29.554936778198766,24.04964595103577],[27.632263660017372,27.217378531073436],[25.643858127539147,28.029039548022595],[21.880677409047365,28.096677966101694],[17.213675993974533,28.77306214689264],[12.74387182179214,30.82476082862523],[12.612406993198533,32.481902071563084],[12.316611128862945,32.89900564971751],[14.354315972063745,32.69609039548021],[15.373168393664145,32.29025988700565],[16.046925640206354,31.298229755178895],[18.166796001278158,30.779668549905836],[18.74195462637516,30.430203389830496],[19.087049801433352,30.238561205273058],[19.119916008581754,30.227288135593213],[19.333546355046337,30.216015065913368],[19.514310494362547,30.272380414312607],[19.53074359793675,30.272380414312607],[20.319532569498364,30.971310734463273],[20.27023325877576,32.0535254237288],[21.25621947322776,32.65099811676082],[22.422969826995967,32.808821092278706],[23.12959328068655,32.57208662900187],[23.359656730725362,32.15498305084745],[23.918382252248165,32.09861770244821],[23.951248459396567,32.076071563088504],[24.230611220157954,31.952067796610166],[24.444241566622566,31.940794726930307],[25.01940019171957,31.92952165725046],[25.18373122746155,31.65896798493408],[25.315196056055157,31.53496421845574],[25.463093988222965,31.456052730696797],[26.350481581229758,31.512418079096037],[29.554936778198766,30.82476082862523],[31.19824713561877,31.489871939736332],[32.808691285890376,30.98258380414312],[33.76181129319397,30.98258380414312],[33.90970922536178,31.016403013182668],[34.35340302186518,31.23059133709981]]]}},{"type":"Feature","properties":{"name":"Montenegro","abbrevname":"Montenegro"},"geometry":{"type":"MultiPolygon","coordinates":[[[[36.09531200073039,36.78821468926553],[35.42155475418818,36.404930320150655],[34.862829232665376,36.66421092278719],[34.04117405395539,36.089284369114864],[33.36741680741318,35.98782674199623],[32.54576162870316,36.14564971751412],[31.576208517825364,36.731849340866276],[30.803852649837978,36.776941619585685],[30.606655406947567,36.13437664783427],[29.867165746108554,36.10055743879472],[29.209841603140575,36.709303201506586],[28.223855388688577,36.54020715630884],[28.207422285114376,36.92349152542373],[27.517231934997966,36.93476459510357],[27.730862281462578,37.1489529190207],[27.369334002830158,37.37441431261769],[27.336467795681756,37.90424858757062],[26.59697813484277,38.11843691148775],[26.679143652713776,38.45662900188324],[27.205002967088177,38.411536723163834],[26.89277399917836,38.65954425612051],[27.23786917423655,38.83991337099812],[26.810608481307355,39.268290018832374],[27.155703656365574,39.56138983050846],[26.268316063358753,39.47120527306967],[26.38334778837816,40.012312617702435],[26.974939517049364,40.39559698681731],[28.683982288766174,40.406870056497155],[29.259140913863178,40.35050470809793],[29.11124298169537,40.63233145009414],[30.080796092573166,40.76760828625234],[29.522070571050364,40.756335216572495],[29.357739535308355,41.22980414312616],[31.428310585657584,41.07198116760827],[32.89085680376138,41.86109604519774],[34.862829232665376,41.894915254237276],[35.20792440772357,42.06401129943501],[35.881681654265776,41.63563465160075],[37.45925959738898,41.04943502824858],[38.85607340119597,40.93670433145007],[39.349066508422,41.060708097928426],[40.20358789428039,40.97052354048964],[40.811612726525794,41.04943502824858],[41.501803076642176,41.29744256120526],[41.682567215958386,41.45526553672315],[41.4196375587712,40.26032015065911],[39.349066508422,38.63699811676082],[38.8067740904734,38.388990583804144],[36.70333683297579,37.38568738229755],[36.99913269731138,37.01367608286252],[36.09531200073039,36.78821468926553]]],[[[17.50947185831015,43.08986064030131],[17.52590496188435,43.34914124293783],[17.262975304697136,43.48441807909603],[17.197242890400332,43.33786817325799],[16.83571461176794,43.40550659133709],[16.917880129638945,43.78879096045196],[16.901447026064744,43.867702448210906],[17.065778061806753,44.262259887005655],[19.136349112155955,44.40880979284367],[19.990870498014345,44.94991713747646],[20.500296708814545,44.9160979284369],[21.009722919614745,44.94991713747646],[23.754051216506156,45.8743088512241],[24.378509152325762,45.8743088512241],[26.74487606701055,45.26556308851224],[28.568950563746768,45.34447457627118],[31.083215410599365,47.4750847457627],[32.15136714292237,46.87761205273068],[31.033916099876762,46.59578531073444],[30.63952161409597,46.18995480225988],[29.83429953896018,45.772851224105466],[29.81786643538598,45.423386064030126],[29.916465056831157,45.27683615819208],[28.897612635230757,44.51026741996233],[28.716848495914576,43.75497175141243],[28.240288492262778,43.40550659133709],[28.09239056009497,43.078587570621465],[27.697996074314176,42.5374802259887],[27.697996074314176,42.41347645951035],[28.12525676724337,41.99637288135591],[28.306020906559553,41.613088512241035],[29.29200712101158,41.218531073446314],[29.029077463824365,40.93670433145007],[28.141689870817572,40.97052354048964],[27.681562970739975,40.98179661016948],[26.350481581229758,40.05740489642184],[26.761309170584752,40.51960075329566],[26.21901675263615,40.688696798493396],[25.21659743460995,41.038161958568736],[25.01940019171957,40.94797740112995],[24.723604327383953,40.89161205273069],[23.83621673437716,40.733789077212805],[24.49354087734517,40.19268173258004],[23.83621673437716,40.361777777777775],[24.00054777011917,40.00103954802259],[23.49112155931897,40.30541242937852],[23.80335052722876,39.95594726930318],[22.899529830647765,40.59851224105461],[22.702332587757354,40.51960075329566],[22.899529830647765,39.85448964218455],[23.441822248596367,39.223197740112994],[23.047427762815545,39.38102071563088],[23.080293969963947,39.04282862523539],[22.702332587757354,38.896278719397344],[24.16487880586115,38.16352919020716],[24.115579495138547,37.701333333333324],[23.704751905783553,38.08461770244821],[23.096727073538148,37.915521657250466],[23.62258638791255,37.48714500941618],[22.850230519925162,37.599875706214675],[23.178892591409152,36.63039171374764],[22.883096727073564,36.765668549905826],[22.587300862737948,36.54020715630884],[22.192906376957154,37.03622222222221],[21.979276030492542,36.84458003766477],[21.42055050896974,37.84788323917137],[22.11074085908615,38.28753295668548],[22.948829141370368,37.971887005649705],[23.32679052357696,38.174802259887],[22.538001552015345,38.44535593220337],[21.371251198247165,38.366444444444426],[20.976856712466343,38.86245951035781],[21.371251198247165,39.0202824858757],[20.41813119094354,39.42611299435026],[20.319532569498364,39.572662900188305],[20.286666362349962,39.617755178907714],[19.58004290865935,40.28286629001883],[19.810106358698164,41.782184557438796],[19.56360980508515,41.86109604519774],[19.119916008581754,42.23310734463277],[18.72552152280096,42.36838418079094],[18.70908841922676,42.379657250470814],[17.85456703336834,42.88694538606401],[17.755968411923135,42.93203766478342],[17.50947185831015,43.08986064030131]]],[[[24.904368466700163,34.96197740112994],[23.721185009357754,35.288896421845564],[23.737618112931955,35.58199623352165],[25.87392157757796,35.36780790960451],[25.939653991874764,35.15361958568738],[26.481946409823365,35.33398870056496],[26.36691468480396,35.04088888888889],[24.904368466700163,34.96197740112994]]]]}},{"type":"Feature","properties":{"name":"Adal","abbrevname":"Adal"},"geometry":{"type":"Polygon","coordinates":[[[43.0136486054686,11.795819209039536],[42.865750673300795,11.525265536723154],[43.30944446980419,11.547811676082858],[43.5066417126946,11.491446327683605],[43.572374126991406,11.468900188323914],[44.4926279271466,10.409231638418078],[43.703838955584985,9.744120527306961],[42.668553430410384,9.52993220338982],[42.22485963390699,10.409231638418078],[41.71543342310679,10.781242937853108],[41.863331355274596,11.367442561205266],[43.0136486054686,11.795819209039536]]]}},{"type":"Feature","properties":{"name":"Ethiopia","abbrevname":"Ethiopia"},"geometry":{"type":"Polygon","coordinates":[[[41.71543342310679,10.781242937853108],[42.22485963390699,10.409231638418078],[42.668553430410384,9.52993220338982],[42.372757566074796,7.162587570621469],[38.31378098324737,6.497476459510352],[36.17747751860139,7.4556873822975405],[35.81594923996897,8.120798493408657],[35.668051307801164,9.597570621468918],[35.81594923996897,12.24674199623351],[36.62117131510479,14.907186440677961],[37.65645684027939,15.425747645951034],[38.395946501118374,15.639935969868162],[39.05327064408638,15.639935969868162],[39.644862372757586,14.97482485875706],[41.337472040900195,13.870064030131815],[41.63326790523578,12.765303201506583],[41.4196375587712,11.88600376647834],[40.8937782443968,11.288531073446322],[41.12384169443558,10.927792843691137],[41.71543342310679,10.781242937853108]]]}},{"type":"Feature","properties":{"name":"Alwa","abbrevname":"Alwa"},"geometry":{"type":"Polygon","coordinates":[[[33.89327612178758,16.45159698681732],[32.34856438581278,16.30504708097928],[31.904870589309382,16.530508474576266],[31.83913817501258,17.40980790960451],[33.23595197881957,18.300380414312613],[34.123339571826364,17.996007532956682],[34.41913543616198,17.263258003766467],[33.89327612178758,16.45159698681732]]]}},{"type":"Feature","properties":{"name":"Funj","abbrevname":"Funj"},"geometry":{"type":"Polygon","coordinates":[[[32.34856438581278,16.30504708097928],[33.89327612178758,16.45159698681732],[34.41913543616198,15.718847457627106],[34.78066371479437,13.576964218455743],[34.78066371479437,12.765303201506583],[33.827543707490776,10.995431261770236],[32.56219473227736,10.995431261770236],[31.98703610718036,12.404564971751412],[32.05276852147716,14.907186440677961],[32.34856438581278,16.30504708097928]]]}},{"type":"Feature","properties":{"name":"Mwenemutapa","abbrevname":"Mwenemutapa"},"geometry":{"type":"Polygon","coordinates":[[[33.26881818596797,-23.060512241054624],[31.576208517825364,-25.270033898305087],[30.623088510521768,-25.85623352165726],[29.587802985347167,-25.85623352165726],[28.848313324508155,-24.898022598870057],[28.289587802985352,-22.75613935969868],[28.223855388688577,-21.211728813559333],[28.371753320856357,-19.667318267419972],[29.11124298169537,-18.190546139359697],[30.277993335463577,-16.341762711864405],[31.83913817501258,-16.048662900188333],[33.15378646094857,-16.048662900188333],[33.56461405030356,-16.522131826741997],[33.86040991463918,-18.630195856873826],[33.26881818596797,-23.060512241054624]]]}},{"type":"Feature","properties":{"name":"Ndongo","abbrevname":"Ndongo"},"geometry":{"type":"Polygon","coordinates":[[[16.194823572374133,-9.10445197740114],[16.622084265303357,-9.217182674199634],[16.786415301045338,-9.871020715630891],[16.65495047245173,-10.062662900188329],[16.392020815264544,-10.175393596986822],[16.112658054503157,-10.209212806026372],[15.866161500890144,-10.175393596986822],[15.438900807960948,-9.871020715630891],[15.438900807960948,-9.58919397363465],[15.718263568722335,-9.16081732580038],[16.194823572374133,-9.10445197740114]]]}},{"type":"Feature","properties":{"name":"Benin","abbrevname":"Benin"},"geometry":{"type":"Polygon","coordinates":[[[4.1493586524855175,6.598934086629001],[5.0203131419181375,7.9517024482109235],[5.546172456292538,8.740817325800364],[7.074451088693138,8.66190583804142],[7.567444195919137,7.929156308851219],[7.567444195919137,6.959672316384172],[7.10731729584154,6.1480112994350264],[6.285662117131523,4.344320150659129],[5.6283379741635144,4.975612052730696],[5.579038663440912,5.629450094161953],[5.086045556214913,6.024007532956674],[4.839549002601927,6.2269227871939705],[4.280823481079125,6.452384180790958],[4.1493586524855175,6.598934086629001]]]}},{"type":"Feature","properties":{"name":"Oyo","abbrevname":"Oyo"},"geometry":{"type":"Polygon","coordinates":[[[5.546172456292538,8.740817325800364],[5.0203131419181375,7.9517024482109235],[4.445154516821134,7.681148775894528],[3.574200027388514,7.681148775894528],[2.8347103665495297,7.827698681732571],[2.1609531200073206,8.413898305084743],[2.1609531200073206,8.864821092278717],[2.5389145022139132,9.597570621468918],[2.8511434701237306,9.699028248587567],[3.426302095220734,9.890670433145004],[4.52732003469211,9.823032015065905],[5.053179349066511,9.507386064030129],[5.546172456292538,8.740817325800364]]]}},{"type":"Feature","properties":{"name":"Akan","abbrevname":"Akan"},"geometry":{"type":"Polygon","coordinates":[[[0.7477062126261274,5.742180790960447],[0.09038206965811924,5.584357815442559],[0.008216551787114668,5.550538606403009],[-0.09038206965809081,5.494173258003755],[-0.40261103756787975,5.336350282485867],[-1.832291048523274,4.7163314500941595],[-2.0952207057104886,4.862881355932203],[-2.506048295065483,5.05452354048964],[-2.538914502213885,5.11088888888888],[-2.6046469165106885,5.201073446327683],[-2.8840096772720756,5.178527306967979],[-3.7385310631304947,5.279984934086627],[-3.2948372666270984,5.91127683615818],[-2.703245537955894,6.136738229755167],[-1.5857944949102887,6.28328813559321],[-0.9284703519422806,6.28328813559321],[-0.40261103756787975,6.170557438794717],[-0.1889806911032963,6.136738229755167],[0.7477062126261274,5.742180790960447]]]}},{"type":"Feature","properties":{"name":"Songhai","abbrevname":"Songhai"},"geometry":{"type":"Polygon","coordinates":[[[-9.177888346190713,12.24674199623351],[-8.750627653261489,13.948975517890759],[-8.011137992422505,15.200286252354047],[-5.69407038846029,17.81563841807909],[-3.442735198794878,19.033129943502814],[-1.3721641484456768,19.405141242937844],[-0.1889806911032963,18.95421845574387],[1.3885972520199061,17.07161581920903],[3.6070662345369158,14.118071563088506],[3.754964166704724,13.306410546139347],[2.9497420915689077,12.494749529190202],[2.128086912858919,12.348199623352158],[1.3392979412973318,12.731483992467034],[0.10681517323232015,14.614086629001875],[-0.6326744876066925,15.200286252354047],[-1.733692427078097,15.200286252354047],[-2.3252841557493014,15.053736346516004],[-3.508467613091682,14.1631638418079],[-4.888848313324502,12.866760828625232],[-6.680056602912288,12.325653483992454],[-8.520564203222705,11.660542372881352],[-9.177888346190713,12.24674199623351]]]}},{"type":"Feature","properties":{"name":"Mali","abbrevname":"Mali"},"geometry":{"type":"Polygon","coordinates":[[[-15.849728397315914,18.694937853107334],[-11.840051125211119,18.446930320150656],[-8.898525585429297,18.661118644067784],[-6.8936869493768995,18.446930320150656],[-5.69407038846029,17.81563841807909],[-8.011137992422505,15.200286252354047],[-8.750627653261489,13.948975517890759],[-9.177888346190713,12.24674199623351],[-10.739033185739714,11.44635404896421],[-11.544255260875502,11.44635404896421],[-12.497375268179098,12.032553672316382],[-14.042087004153899,13.509325800376644],[-16.26055598667091,13.73478719397363],[-16.671383576025903,14.377352165725043],[-17.230109097548706,14.828274952919017],[-16.244122883096708,16.13595103578153],[-16.178390468799904,16.73342372881355],[-15.915460811612718,17.31962335216572],[-15.833295293741713,17.69163465160075],[-15.849728397315914,18.694937853107334]]]}},{"type":"Feature","properties":{"name":"Hausa States","abbrevname":"Hausa States"},"geometry":{"type":"Polygon","coordinates":[[[10.936230428630125,11.311077212806026],[10.048842835623333,10.927792843691137],[7.386680056602927,11.063069679849335],[4.872415209750329,11.525265536723154],[3.754964166704724,12.19037664783427],[3.9850276167435084,13.678421845574377],[7.156616606564114,14.26462146892655],[9.30935317478432,14.53517514124293],[10.278906285662146,14.242075329566845],[10.936230428630125,11.311077212806026]]]}},{"type":"Feature","properties":{"name":"Bornu-Kanem","abbrevname":"Bornu"},"geometry":{"type":"MultiPolygon","coordinates":[[[[8.78349386040992,3.0817363465159957],[8.569863513945336,3.3297438794726872],[9.029990414022933,3.6341167608286185],[8.78349386040992,3.0817363465159957]]],[[[10.936230428630125,11.311077212806026],[10.278906285662146,14.242075329566845],[11.01839594650113,14.614086629001875],[11.971515953804726,16.23740866290018],[12.185146300269338,20.363352165725047],[12.628840096772734,21.02846327683615],[13.516227689779527,20.9946440677966],[15.208837357922135,15.053736346516004],[16.030492536632153,14.320986817325789],[16.030492536632153,13.137314500941613],[12.56310768247593,11.220892655367223],[12.135846989546735,11.243438794726927],[10.936230428630125,11.311077212806026]]]]}},{"type":"Feature","properties":{"name":"Yemen","abbrevname":"Yemen"},"geometry":{"type":"Polygon","coordinates":[[[47.0890582918702,13.48677966101694],[46.80969553110879,13.41914124293784],[45.72511069521158,13.227499058380403],[45.593645866618004,13.092222222222219],[44.26256447710779,12.6300263653484],[44.048934130643204,12.68639171374764],[43.80243757703019,12.844214689265527],[43.76957136988179,12.878033898305077],[43.26014515908159,14.62535969868172],[42.964349294746,16.665785310734464],[45.445747934450196,17.71418079096044],[46.4810334596248,17.139254237288128],[46.85899484183139,15.43702071563088],[46.5467658739216,14.118071563088506],[46.90829415255399,13.948975517890759],[47.0890582918702,13.48677966101694]]]}},{"type":"Feature","properties":{"name":"Hadramaut","abbrevname":"Hadramaut"},"geometry":{"type":"Polygon","coordinates":[[[46.85899484183139,15.43702071563088],[48.0421782991738,16.440323917137476],[50.720774181768405,17.161800376647832],[54.1552928287762,19.743333333333325],[57.14611767928062,20.65645197740112],[58.378600447345605,21.862670433145],[60.03834390833981,22.291047080979283],[59.068790797462015,21.129920903954797],[58.97019217601681,20.96082485875705],[58.723695622403824,20.44226365348399],[58.13210389373262,20.419717514124287],[58.049938375861615,19.05567608286252],[57.39261423289361,18.95421845574387],[56.94892043639021,18.706210922787193],[56.65312457205462,18.108738229755176],[55.60140594330582,17.826911487758935],[55.486374218286414,17.69163465160075],[55.40420870041541,17.161800376647832],[55.10841283607982,16.98143126177024],[54.96051490391201,16.970158192090395],[54.286757657369805,17.03779661016948],[53.2186059250468,16.665785310734464],[52.561281782078794,16.248681732580025],[52.1504541927238,15.561024482109218],[51.80535901766561,15.391928436911485],[51.50956315332999,15.267924670433132],[49.91555210663259,14.794455743879467],[49.159629342219404,14.230802259887],[48.96243209932899,14.118071563088506],[48.23937554206421,14.061706214689252],[47.138357602592805,13.509325800376644],[47.0890582918702,13.48677966101694],[46.90829415255399,13.948975517890759],[46.5467658739216,14.118071563088506],[46.85899484183139,15.43702071563088]]]}},{"type":"Feature","properties":{"name":"Muscat","abbrevname":"Muscat"},"geometry":{"type":"Polygon","coordinates":[[[60.03834390833981,22.291047080979283],[58.378600447345605,21.862670433145],[57.81987492582283,22.719423728813553],[56.62025836490622,23.474719397363458],[54.2045921394988,23.125254237288132],[50.77007349249101,23.86927683615818],[51.1644679782718,24.45547645951035],[51.049436253252395,25.278410546139355],[51.427397635459016,26.078798493408655],[51.78892591409141,25.62787570621468],[51.49313004975582,24.432930320150646],[51.49313004975582,24.297653483992462],[51.78892591409141,24.01582674199622],[54.221025243073,24.072192090395475],[54.976948007486214,24.748576271186437],[56.357328707719006,25.988613935969866],[56.57095905418362,26.247894538606403],[56.357328707719006,25.492598870056483],[56.48879353631261,25.481325800376638],[56.57095905418362,25.470052730696793],[56.60382526133202,24.940218455743874],[57.343314922171004,24.004553672316376],[57.60624457935822,23.858003766478333],[57.65554389008082,23.824184557438784],[58.83872734742323,23.474719397363458],[60.03834390833981,22.291047080979283]]]}},{"type":"Feature","properties":{"name":"Emirate of the White Sheep Turks","abbrevname":"Turks"},"geometry":{"type":"Polygon","coordinates":[[[38.248048568950594,34.6125122410546],[39.102569954808985,36.02164595103578],[38.29734787967317,36.01037288135592],[38.593143744008785,36.60784557438794],[38.14944994750539,37.115133709981166],[38.14944994750539,37.34059510357815],[39.18473547267999,37.633694915254225],[39.414798922718774,38.21989453860638],[38.8067740904734,38.388990583804144],[39.349066508422,38.63699811676082],[41.4196375587712,40.26032015065911],[41.682567215958386,41.45526553672315],[42.22485963390699,41.42144632768361],[42.4549230839458,41.38762711864405],[42.55352170539098,41.42144632768361],[42.8986168804492,41.5792693032015],[43.07938101976538,41.567996233521654],[44.16396585566258,42.6051186440678],[44.4926279271466,42.62766478342749],[44.574793445017605,42.706576271186435],[44.62409275574021,42.751668549905844],[44.70625827361118,42.774214689265534],[45.067786552243604,42.684030131826745],[45.18281827726298,42.78548775894538],[45.593645866618004,42.638937853107336],[45.67581138448901,42.56002636534839],[46.0702058702698,42.49238794726929],[45.955174145250396,42.266926553672306],[46.250970009585984,42.06401129943501],[46.36600173460539,42.01891902071563],[46.69466380608941,41.985099811676065],[46.760396220386184,41.894915254237276],[47.0561920847218,41.849822975517895],[47.121924499018604,41.77091148775895],[47.43415346692839,41.590542372881345],[47.5491851919478,41.31998870056498],[48.19007623134161,41.241077212806005],[48.40370657780619,41.477811676082865],[48.42013968138039,41.48908474576271],[47.450586570502594,42.796760828625224],[47.69708312411561,43.59714877589454],[47.94357967772859,43.87897551789075],[47.76281553841241,43.02222222222221],[48.0421782991738,42.638937853107336],[48.42013968138039,42.30074576271187],[48.6173369242708,42.10910357815442],[48.88026658145799,41.849822975517895],[49.20892865294201,41.53417702448209],[49.32396037796141,41.4439924670433],[49.81695348518741,40.69996986817324],[50.6714748710458,40.339231638418084],[49.866252795910015,40.26032015065911],[49.685488656593805,39.31338229755178],[49.47185831012919,39.03155555555554],[49.24179486009041,39.16683239171374],[49.22536175651621,39.0202824858757],[49.20892865294201,38.896278719397344],[49.028164513625796,38.321352165725045],[49.0445976172,37.53223728813559],[50.24421417811661,37.239137476459504],[50.77007349249101,36.69803013182674],[51.6245948783494,36.472568738229754],[54.1881590359246,36.799487758945375],[57.39261423289361,30.779668549905836],[59.38101976537183,28.491235404896415],[60.18624184050762,26.52972128060263],[60.67923494773362,25.312229755178905],[59.51248459396541,25.3573220338983],[58.95375907244261,25.548964218455737],[58.575797690236016,25.560237288135582],[57.45834664719041,25.808244821092273],[56.866754918519206,27.070828625235393],[55.63427215045422,26.980644067796604],[54.84548317889261,26.40571751412429],[53.087141096453195,27.070828625235393],[52.6105810928014,27.60066290018831],[51.558862464052595,28.051585687382286],[50.34281279956181,30.08073822975517],[49.718354863742206,30.035645951035775],[49.22536175651621,30.4527495291902],[48.76523485643861,30.01309981167607],[48.1079107134706,29.911642184557437],[48.0421782991738,29.517084745762702],[47.1054913954444,29.449446327683603],[44.27899758068199,30.35129190207155],[40.23645410142879,34.40959698681732],[39.54626375131238,34.6125122410546],[38.248048568950594,34.6125122410546]]]}},{"type":"Feature","properties":{"name":"Timurid Emirates","abbrevname":"Timurid Em."},"geometry":{"type":"Polygon","coordinates":[[[60.18624184050762,26.52972128060263],[59.38101976537183,28.491235404896415],[57.39261423289361,30.779668549905836],[54.1881590359246,36.799487758945375],[54.270324553795604,36.95731073446326],[54.221025243073,37.36314124293784],[54.1881590359246,37.53223728813559],[54.138859725201996,38.174802259887],[54.270324553795604,38.91882485875706],[55.847902496918806,40.06867796610169],[59.233121833204024,44.04807156308851],[60.777833569178824,44.04807156308851],[63.06203496599264,42.052738229755164],[65.28050394850962,39.550116760828615],[68.78075500981424,37.1489529190207],[71.54151641027985,35.79618455743879],[72.23170676039624,35.627088512241045],[70.53909709225363,31.399687382297543],[70.44049847080845,31.151679849340866],[69.76674122426624,29.968007532956676],[68.76432190624004,29.12252730696798],[67.20317706669104,27.758485875706214],[65.72419774501304,26.946824858757054],[61.139361847811216,26.59735969868173],[60.18624184050762,26.52972128060263]]]}},{"type":"Feature","properties":{"name":"Islamic states"},"geometry":{"type":"Polygon","coordinates":[[[73.02049573195785,31.072768361581907],[71.98521020678325,29.968007532956676],[70.34189984936324,28.119224105461385],[69.55311087780163,26.214075329566853],[69.22444880631764,24.64711864406779],[69.30661432418864,22.91106591337099],[69.09298397772403,23.01252354048964],[68.27132879901404,23.6889077212806],[67.69617017391704,23.948188323917137],[67.35107499885882,24.669664783427493],[66.85808189163282,24.804941619585676],[66.62801844159404,25.503871939736342],[66.49655361300043,25.515145009416187],[64.62317980554164,25.18822598870055],[64.26165152690922,25.41368738229754],[63.22636600173462,25.176952919020707],[62.010316337243836,25.075495291902058],[61.78025288720502,25.052949152542368],[60.67923494773362,25.312229755178905],[60.18624184050762,26.52972128060263],[61.139361847811216,26.59735969868173],[65.72419774501304,26.946824858757054],[67.20317706669104,27.758485875706214],[68.76432190624004,29.12252730696798],[69.76674122426624,29.968007532956676],[70.44049847080845,31.151679849340866],[70.53909709225363,31.399687382297543],[71.68941434244763,31.21931826741995],[73.02049573195785,31.072768361581907]]]}},{"type":"Feature","properties":{"name":"Sultanate of Delhi","abbrevname":"Delhi"},"geometry":{"type":"Polygon","coordinates":[[[73.02049573195785,31.072768361581907],[71.68941434244763,31.21931826741995],[70.53909709225363,31.399687382297543],[72.23170676039624,35.627088512241045],[74.86100333226824,34.98452354048963],[76.10991920390745,34.95070433145008],[78.18049025425665,34.894338983050844],[77.52316611128867,34.026312617702445],[77.44100059341764,33.13574011299434],[77.73679645775326,32.109890772128054],[80.25106130460586,30.001826741996226],[83.94850960880086,28.220681732580033],[86.42990824850506,27.025736346516],[85.98621445200166,25.69551412429378],[85.47678824120146,24.21874199623352],[85.18099237686585,24.21874199623352],[83.34048477655546,24.804941619585676],[82.74889304788428,24.804941619585676],[82.89679098005206,24.297653483992462],[83.84991098735566,23.925642184557432],[83.93207650522669,23.700180790960445],[82.74889304788428,23.260531073446316],[81.12201579403848,23.700180790960445],[79.15004336513448,23.970734463276827],[78.47628611859227,24.308926553672308],[77.98329301136624,25.66169491525423],[76.63577851828182,27.533024482109226],[75.84698954672024,27.79230508474575],[75.09106678230705,27.9839472693032],[74.94316885013924,29.009796610169488],[74.79527091797144,30.70075706214689],[73.75998539279684,31.005129943502823],[73.02049573195785,31.072768361581907]]]}},{"type":"Feature","properties":{"name":"Bengal","abbrevname":"Bengal"},"geometry":{"type":"Polygon","coordinates":[[[85.57538686264667,19.619329566854987],[84.88519651253029,20.22807532956685],[84.50723513032364,20.769182674199612],[82.74889304788428,23.260531073446316],[83.93207650522669,23.700180790960445],[83.84991098735566,23.925642184557432],[82.89679098005206,24.297653483992462],[82.74889304788428,24.804941619585676],[83.34048477655546,24.804941619585676],[85.18099237686585,24.21874199623352],[85.47678824120146,24.21874199623352],[85.98621445200166,25.69551412429378],[86.42990824850506,27.025736346516],[88.86200757748668,26.42826365348398],[91.2283744921715,26.42826365348398],[91.75423380654587,26.304259887005642],[92.23079381019767,25.44750659133709],[91.91856484228788,24.106011299435025],[91.60633587437809,22.741969868173257],[91.11334276715206,22.57287382297551],[90.8175469028165,22.97870433145009],[90.76824759209387,23.00125047080978],[90.85041310996485,22.155770244821085],[90.47245172775825,21.7950320150659],[90.07805724197749,22.155770244821085],[89.88085999908708,21.73866666666666],[89.6672296526225,21.964128060263647],[89.09207102752549,21.535751412429377],[88.76340895604147,21.907762711864393],[88.50047929885426,21.569570621468927],[88.31971515953808,21.885216572504703],[88.25398274524127,21.952854990583802],[87.02149997717629,21.20883239171374],[87.05436618432469,20.893186440677965],[86.84073583786005,20.216802259887004],[85.57538686264667,19.619329566854987]]]}},{"type":"Feature","properties":{"name":"Tibet","abbrevname":"Tibet"},"geometry":{"type":"Polygon","coordinates":[[[78.18049025425665,34.894338983050844],[79.69233578308308,34.84924670433145],[82.89679098005206,34.759062146892646],[90.12735655270006,35.198711864406775],[90.42315241703568,35.64963465160075],[90.12735655270006,36.01037288135592],[90.7846806956681,36.52893408662899],[91.88569863513948,36.38238418079095],[95.71461176792809,37.115133709981166],[101.8934587118273,36.32601883239171],[102.61651526909208,33.73321280602636],[100.89103939380107,28.705423728813557],[98.8369014470261,27.499205273069677],[98.4260738576711,27.56684369114876],[98.03167937189028,28.299593220338977],[97.68658419683209,28.41232391713747],[97.5386862646643,28.19813559322033],[95.68174556077969,27.927581920903947],[95.04085452138588,27.589389830508466],[94.53142831058568,26.90173258003766],[92.60875519240426,26.59735969868173],[91.75423380654587,26.304259887005642],[91.2283744921715,26.42826365348398],[88.86200757748668,26.42826365348398],[86.42990824850506,27.025736346516],[83.94850960880086,28.220681732580033],[80.25106130460586,30.001826741996226],[77.73679645775326,32.109890772128054],[77.44100059341764,33.13574011299434],[77.52316611128867,34.026312617702445],[78.18049025425665,34.894338983050844]]]}},{"type":"Feature","properties":{"name":"Korea","abbrevname":"Korea","wb_cntry":"KOR"},"geometry":{"type":"Polygon","coordinates":[[[125.50782854795273,39.38102071563088],[129.84616789154154,41.66945386064029],[129.68183685579953,40.69996986817324],[127.87419546263754,39.88830885122411],[127.61126580545033,39.087920903954796],[128.64655133062496,38.27625988700564],[129.18884374857356,37.543510357815435],[129.61610444150273,35.76236534839924],[129.12311133427676,35.05216195856873],[128.76158305564434,35.11980037664783],[128.36718856986352,34.8154274952919],[127.79202994476651,34.90561205273069],[126.60884648742416,34.28559322033898],[126.42808234810792,35.17616572504707],[126.82247683388874,35.942734463276835],[126.55954717670153,36.64166478342749],[126.16515269092076,36.743122410546135],[126.88820924818555,36.85585310734463],[126.98680786963075,37.09258757062146],[126.59241338384993,37.633694915254225],[126.41164924453375,37.76897175141242],[126.11585338019813,37.53223728813559],[125.77075820513994,37.84788323917137],[125.47496234080432,37.49841807909604],[124.96553613000412,37.949340866290015],[124.93266992285572,38.29880602636533],[125.49139544437855,38.70463653483992],[125.22846578719134,38.82864030131827],[125.50782854795273,39.38102071563088]]]}},{"type":"Feature","properties":{"name":"Rajastan","abbrevname":"Rajastan"},"geometry":{"type":"Polygon","coordinates":[[[69.30661432418864,22.91106591337099],[69.22444880631764,24.64711864406779],[69.55311087780163,26.214075329566853],[70.34189984936324,28.119224105461385],[71.98521020678325,29.968007532956676],[73.02049573195785,31.072768361581907],[73.75998539279684,31.005129943502823],[74.79527091797144,30.70075706214689],[74.94316885013924,29.009796610169488],[75.09106678230705,27.9839472693032],[75.84698954672024,27.79230508474575],[76.63577851828182,27.533024482109226],[77.98329301136624,25.66169491525423],[78.47628611859227,24.308926553672308],[73.67781987492583,22.888519774011286],[73.23412607842243,24.21874199623352],[70.58839640297623,22.87724670433144],[70.50623088510523,22.84342749529189],[69.30661432418864,22.91106591337099]]]}},{"type":"Feature","properties":{"name":"Orissa","abbrevname":"Orissa"},"geometry":{"type":"Polygon","coordinates":[[[85.57538686264667,19.619329566854987],[85.31245720545945,19.4615065913371],[85.11525996256904,19.20222598870056],[84.86876340895606,18.95421845574387],[84.52366823389787,18.54838794726929],[84.47436892317529,18.469476459510346],[83.88277719450406,18.097465160075316],[83.27475236225865,17.522538606403003],[82.94609029077463,17.35344256120527],[82.55169580499387,17.10543502824858],[82.28876614780665,16.47414312617701],[81.56570959054187,16.361412429378518],[81.17131510476105,15.74139359698681],[80.66188889396085,15.786485875706205],[79.64303647236045,16.034493408662897],[79.52800474734107,17.25198493408662],[82.05870269776784,18.751303201506587],[84.50723513032364,20.769182674199612],[84.88519651253029,20.22807532956685],[85.57538686264667,19.619329566854987]]]}},{"type":"Feature","properties":{"name":"Islamic states"},"geometry":{"type":"Polygon","coordinates":[[[70.58839640297623,22.87724670433144],[73.23412607842243,24.21874199623352],[73.67781987492583,22.888519774011286],[78.47628611859227,24.308926553672308],[79.15004336513448,23.970734463276827],[81.12201579403848,23.700180790960445],[82.74889304788428,23.260531073446316],[84.50723513032364,20.769182674199612],[82.05870269776784,18.751303201506587],[79.52800474734107,17.25198493408662],[79.06787784726345,18.289107344632768],[79.41297302232164,18.86403389830508],[78.95284612224407,19.20222598870056],[77.45743369699187,18.751303201506587],[75.61692609668145,18.514568738229755],[73.59565435705485,16.631966101694914],[73.38202401059024,17.533811676082863],[73.26699228557084,18.05237288135592],[73.18482676769983,18.55966101694915],[73.05336193910625,19.2585913370998],[72.98762952480945,19.968794726930312],[73.06979504268045,20.329532956685497],[73.31629159629344,20.701544256120513],[73.31629159629344,20.848094161958556],[73.13552745697726,20.97209792843691],[72.90546400693844,22.14449717514124],[72.42890400328665,22.031766478342746],[72.33030538184144,21.175013182674192],[71.06495640662803,20.667725047080978],[70.40763226366005,20.96082485875705],[69.09298397772403,22.302320150659128],[70.17756881362124,22.369958568738227],[70.58839640297623,22.87724670433144]]]}},{"type":"Feature","properties":{"name":"Bahmani Kingdom","abbrevname":"Bahmani"},"geometry":{"type":"Polygon","coordinates":[[[79.52800474734107,17.25198493408662],[79.64303647236045,16.034493408662897],[77.68749714703063,16.327593220338983],[77.11233852193362,16.327593220338983],[76.30711644679786,15.978128060263643],[75.27183092162323,15.978128060263643],[74.58164057150685,16.327593220338983],[73.69425297850003,16.30504708097928],[73.61208746062906,16.57560075329566],[73.59565435705485,16.631966101694914],[75.61692609668145,18.514568738229755],[77.45743369699187,18.751303201506587],[78.95284612224407,19.20222598870056],[79.41297302232164,18.86403389830508],[79.06787784726345,18.289107344632768],[79.52800474734107,17.25198493408662]]]}},{"type":"Feature","properties":{"name":"Vijayanagara","abbrevname":"Vijayanagara"},"geometry":{"type":"Polygon","coordinates":[[[73.69425297850003,16.30504708097928],[74.58164057150685,16.327593220338983],[75.27183092162323,15.978128060263643],[76.30711644679786,15.978128060263643],[77.11233852193362,16.327593220338983],[77.68749714703063,16.327593220338983],[79.64303647236045,16.034493408662897],[80.66188889396085,15.786485875706205],[80.28392751175426,14.9635517890772],[80.38252613319946,13.543145009416193],[80.39895923677363,13.509325800376644],[80.53042406536724,13.351502824858756],[80.51399096179307,13.126041431261768],[80.11959647601225,12.122738229755171],[80.07029716528967,11.987461393596973],[79.97169854384447,11.750726930320141],[79.92239923312184,11.536538606403013],[79.92239923312184,11.457627118644055],[79.93883233669607,11.164527306967983],[79.98813164741864,10.262681732580035],[79.42940612589587,10.20631638418078],[79.13361026156025,9.507386064030129],[79.36367371159906,9.293197740112987],[78.52558542931484,9.01137099811676],[78.09832473638568,8.278621468926545],[77.93399370064367,8.1997099811676],[77.86826128634686,8.154617702448206],[77.53959921486285,8.075706214689262],[76.73437713972703,9.135374764595099],[76.66864472543023,9.428474576271185],[76.58647920755925,9.766666666666666],[76.45501437896564,10.116131826741992],[76.27425023964946,10.567054613935966],[75.86342265029444,11.435080979284365],[75.79769023599763,11.536538606403013],[75.41972885379104,12.122738229755171],[75.17323230017806,12.889306967984922],[74.97603505728765,13.543145009416193],[74.94316885013924,13.700967984934081],[74.91030264299084,13.76860640301318],[74.63093988222946,14.388625235404888],[74.59807367508105,14.433717514124282],[74.35157712146804,14.862094161958566],[74.23654539644863,15.076282485875694],[73.77641849637104,16.057039548022587],[73.71068608207423,16.259954802259884],[73.69425297850003,16.30504708097928]]]}},{"type":"Feature","properties":{"name":"Arakan","abbrevname":"Arakan"},"geometry":{"type":"Polygon","coordinates":[[[93.03601588533348,20.44226365348399],[92.32939243164287,21.017190207156304],[92.05002967088149,21.930308851224098],[91.7706669101201,22.561600753295664],[91.60633587437809,22.741969868173257],[91.91856484228788,24.106011299435025],[93.08531519605606,21.919035781544252],[93.03601588533348,20.44226365348399]]]}},{"type":"Feature","properties":{"name":"Champa","abbrevname":"Champa"},"geometry":{"type":"Polygon","coordinates":[[[109.2554891130689,11.953642184557438],[109.27192221664313,11.604177024482098],[109.10759118090112,11.35616949152542],[108.89396083443648,11.164527306967983],[107.46428082348109,10.364139359698669],[107.23421737344228,10.454323917137472],[107.0534532341261,10.589600753295656],[107.5957456520747,12.370745762711863],[109.2554891130689,11.953642184557438]]]}},{"type":"Feature","properties":{"name":"Laos","abbrevname":"Laos"},"geometry":{"type":"Polygon","coordinates":[[[105.77167115533848,17.894549905838034],[105.13078011594467,17.466173258003764],[104.30912493723469,18.018553672316372],[101.84415940110472,18.018553672316372],[101.86059250467889,19.675694915254226],[102.0577897475693,20.554994350282485],[103.19167389418908,20.983370998116754],[103.56963527639567,20.07025235404896],[104.0954945907701,19.3262297551789],[104.17766010864108,19.281137476459506],[104.73638563016391,18.95421845574387],[105.0157483909253,18.740030131826728],[105.6237732231707,18.097465160075316],[105.77167115533848,17.894549905838034]]]}},{"type":"Feature","properties":{"name":"Annam","abbrevname":"Annam"},"geometry":{"type":"Polygon","coordinates":[[[107.6614780663715,20.9946440677966],[107.00415392340352,20.9270056497175],[106.05103391609993,19.72078719397362],[105.73880494819008,18.86403389830508],[106.56046012690013,18.02982674199623],[106.59332633404853,17.68036158192089],[106.82338978408728,17.34216949152541],[107.31638289131331,16.970158192090395],[107.89154151641031,16.383958568738223],[108.43383393435892,16.102131826741996],[109.1240242844753,14.805728813559313],[109.51841877025612,12.923126177024471],[109.2554891130689,11.953642184557438],[107.5957456520747,12.370745762711863],[107.67791116994573,13.272591337099811],[107.49714703062949,14.19698305084745],[107.5957456520747,14.60281355932203],[107.6614780663715,15.00864406779661],[107.64504496279733,15.279197740112991],[107.54644634135212,15.470839924670429],[107.29994978773908,15.685028248587571],[107.31638289131331,16.18104331450094],[107.1520518555713,16.327593220338983],[106.83982288766151,16.496689265536716],[106.37969598758389,17.150527306967973],[105.77167115533848,17.894549905838034],[105.6237732231707,18.097465160075316],[105.0157483909253,18.740030131826728],[104.73638563016391,18.95421845574387],[104.17766010864108,19.281137476459506],[104.0954945907701,19.3262297551789],[103.56963527639567,20.07025235404896],[103.19167389418908,20.983370998116754],[105.6237732231707,21.919035781544252],[106.44542840188069,21.716120527306956],[107.6614780663715,20.9946440677966]]]}},{"type":"Feature","properties":{"name":"Laos","abbrevname":"Laos"},"geometry":{"type":"Polygon","coordinates":[[[98.8369014470261,27.499205273069677],[100.89103939380107,28.705423728813557],[102.61651526909208,33.73321280602636],[101.8934587118273,36.32601883239171],[95.71461176792809,37.115133709981166],[95.35308348929567,37.71260640301317],[95.79677728579907,38.96391713747644],[99.4777924864199,38.99773634651601],[103.12594147989228,39.03155555555554],[119.80554160770532,42.04146516007532],[132.06463687405852,43.30404896421845],[130.63495686310313,42.289472693031996],[130.02693203085772,41.88364218455743],[129.84616789154154,41.66945386064029],[125.50782854795273,39.38102071563088],[124.40681060848135,39.75303201506591],[124.34107819418455,39.85448964218455],[124.30821198703615,39.899581920903955],[121.26808782580912,38.77227495291902],[121.85967955448035,39.34720150659132],[121.4488519651253,39.572662900188305],[122.28694024740952,40.50832768361582],[121.21878851508654,40.869065913371],[120.47929885424753,40.17013559322032],[119.59191126124074,39.86576271186439],[119.4111471219245,39.65157438794725],[119.18108367188574,39.245743879472684],[118.47446021819513,39.0202824858757],[118.11293193956271,39.27956308851222],[117.7842698680787,38.93009792843691],[117.63637193591092,38.61445197740113],[118.04719952526591,38.18607532956685],[119.08248505044054,37.971887005649705],[119.16465056831152,37.09258757062146],[119.80554160770532,37.137679849340856],[120.85726023645412,37.75769868173258],[121.64604920801571,37.351868173258],[122.59916921531931,37.31804896421845],[122.45127128315153,36.75439548022598],[121.81038024375772,36.85585310734463],[120.74222851143475,36.404930320150655],[120.70936230428634,36.07801129943502],[120.11777057561511,36.15692278719396],[119.23038298260832,34.71396986817325],[120.18350298991191,34.15031638418078],[120.85726023645412,32.56081355932203],[121.81038024375772,31.839337099811672],[121.46528506869953,31.467325800376642],[121.77751403660932,30.72330320150658],[120.15063678276351,30.137103578154424],[121.36668644725432,30.20474199623351],[121.97471127949973,29.855276836158183],[121.56388369014473,29.426900188323913],[121.85967955448035,29.33671563088511],[121.46528506869953,28.19813559322033],[121.21878851508654,28.299593220338977],[120.56146437211851,27.194832391713746],[119.80554160770532,26.710090395480222],[119.62477746838914,25.672967984934076],[118.55662573606611,24.4892956685499],[118.06363262884014,24.52311487758945],[118.04719952526591,24.06091902071563],[116.65038572145892,23.271804143126175],[116.2888574428265,22.899792843691145],[114.7605788104259,22.48268926553672],[114.74414570685173,22.696877589453848],[114.05395535673529,22.48268926553672],[113.7417263888255,22.719423728813553],[113.65956087095452,22.78706214689265],[113.57739535308349,22.17831638418079],[113.06796914228329,22.07685875706214],[112.95293741726391,21.77248587570621],[110.43867257041131,21.29901694915253],[110.2743415346693,20.93827871939736],[110.6194367097275,20.543721280602625],[110.47153877755972,20.329532956685497],[110.12644360250152,20.2618945386064],[109.91281325603688,20.588813559322034],[109.97854567033369,21.501932203389828],[109.32122152736571,21.411747645951024],[108.76249600584293,21.84012429378531],[108.59816497010092,21.547024482109222],[108.0723056557265,21.479386064030123],[107.6286118592231,21.197559322033896],[107.6614780663715,20.9946440677966],[106.44542840188069,21.716120527306956],[105.6237732231707,21.919035781544252],[103.19167389418908,20.983370998116754],[102.0577897475693,20.554994350282485],[101.86059250467889,19.675694915254226],[100.64454284018808,20.047706214689256],[100.44734559729767,20.397171374764582],[100.20084904368468,20.47608286252354],[100.16798283653628,20.44226365348399],[100.0529511115169,20.49862900188323],[99.79002145432969,23.01252354048964],[98.77116903272929,24.726030131826732],[98.8369014470261,27.499205273069677]]]}},{"type":"Feature","properties":{"name":"Ayutthaya","abbrevname":"Ayutthaya"},"geometry":{"type":"Polygon","coordinates":[[[100.0529511115169,20.49862900188323],[100.16798283653628,20.44226365348399],[100.20084904368468,20.47608286252354],[100.44734559729767,20.397171374764582],[100.64454284018808,20.047706214689256],[101.86059250467889,19.675694915254226],[101.84415940110472,18.018553672316372],[104.30912493723469,18.018553672316372],[105.13078011594467,17.466173258003764],[105.77167115533848,17.894549905838034],[106.37969598758389,17.150527306967973],[106.83982288766151,16.496689265536716],[107.1520518555713,16.327593220338983],[107.31638289131331,16.18104331450094],[107.29994978773908,15.685028248587571],[107.54644634135212,15.470839924670429],[107.64504496279733,15.279197740112991],[107.6614780663715,15.00864406779661],[107.5957456520747,14.60281355932203],[107.49714703062949,14.19698305084745],[107.67791116994573,13.272591337099811],[106.26466426256451,13.3627758945386],[105.2129456338157,13.41914124293784],[103.86543114073129,12.866760828625232],[102.9451773405761,12.134011299435016],[102.87944492627929,12.055099811676072],[102.5343497512211,12.201649717514115],[102.1235221618661,12.607480225988695],[101.0718035331173,12.697664783427484],[101.1046697402657,13.464233521657249],[100.44734559729767,13.509325800376644],[100.13511662938788,13.272591337099811],[100.18441594011051,12.855487758945387],[99.28059524352949,9.913216572504709],[99.39562696854887,9.259378531073438],[99.9214862829233,9.270651600753283],[100.51307801159447,7.906610169491515],[100.74314146163329,7.06112994350282],[101.63052905464008,6.846941619585678],[102.27142009403389,6.170557438794717],[103.0109097548729,5.573084745762699],[103.32313872278269,5.167254237288134],[103.5532021728215,4.817789077212794],[103.50390286209887,3.814485875706211],[103.53676906924727,3.4086553672316313],[102.04135664399507,3.4762937853107303],[101.46619801889807,3.239559322033898],[101.26900077600772,3.5552052730696744],[100.8746062902269,3.9159435028248595],[100.3651800794267,6.362199623352154],[99.32989455425206,7.658602636534837],[98.75473592915506,8.278621468926545],[98.4918062719679,8.177163841807896],[98.37677454694847,8.616813559322026],[98.80403523987769,10.138677966101682],[98.60683799698728,10.57832768361581],[99.0669648970649,11.660542372881352],[98.78760213630346,11.716907721280592],[98.88620075774867,12.066372881355932],[98.80403523987769,12.754030131826738],[98.68900351485831,13.126041431261768],[98.60683799698728,13.283864406779657],[98.40964075409687,13.667148775894532],[98.17957730405811,14.253348399246704],[97.9495138540193,15.0311902071563],[97.86734833614827,15.80903201506591],[97.76874971470306,16.462870056497167],[98.8697676541745,18.413111111111107],[100.0529511115169,20.49862900188323]],[[98.4260738576711,15.0311902071563],[98.3932076505227,15.234105461393597],[98.34390833980007,15.211559322033892],[98.4260738576711,15.0311902071563]]]}},{"type":"Feature","properties":{"name":"Burmese kingdoms"},"geometry":{"type":"Polygon","coordinates":[[[94.66289313917929,17.28580414312617],[94.66289313917929,17.6578154425612],[94.66289313917929,17.68036158192089],[94.4492627927147,18.5934802259887],[94.2520655498243,19.07822222222221],[94.16990003195326,19.213499058380407],[94.03843520335965,18.965491525423715],[93.66047382115306,19.190952919020702],[94.02200209978548,19.26986440677966],[93.92340347834028,19.60805649717514],[93.10174829963029,20.1266177024482],[93.11818140320446,20.385898305084737],[93.03601588533348,20.44226365348399],[93.08531519605606,21.919035781544252],[91.91856484228788,24.106011299435025],[92.23079381019767,25.44750659133709],[91.75423380654587,26.304259887005642],[92.60875519240426,26.59735969868173],[94.53142831058568,26.90173258003766],[95.04085452138588,27.589389830508466],[95.68174556077969,27.927581920903947],[97.5386862646643,28.19813559322033],[97.68658419683209,28.41232391713747],[98.03167937189028,28.299593220338977],[98.4260738576711,27.56684369114876],[98.8369014470261,27.499205273069677],[98.77116903272929,24.726030131826732],[99.79002145432969,23.01252354048964],[100.0529511115169,20.49862900188323],[98.8697676541745,18.413111111111107],[96.09257315013468,17.81563841807909],[94.66289313917929,17.28580414312617]]]}},{"type":"Feature","properties":{"name":"Pegu","abbrevname":"Pegu"},"geometry":{"type":"Polygon","coordinates":[[[94.66289313917929,17.28580414312617],[96.09257315013468,17.81563841807909],[98.8697676541745,18.413111111111107],[97.76874971470306,16.462870056497167],[97.62085178253528,16.496689265536716],[96.97996074314148,17.35344256120527],[96.8649290181221,16.710877589453858],[95.53384762861191,15.696301318267416],[95.41881590359247,16.023220338983037],[95.02442141781171,15.854124293785304],[95.02442141781171,16.226135593220334],[94.3506641712695,16.023220338983037],[94.66289313917929,17.28580414312617]]]}},{"type":"Feature","properties":{"name":"Aztec Empire","abbrevname":"Aztec"},"geometry":{"type":"Polygon","coordinates":[[[-97.94951385401926,16.192316384180785],[-99.00123248276806,16.73342372881355],[-101.02250422239466,17.432354048964214],[-101.79486009038206,18.041099811676077],[-103.29027251563427,18.368018832391712],[-105.29511115168667,20.1266177024482],[-102.89587802985346,19.85606403013182],[-100.69384215091065,18.807668549905827],[-100.69384215091065,19.66442184557438],[-99.74072214360706,19.85606403013182],[-99.74072214360706,22.91106591337099],[-97.68658419683206,22.347412429378522],[-97.42365453964486,21.569570621468927],[-97.30862281462545,21.20883239171374],[-95.81321038937325,18.942945386064025],[-94.03843520335965,18.25528813559322],[-93.57830830328204,18.368018832391712],[-93.54544209613366,17.184346516007523],[-93.92340347834025,16.891246704331436],[-94.97512210708905,16.992704331450085],[-96.88136212169626,17.6578154425612],[-97.45652074679326,17.274531073446326],[-97.94951385401926,16.192316384180785]]]}},{"type":"Feature","properties":{"name":"Mixtec Empire","abbrevname":"Mixtec"},"geometry":{"type":"Polygon","coordinates":[[[-94.92582279636645,16.316320150659124],[-96.12543935728306,15.763939736346515],[-97.94951385401926,16.192316384180785],[-97.45652074679326,17.274531073446326],[-96.88136212169626,17.6578154425612],[-94.97512210708905,16.992704331450085],[-94.92582279636645,16.316320150659124]]]}},{"type":"Feature","properties":{"name":"Maya city-states","abbrevname":"Maya"},"geometry":{"type":"Polygon","coordinates":[[[-90.73538138494544,19.393868173258],[-90.35742000273885,21.00591713747646],[-88.40188067740904,21.58084369114877],[-87.00506687360203,21.547024482109222],[-86.72570411284063,20.9946440677966],[-87.44876067010544,20.205529190207145],[-87.67882412014424,18.40183804143126],[-87.94175377733144,18.909126177024476],[-88.12251791664764,18.514568738229755],[-87.90888757018304,18.21019585687381],[-88.08965170949924,17.6578154425612],[-88.12251791664764,17.173073446327678],[-88.23754964166704,16.462870056497167],[-88.53334550600265,16.282500941619574],[-89.43716620258364,16.801062146892647],[-89.71652896334504,16.992704331450085],[-89.33856758113843,17.759273069679836],[-88.99347240608024,18.24401506591336],[-88.66481033459624,18.706210922787193],[-88.86200757748664,19.281137476459506],[-90.73538138494544,19.393868173258]]]}},{"type":"Feature","properties":{"name":"Inca Empire","abbrevname":"Incas"},"geometry":{"type":"Polygon","coordinates":[[[-79.57730405806362,0.8834877589453782],[-78.75564887935363,0.43256497175140396],[-78.19692335783083,-0.30018455743879713],[-78.57488474003742,-3.6257401129943503],[-77.70393025060483,-4.178120527306973],[-77.68749714703063,-6.962568738229763],[-74.13794677500341,-12.114361581920903],[-68.41922673118181,-13.027480225988711],[-66.956680513078,-14.69589453860641],[-65.8392294700324,-16.533404896421857],[-65.2969370520838,-19.11493785310735],[-66.956680513078,-25.202395480225988],[-68.0576984525494,-28.52795103578155],[-68.2384625918656,-30.91784180790961],[-69.1587163920208,-32.58625612052731],[-69.1587163920208,-34.423766478342756],[-70.078970192176,-36.45291902071563],[-70.81845985301501,-37.196941619585694],[-73.06979504268041,-37.264580037664786],[-71.21285433879581,-32.73280602636535],[-71.21285433879581,-32.710259887005655],[-71.1964212352216,-32.63134839924671],[-71.31145296024101,-32.169152542372885],[-71.47578399598301,-30.57964971751413],[-71.03209019947961,-29.83562711864407],[-71.22928744237001,-29.080331450094164],[-70.654128817273,-27.29918644067797],[-70.6376957136988,-27.26536723163842],[-70.53909709225361,-26.85953672316385],[-70.29260053864061,-25.45040301318268],[-70.19400191719541,-25.236214689265537],[-70.3747660565116,-23.150696798493414],[-70.0954032957502,-22.97032768361582],[-70.02967088145341,-22.406674199623353],[-69.99680467430501,-22.20375894538607],[-69.99680467430501,-22.147393596986817],[-70.161135710047,-18.438553672316388],[-71.4100515816862,-17.209789077212804],[-75.02533436801022,-15.203182674199624],[-76.04418678961062,-14.087148775894548],[-76.15921851463001,-13.20784934086629],[-76.50431368968822,-12.74565348399247],[-77.12877162550782,-11.494342749529196],[-77.50673300771442,-11.235062146892659],[-77.55603231843702,-10.637589453860642],[-78.09832473638562,-9.656832391713749],[-78.85424750079882,-8.202606403013192],[-79.47870543661843,-7.334580037664793],[-79.85666681882502,-6.737107344632776],[-80.07029716528963,-6.545465160075338],[-80.41539234034782,-6.3538229755179],[-80.82621992970283,-6.184726930320153],[-81.08914958689003,-6.026903954802265],[-80.67832199753502,-5.880354048964222],[-80.61258958323823,-5.699984934086629],[-81.22061441548362,-4.662862523540497],[-80.84265303327703,-4.03157062146893],[-80.02099785456703,-3.456644067796617],[-79.56087095448943,-2.7802598870056556],[-79.61017026521202,-2.148967984934089],[-80.15246268316062,-2.7126214689265566],[-80.57972337608983,-2.520979284369119],[-80.76048751540603,-1.0216610169491531],[-80.13602957958642,-0.6496497175141229],[-80.28392751175423,-0.3678229755178961],[-79.90596612954762,0.06055367231637376],[-79.93883233669602,0.7369378531073352],[-79.57730405806362,0.8834877589453782]]]}},{"type":"Feature","properties":{"name":"Montenegro","abbrevname":"Montenegro"},"geometry":{"type":"MultiPolygon","coordinates":[[[[38.248048568950594,34.6125122410546],[37.409960286666376,33.586662900188315],[36.73620304012417,31.174225988700556],[36.80193545442097,29.798911487758943],[37.574291322408385,27.97267419962334],[37.62359063313099,27.848670433145003],[39.283334094125195,25.515145009416187],[40.3843520335966,24.04964595103577],[41.337472040900195,22.426323917137466],[42.011229287442376,21.727393596986815],[42.12626101246178,20.78045574387947],[41.02524307299038,19.69824105461393],[39.72702789062859,20.712817325800373],[39.36549961199617,21.231378531073446],[39.266900990550994,22.584146892655355],[38.52741132971198,23.84673069679849],[37.62359063313099,24.410384180790956],[37.42639339024058,25.18822598870055],[37.21276304377599,25.548964218455737],[36.867667868717774,26.03370621468926],[36.539005797233784,26.416990583804136],[36.52257269365958,26.43953672316384],[35.32295613274297,28.085404896421835],[34.96142785411058,28.119224105461385],[35.27365682202037,29.223984934086616],[35.30652302916877,29.359261770244814],[35.191491304149366,29.483265536723152],[35.14219199342676,29.438173258003758],[34.76423061122017,30.216015065913368],[34.40270233258778,31.095314500941612],[34.35340302186518,31.23059133709981],[35.175058200575165,32.95537099811675],[35.339389236317174,33.248470809792835],[35.91454786141418,34.330685499058376],[36.029579586433584,34.364504708097925],[36.062445793581986,34.51105461393597],[35.81594923996897,35.43544632768361],[36.029579586433584,35.89764218455743],[35.91454786141418,36.22456120527306],[36.01314648285938,36.31474576271185],[36.29250924362077,36.64166478342749],[36.09531200073039,36.78821468926553],[36.99913269731138,37.01367608286252],[36.70333683297579,37.38568738229755],[38.8067740904734,38.388990583804144],[39.414798922718774,38.21989453860638],[39.18473547267999,37.633694915254225],[38.14944994750539,37.34059510357815],[38.14944994750539,37.115133709981166],[38.593143744008785,36.60784557438794],[38.29734787967317,36.01037288135592],[39.102569954808985,36.02164595103578],[38.248048568950594,34.6125122410546]]],[[[37.36066097594377,20.78045574387947],[37.45925959738898,19.66442184557438],[37.68932304742779,18.841487758945377],[37.96868580818918,18.661118644067784],[38.23161546537639,18.49202259887005],[38.72460857260239,18.176376647834275],[37.64002373670519,17.71418079096044],[36.65403752225319,18.08619209039547],[36.16104441502719,19.438960451977394],[36.900534075866176,20.419717514124287],[37.36066097594377,20.78045574387947]]]]}},{"type":"Feature","properties":{"name":"Aragon","abbrevname":"Aragon"},"geometry":{"type":"MultiPolygon","coordinates":[[[[9.029990414022933,38.99773634651601],[8.569863513945336,39.32465536723163],[8.684895238964742,40.22650094161958],[8.356233167480724,40.801427495291904],[9.506550417674731,41.195984934086624],[9.99954352490073,40.57596610169492],[9.851645592732922,39.47120527306967],[9.687314556990941,39.155559322033895],[9.260053864061717,39.23447080979284],[9.029990414022933,38.99773634651601]]],[[[14.27215045419274,42.65021092278718],[14.288583557766941,42.62766478342749],[14.60081252567673,42.36838418079094],[14.715844250696136,42.244380414312616],[14.94590770073495,42.06401129943501],[15.652531154425532,41.872369114877586],[16.392020815264544,41.86109604519774],[16.079791847354755,41.522903954802246],[16.622084265303357,41.29744256120526],[17.147943579677758,41.105800376647835],[17.52590496188435,40.94797740112995],[18.594056694207353,40.32795856873821],[18.56119048705895,39.76430508474576],[17.295841511845538,40.54214689265535],[16.737115990322735,39.71921280602635],[17.34514082256814,39.437386064030136],[17.378007029716542,39.04282862523539],[16.81928150819374,38.83991337099812],[16.769982197471137,38.47917514124293],[15.98119322590955,37.92679472693031],[15.833295293741742,38.253713747645946],[16.408453918838745,38.79482109227871],[16.194823572374133,39.44865913370998],[16.030492536632153,39.67412052730697],[15.866161500890144,40.1137702448211],[15.11023873647693,40.26032015065911],[15.192404254347935,40.384323917137465],[14.94590770073495,40.72251600753296],[14.25571735061854,40.778881355932185],[13.992787693431353,41.20725800376647],[13.959921486282951,41.218531073446314],[14.140685625599133,41.77091148775895],[14.058520107728128,41.80473069679849],[14.058520107728128,41.77091148775895],[13.844889761263545,41.81600376647833],[13.844889761263545,41.77091148775895],[13.795590450540942,41.81600376647833],[13.76272424339254,41.88364218455743],[13.828456657689344,42.030192090395474],[13.614826311224732,42.379657250470814],[13.828456657689344,42.54875329566855],[13.910622175560349,42.41347645951035],[14.025653900579726,42.58257250470808],[14.140685625599133,42.54875329566855],[14.206418039895937,42.62766478342749],[14.27215045419274,42.65021092278718]]],[[[14.07495321130233,37.171499058380405],[13.220431825443939,37.543510357815435],[12.74387182179214,37.65624105461393],[12.875336650385748,38.08461770244821],[13.532660793353728,38.2424406779661],[14.009220797005554,37.983160075329565],[15.668964257999733,38.12970998116759],[15.225270461496336,36.765668549905826],[14.07495321130233,37.171499058380405]]],[[[-1.9308896699684794,41.83854990583802],[-1.4050303555940786,41.782184557438796],[-1.4543296663166814,42.14292278719395],[-0.6984069019034962,42.89821845574386],[-0.6326744876066925,42.92076459510358],[-0.40261103756787975,42.751668549905844],[-0.2054137946774972,42.80803389830507],[0.40261103756790817,42.62766478342749],[0.5505089697357164,42.65021092278718],[0.7970055233487301,42.65021092278718],[0.7805724197745292,42.78548775894538],[0.9449034555165099,42.78548775894538],[1.5036289770393125,42.65021092278718],[1.5529282877619153,42.56002636534839],[1.5693613913361162,42.424749529190194],[1.6515269092071208,42.39093032015066],[1.914456566394307,42.43602259887004],[2.062354498562115,42.402203389830504],[2.078787602136316,42.334564971751405],[2.3745834664719325,42.402203389830504],[2.571780709362315,42.312018832391715],[2.785411055826927,42.30074576271187],[3.1469393344593186,42.424749529190194],[3.294837266627127,42.39093032015066],[3.3277034737755287,41.872369114877586],[2.8347103665495297,41.63563465160075],[2.292417948600928,41.31998870056498],[1.8158579449491299,41.22980414312616],[1.5200620806135134,41.173438794726934],[0.041082758935516495,39.899581920903955],[-0.1889806911032963,39.44865913370998],[0.36974483041950634,38.7497288135593],[-0.4683434518646834,38.19734839924669],[-0.5998082804582907,37.633694915254225],[-1.4214634591682795,37.453325800376646],[-1.733692427078097,36.96858380414312],[-1.832291048523274,37.85915630885121],[-1.4543296663166814,37.938067796610156],[-1.4543296663166814,38.19734839924669],[-1.6022275984844896,38.27625988700564],[-1.6022275984844896,38.54681355932203],[-1.832291048523274,38.61445197740113],[-1.832291048523274,39.268290018832374],[-1.6022275984844896,39.18937853107343],[-1.6022275984844896,39.49375141242936],[-1.7994248413749006,39.60648210922787],[-1.7994248413749006,39.76430508474576],[-1.6022275984844896,39.87703578154424],[-2.0952207057104886,40.26032015065911],[-1.717259323503896,40.63233145009414],[-1.832291048523274,41.241077212806005],[-2.0952207057104886,41.28616949152541],[-2.0952207057104886,41.5116308851224],[-1.9473227735426804,41.5116308851224],[-1.9308896699684794,41.83854990583802]]]]}},{"type":"Feature","properties":{"name":"Holy Roman Empire","abbrevname":"Holy Roman E"},"geometry":{"type":"MultiPolygon","coordinates":[[[[9.638015246268338,42.80803389830507],[9.375085589081124,41.36508097928436],[8.931391792577728,41.5792693032015],[8.701328342538943,42.379657250470814],[9.440818003377927,42.684030131826745],[9.506550417674731,42.99967608286252],[9.638015246268338,42.80803389830507]]],[[[9.095722828319737,54.25019962335216],[10.34463869995892,54.351657250470794],[11.248459396539943,54.329111111111104],[11.21559318939154,54.11492278719396],[10.919797325055924,53.979645951035764],[10.969096635778527,53.94582674199623],[11.067695257223733,53.889461393596974],[11.084128360797934,53.90073446327682],[11.100561464372134,53.90073446327682],[11.166293878668938,53.912007532956665],[11.347058017985148,53.95709981167607],[12.513808371753328,54.216380414312596],[12.661706303921136,54.27274576271185],[12.858903546811547,54.34038418079095],[13.877755968411947,54.103649717514116],[14.748710457844538,53.55126930320151],[14.682978043547735,53.889461393596974],[14.666544939973534,53.92328060263654],[15.093805632902729,53.99091902071561],[17.85456703336834,54.701122410546134],[17.953165654813546,54.45311487758946],[16.885013922490543,54.05855743879471],[17.01647875108415,53.48363088512241],[16.868580818916342,53.87818832391713],[16.408453918838745,53.72036534839924],[16.622084265303357,53.539996233521634],[16.408453918838745,53.359627118644056],[16.260555986670937,52.7283352165725],[16.046925640206354,52.7283352165725],[15.964760122335349,52.27741242937853],[16.704249783174333,52.01813182674198],[16.704249783174333,52.198500941619585],[17.065778061806753,51.66866666666667],[17.755968411923135,51.66866666666667],[18.34756014059434,51.00355555555555],[18.85698635139454,50.665363465160056],[18.955584972839745,50.28207909604518],[18.972018076413946,50.19189453860639],[19.004884283562347,49.72969868173257],[19.136349112155955,49.63951412429378],[18.72552152280096,49.58314877589453],[18.429725658465344,49.0082222222222],[18.068197379832952,48.81658003766478],[17.558771169032752,48.98567608286251],[17.394440133290743,48.46711487758944],[17.427306340439145,48.08383050847456],[17.67380289405216,48.08383050847456],[17.608070479755355,47.835822975517885],[17.00004564750995,47.858369114877576],[16.81928150819374,47.75691148775894],[16.753549093896936,47.508903954802264],[16.85214771534214,47.31726177024481],[16.65495047245173,46.94525047080978],[16.720682886748534,46.64087758945385],[16.50705254028395,46.42668926553671],[16.737115990322735,46.38159698681733],[16.65495047245173,46.12231638418078],[16.408453918838745,46.167408662900186],[16.276989090245138,45.908128060263635],[16.408453918838745,45.75030508474575],[16.32628840096774,45.603755178907704],[15.668964257999733,45.75030508474575],[15.61966494727713,45.445932203389816],[15.077372529328528,45.50229755178907],[14.995207011457552,45.885581920903945],[14.732277354270337,45.795397363465156],[14.551513214954127,45.34447457627118],[14.27215045419274,45.28810922787193],[14.27215045419274,45.69393973634649],[13.877755968411947,45.72775894538606],[13.56552700050213,45.71648587570621],[13.696991829095737,45.953220338983044],[13.812023554115143,46.14486252354047],[13.828456657689344,46.437962335216554],[13.92705527913455,46.66342372881354],[13.910622175560349,46.85506591337099],[13.713424932669938,47.01288888888888],[13.499794586205326,47.08052730696798],[12.90820285753415,46.96779661016947],[12.612406993198533,46.979069679849346],[12.530241475327529,46.979069679849346],[12.41520975030815,46.90015819209037],[12.283744921714543,46.94525047080978],[11.938649746656324,46.764881355932204],[12.119413885972534,46.42668926553671],[11.774318710914343,46.257593220338975],[11.774318710914343,45.98703954802258],[11.429223535856124,46.02085875706214],[11.363491121559349,45.76157815442559],[11.133427671520536,45.85176271186441],[11.001962842926929,45.66012052730696],[10.870498014333322,45.82921657250469],[10.722600082165542,45.76157815442559],[10.656867667868738,46.22377401129944],[10.755466289313944,46.73106214689264],[10.607568357146135,46.90015819209037],[10.541835942849332,46.764881355932204],[10.591135253571935,46.674696798493386],[10.574702149997734,46.5845122410546],[10.426804217829925,46.607058380414315],[10.361071803533122,46.674696798493386],[10.229606974939543,46.64087758945385],[10.196740767791141,46.5168738229755],[10.295339389236347,46.46050847457627],[10.196740767791141,46.26886629001882],[9.753046971287745,46.325231638418074],[9.900944903455525,45.795397363465156],[9.703747660565142,45.536116760828605],[10.048842835623333,45.71648587570621],[10.131008353494337,45.68266666666665],[10.196740767791141,45.423386064030126],[10.574702149997734,45.38956685499056],[10.870498014333322,45.36702071563087],[11.067695257223733,45.06264783427494],[11.379924225133522,45.08519397363463],[11.412790432281923,44.16080225988699],[11.659286985894937,44.29607909604519],[11.757885607340143,44.2058945386064],[11.905783539507922,44.239713747645936],[11.938649746656324,44.374990583804134],[12.102980782398333,44.3411713747646],[12.513808371753328,43.360414312617706],[12.349477336011347,43.078587570621465],[12.365910439585548,42.65021092278718],[12.250878714566142,42.54875329566855],[12.267311818140342,42.312018832391715],[12.201579403843539,42.266926553672306],[12.21801250741774,42.12037664783426],[12.168713196695137,42.01891902071563],[11.70858629661754,42.39093032015066],[11.314191810836746,42.57129943502824],[10.952663532204326,42.86439924670432],[10.68973387501714,43.2476836158192],[10.541835942849332,43.608421845574384],[10.492536632126729,43.72115254237286],[10.459670424978327,43.76624482109227],[10.361071803533122,43.90152165725047],[10.34463869995892,43.92406779661016],[10.114575249920136,44.12698305084746],[10.032409732049132,44.17207532956684],[9.900944903455525,44.239713747645936],[8.882092481855125,44.43135593220339],[8.389099374629126,44.1382561205273],[8.29050075318392,44.0706177024482],[8.175469028164542,43.980433145009414],[7.7646414388095195,43.87897551789075],[7.6660428173643425,43.822610169491526],[7.600310403067539,43.77751789077212],[7.551011092344936,43.92406779661016],[7.123750399415741,43.83388323917137],[7.205915917286717,44.0706177024482],[7.140183502989942,44.14952919020715],[7.090884192267339,44.16080225988699],[7.041584881544736,44.12698305084746],[6.992285570822133,44.217167608286246],[7.074451088693138,44.36371751412429],[6.992285570822133,44.566632768361586],[7.123750399415741,44.73572881355932],[7.205915917286717,44.73572881355932],[7.140183502989942,44.88227871939736],[6.860820742228526,44.97246327683615],[6.712922810060718,45.13028625235404],[6.022732459944336,45.41211299435028],[5.464006938421534,46.33650470809792],[5.841968320628126,46.47178154425612],[6.022732459944336,47.75691148775894],[6.449993152873532,47.97109981167608],[5.8091021134797245,49.22241054613934],[6.1048979778153125,49.22241054613934],[5.562605559866739,49.71842561205273],[4.461587620395335,49.898794726930305],[4.01789382389191,50.05661770244819],[2.1938193271557225,50.1017099811676],[2.0294882914137133,50.25953295668549],[1.9966220842653115,50.93591713747645],[2.0294882914137133,50.9471902071563],[2.7196786415301233,51.105013182674185],[3.8864289952983313,51.34174764595102],[3.9850276167435084,51.409386064030116],[3.722097959556322,51.60102824858757],[4.921714520472932,52.81851977401129],[5.431140731273132,52.638150659133714],[5.151777970511716,52.29995856873822],[5.677637284886117,52.198500941619585],[6.022732459944336,52.53669303201505],[5.529739352718337,52.80724670433145],[5.595471767015113,53.15671186440676],[6.959419363673732,53.404719397363465],[7.370246953028726,53.17925800376648],[7.238782124435119,53.52872316384179],[8.044004199570935,53.65272693032014],[8.076870406719337,53.65272693032014],[8.175469028164542,53.65272693032014],[8.224768338887117,53.39344632768362],[8.701328342538943,53.46108474576269],[8.63559592824214,53.63018079096045],[8.717761446113144,53.776730696798495],[8.750627653261517,53.821822975517875],[8.78349386040992,53.81054990583803],[9.046423517597134,53.76545762711862],[9.325786278358521,53.81054990583803],[9.095722828319737,54.25019962335216]]]]}}]}