{"type":"FeatureCollection","features":[{"type":"Feature","properties":{"name":"Luxembourg","abbrevname":"Luxembourg","fips_code":"LU","wb_cntry":"LUX"},"geometry":{"type":"Polygon","coordinates":[[[6.022732459944336,49.526783427495275],[6.318528324279924,50.13552919020714],[6.630757292189713,49.459145009416176],[6.565024877892938,49.49296421845574],[6.318528324279924,49.49296421845574],[6.022732459944336,49.526783427495275]]]}},{"type":"Feature","properties":{"name":"Cyprus","abbrevname":"Cyprus","fips_code":"CY","wb_cntry":"CYP"},"geometry":{"type":"Polygon","coordinates":[[[33.991874743232785,35.221258003766465],[34.123339571826364,34.97325047080979],[33.120920253800165,34.55614689265536],[32.480029214406386,34.736516007532956],[32.34856438581278,35.06343502824858],[34.665631989774965,35.660907721280594],[33.991874743232785,35.221258003766465]]]}},{"type":"Feature","properties":{"name":"Japan","abbrevname":"Japan","fips_code":"JA","wb_cntry":"JPN"},"geometry":{"type":"MultiPolygon","coordinates":[[[[139.64029762176477,38.20862146892654],[139.70603003606158,38.434082862523525],[140.23188935043595,39.50502448210921],[140.00182590039714,39.9108549905838],[140.11685762541657,40.58723917137476],[140.59341762906837,41.00434274952917],[140.85634728625558,40.74506214689265],[141.34934039348155,40.88033898305085],[140.97137901127496,41.27489642184557],[141.28360797918475,41.45526553672315],[141.64513625781717,41.28616949152541],[141.67800246496557,40.53087382297551],[142.20386177933995,39.47120527306967],[141.69443556853975,38.434082862523525],[141.06997763272017,37.938067796610156],[141.16857625416537,36.96858380414312],[140.75774866481038,36.303472693032006],[141.03711142557177,35.694726930320144],[140.52768521477157,35.05216195856873],[140.03469210754554,34.84924670433145],[140.11685762541657,35.570723163841805],[139.26233623955818,35.04088888888889],[139.06513899666777,34.58996610169491],[138.88437485735153,35.00706967984934],[138.35851554297716,34.544873822975504],[137.45469484639614,34.49978154425611],[136.94526863559594,34.894338983050844],[136.71520518555718,34.53360075329566],[137.10959967133795,34.27432015065912],[136.40297621764734,34.015039548022585],[135.95928242114394,33.36120150659133],[135.26909207102756,33.710666666666654],[135.41699000319534,34.63505838041431],[132.68909480987816,34.15031638418078],[132.39329894554254,34.30813935969867],[132.19610170265213,33.82339736346515],[130.98005203816132,33.98122033898305],[132.86985894919434,35.40162711864406],[135.36769069247276,35.660907721280594],[135.56488793536317,35.33398870056496],[136.12361345688595,35.6158154425612],[136.38654311407316,36.22456120527306],[136.87953622129913,36.68675706214688],[136.92883553202176,37.2842297551789],[137.52042726069294,37.453325800376646],[137.22463139635738,37.05876836158191],[137.37252932852516,36.66421092278719],[138.70361071803535,37.31804896421845],[139.64029762176477,38.20862146892654]]],[[[132.90272515634274,32.56081355932203],[132.32756653124574,33.36120150659133],[132.98489067421377,33.924854990583796],[133.44501757429134,33.8121242937853],[134.21737344227876,34.20668173258002],[134.74323275665313,34.026312617702445],[134.20094033870453,33.16955932203389],[133.93801068151737,33.39502071563088],[133.44501757429134,33.316109227871934],[132.90272515634274,32.56081355932203]]],[[[130.94718583101292,30.903672316384174],[130.93075272743874,31.489871939736332],[130.43775962021272,31.038949152542372],[130.25699548089653,31.23059133709981],[130.25699548089653,31.985887005649715],[130.70068927739993,32.57208662900187],[130.30629479161917,32.9440979284369],[129.94476651298675,32.65099811676082],[129.55037202720592,33.16955932203389],[130.84858720956777,33.72193973634651],[131.76884100972296,33.50775141242937],[131.62094307755513,33.124467043314496],[132.03177066691012,32.70736346516007],[130.94718583101292,30.903672316384174]]],[[[140.31405486830698,41.28616949152541],[139.91966038252616,42.49238794726929],[140.70844935408775,42.90949152542373],[140.70844935408775,43.33786817325799],[141.51367142922356,43.20259133709979],[141.51367142922356,43.73242561205271],[141.90806591500439,43.935340866290005],[141.72730177568815,45.19792467043314],[142.07239695074634,45.45720527306966],[143.99507006892776,44.04807156308851],[144.81672524763775,43.85642937853106],[145.55621490847676,44.262259887005655],[145.26041904414114,43.80006403013181],[145.65481352992197,43.191318267419945],[144.20870041539234,42.89821845574386],[143.41991144383076,41.940007532956685],[142.13812936504314,42.51493408662898],[141.13571004701697,42.266926553672306],[140.74131556123615,42.54875329566855],[140.4455196969006,42.244380414312616],[141.36577349705578,41.77091148775895],[140.31405486830698,41.28616949152541]]]]}},{"type":"Feature","properties":{"name":"Taiwan","abbrevname":"Taiwan","fips_code":"TW","wb_cntry":"OAN"},"geometry":{"type":"Polygon","coordinates":[[[120.82439402930572,21.941581920903943],[120.31496781850552,22.6630583804143],[120.21636919706032,23.632542372881346],[121.05445747934453,24.82748775894538],[121.62961610444154,25.154406779661016],[121.9911443830739,24.91767231638417],[120.82439402930572,21.941581920903943]]]}},{"type":"Feature","properties":{"name":"Cuba","abbrevname":"Cuba","fips_code":"CU","wb_cntry":"CUB"},"geometry":{"type":"Polygon","coordinates":[[[-81.97653717989682,22.381231638418072],[-81.46711096909662,22.527781544256115],[-82.35449856210343,22.730696798493398],[-84.50723513032364,21.783758945386055],[-84.09640754096863,22.51650847457627],[-83.48838270872324,22.832154425612046],[-81.22061441548362,23.15907344632768],[-79.77450130095403,22.899792843691145],[-76.98087369334002,21.468112994350278],[-75.55119368238462,21.141193973634643],[-75.45259506093942,20.701544256120513],[-74.86100333226821,20.712817325800373],[-73.97361573926142,20.205529190207145],[-75.32113023234582,19.923702448210918],[-77.45743369699181,19.923702448210918],[-76.89870817546903,20.554994350282485],[-78.24622266855341,20.983370998116754],[-78.52558542931482,21.63720903954801],[-79.52800474734103,21.693574387947265],[-81.97653717989682,22.381231638418072]]]}},{"type":"Feature","properties":{"name":"Haiti","abbrevname":"Haiti","fips_code":"HA","wb_cntry":"HTI"},"geometry":{"type":"Polygon","coordinates":[[[-71.57438261742821,19.78842561205272],[-71.6894143424476,18.62729943502825],[-71.47578399598301,18.018553672316372],[-71.968777103209,18.300380414312613],[-73.66138677135162,18.131284369114866],[-74.23654539644862,18.537114877589445],[-72.10024193180261,18.68366478342749],[-72.49463641758341,18.95421845574387],[-72.56036883188021,19.540418079096042],[-73.26699228557081,19.85606403013182],[-71.57438261742821,19.78842561205272]]]}},{"type":"Feature","properties":{"name":"Dominican Republic","abbrevname":"Dominican Rp","fips_code":"DR","wb_cntry":"DOM"},"geometry":{"type":"Polygon","coordinates":[[[-71.47578399598301,18.018553672316372],[-71.6894143424476,18.62729943502825],[-71.57438261742821,19.78842561205272],[-70.6705619208472,19.946248587570608],[-69.78317432784041,19.69824105461393],[-68.17273017756881,18.5934802259887],[-68.46852604190441,18.22146892655367],[-68.7807550098142,18.5258418079096],[-69.6024101885242,18.55966101694915],[-70.0954032957502,18.27783427495291],[-70.48979778153101,18.537114877589445],[-71.1964212352216,17.7254538606403],[-71.47578399598301,18.018553672316372]]]}},{"type":"Feature","properties":{"name":"Philippines","abbrevname":"Philippines","fips_code":"RP","wb_cntry":"PHL"},"geometry":{"type":"MultiPolygon","coordinates":[[[[120.56146437211851,14.546448210922776],[120.18350298991191,14.918459510357806],[119.8877071255763,16.20358945386063],[119.96987264344733,16.372685499058377],[120.41356643995073,16.057039548022587],[120.4957319578217,16.248681732580025],[120.59433057926691,18.06364595103578],[121.0051581686219,18.570934086628995],[121.77751403660932,18.31165348399246],[122.25407404026112,18.469476459510346],[122.27050714383535,17.454900188323904],[122.59916921531931,17.127981167608283],[121.4488519651253,15.324290018832386],[121.92541196877715,14.129344632768351],[122.30337335098375,13.937702448210914],[122.69776783676451,14.332259887005648],[123.19076094399054,13.746060263653476],[123.56872232619713,13.971521657250463],[123.89738439768115,13.83624482109228],[123.60158853334553,13.543145009416193],[124.02884922627476,12.99076459510357],[123.43725749760353,13.047129943502824],[122.68133473319034,13.892610169491519],[122.59916921531931,13.317683615819206],[121.82681334733195,13.915156308851223],[121.21878851508654,13.667148775894532],[120.70936230428634,14.129344632768351],[121.0051581686219,14.399898305084733],[121.4817181722737,14.354806026365338],[120.67649609713794,14.817001883239172],[120.56146437211851,14.546448210922776]]],[[[121.30095403295752,12.21292278719396],[120.54503126854434,13.407868173257995],[121.38311955082855,13.351502824858756],[121.5145843794221,12.754030131826738],[121.30095403295752,12.21292278719396]]],[[[125.52426165152696,11.141981167608279],[124.47254302277815,12.438384180790948],[125.32706440863655,12.494749529190202],[125.52426165152696,11.141981167608279]]],[[[122.07330990094493,10.488143126177022],[122.20477472953854,11.773273069679846],[122.68133473319034,11.468900188323914],[123.12502852969374,11.547811676082858],[122.91139818322915,10.961612052730686],[122.07330990094493,10.488143126177022]]],[[[119.06605194686631,10.037220338983047],[119.55904505409234,11.232165725047068],[119.77267540055692,10.521962335216571],[119.06605194686631,10.037220338983047]]],[[[123.14146163326791,9.067736346516],[122.5005705938741,9.665209039548017],[122.91139818322915,10.048493408662893],[123.12502852969374,10.871427495291897],[123.43725749760353,10.939065913370996],[123.14146163326791,9.067736346516]]],[[[117.4720409001689,8.470263653483983],[117.58707262518834,8.909913370998112],[118.70452366823395,9.935762711864399],[118.70452366823395,9.49611299435027],[117.4720409001689,8.470263653483983]]],[[[126.24731820879174,6.621480225988691],[125.82005751586252,7.252772128060258],[125.49139544437855,6.610207156308846],[125.73789199799154,5.956369114877589],[125.49139544437855,5.5054463276836145],[125.32706440863655,6.069099811676082],[125.01483544072676,5.798546139359686],[124.17674715844254,6.350926553672309],[124.27534577988774,7.275318267419962],[124.01241612270053,7.6698757062146825],[123.53585611904873,7.793879472693021],[122.92783128680333,7.4669604519774],[122.84566576893235,7.8051525423728805],[122.18834162596431,6.892033898305073],[122.0240105902223,7.072403013182665],[122.30337335098375,7.793879472693021],[123.09216232254533,8.357532956685489],[123.68375405121651,8.515355932203377],[123.86451819053275,8.030613935969868],[124.57114164422336,8.582994350282476],[124.86693750855892,8.447717514124292],[124.94910302642995,8.932459510357816],[125.19559958004294,8.72954425612052],[125.60642716939793,8.966278719397351],[125.63929337654633,9.800485875706215],[126.24731820879174,8.97755178907721],[126.13228648377236,8.504082862523532],[126.47738165883055,8.447717514124292],[126.57598028027576,7.354229755178906],[126.24731820879174,6.621480225988691]]]]}},{"type":"Feature","properties":{"name":"Puerto Rico","abbrevname":"Puerto Rico","fips_code":"RQ","wb_cntry":"PRI"},"geometry":{"type":"Polygon","coordinates":[[[-66.6937508558908,17.950915254237287],[-66.9402474095038,18.007280602636527],[-66.956680513078,18.5258418079096],[-65.5270005021226,18.345472693032008],[-65.7570639521614,18.041099811676077],[-66.6937508558908,17.950915254237287]]]}},{"type":"Feature","properties":{"name":"Jamaica","abbrevname":"Jamaica","fips_code":"JM","wb_cntry":"JAM"},"geometry":{"type":"Polygon","coordinates":[[[-77.07947231478522,17.826911487758935],[-78.11475783995982,18.368018832391712],[-77.57246542201122,18.5258418079096],[-76.09348610033322,18.007280602636527],[-77.07947231478522,17.826911487758935]]]}},{"type":"Feature","properties":{"name":"Ceylon","abbrevname":"Ceylon","fips_code":"CE","wb_cntry":"LKA"},"geometry":{"type":"Polygon","coordinates":[[[80.76048751540606,5.9450960451977295],[80.43182544392204,6.0803728813559275],[80.05386406171544,7.0836760828625245],[79.87309992239926,8.819728813559323],[80.25106130460586,9.135374764595099],[80.31679371890266,9.699028248587567],[80.85908613685126,9.315743879472691],[82.07513580134207,7.106222222222215],[81.63144200483868,6.28328813559321],[80.76048751540606,5.9450960451977295]],[[80.23462820103168,8.143344632768361],[80.36609302962523,7.038583804143116],[80.77692061898028,6.418564971751408],[81.54927648696764,6.621480225988691],[81.59857579769027,7.297864406779652],[81.33564614050306,8.188436911487756],[80.92481855114806,8.188436911487756],[80.92481855114806,8.808455743879463],[80.72762130825765,8.887367231638407],[80.23462820103168,8.143344632768361]]]}},{"type":"Feature","properties":{"name":"Madagascar","abbrevname":"Madagascar","fips_code":"MA","wb_cntry":"MDG"},"geometry":{"type":"Polygon","coordinates":[[[50.30994659241341,-14.098421845574393],[50.68790797462,-15.46246327683616],[50.392112110284415,-15.93593220338984],[49.81695348518741,-15.43991713747647],[50.0963162459488,-16.443220338983053],[49.6361893458712,-17.17596986817327],[49.537590724425996,-18.2130922787194],[48.28867485278681,-22.023389830508478],[47.69708312411561,-24.041269303201517],[47.154790706167006,-25.14603013182675],[45.774410005934186,-25.608225988700568],[45.412881727301794,-25.642045197740117],[44.246131373533586,-24.976934086629],[43.868169991326994,-24.21036534839925],[44.032501027069,-23.398704331450105],[43.4902086091204,-22.395401129943508],[43.703838955584985,-21.482282485875714],[44.67339206646278,-20.152060263653482],[44.78842379148219,-19.50949529190207],[44.4597617199982,-19.0811186440678],[44.591226548591806,-18.77674576271187],[44.18039895923678,-17.4803427495292],[44.65695896288858,-16.22903201506591],[46.628931391792605,-15.92465913370998],[46.941160359702394,-15.428644067796611],[47.450586570502594,-15.349732580037667],[47.302688638334786,-15.12427118644068],[47.631350709818804,-14.808625235404904],[47.82854795270919,-14.966448210922792],[48.0914776098964,-14.69589453860641],[47.94357967772859,-14.29006403013183],[48.25580864563841,-14.109694915254238],[48.140776920619004,-13.568587570621474],[48.551604509974,-13.816595103578166],[48.96243209932899,-13.399491525423727],[49.373259688684016,-12.249638418079101],[50.0798831423746,-12.903476459510358],[50.30994659241341,-14.098421845574393]],[[48.22294243849001,-17.00687382297552],[47.68065002054141,-16.882870056497183],[46.85899484183139,-17.717077212806032],[45.4950472451728,-22.63213559322034],[45.72511069521158,-23.579073446327683],[46.20167069886341,-23.579073446327683],[47.38485415620579,-23.10560451977402],[48.69950244214181,-20.028056497175143],[48.22294243849001,-17.00687382297552]]]}},{"type":"Feature","properties":{"name":"New Zealand","abbrevname":"New Zealand","fips_code":"NZ","wb_cntry":"NZL"},"geometry":{"type":"MultiPolygon","coordinates":[[[[175.5137627242434,-37.298399246704335],[175.84242479572742,-37.38858380414313],[175.8588578993016,-36.93766101694916],[176.33541790295345,-37.78314124293786],[177.56790067101844,-38.22279096045198],[178.43885516045106,-37.8169604519774],[178.80038343908342,-38.11006026365349],[178.61961929976724,-38.7526252354049],[177.22280549596024,-39.42900941619586],[177.35427032455385,-39.93629755178908],[175.56306203496604,-41.64980414312618],[175.1029351348884,-41.27779284369115],[175.56306203496604,-40.28576271186441],[174.00191719541704,-39.40646327683616],[174.85643858127543,-38.966813559322034],[175.15223444561104,-37.9071450094162],[174.9714703062948,-37.27585310734464],[172.8351668416488,-34.547770244821095],[173.22956132742962,-34.5026779661017],[173.5417902953394,-35.06633145009417],[174.51134340621724,-35.3256120527307],[175.16866754918522,-36.757291902071564],[174.85643858127543,-36.81365725047081],[175.5137627242434,-37.298399246704335]]],[[[172.2600082165518,-43.90441807909605],[171.58625097000964,-44.32152165725047],[171.19185648422882,-44.25388323917138],[171.372620623545,-44.91899435028249],[170.8303282055964,-44.840082862523545],[171.22472269137722,-45.05427118644068],[170.81389510202223,-45.93357062146893],[169.59784543753142,-46.68886629001884],[168.6282923266536,-46.63250094161959],[167.5437074907564,-46.147758945386066],[166.7220523120464,-46.215397363465165],[167.05071438353042,-45.89975141242938],[166.83708403706584,-45.68556308851225],[167.21504541927243,-45.79829378531074],[167.0014150728078,-45.5390131826742],[167.4779750764596,-45.55028625235405],[167.34651024786604,-45.178274952919026],[168.16816542657602,-44.468071563088515],[171.22472269137722,-42.86729566854991],[171.66841648788062,-41.97672316384181],[172.2928744237002,-41.69489642184558],[172.63796959875845,-40.73668549905838],[173.45962477746843,-41.52580037664784],[174.2648468526042,-41.27779284369115],[174.4291778883462,-41.99926930320151],[172.63796959875845,-43.48731450094162],[173.2131282238554,-43.8255065913371],[172.2600082165518,-43.90441807909605]]]]}},{"type":"Feature","properties":{"name":"Iceland","abbrevname":"Iceland","fips_code":"IC","wb_cntry":"ISL"},"geometry":{"type":"Polygon","coordinates":[[[-24.016980873693313,65.5458154425612],[-23.063860866389717,65.73745762711863],[-23.26105810928013,66.15456120527307],[-22.406536723421738,65.94037288135593],[-22.472269137718513,66.41384180790959],[-21.23978636965353,66.14328813559322],[-20.87825809102111,65.21889642184556],[-19.958004290865915,65.5683615819209],[-19.777240151549705,66.13201506591335],[-19.136349112155926,65.69236534839925],[-18.47902496918792,66.10946892655366],[-17.673802894052102,65.7712768361582],[-17.82170082621991,66.09819585687382],[-16.359154608116114,66.04183050847456],[-16.178390468799904,66.47020715630885],[-13.450495275482695,65.51199623352164],[-13.351896654037517,65.02725423728813],[-14.617245629250903,64.21559322033897],[-18.758387729949305,63.358839924670434],[-22.176473273382925,63.78721657250469],[-21.289085680376132,64.39596233521655],[-23.47468845574471,64.6777890772128],[-21.78207878760213,64.97088888888888],[-21.58488154471172,65.32035404896422],[-24.016980873693313,65.5458154425612]]]}},{"type":"Feature","properties":{"name":"United Kingdom","abbrevname":"UK","fips_code":"UK","wb_cntry":"GBR"},"geometry":{"type":"MultiPolygon","coordinates":[[[[-2.538914502213885,51.65739359698682],[-3.2948372666270984,51.477024482109215],[-5.0531793490664825,51.871581920903935],[-3.9192952024467047,52.39014312617701],[-4.280823481079096,53.010161958568716],[-2.703245537955894,53.28071563088511],[-2.686812434381693,54.18256120527306],[-3.360569680923902,54.43056873822974],[-2.9497420915688792,54.85894538606402],[-3.9192952024467047,54.78003389830508],[-4.905281416898703,54.81385310734461],[-4.510886931117881,56.144075329566846],[-5.3654083169763,55.772064030131816],[-5.069612452640683,56.561178907721285],[-5.841968320628098,56.493540489642186],[-4.724517277582493,58.579058380414295],[-2.96617519514308,58.533966101694915],[-3.952161409595078,57.84630885122411],[-3.952161409595078,57.57575517890771],[-1.733692427078097,57.417932203389825],[-2.9497420915688792,56.35826365348399],[-2.522481398639684,56.2004406779661],[-3.689231752407892,55.9975254237288],[-2.045921394987886,55.82842937853107],[-1.733692427078097,55.56914877589452],[-1.1914000091294952,54.701122410546134],[-0.09038206965809081,54.04728436911486],[-0.12324827680649264,53.59636158192089],[0.4683434518647118,53.145438794726914],[0.20541379467752563,52.80724670433145],[1.585794494910317,52.82979284369114],[1.898023462820106,52.33377777777778],[0.4519103482905109,51.46575141242937],[1.5693613913361162,51.364293785310736],[1.0928013876843181,50.91337099811676],[-1.8158579449491015,50.58645197740111],[-2.7525448486784967,50.744274952919],[-3.3112703702012993,50.63154425612052],[-3.508467613091682,50.2369868173258],[-4.330122791801699,50.372263653484],[-5.086045556214884,49.97770621468925],[-5.579038663440883,50.14680225988701],[-4.083626238188685,51.20647080979285],[-2.867576573697903,51.195197740112974],[-2.538914502213885,51.65739359698682]]],[[[-6.006299356370107,53.96837288135592],[-6.8936869493768995,54.40802259887005],[-7.353813849454497,54.12619585687381],[-7.8796731638288975,54.34038418079095],[-7.222349020860889,55.08440677966101],[-5.809102113479696,55.1069529190207],[-5.464006938421505,54.34038418079095],[-6.006299356370107,53.96837288135592]]]]}},{"type":"Feature","properties":{"name":"Ireland","abbrevname":"Ireland","fips_code":"EI","wb_cntry":"IRL"},"geometry":{"type":"Polygon","coordinates":[[[-6.006299356370107,53.96837288135592],[-5.841968320628098,52.90870433145008],[-6.20349659926049,52.23232015065912],[-9.621582142694109,51.454478342749525],[-10.098142146345907,51.99558568738229],[-9.753046971287688,52.108316384180796],[-10.262473182087916,52.221047080979275],[-8.997124206874503,52.570512241054615],[-9.407951796229497,52.64942372881356],[-9.325786278358493,52.91997740112993],[-8.717761446113087,53.17925800376648],[-9.950244214178099,53.39344632768362],[-9.490117314100502,53.889461393596974],[-9.9831104213265,53.92328060263654],[-9.950244214178099,54.148741996233525],[-9.687314556990913,54.34038418079095],[-8.389099374629097,54.216380414312596],[-8.011137992422505,54.656030131826725],[-8.61916282466791,54.656030131826725],[-8.142602821016112,55.1069529190207],[-7.551011092344908,55.26477589453859],[-7.222349020860889,55.08440677966101],[-7.8796731638288975,54.34038418079095],[-7.353813849454497,54.12619585687381],[-6.8936869493768995,54.40802259887005],[-6.006299356370107,53.96837288135592]]]}},{"type":"Feature","properties":{"name":"Belgium","abbrevname":"Belgium","fips_code":"BE","wb_cntry":"BEL"},"geometry":{"type":"Polygon","coordinates":[[[2.7196786415301233,51.105013182674185],[3.8864289952983313,51.34174764595102],[3.9850276167435084,51.409386064030116],[5.3161090062537255,51.42065913370996],[5.447573834847333,51.25156308851223],[5.694070388460318,51.30792843691148],[6.022732459944336,51.13883239171375],[5.90770073492493,50.744274952919],[6.203496599260518,50.75554802259887],[6.318528324279924,50.13552919020714],[6.022732459944336,49.526783427495275],[5.9898662527959345,49.57187570621468],[5.677637284886117,49.49296421845574],[5.069612452640712,49.79733709981167],[5.086045556214913,49.898794726930305],[5.0203131419181375,49.97770621468925],[5.069612452640712,50.14680225988701],[4.362988998950129,49.97770621468925],[4.428721413246933,50.25953295668549],[4.247957273930723,50.338444444444434],[4.001460720317709,50.360990583804124],[3.8864289952983313,50.34971751412428],[3.8042634774273267,50.48499435028248],[3.574200027388514,50.48499435028248],[3.3277034737755287,50.823186440677944],[2.9661751951431086,50.75554802259887],[2.7196786415301233,51.105013182674185]]]}},{"type":"Feature","properties":{"name":"Spain","abbrevname":"Spain","fips_code":"SP","wb_cntry":"ESP"},"geometry":{"type":"Polygon","coordinates":[[[-8.60272972109371,41.90618832391712],[-8.4383986853517,42.43602259887004],[-9.062856621171306,43.06731450094162],[-8.10973661386771,43.37168738229755],[-7.781074542383692,43.75497175141243],[-5.020313141918081,43.52951035781544],[-2.5717807093622866,43.55205649717513],[-2.1609531200072922,43.33786817325799],[-1.8651572556716758,43.34914124293783],[-1.717259323503896,43.32659510357814],[-0.6984069019034962,42.89821845574386],[-0.6326744876066925,42.92076459510358],[-0.40261103756787975,42.751668549905844],[-0.2054137946774972,42.80803389830507],[0.40261103756790817,42.62766478342749],[0.5505089697357164,42.65021092278718],[0.7970055233487301,42.65021092278718],[0.7805724197745292,42.78548775894538],[0.9449034555165099,42.78548775894538],[1.5036289770393125,42.65021092278718],[1.5529282877619153,42.56002636534839],[1.5693613913361162,42.424749529190194],[1.6515269092071208,42.39093032015066],[1.914456566394307,42.43602259887004],[2.062354498562115,42.402203389830504],[2.078787602136316,42.334564971751405],[2.3745834664719325,42.402203389830504],[2.571780709362315,42.312018832391715],[2.785411055826927,42.30074576271187],[3.1469393344593186,42.424749529190194],[3.294837266627127,42.39093032015066],[3.3277034737755287,41.872369114877586],[2.8347103665495297,41.63563465160075],[2.292417948600928,41.31998870056498],[1.8158579449491299,41.22980414312616],[1.5200620806135134,41.173438794726934],[0.041082758935516495,39.899581920903955],[-0.1889806911032963,39.44865913370998],[0.36974483041950634,38.7497288135593],[-0.4683434518646834,38.19734839924669],[-0.5998082804582907,37.633694915254225],[-1.4214634591682795,37.453325800376646],[-1.733692427078097,36.96858380414312],[-2.4238827771944784,36.833306967984925],[-4.2479572739306946,36.743122410546135],[-5.464006938421505,36.02164595103578],[-6.006299356370107,36.303472693032006],[-6.433560049299302,37.03622222222221],[-6.811521431505895,37.18277212806025],[-7.025151777970507,37.239137476459504],[-7.288081435157693,37.22786440677966],[-6.647190395763886,38.11843691148775],[-6.827954535080096,38.253713747645946],[-7.1894828137124875,38.3100790960452],[-6.72935591363489,38.97519020715629],[-7.222349020860889,39.53884369114877],[-6.680056602912288,39.71921280602635],[-6.680056602912288,40.22650094161958],[-6.614324188615484,40.67742372881355],[-6.647190395763886,40.88033898305085],[-6.630757292189685,41.07198116760827],[-5.940566942073303,41.545450094161964],[-6.663623499338087,41.99637288135591],[-8.60272972109371,41.90618832391712]]]}},{"type":"Feature","properties":{"name":"Portugal","abbrevname":"Portugal","fips_code":"PO","wb_cntry":"PRT"},"geometry":{"type":"Polygon","coordinates":[[[-7.288081435157693,37.22786440677966],[-8.78349386040989,37.00240301318267],[-8.635595928242111,37.543510357815435],[-8.652029031816312,37.92679472693031],[-8.586296617519508,38.45662900188324],[-9.079289724745507,38.63699811676082],[-8.832793171132494,38.94137099811675],[-9.342219381932694,38.79482109227871],[-8.487697996074303,41.00434274952917],[-8.60272972109371,41.90618832391712],[-6.663623499338087,41.99637288135591],[-5.940566942073303,41.545450094161964],[-6.630757292189685,41.07198116760827],[-6.647190395763886,40.88033898305085],[-6.614324188615484,40.67742372881355],[-6.680056602912288,40.22650094161958],[-6.680056602912288,39.71921280602635],[-7.222349020860889,39.53884369114877],[-6.72935591363489,38.97519020715629],[-7.1894828137124875,38.3100790960452],[-6.827954535080096,38.253713747645946],[-6.647190395763886,38.11843691148775],[-7.288081435157693,37.22786440677966]]]}},{"type":"Feature","properties":{"name":"Siam","abbrevname":"Siam","fips_code":"TH","wb_cntry":"THA"},"geometry":{"type":"Polygon","coordinates":[[[102.27142009403389,6.170557438794717],[101.9591911261241,5.606903954802249],[101.67982836536271,5.561811676082854],[101.5154973296207,5.85491148775894],[101.28543387958189,5.550538606403009],[100.82530697950432,6.441111111111098],[100.3651800794267,6.362199623352154],[99.32989455425206,7.658602636534837],[98.75473592915506,8.278621468926545],[98.4918062719679,8.177163841807896],[98.37677454694847,8.616813559322026],[98.80403523987769,10.138677966101682],[99.79002145432969,11.90854990583803],[99.52709179714248,12.460930320150652],[99.29702834710366,12.99076459510357],[99.21486282923269,13.903883239171364],[98.9355000684713,14.174436911487746],[98.68900351485831,14.388625235404888],[98.4260738576711,15.0311902071563],[98.34390833980007,15.211559322033892],[98.70543661843249,15.40320150659133],[98.78760213630346,15.493386064030119],[98.67257041128408,16.023220338983037],[99.0340986899165,16.338866290018828],[98.59040489341311,17.10543502824858],[98.11384488976131,17.533811676082863],[97.99881316474188,17.590177024482102],[97.9166476468709,18.06364595103578],[97.57155247181271,18.469476459510346],[97.83448212899987,18.5258418079096],[97.9166476468709,18.5258418079096],[98.21244351120652,19.76587947269303],[99.19842972565851,19.878610169491523],[99.60925731501351,20.295713747645948],[99.80645455790386,20.374625235404892],[100.10225042223948,20.40844444444444],[100.16798283653628,20.44226365348399],[100.20084904368468,20.47608286252354],[100.44734559729767,20.397171374764582],[100.64454284018808,20.047706214689256],[100.5952435294655,19.686967984934086],[100.71027525448488,19.4615065913371],[101.31830008673029,19.517871939736338],[101.15396905098828,17.466173258003764],[101.36759939745292,17.40980790960451],[101.5483635367691,17.590177024482102],[102.07422285114347,18.12001129943502],[102.22212078331131,18.142557438794725],[102.6000821655179,17.984734463276823],[102.86301182270512,17.860730696798484],[103.20810699776331,18.007280602636527],[103.30670561920851,18.25528813559322],[103.42173734422789,18.4582033898305],[104.01332907289913,18.368018832391712],[104.1283607979185,18.300380414312613],[104.1612270050669,18.165103578154415],[104.27625873008628,17.928369114877583],[104.78568494088648,17.34216949152541],[104.86785045875752,16.496689265536716],[104.9828821837769,16.282500941619574],[105.41014287670612,15.707574387947261],[105.60734011959647,15.391928436911485],[105.67307253389328,15.166467043314498],[105.67307253389328,14.738090395480214],[105.6237732231707,14.546448210922776],[105.26224494453828,14.253348399246704],[105.13078011594467,14.332259887005648],[104.85141735518329,14.377352165725043],[104.58848769799607,14.399898305084733],[104.34199114438309,14.366079096045198],[103.98046286575072,14.399898305084733],[103.29027251563429,14.309713747645944],[103.06020906559547,14.106798493408661],[102.5343497512211,13.250045197740107],[102.55078285479527,12.968218455743866],[102.64938147624048,12.675118644067794],[102.9451773405761,12.134011299435016],[102.87944492627929,12.055099811676072],[102.5343497512211,12.201649717514115],[102.1235221618661,12.607480225988695],[101.0718035331173,12.697664783427484],[101.1046697402657,13.464233521657249],[100.44734559729767,13.509325800376644],[100.13511662938788,13.272591337099811],[100.18441594011051,12.855487758945387],[99.28059524352949,9.913216572504709],[99.39562696854887,9.259378531073438],[99.9214862829233,9.270651600753283],[100.51307801159447,7.906610169491515],[100.74314146163329,7.06112994350282],[101.63052905464008,6.846941619585678],[102.27142009403389,6.170557438794717]]]}},{"type":"Feature","properties":{"name":"British Honduras","abbrevname":"British Hond"},"geometry":{"type":"Polygon","coordinates":[[[-88.12251791664764,18.514568738229755],[-87.90888757018304,18.21019585687381],[-88.08965170949924,17.6578154425612],[-88.12251791664764,17.173073446327678],[-88.23754964166704,16.462870056497167],[-88.53334550600265,16.282500941619574],[-88.73054274889304,15.921762711864403],[-89.04277171680285,15.910489642184544],[-88.94417309535764,17.84945762711864],[-88.82914137033823,18.041099811676077],[-88.66481033459624,17.917096045197738],[-88.38544757383484,18.300380414312613],[-88.31971515953803,18.503295668549896],[-88.12251791664764,18.514568738229755]]]}},{"type":"Feature","properties":{"name":"Malaya","abbrevname":"Malaya","fips_code":"MY","wb_cntry":"MYS"},"geometry":{"type":"MultiPolygon","coordinates":[[[[102.27142009403389,6.170557438794717],[103.0109097548729,5.573084745762699],[103.32313872278269,5.167254237288134],[103.5532021728215,4.817789077212794],[103.50390286209887,3.814485875706211],[103.53676906924727,3.3297438794726872],[103.50390286209887,3.0479171374764604],[104.37485735153149,1.4020489642184515],[103.5532021728215,1.4245951035781417],[101.63052905464008,2.6871789077212753],[101.46619801889807,3.239559322033898],[101.26900077600772,3.5552052730696744],[100.8746062902269,3.9159435028248595],[100.3651800794267,6.362199623352154],[100.82530697950432,6.441111111111098],[101.28543387958189,5.550538606403009],[101.5154973296207,5.85491148775894],[101.67982836536271,5.561811676082854],[101.9591911261241,5.606903954802249],[102.27142009403389,6.170557438794717]]],[[[109.71561601314653,1.8416986817325807],[111.01383119550832,1.2667721280602535],[111.17816223125033,1.2442259887005633],[111.57255671703109,2.6195404896421763],[112.96937052083814,3.025370998116756],[114.2840188067741,4.468323917137468],[114.64554708540652,4.017401129943494],[115.3686036426713,4.321774011299425],[115.17140639978089,4.896700564971752],[115.56580088556171,4.896700564971752],[115.50006847126491,5.471627118644065],[115.92732916419413,5.48290018832391],[116.7982836536267,6.914580037664777],[117.09407951796231,6.6665725047080855],[117.2419774501301,6.858214689265537],[117.71853745378195,6.407291902071563],[117.57063952161411,5.809819209039546],[118.06363262884014,5.922549905838039],[117.96503400739493,5.595630885122404],[118.57305883964034,5.651996233521658],[119.24681608618255,5.189800376647824],[118.31012918245312,4.953065913370992],[118.14579814671112,4.817789077212794],[118.52375952891771,4.25413559322034],[117.76783676450452,3.9948549905838036],[115.9108960606199,4.175224105461382],[115.73013192130372,3.183193973634644],[115.63153329985852,3.014097928436911],[115.3357374355229,2.9013672316384174],[115.25357191765193,2.7548173258003743],[114.6948463961291,1.4809604519773956],[113.75815949239973,1.15404143126176],[112.60784224220572,1.447141242937846],[111.7697539599215,0.7820301318267298],[111.52325740630852,0.8271224105461386],[111.27676085269553,0.9285800376647728],[111.1617291276761,0.9285800376647728],[110.7509015383211,0.7482109227871945],[110.55370429543069,0.8722146892655331],[109.71561601314653,1.8416986817325807]]]]}},{"type":"Feature","properties":{"name":"Papua New Guinea","abbrevname":"Papua N Guin","fips_code":"PP","wb_cntry":"PNG"},"geometry":{"type":"MultiPolygon","coordinates":[[[[149.76308942347197,-6.38764218455745],[148.51417355183276,-5.756350282485883],[149.845254941343,-5.699984934086629],[150.07531839138176,-5.384338983050853],[150.3875473592916,-5.688711864406784],[150.9298397772402,-5.60980037664784],[151.35710047016937,-5.079966101694922],[151.76792805952437,-5.012327683615823],[151.73506185237596,-4.392308851224115],[152.2937873738988,-4.3472165725047205],[152.47455151321498,-4.764320150659145],[152.03085771671158,-5.192696798493415],[152.12945633815679,-5.643619585687389],[151.48856529876298,-5.6548926553672345],[150.6997763272014,-6.263638418079097],[149.76308942347197,-6.38764218455745]]],[[[141.15214315059114,-9.262274952919029],[140.9549459077008,-6.737107344632776],[141.15214315059114,-6.365096045197745],[141.06997763272017,-2.7802598870056556],[144.75099283334094,-3.9752052730696903],[145.93417629068335,-4.978508474576273],[145.81914456566398,-5.5083427495291915],[147.5774866481034,-6.105815442561209],[147.93901492673575,-6.7258342749529305],[147.11735974802576,-6.872384180790959],[147.34742319806458,-7.548768361581921],[148.23481079107137,-8.225152542372882],[148.6620714840006,-9.081905838041436],[149.4015611448396,-9.10445197740114],[149.28652941982017,-9.442644067796621],[150.02601908065918,-9.690651600753299],[149.76308942347197,-9.90483992467044],[150.61761080933036,-10.27685122410547],[150.7326425343498,-10.615043314500952],[150.20678321997536,-10.716500941619586],[149.99315287351078,-10.389581920903964],[147.82398320171637,-10.062662900188329],[146.85443009083855,-9.262274952919029],[146.0163418085544,-8.07860263653484],[144.83315835121198,-7.762956685499063],[143.86360524033415,-7.650225988700569],[143.9786369653536,-8.089875706214698],[143.5678093759986,-8.112421845574389],[143.63354179029534,-8.337883239171376],[142.450358332953,-8.292790960451981],[143.5349431688502,-8.980448210922788],[142.81188661158535,-9.363732580037663],[141.15214315059114,-9.262274952919029]]]]}},{"type":"Feature","properties":{"name":"Australia","abbrevname":"Australia","fips_code":"AS","wb_cntry":"AUS"},"geometry":{"type":"MultiPolygon","coordinates":[[[[146.92016250513535,-43.70150282485876],[145.93417629068335,-43.228033898305085],[145.49048249417996,-42.65310734463277],[145.39188387273475,-42.461465160075335],[145.83557766923815,-42.50655743879473],[144.89889076550878,-40.849416195856875],[146.5915004336514,-41.289065913371005],[148.26767699821977,-40.90578154425612],[148.48130734468435,-41.07487758945386],[148.13621216962616,-42.81093032015066],[146.92016250513535,-43.70150282485876]]],[[[142.5489569543982,-10.896870056497178],[142.84475281873375,-11.07723917137477],[143.02551695805,-11.900173258003775],[143.37061213310818,-12.103088512241058],[143.17341489021777,-12.520192090395483],[143.5678093759986,-12.802018832391724],[143.94577075820519,-14.447887005649719],[144.27443282968915,-14.571890772128071],[144.586661797599,-14.35770244821093],[145.39188387273475,-15.03408662900189],[145.52334870132836,-16.477039548022603],[146.19710594787057,-17.491615819209045],[146.13137353357376,-18.235638418079105],[146.5257680193546,-19.069845574387955],[148.16907837677456,-20.084421845574397],[148.90856803761358,-20.18587947269303],[148.77710320901997,-20.636802259887006],[149.3029625233944,-21.042632768361585],[149.76308942347197,-22.417947269303212],[150.2232163235496,-22.711047080979284],[150.14105080567856,-22.30521657250472],[150.8969735700918,-22.66595480225989],[151.01200529511118,-23.579073446327683],[151.93225909526637,-24.14272693032015],[153.11544255260878,-25.608225988700568],[153.14830875975719,-27.32173258003767],[153.6906011777058,-28.821050847457634],[153.1811749669056,-31.402583804143127],[152.37595289176977,-32.85680979284369],[151.57073081663395,-33.49937476459511],[150.9627059843886,-35.23542749529191],[150.42041356644,-35.67507721280603],[149.9109873556398,-37.77186817325801],[148.23481079107137,-38.07624105461394],[146.50933491578036,-38.876629001883245],[146.722965262245,-39.15845574387948],[145.73697904779294,-38.707532956685505],[145.17825352627017,-38.05369491525424],[144.6195280047474,-38.23406403013183],[144.94819007623136,-38.436979284369116],[143.5678093759986,-38.95554048964219],[142.10526315789474,-38.41443314500942],[141.4315059113526,-38.436979284369116],[140.21545624686178,-37.62531826741996],[139.57456520746797,-35.596165725047086],[138.40781485369973,-35.74271563088512],[138.76934313233215,-34.90850847457627],[138.30921623225458,-34.33358192090396],[137.88195553932536,-35.31433898305085],[137.15889898206058,-35.460888888888896],[137.30679691422836,-35.055058380414316],[137.70119140000918,-35.00996610169492],[137.71762450358335,-34.44631261770245],[138.39138175012556,-33.27391337099812],[138.07915278221577,-32.73280602636535],[135.90998311042136,-35.19033521657251],[134.03660930296257,-32.32697551789077],[132.39329894554254,-32.135333333333335],[131.48947824896152,-31.61677212806027],[129.38604099146391,-31.78586817325801],[127.46336787328255,-32.36079472693032],[126.26375131236591,-32.41716007532957],[124.45610991920393,-33.12736346516008],[123.56872232619713,-34.02920903954803],[119.96987264344733,-34.10812052730697],[119.52617884694394,-34.55904331450095],[118.8688547039759,-34.5928625235405],[118.40872780389833,-35.07760451977401],[117.73497055735612,-35.23542749529191],[116.4531884785685,-35.088877589453865],[115.25357191765193,-34.40122033898305],[115.18783950335512,-33.73610922787194],[115.61510019628435,-33.747382297551795],[115.8451636463231,-33.35282485875707],[115.8780298534715,-31.909871939736348],[115.2700050212261,-30.78256497175142],[114.8263112247227,-28.888689265536726],[113.2323001780253,-26.149333333333338],[113.93892363171591,-26.645348399246707],[113.52809604236091,-25.675864406779667],[114.08682156388369,-26.48752542372882],[114.3826174282193,-26.25079096045198],[113.57739535308349,-24.593649717514126],[114.10325466745792,-22.023389830508478],[114.43191673894194,-22.59831638418079],[114.66198018898069,-22.07975517890773],[116.61751951431052,-20.817171374764598],[117.80070297165292,-20.738259887005654],[119.13178436116311,-20.005510357815453],[120.0191719541699,-20.095694915254242],[121.07089058291871,-19.656045197740113],[122.40197197242895,-18.224365348399246],[122.28694024740952,-17.37888512241055],[122.94426439037755,-16.567224105461392],[123.6180216369197,-17.559254237288144],[123.71662025836491,-17.09705838041431],[124.02884922627476,-17.23233521657251],[124.11101474414573,-16.961781544256127],[123.78235267266172,-16.375581920903954],[125.04770164787516,-16.510858757062152],[124.53827543707496,-16.24030508474577],[124.62044095494593,-15.642832391713753],[124.89980371570732,-15.451190207156316],[125.31063130506232,-15.609013182674204],[125.35993061578495,-14.7860790960452],[126.06655406947556,-14.673348399246706],[126.47738165883055,-14.053329566854998],[126.75674441959194,-14.335156308851225],[127.05254028392756,-13.771502824858757],[128.16999132697316,-14.684621468926565],[128.26858994841837,-15.361005649717512],[128.66298443419913,-14.864990583804143],[129.82973478796737,-15.259548022598878],[130.05979823800612,-14.797352165725059],[129.63253754507696,-14.29006403013183],[130.40489341306437,-13.467129943502826],[130.66782307025153,-12.74565348399247],[131.16081617747756,-12.610376647834286],[131.22654859177436,-12.249638418079101],[132.95202446706537,-12.148180790960453],[132.72196101702656,-11.60707344632769],[132.22896790980053,-11.460523540489646],[132.40973204911677,-11.302700564971758],[133.75724654220113,-11.933992467043325],[134.97329620669194,-12.046723163841818],[135.33482448532436,-12.37364218455744],[135.86068379969873,-12.170726930320157],[136.28794449262796,-12.554011299435032],[136.63303966768615,-12.103088512241058],[136.99456794631857,-12.35109604519775],[136.66590587483455,-13.20784934086629],[136.04144793901497,-13.467129943502826],[136.09074724973755,-14.188606403013182],[135.61418724608575,-14.955175141242947],[136.89596932487336,-16.003570621468924],[139.16373761811298,-16.97305461393597],[140.01825900397137,-17.739623352165736],[140.90564659697816,-17.615619585687384],[141.90806591500439,-15.214455743879483],[141.67800246496557,-14.740986817325805],[141.71086867211397,-13.794048964218462],[141.80946729355918,-13.027480225988711],[142.12169626146897,-12.68928813559323],[141.87519970785598,-12.452553672316384],[142.5489569543982,-10.896870056497178]]]]}},{"type":"Feature","properties":{"name":"Netherlands","abbrevname":"Netherlands","fips_code":"NL","wb_cntry":"NLD"},"geometry":{"type":"Polygon","coordinates":[[[7.370246953028726,53.17925800376648],[6.910120052951129,52.49160075329567],[7.2716483315835205,52.37887005649716],[7.2716483315835205,52.288685499058374],[7.2716483315835205,52.23232015065912],[6.581457981467139,51.8377627118644],[6.41712694572513,51.894128060263654],[6.334961427854125,51.86030885122409],[6.187063495686317,51.81521657250471],[6.154197288537915,51.736305084745766],[6.433560049299331,51.409386064030116],[6.384260738576728,51.34174764595102],[6.285662117131523,51.21774387947269],[6.384260738576728,51.16137853107344],[6.137764184963714,50.992282485875705],[6.203496599260518,50.75554802259887],[5.90770073492493,50.744274952919],[6.022732459944336,51.13883239171375],[5.694070388460318,51.30792843691148],[5.447573834847333,51.25156308851223],[5.3161090062537255,51.42065913370996],[3.9850276167435084,51.409386064030116],[3.722097959556322,51.60102824858757],[4.921714520472932,52.81851977401129],[5.431140731273132,52.638150659133714],[5.151777970511716,52.29995856873822],[5.677637284886117,52.198500941619585],[6.022732459944336,52.53669303201505],[5.529739352718337,52.80724670433145],[5.595471767015113,53.15671186440676],[6.959419363673732,53.404719397363465],[7.370246953028726,53.17925800376648]]]}},{"type":"Feature","properties":{"name":"Nepal","abbrevname":"Nepal","fips_code":"NP","wb_cntry":"NPL"},"geometry":{"type":"Polygon","coordinates":[[[81.64787510841285,30.41893032015065],[81.86150545487743,30.475295668549904],[82.33806545852929,30.3851111111111],[82.40379787282603,30.103284369114874],[83.89921029807829,29.201438794726926],[84.29360478385905,29.325442561205264],[84.47436892317529,28.953431261770234],[85.13169306614327,28.547600753295654],[85.42748893047889,28.660331450094148],[85.34532341260785,28.355958568738217],[85.93691514127909,28.355958568738217],[86.23271100561465,27.927581920903947],[86.34774273063408,28.13049717514123],[86.64353859496964,27.961401129943496],[86.98863377002789,28.153043314500934],[87.41589446295706,27.859943502824848],[88.40188067740905,27.893762711864397],[88.41831378098328,27.882489642184552],[88.27041584881545,27.54429755178907],[88.23754964166704,27.149740112994337],[88.43474688455746,26.77772881355932],[88.30328205596385,26.46208286252353],[87.54735929155066,26.40571751412429],[87.25156342721505,26.61990583804142],[86.97220066645366,26.484629001883235],[86.59423928424707,26.642451977401123],[86.28201031633728,26.710090395480222],[86.10124617702104,26.608632768361574],[85.98621445200166,26.86791337099811],[85.83831651983388,26.90173258003766],[85.57538686264667,26.77772881355932],[84.86876340895606,27.082101694915252],[84.91806271967869,27.285016949152535],[84.85233030538188,27.386474576271183],[84.34290409458168,27.555570621468917],[84.07997443739447,27.39774764595103],[83.86634409092989,27.521751412429367],[83.63628064089107,27.521751412429367],[83.52124891587164,27.386474576271183],[83.38978408727809,27.476659133709973],[83.01182270507144,27.555570621468917],[81.10558269046425,28.50250847457626],[80.80978682612863,28.727969868173247],[80.30036061532843,28.964704331450093],[80.54685716894147,29.33671563088511],[80.51399096179307,29.517084745762702],[80.61258958323828,29.64108851224104],[80.61258958323828,29.798911487758943],[80.74405441183188,29.855276836158183],[81.22061441548368,30.261107344632762],[81.46711096909667,30.04691902071562],[81.64787510841285,30.41893032015065]]]}},{"type":"Feature","properties":{"name":"Trinidad","abbrevname":"Trinidad","fips_code":"TD","wb_cntry":"TTO"},"geometry":{"type":"Polygon","coordinates":[[[-60.90929839777239,10.837608286252348],[-61.007897019217594,10.138677966101682],[-61.8295521979276,10.071039548022597],[-61.45159081572099,10.296500941619584],[-61.5994887478888,10.747423728813558],[-60.90929839777239,10.837608286252348]]]}},{"type":"Feature","properties":{"name":"Brunei","abbrevname":"Brunei","fips_code":"BX","wb_cntry":"BRN"},"geometry":{"type":"Polygon","coordinates":[[[114.2840188067741,4.468323917137468],[114.94134294974214,4.998158192090386],[115.17140639978089,4.896700564971752],[115.3686036426713,4.321774011299425],[114.64554708540652,4.017401129943494],[114.2840188067741,4.468323917137468]]]}},{"type":"Feature","properties":{"name":"Dutch East Indies","abbrevname":"East Indies","fips_code":"ID","wb_cntry":"IDN"},"geometry":{"type":"MultiPolygon","coordinates":[[[[141.06997763272017,-2.7802598870056556],[141.15214315059114,-6.365096045197745],[140.9549459077008,-6.737107344632776],[141.15214315059114,-9.262274952919029],[140.18259003971338,-8.225152542372882],[139.11443830739034,-8.304064030131826],[139.3609348610034,-7.706591337099823],[138.8515086502032,-7.120391713747651],[139.22947003240978,-7.007661016949157],[137.79979002145438,-5.23778907721281],[135.26909207102756,-4.43740112994351],[134.97329620669194,-4.020297551789085],[134.25023964942716,-3.9301129943502815],[133.95444378509154,-3.174817325800376],[133.59291550645912,-3.9752052730696903],[133.13278860638155,-4.257032015065917],[133.03418998493635,-3.4904632768361665],[132.21253480622636,-2.80280602636536],[133.98730999223994,-2.7013483992467116],[134.05304240653675,-2.227879472693033],[132.42616515269094,-2.3293370998116814],[132.01533756333595,-1.65295291902072],[131.27584790249693,-1.517676082862522],[131.40731273109054,-1.010387947269308],[132.45903135983934,-0.5143728813559392],[134.11877482083355,-0.9878418079096036],[134.48030309946597,-2.8366252354048953],[134.66106723878215,-2.9831751412429384],[134.75966586022736,-2.6900753295668665],[134.97329620669194,-3.2875480225988696],[135.44985621034374,-3.524282485875716],[136.46870863194414,-2.3969755178907803],[137.29036381065413,-2.239152542372892],[137.30679691422836,-1.9685988700564963],[137.91482174647376,-1.6191337099811705],[141.06997763272017,-2.7802598870056556]]],[[[130.98005203816132,-3.8624745762711967],[129.97763272013515,-3.310094161958574],[129.78043547724474,-3.5693747645951106],[129.12311133427676,-3.242455743879475],[128.58081891632816,-3.535555555555561],[128.25215684484414,-3.0395404896421923],[130.56922444880632,-3.1184519774011363],[130.98005203816132,-3.8624745762711967]]],[[[126.87177614461132,-3.8624745762711967],[126.34591683023694,-3.614467043314505],[126.31305062308854,-3.2762749529190245],[126.93750855890812,-3.219909604519785],[127.29903683754054,-3.5017363465160116],[127.31546994111471,-3.7046516007532944],[126.87177614461132,-3.8624745762711967]]],[[[138.37494864655133,-8.540798493408673],[137.88195553932536,-8.439340866290024],[138.76934313233215,-7.503676082862526],[139.09800520381617,-7.762956685499063],[138.37494864655133,-8.540798493408673]]],[[[123.15789473684214,-8.36042937853108],[121.89254576162875,-8.980448210922788],[120.13420367918934,-8.924082862523548],[120.05203816131831,-8.664802259887011],[120.77509471858315,-8.371702448210925],[121.4817181722737,-8.69862146892656],[122.36910576528055,-8.619709981167617],[122.89496507965492,-8.07860263653484],[123.15789473684214,-8.36042937853108]]],[[[118.14579814671112,-8.518252354048968],[117.8828684895239,-8.349156308851235],[118.01433331811751,-8.157514124293797],[118.62235815036291,-8.304064030131826],[118.67165746108554,-8.574617702448222],[118.9674533254211,-8.36042937853108],[119.18108367188574,-8.867717514124294],[118.47446021819513,-8.912809792843703],[118.4251609074725,-8.721167608286251],[117.48847400374314,-9.12699811676083],[116.8640160679235,-9.036813559322042],[116.8640160679235,-8.687348399246716],[117.15981193225912,-8.506979284369123],[118.01433331811751,-8.80007909604521],[118.14579814671112,-8.518252354048968]]],[[[115.2700050212261,-8.76625988700566],[114.66198018898069,-8.315337099811686],[115.28643812480033,-8.213879472693037],[115.69726571415532,-8.45061393596987],[115.2700050212261,-8.76625988700566]]],[[[103.5203359656731,-0.796199623352166],[104.44058976582829,-1.1794839924670555],[104.55562149084767,-1.878414312617707],[105.0157483909253,-2.1376949152542437],[104.88428356233169,-2.656256120527317],[105.19651253024148,-2.45334086629002],[105.6566394303191,-2.577344632768373],[106.14963253754507,-3.1973634651600804],[105.88670288035792,-5.880354048964222],[105.39370977313189,-5.530888888888896],[105.22937873738988,-5.8578079096045315],[104.6706532158671,-5.621073446327685],[104.76925183731231,-6.049450094161969],[102.66581457981471,-4.166847457627128],[101.02250422239467,-2.3180640301318363],[100.48021180444607,-0.9540225988700684],[99.60925731501351,0.10564595103578256],[99.31346145067789,0.24092278719396631],[98.8697676541745,1.6387834274952837],[97.80161592185146,2.2700753295668505],[97.45652074679327,3.160647834274954],[96.3226366001735,3.972308851224099],[95.51741452503768,4.975612052730696],[95.41881590359247,5.51671939736346],[96.7991966038253,5.08834274952919],[97.58798557538688,5.201073446327683],[98.8369014470261,3.679209039548013],[100.06938421509108,2.9239133709981076],[100.06938421509108,2.585721280602627],[100.9403387045237,1.8867909604519753],[101.0389373259689,2.1911638418079065],[101.26900077600772,2.100979284369103],[102.91231113342769,0.579114877589447],[103.93116355502809,0.026734463276824272],[103.5203359656731,-0.796199623352166]]],[[[127.84132925548914,0.004188323917134085],[127.62769890902456,0.9962184557438718],[128.00566029123115,1.9093370998116654],[128.18642443054733,1.5936911487758891],[128.00566029123115,0.7369378531073352],[128.30145615556677,1.221679849340859],[128.81088236636697,1.4020489642184515],[128.8437485735153,1.0413107344632664],[128.40005477701192,0.646753295668546],[128.90948098781212,0.22964971751412122],[128.23572374126996,0.3874726930320094],[128.07139270552796,0.11691902071562765],[128.49865339845712,-1.010387947269308],[127.84132925548914,0.004188323917134085]]],[[[106.75765736979048,-3.163544256120531],[105.41014287670612,-2.092602636534849],[105.6237732231707,-1.6980451977401145],[105.85383667320951,-1.934779661016961],[106.0674670196741,-1.6078606403013254],[106.24823115899028,-2.1827871939736383],[106.83982288766151,-2.6900753295668665],[106.75765736979048,-3.163544256120531]]],[[[106.01816770895152,-6.466553672316394],[106.0017346053773,-6.241092278719407],[106.1331994339709,-6.00435781544256],[107.06988633770032,-6.252365348399252],[107.1520518555713,-6.00435781544256],[107.97370703428129,-6.432734463276844],[108.38453462363628,-6.342549905838041],[108.76249600584293,-6.906203389830509],[109.37052083808828,-7.007661016949157],[109.58415118455292,-6.973841807909608],[110.43867257041131,-7.018934086629002],[111.01383119550832,-6.522919020715634],[111.24389464554713,-6.838564971751424],[112.47637741361211,-7.007661016949157],[112.88720500296711,-7.706591337099823],[114.43191673894194,-7.909506591337106],[114.26758570319993,-8.41679472693032],[114.53051536038714,-8.76625988700566],[113.28159948874793,-8.32661016949153],[110.98096498835991,-8.304064030131826],[109.74848222029493,-7.819322033898317],[109.23905600949473,-7.706591337099823],[107.94084082713289,-7.774229755178908],[106.52759391975172,-7.413491525423737],[106.75765736979048,-7.142937853107355],[106.5768932304743,-7.018934086629002],[105.39370977313189,-6.849838041431269],[106.01816770895152,-6.466553672316394]]],[[[123.70018715479074,-10.33321657250471],[123.86451819053275,-9.735743879472693],[125.27776509791391,-8.7549868173258],[127.29903683754054,-8.495706214689264],[127.06897338750173,-8.78880602636535],[125.40922992650752,-9.375005649717522],[124.35751129775872,-10.186666666666667],[123.70018715479074,-10.33321657250471]]],[[[120.47929885424753,-10.355762711864415],[119.14821746473734,-9.56664783427496],[119.9863057470215,-9.442644067796621],[120.79152782215732,-10.085209039548033],[120.47929885424753,-10.355762711864415]]],[[[117.76783676450452,3.9948549905838036],[117.8828684895239,3.6453898305084635],[117.2748436572785,3.521386064030125],[117.3405760715753,3.183193973634644],[118.03076642169174,2.32644067796609],[117.93216780024653,1.8191525423728763],[118.9674533254211,0.8383954802259836],[118.06363262884014,0.8834877589453782],[117.73497055735612,0.6242071563088416],[117.57063952161411,-0.9878418079096036],[117.2419774501301,-0.9202033898305189],[116.2559912356781,-1.9122335216572566],[116.55178710001371,-2.3969755178907803],[116.23955813210392,-2.43079472693033],[116.4531884785685,-2.7802598870056556],[116.15739261423295,-3.1860903954802353],[115.7794312320263,-3.7835630885122526],[114.77701191400013,-4.2795781544256215],[114.4154836353677,-3.4115517890772225],[114.16898708175472,-3.3439133709981235],[113.8074588031223,-3.591920903954801],[113.00223672798649,-2.949355932203389],[112.7886063815219,-3.400278719397363],[111.95051809923768,-3.6257401129943503],[111.78618706349573,-2.7802598870056556],[110.99739809193409,-3.152271186440686],[110.3072077418177,-3.0620866290018824],[109.97854567033369,-1.292214689265549],[109.38695394166251,-0.8525649717514199],[109.6334504952755,-0.6947419962335317],[109.27192221664313,-0.3903691148776005],[109.20618980234633,0.21837664783427613],[109.10759118090112,1.1202222222222105],[109.48555256310772,1.8980640301318203],[109.71561601314653,1.8416986817325807],[110.55370429543069,0.8722146892655331],[110.7509015383211,0.7482109227871945],[111.1617291276761,0.9285800376647728],[111.27676085269553,0.9285800376647728],[111.52325740630852,0.8271224105461386],[111.7697539599215,0.7820301318267298],[112.60784224220572,1.447141242937846],[113.75815949239973,1.15404143126176],[114.6948463961291,1.4809604519773956],[115.25357191765193,2.7548173258003743],[115.3357374355229,2.9013672316384174],[115.63153329985852,3.014097928436911],[115.73013192130372,3.183193973634644],[115.9108960606199,4.175224105461382],[117.76783676450452,3.9948549905838036]]],[[[120.64362988998954,0.6580263653483911],[121.20235541151231,1.1765875706214644],[122.94426439037755,0.6918455743879406],[124.35751129775872,0.8158493408662792],[125.06413475144933,1.6387834274952837],[125.21203268361711,1.5598719397363396],[124.43967681562975,0.3198342749529104],[123.66732094764234,0.17328436911486733],[123.19076094399054,0.3874726930320094],[120.72579540786052,0.42129190207155887],[120.54503126854434,0.3761996233521643],[120.06847126489254,-0.4467344632768402],[120.31496781850552,-0.9652956685499134],[120.79152782215732,-1.5064030131826769],[121.25165472223495,-1.5289491525423813],[121.66248231158994,-0.9765687382297585],[122.20477472953854,-1.1005725047080972],[123.19076094399054,-0.7060150659133768],[123.45369060117775,-0.8863841807909694],[123.42082439402935,-1.2133032015065908],[122.96069749395173,-1.078026365348407],[121.85967955448035,-1.9798719397363556],[121.46528506869953,-1.946052730696806],[122.46770438672576,-3.1973634651600804],[122.40197197242895,-3.8286553672316472],[122.84566576893235,-4.493766478342749],[122.36910576528055,-4.493766478342749],[122.07330990094493,-4.944689265536724],[121.64604920801571,-4.843231638418089],[121.71178162231251,-4.223212806026368],[121.0051581686219,-3.5806478342749557],[121.12018989364134,-2.814079096045205],[120.79152782215732,-2.7802598870056556],[120.57789747569274,-2.881717514124304],[120.34783402565392,-3.0620866290018824],[120.44643264709913,-5.564708097928445],[119.67407677911172,-5.7901694915254325],[119.49331263979553,-5.406885122410557],[119.65764367553754,-3.7948361581920977],[119.42758022549873,-3.5581016949152655],[119.0003195325695,-3.6482862523540547],[118.88528780755013,-2.881717514124304],[119.3782809147761,-2.160241054613948],[119.4440133290729,-1.2133032015065908],[119.80554160770532,-0.863838041431265],[120.11777057561511,0.5565687382297426],[120.44643264709913,0.8045762711864342],[120.64362988998954,0.6580263653483911]]]]}},{"type":"Feature","properties":{"name":"Greenland","abbrevname":"Greenland","fips_code":"GL"},"geometry":{"type":"MultiPolygon","coordinates":[[[[-26.580545031268542,71.5769077212806],[-25.49596019537134,71.29508097928436],[-27.71442917788832,71.01325423728812],[-28.174556077965946,70.47214689265536],[-27.270735381384924,70.22413935969868],[-21.946409823344112,70.07758945386064],[-22.521568448441116,69.7957627118644],[-24.690738120235523,69.41247834274952],[-26.761309170584724,68.52190583804142],[-29.193408499566345,68.24007909604518],[-29.78500022823755,68.40917514124294],[-30.09722919614734,67.9920715630885],[-31.14894782489614,68.0597099811676],[-32.15136714292234,68.55572504708098],[-31.921303692883527,67.89061393596987],[-34.22193819327154,66.40256873822975],[-35.503720272059155,66.36874952919021],[-36.12817820787876,65.73745762711863],[-37.377094079517946,65.55708851224105],[-36.94983338658875,66.33493032015065],[-37.83722097959554,66.41384180790959],[-38.26448167252474,65.65854613935969],[-39.792760304925366,65.5458154425612],[-39.52983064773815,65.01598116760829],[-40.86091203724837,65.04980037664782],[-40.15428858355776,64.44105461393596],[-41.288172730177564,64.29450470809792],[-40.31861961929977,63.798489642184535],[-41.17314100515816,63.53920903954801],[-41.23887341945496,63.0544670433145],[-41.71543342310676,63.14465160075329],[-41.633267905235755,62.70500188323916],[-43.03008170904275,62.69372881355932],[-42.06052859816495,62.20898681732578],[-42.27415894462956,61.318414312617705],[-42.832884466152365,61.30714124293783],[-42.58638791253935,60.54057250470808],[-43.29301136622996,60.4954802259887],[-42.816451362578164,59.852915254237274],[-43.851736887752764,60.179834274952896],[-44.26256447710776,59.77400376647833],[-45.560779659469574,61.11549905838041],[-47.434153466928365,60.60821092278718],[-48.71593554571598,61.44241807909603],[-48.995298306477366,62.18644067796609],[-49.849819692335785,62.33299058380413],[-49.652622449445374,62.986828625235404],[-51.16446797827177,63.74212429378531],[-49.833386588761584,64.4523276836158],[-49.94841831378096,64.75670056497174],[-51.75605970694298,64.39596233521655],[-51.98612315698176,65.53454237288133],[-52.90637695713697,65.89528060263652],[-52.41338384991097,66.28983804143124],[-53.18573971789837,66.47020715630885],[-52.24905281416898,66.62803013182673],[-52.10115488200118,66.92112994350282],[-53.07070799287898,66.94367608286251],[-52.77491212854338,67.32696045197738],[-53.28433833934358,67.49605649717512],[-52.61058109280138,67.7891563088512],[-50.27708038526498,67.49605649717512],[-50.29351348883918,67.9920715630885],[-52.64344729994977,68.52190583804142],[-50.80293969963938,68.52190583804142],[-50.07988314237457,69.13065160075328],[-50.375679006710186,69.88594726930319],[-53.46510247865977,70.37068926553673],[-54.171725932350384,70.74270056497173],[-52.16688729629797,70.6863352165725],[-50.62217556032317,70.26923163841806],[-52.00255626055598,71.37399246704331],[-51.509563153329964,71.61072693032014],[-53.12000730360158,71.90382674199623],[-54.171725932350384,71.31762711864405],[-55.27274387182179,71.5092693032015],[-55.15771214680238,72.74930696798492],[-54.35249007166658,72.88458380414312],[-58.017072168713185,75.6239397363465],[-62.71693979093439,76.3792354048964],[-65.2640708449354,76.11995480225988],[-66.4801205094262,76.32287005649715],[-66.3650887844068,75.95085875706215],[-67.41680741315561,76.04104331450094],[-68.846487424111,76.3115969868173],[-68.17273017756881,76.79633898305084],[-70.29260053864061,76.85270433145007],[-71.24572054594421,77.13453107344631],[-66.5787191308714,77.28108097928435],[-65.9542611950518,77.57418079096044],[-66.5951522344456,77.78836911487758],[-69.78317432784041,77.59672693032013],[-72.34673848541561,78.34074952919019],[-68.13986397042041,79.10731826741994],[-65.2805039485096,79.17495668549904],[-64.4259825626512,79.96407156308851],[-66.6444515451682,80.0542561205273],[-66.9402474095038,80.58409039548022],[-60.90929839777239,81.20410922787192],[-60.67923494773359,81.88049340866289],[-57.244716300725784,81.44084369114876],[-57.93490665084218,82.02704331450093],[-54.36892317524078,82.3426892655367],[-53.46510247865977,81.47466290018832],[-52.61058109280138,82.15104708097928],[-49.73478796731638,81.68885122410546],[-50.57287624960057,82.51178531073444],[-44.47619482357237,81.74521657250469],[-44.689825170036954,83.09798493408661],[-41.68256721595836,83.27835404896422],[-38.379513397544144,82.84997740112993],[-38.379513397544144,83.40235781544254],[-32.31569817866435,83.594],[-26.219016752636122,83.35726553672316],[-22.225772584105528,82.75979284369114],[-23.146026384260722,82.36523540489642],[-30.93531747843153,82.21868549905838],[-32.54576162870313,81.77903578154425],[-26.18615054548772,81.88049340866289],[-24.67430501666132,81.60993973634652],[-21.864244305473136,81.98195103578152],[-23.704751905783525,80.58409039548022],[-16.26055598667091,81.9255856873823],[-12.497375268179098,81.64375894538605],[-16.244122883096708,80.47135969868171],[-19.84297256584651,80.2571713747646],[-19.990870498014317,79.87388700564972],[-18.396859451316914,80.03170998116761],[-17.558771169032724,79.79497551789075],[-19.18564842287853,79.56951412429376],[-21.502716026840716,77.93491902071563],[-21.174053955356726,77.60799999999998],[-20.56602912311132,77.980011299435],[-18.972018076413917,77.84473446327684],[-19.908704980143312,77.39381167608286],[-18.051764276258723,77.31490018832392],[-17.739535308348906,76.88652354048963],[-19.777240151549705,76.96543502824858],[-22.176473273382925,76.6497890772128],[-19.36641256219471,76.13122787193973],[-18.988451179988118,75.71412429378529],[-19.18564842287853,75.27447457627119],[-20.303099465924134,75.37593220338982],[-20.467430501666115,75.08283239171374],[-18.84055324782031,74.35008286252352],[-21.55201533756332,74.32753672316383],[-21.831378098324734,74.12462146892653],[-20.155201533756326,73.83152165725045],[-20.122335326607924,73.43696421845573],[-22.06144154836352,73.27914124293784],[-23.869082941525534,73.77515630885122],[-27.320034692107527,73.1776836158192],[-26.827041584881528,72.76058003766477],[-24.871502259551733,72.64784934086629],[-22.62016706988632,71.88128060263654],[-22.225772584105528,71.36271939736346],[-21.699913269731127,71.5092693032015],[-21.338384991098735,70.46087382297551],[-23.556853973615716,70.60742372881356],[-25.085132606016316,71.58818079096045],[-26.580545031268542,71.5769077212806]]],[[[-21.946409823344112,72.03910357815442],[-23.589720180764118,72.68166854990582],[-21.683480166156926,72.37729566854989],[-21.946409823344112,72.03910357815442]]],[[[-53.35007075364038,69.29974764595102],[-54.48395490026019,69.7281242937853],[-54.38535627881498,70.25795856873822],[-51.60816177477517,69.63793973634651],[-53.35007075364038,69.29974764595102]]]]}},{"type":"Feature","properties":{"name":"Norway","abbrevname":"Norway","fips_code":"NO","wb_cntry":"NOR"},"geometry":{"type":"MultiPolygon","coordinates":[[[[22.176473273382953,79.79497551789075],[18.52832427991055,79.89643314500941],[20.122335326607953,80.65172881355932],[22.406536723421766,80.14444067796609],[23.425389145022166,80.62918267419963],[23.32679052357696,80.11062146892655],[24.625005705938747,80.44881355932202],[27.40220020997856,79.96407156308851],[24.01698087369337,79.1636836158192],[21.206920162505156,79.2087758945386],[22.176473273382953,79.79497551789075]]],[[[13.450495275482751,79.81752165725047],[14.370749075637946,79.37787193973634],[15.011640115031753,79.81752165725047],[16.34272150454194,79.15241054613935],[16.112658054503157,79.86261393596985],[16.52348564385815,80.04298305084745],[17.772401515497336,79.90770621468926],[17.969598758387747,79.43423728813559],[18.758387729949362,79.58078719397363],[21.10832154105995,78.82549152542373],[19.317113251472136,78.47602636534839],[17.115077372529356,76.73997363465159],[14.682978043547735,77.38253860640299],[16.917880129638945,77.81091525423727],[14.337882868489544,77.78836911487758],[14.107819418450731,78.01383050847457],[16.81928150819374,78.48729943502823],[15.29100287579314,78.80294538606401],[13.828456657689344,78.28438418079094],[11.971515953804726,78.89312994350283],[12.72743871821794,79.0734990583804],[11.116994567946335,79.55824105461392],[13.450495275482751,79.81752165725047]]],[[[11.379924225133522,59.086346516007524],[10.771899392888145,59.59363465160075],[10.377504907107323,59.00743502824858],[8.241201442461318,58.08304331450094],[7.156616606564114,57.99285875706215],[5.825535217053925,58.47760075329566],[5.677637284886117,58.996161958568734],[6.3020952207057235,58.81579284369113],[6.466426256447733,59.00743502824858],[5.973433149221734,59.09761958568737],[6.433560049299331,59.300534839924666],[6.08846487424114,59.3343540489642],[6.318528324279924,59.54854237288134],[5.72693659560872,59.277988700564975],[5.283242799105324,59.52599623352165],[6.384260738576728,59.84164218455743],[5.891267631350729,59.77400376647833],[6.1048979778153125,60.179834274952896],[5.299675902679525,60.28129190207156],[5.759802802757122,60.529299435028236],[5.184644177660118,60.70966854990584],[5.595471767015113,61.04786064030131],[5.299675902679525,61.712971751412425],[6.0062993563701355,61.79188323917137],[5.677637284886117,62.107529190207146],[6.811521431505923,62.60354425612053],[7.748208335235319,62.614817325800374],[7.288081435157721,62.93046327683615],[8.438398685351729,62.86282485875705],[11.100561464372134,64.48614689265537],[11.560688364449732,64.42978154425612],[12.72743871821794,65.12871186440677],[12.90820285753415,65.92909981167608],[13.779157346966741,66.19965348399245],[13.368329757611747,66.47020715630885],[14.189984936321736,66.70694161958568],[13.94348838270875,66.94367608286251],[15.948327018761148,67.60878719397363],[16.12909115807733,68.07098305084745],[16.622084265303357,67.89061393596987],[18.52832427991055,69.37865913370996],[19.777240151549762,69.19829001883238],[20.023736705162747,69.38993220338983],[20.483863605240344,69.80703578154424],[20.40169808736934,69.33356685499058],[21.61774775186015,70.03249717514123],[22.11074085908615,69.81830885122409],[22.505135344866943,70.23541242937853],[23.49112155931897,70.03249717514123],[25.05226639886797,70.84415819209039],[26.03825261331997,70.91179661016949],[25.463093988222965,70.12268173258002],[26.810608481307355,70.93434274952918],[26.827041584881556,70.40450847457626],[28.42105263157896,71.03580037664781],[28.07595745652077,70.4383276836158],[28.996211256675963,70.87797740112993],[30.67238782124437,70.5510583804143],[30.45875747477976,70.14522787193974],[28.93047884237916,70.15650094161958],[29.932898160405358,69.71685122410545],[31.263979549915575,69.6604858757062],[30.47519057835396,69.42375141242937],[30.409458164057156,69.41247834274952],[30.13009540329577,69.36738606403011],[28.897612635230757,68.71354802259887],[29.324873328159953,69.50266290018831],[28.10882366366917,69.90849340866288],[26.317615374081356,69.6604858757062],[25.00296708814537,68.44299435028248],[24.279910530880557,68.73609416195856],[22.899529830647765,68.65718267419962],[22.27507189482816,68.9728286252354],[21.60131464828595,69.28847457627117],[20.993289816040544,68.9502824858757],[20.368831880220938,68.9728286252354],[20.040169808736948,68.18371374764595],[19.169215319304357,68.30771751412428],[18.38042634774274,68.48808662900188],[18.314693933445938,68.39790207156307],[18.298260829871737,68.10480225988701],[18.265394622723335,68.01461770244819],[18.117496690555555,67.87934086629002],[17.805267722645738,67.87934086629002],[17.279408408271337,67.9244331450094],[17.082211165380954,67.8567947269303],[16.424887022412946,66.84221845574388],[14.798009768567141,66.06437664783425],[13.92705527913455,64.56505838041431],[14.288583557766941,64.04649717514124],[13.05610078970193,63.91122033898304],[12.333044232437146,63.358839924670434],[12.283744921714543,61.712971751412425],[12.990368375405126,61.35223352165724],[12.382343543159749,60.968949152542365],[12.628840096772734,60.05583050847457],[11.807184918062745,59.58236158192091],[11.774318710914343,58.88343126177023],[11.379924225133522,59.086346516007524]]]]}},{"type":"Feature","properties":{"name":"Antarctica","abbrevname":"Antarctica","fips_code":"AY"},"geometry":{"type":"MultiPolygon","coordinates":[[[[-72.90546400693842,-72.72965725047081],[-71.82087917104121,-71.80526553672317],[-74.13794677500341,-72.18854990583804],[-75.07463367873282,-71.64744256120528],[-71.90304468891222,-71.02742372881356],[-71.59081572100241,-69.71974764595103],[-72.1988405532478,-69.24627871939737],[-70.50623088510521,-68.79535593220339],[-68.18916328114301,-71.1063352165725],[-68.41922673118181,-72.042],[-69.8160405349888,-72.65074576271186],[-72.90546400693842,-72.72965725047081]]],[[[-102.35358561190486,-72.1096384180791],[-100.95677180809786,-71.80526553672317],[-97.01282695028985,-71.80526553672317],[-95.69817866435385,-72.34637288135593],[-96.93066143241886,-72.65074576271186],[-102.35358561190486,-72.1096384180791]]],[[[-54.976948007486186,-80.92517890772129],[-50.03058383165197,-78.37746516007533],[-48.650203131419175,-78.06181920903956],[-45.560779659469574,-78.06181920903956],[-44.016067923494774,-78.37746516007533],[-44.62409275574015,-80.30516007532957],[-54.976948007486186,-80.92517890772129]]],[[[-163.84625918656138,-79.33567608286252],[-162.38371296845756,-78.79456873822976],[-160.52677226457297,-79.03130320150659],[-158.99849363217237,-79.86551035781544],[-160.21454329666318,-79.95569491525424],[-163.84625918656138,-79.33567608286252]]],[[[169.975806819738,-83.40525423728813],[180.00000000000006,-84.31837288135593],[180.00000000000006,-85.29912994350282],[180.00000000000006,-86.30243314500942],[180.00000000000006,-87.30573634651601],[180.00000000000006,-88.29776647834275],[180.00000000000006,-89.30106967984933],[180.00000000000006,-90],[179.98356689642583,-90],[178.98114757839966,-90],[177.97872826037343,-90],[176.9763089423472,-90],[175.97388962432103,-90],[174.98790340986903,-90],[173.9854840918428,-90],[172.98306477381664,-90],[171.9806454557904,-90],[170.97822613776424,-90],[169.975806819738,-90],[168.989820605286,-90],[167.9874012872598,-90],[166.98498196923362,-90],[165.9825626512074,-90],[164.98014333318122,-90],[163.977724015155,-90],[162.97530469712882,-90],[161.98931848267682,-90],[160.9868991646506,-90],[159.98447984662437,-90],[158.9820605285982,-90],[157.97964121057197,-90],[156.9772218925458,-90],[155.97480257451957,-90],[154.98881636006757,-90],[153.9863970420414,-90],[152.98397772401518,-90],[151.981558405989,-90],[150.97913908796278,-90],[149.97671976993655,-90],[148.97430045191038,-90],[147.98831423745838,-90],[146.98589491943216,-90],[145.98347560140598,-90],[144.98105628337976,-90],[143.9786369653536,-90],[142.97621764732736,-90],[141.9737983293012,-90],[140.98781211484913,-90],[139.98539279682296,-90],[138.98297347879674,-90],[137.98055416077057,-90],[136.97813484274434,-90],[135.97571552471817,-90],[134.98972931026617,-90],[133.98730999223994,-90],[132.98489067421377,-90],[131.98247135618755,-90],[130.98005203816132,-90],[129.97763272013515,-90],[128.97521340210892,-90],[127.98922718765692,-90],[126.98680786963075,-90],[125.98438855160452,-90],[124.98196923357835,-90],[123.97954991555213,-90],[122.97713059752596,-90],[121.97471127949973,-90],[120.98872506504773,-90],[119.9863057470215,-90],[118.98388642899533,-90],[117.9814671109691,-90],[116.97904779294294,-90],[115.97662847491671,-90],[114.97420915689054,-90],[113.98822294243854,-90],[112.98580362441231,-90],[111.98338430638609,-90],[110.98096498835991,-90],[109.97854567033369,-90],[108.97612635230752,-90],[107.97370703428129,-90],[106.98772081982929,-90],[105.98530150180312,-90],[104.9828821837769,-90],[103.98046286575072,-90],[102.9780435477245,-90],[101.97562422969827,-90],[100.98963801524627,-90],[99.9872186972201,-90],[98.98479937919387,-90],[97.9823800611677,-90],[96.97996074314148,-90],[95.9775414251153,-90],[94.97512210708908,-90],[93.98913589263708,-90],[92.98671657461085,-90],[91.98429725658468,-90],[90.98187793855845,-90],[89.99589172410646,-90],[89.97945862053228,-90],[88.97703930250606,-90],[87.97461998447989,-90],[86.98863377002789,-90],[85.98621445200166,-90],[84.98379513397549,-90],[83.98137581594926,-90],[82.97895649792304,-90],[81.97653717989687,-90],[80.97411786187064,-90],[79.98813164741864,-90],[78.98571232939247,-90],[77.98329301136624,-90],[76.98087369334007,-90],[75.97845437531385,-90],[74.97603505728765,-90],[73.97361573926145,-90],[72.98762952480945,-90],[71.98521020678325,-90],[70.98279088875705,-90],[69.98037157073082,-90],[68.97795225270463,-90],[67.97553293467843,-90],[66.98954672022643,-90],[65.98712740220023,-90],[64.98470808417403,-90],[63.98228876614783,-90],[62.97986944812163,-90],[61.977450130095434,-90],[60.975030812069235,-90],[59.98904459761721,-90],[58.98662527959101,-90],[57.98420596156481,-90],[56.98178664353861,-90],[55.97936732551241,-90],[54.976948007486214,-90],[53.974528689460016,-90],[52.98854247500802,-90],[51.98612315698182,-90],[50.98370383895559,-90],[49.98128452092939,-90],[48.978865202903194,-90],[47.976445884876995,-90],[46.974026566850796,-90],[45.9880403523988,-90],[44.9856210343726,-90],[43.9832017163464,-90],[42.9807823983202,-90],[41.978363080294,-90],[40.975943762267775,-90],[39.973524444241576,-90],[38.98753822978958,-90],[37.98511891176338,-90],[36.98269959373718,-90],[35.98028027571098,-90],[34.97786095768478,-90],[33.975441639658584,-90],[32.989455425206586,-90],[31.98703610718036,-90],[30.98461678915416,-90],[29.98219747112796,-90],[28.979778153101762,-90],[27.977358835075563,-90],[26.974939517049364,-90],[25.988953302597366,-90],[24.986533984571167,-90],[23.98411466654497,-90],[22.98169534851877,-90],[21.979276030492542,-90],[20.976856712466343,-90],[19.974437394440145,-90],[18.988451179988147,-90],[17.986031861961948,-90],[16.98361254393575,-90],[15.98119322590955,-90],[14.978773907883351,-90],[13.976354589857152,-90],[12.973935271830925,-90],[11.987949057378927,-90],[10.985529739352728,-90],[9.98311042132653,-90],[8.98069110330033,-90],[7.978271785274131,-90],[6.9758524672479325,-90],[5.9898662527959345,-90],[4.987446934769736,-90],[3.9850276167435084,-90],[2.9826082987173095,-90],[1.9801889806911106,-90],[0.9777696626649117,-90],[0.008216551787114668,-90],[-0.9942027662390842,-90],[-1.996622084265283,-90],[-2.999041402291482,-90],[-4.001460720317681,-90],[-5.00388003834388,-90],[-6.006299356370107,-90],[-6.992285570822105,-90],[-7.994704888848304,-90],[-8.997124206874503,-90],[-9.999543524900702,-90],[-11.0019628429269,-90],[-12.0043821609531,-90],[-13.006801478979298,-90],[-13.992787693431296,-90],[-14.995207011457524,-90],[-15.997626329483722,-90],[-17.00004564750992,-90],[-18.00246496553612,-90],[-19.00488428356232,-90],[-20.007303601588518,-90],[-20.993289816040516,-90],[-21.995709134066715,-90],[-22.998128452092914,-90],[-24.000547770119113,-90],[-25.00296708814534,-90],[-26.00538640617154,-90],[-27.007805724197738,-90],[-27.993791938649736,-90],[-28.996211256675934,-90],[-29.998630574702133,-90],[-31.001049892728332,-90],[-32.00346921075453,-90],[-33.00588852878073,-90],[-33.991874743232756,-90],[-34.994294061258955,-90],[-35.996713379285154,-90],[-36.99913269731135,-90],[-38.00155201533755,-90],[-39.00397133336375,-90],[-40.00639065138995,-90],[-40.99237686584195,-90],[-41.99479618386815,-90],[-42.997215501894374,-90],[-43.99963481992057,-90],[-45.00205413794677,-90],[-46.00447345597297,-90],[-47.00689277399917,-90],[-47.99287898845117,-90],[-48.995298306477366,-90],[-49.997717624503565,-90],[-51.000136942529764,-90],[-52.00255626055598,-90],[-53.004975578582176,-90],[-54.007394896608375,-90],[-54.99338111106039,-90],[-55.995800429086586,-90],[-56.998219747112785,-90],[-58.000639065138984,-90],[-59.00305838316518,-90],[-60.005477701191396,-90],[-61.007897019217594,-90],[-61.99388323366959,-90],[-62.99630255169579,-90],[-63.99872186972199,-90],[-65.0011411877482,-90],[-66.0035605057744,-90],[-67.0059798238006,-90],[-67.9919660382526,-90],[-68.99438535627881,-90],[-69.99680467430501,-90],[-70.99922399233121,-90],[-72.00164331035741,-90],[-73.00406262838361,-90],[-74.00648194640982,-90],[-74.99246816086182,-90],[-75.99488747888802,-90],[-76.99730679691422,-90],[-77.99972611494042,-90],[-79.00214543296663,-90],[-80.00456475099283,-90],[-81.00698406901903,-90],[-81.99297028347102,-90],[-82.99538960149722,-90],[-83.99780891952344,-90],[-85.00022823754963,-90],[-86.00264755557583,-90],[-87.00506687360203,-90],[-88.00748619162825,-90],[-88.99347240608024,-90],[-89.99589172410644,-90],[-90.99831104213264,-90],[-92.00073036015884,-90],[-93.00314967818505,-90],[-94.00556899621125,-90],[-95.00798831423745,-90],[-95.99397452868945,-90],[-96.99639384671565,-90],[-97.99881316474186,-90],[-99.00123248276806,-90],[-100.00365180079426,-90],[-101.00607111882046,-90],[-101.99205733327247,-90],[-102.99447665129867,-90],[-103.99689596932487,-90],[-104.99931528735107,-90],[-106.00173460537727,-90],[-107.00415392340348,-90],[-108.00657324142968,-90],[-108.99255945588168,-90],[-109.99497877390787,-90],[-110.99739809193407,-90],[-111.99981740996029,-90],[-113.00223672798649,-90],[-114.00465604601268,-90],[-115.00707536403888,-90],[-115.99306157849088,-90],[-116.99548089651708,-90],[-117.9979002145433,-90],[-119.00031953256949,-90],[-120.0027388505957,-90],[-121.0051581686219,-90],[-122.0075774866481,-90],[-122.9935637011001,-90],[-123.9959830191263,-90],[-124.9984023371525,-90],[-126.0008216551787,-90],[-127.00324097320491,-90],[-128.0056602912311,-90],[-129.00807960925732,-90],[-129.99406582370932,-90],[-130.99648514173552,-90],[-131.99890445976172,-90],[-133.00132377778792,-90],[-134.00374309581412,-90],[-135.00616241384031,-90],[-135.9921486282923,-90],[-136.9945679463185,-90],[-137.99698726434474,-90],[-138.99940658237094,-90],[-140.00182590039714,-90],[-141.00424521842334,-90],[-142.00666453644953,-90],[-142.99265075090153,-90],[-143.99507006892773,-90],[-144.99748938695393,-90],[-145.99990870498016,-90],[-147.00232802300633,-90],[-148.00474734103256,-90],[-149.00716665905875,-90],[-149.99315287351075,-90],[-150.99557219153695,-90],[-151.99799150956315,-90],[-153.00041082758935,-90],[-154.00283014561555,-90],[-155.00524946364175,-90],[-156.00766878166797,-90],[-156.99365499611997,-90],[-157.99607431414617,-90],[-158.99849363217237,-90],[-160.00091295019857,-90],[-161.00333226822477,-90],[-162.00575158625097,-90],[-163.00817090427716,-90],[-163.99415711872916,-90],[-164.99657643675536,-90],[-165.99899575478156,-90],[-167.0014150728078,-90],[-168.003834390834,-90],[-169.00625370886019,-90],[-169.99223992331218,-90],[-170.99465924133838,-90],[-171.99707855936458,-90],[-172.99949787739078,-90],[-174.00191719541698,-90],[-175.00433651344318,-90],[-176.0067558314694,-90],[-176.9927420459214,-90],[-177.9951613639476,-90],[-178.9975806819738,-90],[-180,-90],[-180,-89.30106967984933],[-180,-88.3090395480226],[-180,-87.30573634651601],[-180,-86.30243314500942],[-180,-85.31040301318268],[-180,-84.30709981167608],[-167.017848176382,-84.74674952919021],[-156.35276395672616,-85.44567984934086],[-150.17391701282696,-85.44567984934086],[-148.54703975898116,-85.06239548022599],[-139.13087141096452,-85.20894538606403],[-138.60501209659014,-84.99475706214689],[-152.17875564887936,-84.28455367231638],[-151.88295978454374,-82.58232015065913],[-156.79645775322956,-81.18445951035781],[-154.26575980280276,-81.03790960451977],[-148.62920527685213,-81.35355555555556],[-145.45761628703156,-80.496802259887],[-148.39914182681335,-79.65132203389831],[-155.66257360660975,-78.71565725047081],[-153.92066462774454,-78.33237288135594],[-154.51225635641575,-78.10691148775895],[-155.81047153877756,-78.33237288135594],[-157.12511982471355,-78.17454990583803],[-157.83174327840416,-77.2501581920904],[-153.96996393846715,-77.10360828625235],[-149.79595563062034,-77.71235404896422],[-147.77468389099374,-77.32906967984934],[-145.93417629068335,-77.44180037664783],[-146.92016250513535,-76.5174086629002],[-149.40156114483955,-76.32576647834276],[-148.31697630894234,-76.02139359698683],[-146.47646870863196,-76.08903201506591],[-140.36335417902953,-75.24355178907722],[-134.56246861733692,-74.6235329566855],[-123.3715250833067,-74.81517514124295],[-118.57305883964028,-74.58971374764596],[-117.8828684895239,-74.27406779661017],[-117.17624503583329,-74.510802259887],[-114.79344501757429,-74.43189077212806],[-113.93892363171588,-73.913329566855],[-113.23230017802528,-74.6686252354049],[-112.16414844570228,-74.81517514124295],[-111.53969050988267,-74.27406779661017],[-110.22504222394667,-74.27406779661017],[-110.35650705254028,-75.28864406779661],[-108.99255945588168,-75.13082109227872],[-106.59332633404847,-75.35628248587571],[-105.44300908385446,-75.05190960451978],[-99.83932076505226,-75.28864406779661],[-99.80645455790386,-74.92790583804143],[-100.79244077235586,-74.87154048964219],[-100.34874697585246,-74.44316384180792],[-101.28543387958186,-74.52207532956686],[-103.04377596202127,-73.54131826741997],[-99.47779248641986,-73.6427758945386],[-100.02008490436846,-73.41731450094161],[-103.09307527274386,-73.31585687382298],[-103.38887113707946,-72.71838418079096],[-101.97562422969827,-73.06784934086629],[-99.57639110786506,-72.9776647834275],[-90.29168758844204,-73.31585687382298],[-88.51691240242845,-72.77474952919022],[-88.36901447026064,-73.23694538606404],[-86.11767928059524,-73.23694538606404],[-81.56570959054183,-74.00351412429379],[-80.79335372255443,-73.23694538606404],[-79.56087095448943,-73.15803389830509],[-78.31195508285022,-73.69914124293786],[-75.38686264664261,-73.7329604519774],[-67.41680741315561,-72.72965725047081],[-66.87451499520701,-71.80526553672317],[-68.5835577669238,-69.79865913370998],[-66.87451499520701,-68.6375329566855],[-67.4989729310266,-66.8563879472693],[-66.6444515451682,-66.77747645951035],[-62.70050668736019,-64.69195856873823],[-57.22828319715158,-63.22645951035781],[-57.06395216140959,-63.68865536723164],[-60.92573150134659,-64.84978154425612],[-62.552608755192395,-66.63092655367231],[-63.6371935910896,-66.47310357815442],[-65.1819053270644,-67.31858380414313],[-65.2640708449354,-68.17533709981168],[-63.24279910530879,-68.87426741996234],[-61.46802391929519,-70.80196233521657],[-60.62993563701099,-72.72965725047081],[-61.15579495138539,-73.8907834274953],[-64.26165152690919,-75.67192843691149],[-70.3583329529374,-76.67523163841808],[-75.73195782170082,-76.47231638418079],[-78.24622266855341,-75.97630131826742],[-78.39412060072122,-76.59632015065914],[-75.61692609668141,-77.44180037664783],[-73.36559090701601,-77.46434651600754],[-72.82329848906741,-77.80253860640302],[-74.30227781074541,-78.06181920903956],[-80.48112475464463,-77.55453107344633],[-81.45067786552242,-77.66726177024482],[-80.56329027251563,-78.21964218455744],[-78.08189163281142,-78.29855367231639],[-77.57246542201122,-78.63674576271187],[-78.93641301866982,-78.9185725047081],[-81.25348062263203,-78.83966101694915],[-82.88035787647783,-78.21964218455744],[-83.96494271237503,-78.21964218455744],[-83.89921029807823,-78.63674576271187],[-82.25589994065822,-79.22294538606403],[-77.76966266490162,-79.06512241054614],[-76.38928196466883,-79.38076836158191],[-76.22495092892682,-79.84296421845575],[-79.80736750810243,-79.91060263653483],[-78.08189163281142,-80.30516007532957],[-76.43858127539141,-80.19242937853107],[-60.005477701191396,-82.31176647834275],[-58.772994933126384,-83.1685197740113],[-52.05185557127858,-82.00739359698682],[-43.62167343771395,-81.77065913370998],[-42.76715205185556,-81.92848210922787],[-41.616834801661554,-81.38737476459511],[-37.82078787602134,-80.92517890772129],[-28.716848495914547,-80.46298305084746],[-29.357739535308326,-79.21167231638418],[-36.21034372574974,-79.14403389830508],[-36.21034372574974,-78.60292655367232],[-32.956589218058156,-77.37416195856873],[-23.376089834299535,-75.89738983050847],[-18.199662208426503,-75.67192843691149],[-16.96717944036152,-74.73626365348399],[-14.23928424704431,-74.04860640301318],[-14.798009768567113,-73.81187193973635],[-15.96476012233532,-74.04860640301318],[-16.885013922490515,-73.8907834274953],[-16.194823572374105,-73.42858757062147],[-11.347058017985091,-72.05327306967985],[-12.168713196695109,-71.38816195856874],[-11.609987675172306,-71.2867043314501],[-10.936230428630097,-71.56853107344634],[-9.539416624823104,-71.02742372881356],[-8.61916282466791,-71.80526553672317],[-7.534577988770707,-71.64744256120528],[-6.154197288537887,-70.64413935969868],[-5.5297393527182805,-70.88087382297552],[-6.121331081389485,-71.41070809792843],[-1.043502076961687,-71.29797740112994],[-0.5833751768840898,-71.69253483992468],[8.684895238964742,-70.06921280602637],[9.621582142694137,-70.06921280602637],[11.314191810836746,-70.83578154425612],[12.858903546811547,-70.29467419962336],[17.805267722645738,-70.06921280602637],[23.918382252248165,-70.56522787193974],[32.956589218058184,-69.33646327683616],[33.74537818961977,-68.52480225988701],[34.501300954032985,-68.47970998116762],[36.27607614004657,-69.57319774011299],[37.78792166887297,-69.25755178907721],[37.50855890811158,-69.64083615819209],[38.16588305107959,-69.86629755178907],[38.47811201898938,-69.5281054613936],[38.54384443328618,-70.01284745762712],[39.66129547633179,-69.6859284369115],[39.8584927192222,-68.91935969868173],[42.76715205185559,-68.09642561205274],[46.23453690601178,-67.66804896421846],[46.57963208107,-67.30731073446327],[47.5163189847994,-67.75823352165725],[49.0445976172,-67.42004143126178],[48.5187383028256,-67.00293785310734],[50.47427762815539,-67.11566854990585],[50.34281279956181,-66.46183050847458],[52.659880403524,-65.96581544256121],[55.338476286118606,-65.9432693032015],[57.3104487150226,-66.50692278719397],[56.833888711370804,-66.9240263653484],[69.56954398137583,-67.82587193973634],[69.65170949924683,-69.17864030131827],[67.71260327749124,-70.45249717514125],[69.27374811704024,-70.56522787193974],[67.56470534532343,-71.69253483992468],[68.41922673118182,-72.38019209039548],[69.73387501711784,-72.38019209039548],[72.74113297119644,-70.21576271186441],[77.07947231478528,-69.29137099811676],[78.45985301501804,-68.36697928436911],[82.02583649061944,-67.28476459510358],[85.72328479481445,-66.9014802259887],[87.43232756653128,-66.98039171374765],[88.51691240242849,-66.04472693032015],[88.86200757748668,-66.74365725047082],[95.92824211439267,-66.50692278719397],[98.8697676541745,-66.60838041431262],[99.32989455425206,-66.878934086629],[101.0718035331173,-66.06727306967986],[102.83014561555672,-65.90945009416197],[107.82580910211351,-66.43928436911489],[108.6474642808235,-66.73238418079096],[110.1757429132241,-66.57456120527307],[110.8166339526179,-66.04472693032015],[113.21586707445113,-65.75162711864407],[114.64554708540652,-66.47310357815442],[115.8780298534715,-66.39419209039548],[118.4908933217693,-67.04803013182675],[122.66490162961611,-66.63092655367231],[125.32706440863655,-66.76620338983051],[125.63929337654633,-66.42801129943503],[126.60884648742416,-66.36037288135593],[127.00324097320492,-66.86766101694916],[129.20527685214773,-67.0142109227872],[130.47062582736112,-66.23636911487759],[134.41457068516917,-66.16873069679849],[134.23380654585293,-65.16542749529191],[134.79253206737576,-65.00760451977402],[135.25265896745333,-66.16873069679849],[145.47404939060578,-67.08184934086628],[145.65481352992197,-67.6116836158192],[147.08449354087736,-67.98369491525423],[148.30054320536817,-67.91605649717513],[148.46487424111018,-68.18661016949153],[151.09417081298216,-68.52480225988701],[151.29136805587257,-68.87426741996234],[153.953530834893,-68.90808662900189],[154.13429497420918,-68.42334463276836],[154.64372118500938,-68.93063276836159],[156.35276395672616,-69.29137099811676],[157.50308120692017,-69.14482109227872],[160.8061350253344,-70.20448964218456],[167.839503355092,-70.84705461393597],[170.4852330305382,-71.50089265536724],[170.9289268270416,-71.88417702448211],[170.0908385447574,-72.06454613935969],[170.30446889122203,-72.61692655367231],[169.1048523303054,-73.51877212806026],[167.7737709407952,-73.46240677966102],[165.99899575478162,-73.81187193973635],[164.8158122974392,-74.15006403013183],[165.3909709225362,-74.6460790960452],[163.977724015155,-74.63480602636535],[162.5480440041996,-75.08572881355933],[162.53161090062542,-76.94578531073446],[166.9521157620852,-78.58038041431261],[160.2967088145342,-78.95239171374764],[158.3411694892044,-80.29388700564972],[159.787282603734,-80.4291638418079],[160.773268818186,-81.52265160075329],[168.5954261195052,-83.0783352165725],[167.56014059433062,-83.41652730696799],[169.975806819738,-83.40525423728813]]]]}},{"type":"Feature","properties":{"name":"Korea","abbrevname":"Korea","wb_cntry":"KOR"},"geometry":{"type":"Polygon","coordinates":[[[124.34107819418455,39.85448964218455],[124.50540922992656,40.102497175141224],[124.70260647281691,40.294139359698676],[126.08298717304973,40.95925047080979],[126.67457890172096,41.66945386064029],[128.07139270552796,41.39890018832392],[128.30145615556677,41.46653860640299],[128.18642443054733,42.12037664783426],[128.36718856986352,42.15419585687383],[128.51508650203135,42.09783050847457],[128.71228374492176,42.07528436911488],[128.95878029853475,42.07528436911488],[129.23814305929614,42.19928813559321],[130.05979823800612,42.9771299435028],[130.43775962021272,42.67275706214687],[130.63495686310313,42.289472693031996],[130.02693203085772,41.88364218455743],[129.84616789154154,41.66945386064029],[129.68183685579953,40.69996986817324],[127.87419546263754,39.88830885122411],[127.61126580545033,39.087920903954796],[128.64655133062496,38.27625988700564],[129.18884374857356,37.543510357815435],[129.61610444150273,35.76236534839924],[129.12311133427676,35.05216195856873],[128.76158305564434,35.11980037664783],[128.36718856986352,34.8154274952919],[127.79202994476651,34.90561205273069],[126.60884648742416,34.28559322033898],[126.42808234810792,35.17616572504707],[126.82247683388874,35.942734463276835],[126.55954717670153,36.64166478342749],[126.16515269092076,36.743122410546135],[126.88820924818555,36.85585310734463],[126.98680786963075,37.09258757062146],[126.59241338384993,37.633694915254225],[126.41164924453375,37.76897175141242],[126.11585338019813,37.53223728813559],[125.77075820513994,37.84788323917137],[125.47496234080432,37.49841807909604],[124.96553613000412,37.949340866290015],[124.93266992285572,38.29880602636533],[125.49139544437855,38.70463653483992],[125.22846578719134,38.82864030131827],[125.50782854795273,39.38102071563088],[124.40681060848135,39.75303201506591],[124.34107819418455,39.85448964218455]]]}},{"type":"Feature","properties":{"name":"France","abbrevname":"France","fips_code":"FR","wb_cntry":"FRA"},"geometry":{"type":"MultiPolygon","coordinates":[[[[2.7196786415301233,51.105013182674185],[2.9661751951431086,50.75554802259887],[3.3277034737755287,50.823186440677944],[3.574200027388514,50.48499435028248],[3.8042634774273267,50.48499435028248],[3.8864289952983313,50.34971751412428],[4.001460720317709,50.360990583804124],[4.247957273930723,50.338444444444434],[4.428721413246933,50.25953295668549],[4.362988998950129,49.97770621468925],[5.069612452640712,50.14680225988701],[5.0203131419181375,49.97770621468925],[5.086045556214913,49.898794726930305],[5.069612452640712,49.79733709981167],[5.677637284886117,49.49296421845574],[5.9898662527959345,49.57187570621468],[6.022732459944336,49.526783427495275],[6.318528324279924,49.49296421845574],[6.565024877892938,49.49296421845574],[6.630757292189713,49.459145009416176],[6.9758524672479325,49.18859133709981],[7.156616606564114,49.22241054613934],[8.356233167480724,48.996949152542356],[7.928972474551529,48.63621092278717],[7.715342128086917,47.62163465160074],[7.534577988770735,47.486357815442545],[7.320947642306123,47.486357815442545],[7.320947642306123,47.531450094161954],[7.123750399415741,47.531450094161954],[7.025151777970535,47.396173258003756],[6.137764184963714,46.18995480225988],[6.022732459944336,45.41211299435028],[6.712922810060718,45.13028625235404],[6.860820742228526,44.97246327683615],[7.140183502989942,44.88227871939736],[7.205915917286717,44.73572881355932],[7.123750399415741,44.73572881355932],[6.992285570822133,44.566632768361586],[7.074451088693138,44.36371751412429],[6.992285570822133,44.217167608286246],[7.041584881544736,44.12698305084746],[7.090884192267339,44.16080225988699],[7.140183502989942,44.14952919020715],[7.205915917286717,44.0706177024482],[7.123750399415741,43.83388323917137],[7.551011092344936,43.92406779661016],[7.600310403067539,43.77751789077212],[7.501711781622333,43.68733333333333],[6.039165563518537,43.03349529190206],[4.01789382389191,43.48441807909603],[3.278404163052926,42.96585687382296],[3.245537955904524,42.56002636534839],[3.294837266627127,42.39093032015066],[3.1469393344593186,42.424749529190194],[2.785411055826927,42.30074576271187],[2.571780709362315,42.312018832391715],[2.3745834664719325,42.402203389830504],[2.078787602136316,42.334564971751405],[2.062354498562115,42.402203389830504],[1.914456566394307,42.43602259887004],[1.6515269092071208,42.39093032015066],[1.5693613913361162,42.424749529190194],[1.5529282877619153,42.56002636534839],[1.5036289770393125,42.65021092278718],[0.9449034555165099,42.78548775894538],[0.7805724197745292,42.78548775894538],[0.7970055233487301,42.65021092278718],[0.5505089697357164,42.65021092278718],[0.40261103756790817,42.62766478342749],[-0.2054137946774972,42.80803389830507],[-0.40261103756787975,42.751668549905844],[-0.6326744876066925,42.92076459510358],[-0.6984069019034962,42.89821845574386],[-1.717259323503896,43.32659510357814],[-1.3557310448714759,43.540783427495285],[-0.9777696626648833,45.513570621468915],[-0.5176427625872861,45.04010169491525],[-1.0599351805358879,46.325231638418074],[-1.503628977039284,46.46050847457627],[-2.4074496736202775,47.58781544256121],[-4.16579175605969,47.84709604519773],[-4.49445382754368,48.08383050847456],[-4.116492445337087,48.11764971751413],[-4.379422102524302,48.26419962335217],[-4.149358652485489,48.41074952919021],[-4.576619345414684,48.37693032015065],[-4.5601862418404835,48.5685725047081],[-3.2291048523302948,48.85039924670431],[-2.5882138129364876,48.602391713747636],[-1.2571324234262988,48.70384934086627],[-1.733692427078097,49.72969868173257],[-1.043502076961687,49.71842561205273],[-0.9777696626648833,49.346414312617696],[0.5340758661615155,49.47041807909605],[0.38617793399370726,49.695879472693036],[1.7501255306523262,50.248259887005645],[1.799424841374929,50.83445951035782],[2.0294882914137133,50.9471902071563],[2.7196786415301233,51.105013182674185]]],[[[9.638015246268338,42.80803389830507],[9.375085589081124,41.36508097928436],[8.931391792577728,41.5792693032015],[8.701328342538943,42.379657250470814],[9.440818003377927,42.684030131826745],[9.506550417674731,42.99967608286252],[9.638015246268338,42.80803389830507]]]]}},{"type":"Feature","properties":{"name":"Kingdom of the Two Sicilies","abbrevname":"Sicily"},"geometry":{"type":"MultiPolygon","coordinates":[[[[14.27215045419274,42.65021092278718],[14.288583557766941,42.62766478342749],[14.60081252567673,42.36838418079094],[14.715844250696136,42.244380414312616],[14.94590770073495,42.06401129943501],[15.652531154425532,41.872369114877586],[16.392020815264544,41.86109604519774],[16.079791847354755,41.522903954802246],[16.622084265303357,41.29744256120526],[17.147943579677758,41.105800376647835],[17.52590496188435,40.94797740112995],[18.594056694207353,40.32795856873821],[18.56119048705895,39.76430508474576],[17.295841511845538,40.54214689265535],[16.737115990322735,39.71921280602635],[17.34514082256814,39.437386064030136],[17.378007029716542,39.04282862523539],[16.81928150819374,38.83991337099812],[16.769982197471137,38.47917514124293],[15.98119322590955,37.92679472693031],[15.833295293741742,38.253713747645946],[16.408453918838745,38.79482109227871],[16.194823572374133,39.44865913370998],[16.030492536632153,39.67412052730697],[15.866161500890144,40.1137702448211],[15.11023873647693,40.26032015065911],[15.192404254347935,40.384323917137465],[14.94590770073495,40.72251600753296],[14.25571735061854,40.778881355932185],[13.992787693431353,41.20725800376647],[13.959921486282951,41.218531073446314],[14.140685625599133,41.77091148775895],[14.058520107728128,41.80473069679849],[14.058520107728128,41.77091148775895],[13.844889761263545,41.81600376647833],[13.844889761263545,41.77091148775895],[13.795590450540942,41.81600376647833],[13.76272424339254,41.88364218455743],[13.828456657689344,42.030192090395474],[13.614826311224732,42.379657250470814],[13.828456657689344,42.54875329566855],[13.910622175560349,42.41347645951035],[14.025653900579726,42.58257250470808],[14.140685625599133,42.54875329566855],[14.206418039895937,42.62766478342749],[14.27215045419274,42.65021092278718]]],[[[14.07495321130233,37.171499058380405],[13.220431825443939,37.543510357815435],[12.74387182179214,37.65624105461393],[12.875336650385748,38.08461770244821],[13.532660793353728,38.2424406779661],[14.009220797005554,37.983160075329565],[15.668964257999733,38.12970998116759],[15.225270461496336,36.765668549905826],[14.07495321130233,37.171499058380405]]]]}},{"type":"Feature","properties":{"name":"Hohenzollern","abbrevname":"Hohenzollern"},"geometry":{"type":"Polygon","coordinates":[[[8.79992696398412,47.903461393596984],[8.717761446113144,48.12892278719397],[8.717761446113144,48.16274199623351],[8.487697996074331,48.298018832391705],[8.487697996074331,48.365657250470804],[8.816360067558321,48.252926553672296],[8.882092481855125,47.98237288135593],[8.79992696398412,47.903461393596984]]]}},{"type":"Feature","properties":{"name":"Baden","abbrevname":"Baden"},"geometry":{"type":"Polygon","coordinates":[[[8.832793171132522,47.79073069679848],[8.536997306796934,47.71181920903953],[7.715342128086917,47.62163465160074],[7.928972474551529,48.63621092278717],[8.356233167480724,48.996949152542356],[8.520564203222733,49.57187570621468],[8.717761446113144,49.53805649717512],[8.79992696398412,49.40277966101695],[8.931391792577728,49.57187570621468],[9.276486967635918,49.29004896421844],[9.802346282010319,49.66206026365347],[9.835212489158721,49.31259510357813],[8.224768338887117,48.47838794726928],[8.602729721093738,47.926007532956675],[8.717761446113144,48.12892278719397],[8.79992696398412,47.903461393596984],[8.832793171132522,47.79073069679848]]]}},{"type":"Feature","properties":{"name":"Waldeck","abbrevname":"Waldeck"},"geometry":{"type":"Polygon","coordinates":[[[8.734194549687317,51.09374011299434],[8.98069110330033,51.51084369114878],[9.062856621171335,51.27410922787192],[8.96425799972613,50.83445951035782],[8.734194549687317,51.09374011299434]]]}},{"type":"Feature","properties":{"name":"Lippe-Detmold","abbrevname":"Lippe"},"geometry":{"type":"Polygon","coordinates":[[[9.029990414022933,52.17595480225987],[9.14502213904234,51.72503201506589],[9.391518692655325,51.81521657250471],[9.375085589081124,51.64612052730695],[8.882092481855125,51.72503201506589],[8.79992696398412,51.781397363465146],[8.78349386040992,51.88285499058381],[8.750627653261517,51.92794726930319],[8.684895238964742,51.9054011299435],[8.767060756835718,52.11958945386064],[8.849226274706723,52.07449717514123],[8.914958689003527,52.18722787193974],[8.96425799972613,52.20977401129943],[9.029990414022933,52.17595480225987]]]}},{"type":"Feature","properties":{"name":"Brunswick","abbrevname":"Brunswick"},"geometry":{"type":"Polygon","coordinates":[[[9.555849728397334,51.61230131826741],[9.358652485506923,51.55593596986816],[9.375085589081124,51.64612052730695],[9.391518692655325,51.81521657250471],[10.410371114255724,51.67993973634651],[10.361071803533122,51.65739359698682],[9.555849728397334,51.61230131826741]]]}},{"type":"Feature","properties":{"name":"Brunswick","abbrevname":"Brunswick"},"geometry":{"type":"Polygon","coordinates":[[[10.361071803533122,51.48829755178906],[10.377504907107323,51.61230131826741],[10.722600082165542,51.69121280602636],[10.755466289313944,51.58975517890772],[10.673300771442939,51.51084369114878],[10.459670424978327,51.44320527306968],[10.361071803533122,51.48829755178906]]]}},{"type":"Feature","properties":{"name":"Anhalt","abbrevname":"Anhalt"},"geometry":{"type":"Polygon","coordinates":[[[10.673300771442939,51.51084369114878],[10.755466289313944,51.58975517890772],[11.182726982243139,51.60102824858757],[10.886931117907523,51.48829755178906],[10.706166978591341,51.499570621468905],[10.673300771442939,51.51084369114878]]]}},{"type":"Feature","properties":{"name":"Lübeck","abbrevname":"Lübeck"},"geometry":{"type":"Polygon","coordinates":[[[11.084128360797934,53.90073446327682],[11.100561464372134,53.90073446327682],[10.919797325055924,53.63018079096045],[10.870498014333322,53.69781920903955],[11.084128360797934,53.90073446327682]]]}},{"type":"Feature","properties":{"name":"Oldenburg","abbrevname":"Oldenburg"},"geometry":{"type":"Polygon","coordinates":[[[10.969096635778527,53.94582674199623],[11.067695257223733,53.889461393596974],[11.084128360797934,53.90073446327682],[10.870498014333322,53.69781920903955],[10.788332496462345,53.90073446327682],[10.788332496462345,54.13746892655365],[10.903364221481723,53.93455367231638],[10.969096635778527,53.94582674199623]]]}},{"type":"Feature","properties":{"name":"Hanover","abbrevname":"Hanover"},"geometry":{"type":"Polygon","coordinates":[[[9.555849728397334,51.61230131826741],[10.361071803533122,51.65739359698682],[10.377504907107323,51.61230131826741],[10.361071803533122,51.48829755178906],[9.802346282010319,51.25156308851223],[9.555849728397334,51.61230131826741]]]}},{"type":"Feature","properties":{"name":"Bremen","abbrevname":"Bremen"},"geometry":{"type":"Polygon","coordinates":[[[8.767060756835718,53.17925800376648],[8.865659378280924,53.04398116760828],[8.767060756835718,53.17925800376648],[8.767060756835718,53.17925800376648]]]}},{"type":"Feature","properties":{"name":"Cuxhaven","abbrevname":"Cuxhaven"},"geometry":{"type":"Polygon","coordinates":[[[8.717761446113144,53.776730696798495],[8.750627653261517,53.821822975517875],[8.78349386040992,53.81054990583803],[8.717761446113144,53.776730696798495]]]}},{"type":"Feature","properties":{"name":"Holstein","abbrevname":"Holstein"},"geometry":{"type":"Polygon","coordinates":[[[9.325786278358521,53.81054990583803],[9.095722828319737,54.25019962335216],[10.34463869995892,54.351657250470794],[11.248459396539943,54.329111111111104],[11.21559318939154,54.11492278719396],[10.919797325055924,53.979645951035764],[10.969096635778527,53.94582674199623],[10.903364221481723,53.93455367231638],[10.788332496462345,54.13746892655365],[10.788332496462345,53.90073446327682],[10.558269046423533,53.776730696798495],[10.558269046423533,53.63018079096045],[10.32820559638472,53.60763465160073],[10.278906285662146,53.67527306967983],[10.147441457068538,53.61890772128061],[9.950244214178127,53.517450094161944],[9.325786278358521,53.81054990583803]]]}},{"type":"Feature","properties":{"name":"Hamburg","abbrevname":"Hamburg"},"geometry":{"type":"Polygon","coordinates":[[[10.147441457068538,53.61890772128061],[9.950244214178127,53.517450094161944],[10.147441457068538,53.61890772128061],[10.147441457068538,53.61890772128061]]]}},{"type":"Feature","properties":{"name":"Anhalt","abbrevname":"Anhalt"},"geometry":{"type":"Polygon","coordinates":[[[11.264892500114144,51.57848210922785],[12.03724836810153,52.09704331450092],[12.201579403843539,51.61230131826741],[11.642853882320736,51.6348474576271],[11.330624914410947,51.53338983050847],[11.264892500114144,51.57848210922785]]]}},{"type":"Feature","properties":{"name":"Schaumburg-Lippe","abbrevname":"Westphalia"},"geometry":{"type":"Polygon","coordinates":[[[8.997124206874531,52.37887005649716],[9.062856621171335,52.401416195856854],[9.112155931893938,52.36759698681732],[9.046423517597134,52.20977401129943],[8.98069110330033,52.25486629001881],[8.96425799972613,52.32250470809791],[8.997124206874531,52.37887005649716]]]}},{"type":"Feature","properties":{"name":"Prussia","abbrevname":"Prussia"},"geometry":{"type":"Polygon","coordinates":[[[7.156616606564114,49.22241054613934],[6.9758524672479325,49.18859133709981],[6.630757292189713,49.459145009416176],[6.318528324279924,50.13552919020714],[6.203496599260518,50.75554802259887],[6.137764184963714,50.992282485875705],[6.384260738576728,51.16137853107344],[6.285662117131523,51.21774387947269],[6.384260738576728,51.34174764595102],[6.433560049299331,51.409386064030116],[6.154197288537915,51.736305084745766],[6.187063495686317,51.81521657250471],[6.334961427854125,51.86030885122409],[6.41712694572513,51.894128060263654],[6.581457981467139,51.8377627118644],[7.2716483315835205,52.23232015065912],[7.2716483315835205,52.288685499058374],[7.846806956680524,52.502873822975516],[8.011137992422533,52.108316384180796],[8.29050075318392,52.0406779661017],[8.389099374629126,52.07449717514123],[8.438398685351729,52.14213559322033],[8.619162824667939,52.130862523540486],[8.668462135390541,52.288685499058374],[8.619162824667939,52.46905461393595],[8.668462135390541,52.4803276836158],[8.734194549687317,52.46905461393595],[8.734194549687317,52.49160075329567],[8.767060756835718,52.4803276836158],[8.849226274706723,52.502873822975516],[8.898525585429326,52.46905461393595],[8.882092481855125,52.41268926553673],[8.882092481855125,52.36759698681732],[8.997124206874531,52.37887005649716],[8.96425799972613,52.32250470809791],[8.98069110330033,52.25486629001881],[9.046423517597134,52.20977401129943],[9.029990414022933,52.17595480225987],[8.96425799972613,52.20977401129943],[8.914958689003527,52.18722787193974],[8.849226274706723,52.07449717514123],[8.767060756835718,52.11958945386064],[8.684895238964742,51.9054011299435],[8.750627653261517,51.92794726930319],[8.78349386040992,51.88285499058381],[8.79992696398412,51.781397363465146],[8.882092481855125,51.72503201506589],[9.375085589081124,51.64612052730695],[9.358652485506923,51.55593596986816],[9.062856621171335,51.27410922787192],[8.98069110330033,51.51084369114878],[8.734194549687317,51.09374011299434],[8.323366960332322,50.85700564971751],[8.224768338887117,50.72172881355931],[8.241201442461318,50.620271186440675],[7.94540557812573,50.67663653483993],[7.94540557812573,50.158075329566856],[7.846806956680524,50.00025235404897],[7.205915917286717,49.67333333333332],[7.156616606564114,49.22241054613934]]]}},{"type":"Feature","properties":{"name":"Algiers","abbrevname":"Algiers"},"geometry":{"type":"Polygon","coordinates":[[[-0.8791710412196778,32.470629001883225],[-0.9120372483680796,32.56081355932203],[-1.1421006984068924,32.70736346516007],[-1.4050303555940786,33.06810169491524],[-1.4707627698908823,33.27101694915254],[-1.4707627698908823,33.84594350282485],[-1.4543296663166814,34.21795480225988],[-1.536495184187686,34.62378531073446],[-1.996622084265283,35.07470809792842],[-1.1256675948326915,35.503084745762706],[-0.22184689825169812,35.875096045197736],[0.10681517323232015,35.75109227871938],[0.9777696626649117,36.404930320150655],[1.782991737800728,36.52893408662899],[6.252795909983121,36.85585310734463],[6.532158670744536,37.103860640301306],[7.123750399415741,36.833306967984925],[7.518144885196534,37.081314500941616],[8.109736613867739,36.78821468926553],[8.832793171132522,36.90094538606402],[8.47126489250013,36.337291902071556],[8.487697996074331,35.694726930320144],[8.487697996074331,35.30016949152541],[8.520564203222733,35.02961581920903],[8.487697996074331,34.78160828625235],[8.421965581777528,34.60123917137476],[8.241201442461318,34.44341619585687],[7.78107454238372,34.060131826741994],[7.731775231661118,33.82339736346515],[7.863240060254725,33.42883992467043],[8.027571095996734,33.0793747645951],[8.224768338887117,33.03428248587569],[6.466426256447733,31.895702448210912],[1.0763682841101172,32.008433145009406],[-0.8791710412196778,32.470629001883225]]]}},{"type":"Feature","properties":{"name":"Tunis","abbrevname":"Tunis","fips_code":"TS","wb_cntry":"TUN"},"geometry":{"type":"Polygon","coordinates":[[[8.224768338887117,33.03428248587569],[8.027571095996734,33.0793747645951],[7.863240060254725,33.42883992467043],[7.731775231661118,33.82339736346515],[7.78107454238372,34.060131826741994],[8.241201442461318,34.44341619585687],[8.421965581777528,34.60123917137476],[8.487697996074331,34.78160828625235],[8.520564203222733,35.02961581920903],[8.487697996074331,35.30016949152541],[8.487697996074331,35.694726930320144],[8.47126489250013,36.337291902071556],[8.832793171132522,36.90094538606402],[9.621582142694137,37.295502824858744],[10.229606974939543,37.2165913370998],[10.591135253571935,36.731849340866276],[11.232026292965742,37.081314500941616],[10.722600082165542,36.10055743879472],[11.330624914410947,35.255077212806015],[10.229606974939543,34.093951035781544],[10.624001460720336,33.64302824858757],[9.621582142694137,33.34992843691148],[8.224768338887117,33.03428248587569]]]}},{"type":"Feature","properties":{"name":"Hausa States","abbrevname":"Hausa States"},"geometry":{"type":"Polygon","coordinates":[[[11.281325603688344,14.366079096045198],[10.459670424978327,12.720210922787189],[10.459670424978327,11.660542372881352],[11.051262153649532,10.589600753295656],[10.574702149997734,9.52993220338982],[9.621582142694137,9.056463276836155],[8.914958689003527,9.056463276836155],[7.386680056602927,11.063069679849335],[5.973433149221734,11.187073446327673],[5.0203131419181375,12.59620715630885],[5.381841420550529,15.662482109227867],[7.370246953028726,16.057039548022587],[11.281325603688344,14.366079096045198]]]}},{"type":"Feature","properties":{"name":"Tripolitania","abbrevname":"Tripolitania"},"geometry":{"type":"Polygon","coordinates":[[[12.316611128862945,32.89900564971751],[14.354315972063745,32.69609039548021],[15.373168393664145,32.29025988700565],[16.046925640206354,31.298229755178895],[18.166796001278158,30.779668549905836],[18.74195462637516,30.430203389830496],[19.087049801433352,30.238561205273058],[15.849728397315943,30.54293408662899],[14.929474597160748,30.261107344632762],[12.612406993198533,32.481902071563084],[12.316611128862945,32.89900564971751]]]}},{"type":"Feature","properties":{"name":"Cyrenaica","abbrevname":"Cyrenaica"},"geometry":{"type":"Polygon","coordinates":[[[19.514310494362547,30.272380414312607],[19.53074359793675,30.272380414312607],[20.319532569498364,30.971310734463273],[20.27023325877576,32.0535254237288],[21.25621947322776,32.65099811676082],[22.422969826995967,32.808821092278706],[23.12959328068655,32.57208662900187],[23.359656730725362,32.15498305084745],[23.918382252248165,32.09861770244821],[23.951248459396567,32.076071563088504],[22.32437120555076,31.095314500941612],[21.40411740539554,31.095314500941612],[20.56602912311135,30.35129190207155],[19.514310494362547,30.272380414312607]]]}},{"type":"Feature","properties":{"name":"Unclaimed","abbrevname":"Unclaimed"},"geometry":{"type":"Polygon","coordinates":[[[42.011229287442376,21.727393596986815],[41.27173962660339,22.279774011299423],[40.844478933674196,24.173649717514124],[39.02040443693798,24.86130696798493],[37.574291322408385,27.97267419962334],[36.80193545442097,29.798911487758943],[36.73620304012417,31.174225988700556],[37.409960286666376,33.586662900188315],[38.248048568950594,34.6125122410546],[39.54626375131238,34.6125122410546],[40.23645410142879,34.40959698681732],[44.27899758068199,30.35129190207155],[47.1054913954444,29.449446327683603],[46.941160359702394,29.24653107344632],[46.71109690966361,28.987250470809784],[47.647783813393005,28.84070056497174],[47.87784726343179,28.457416195856865],[48.666636234993405,26.710090395480222],[49.6033231387228,26.0900715630885],[49.91555210663259,24.432930320150646],[47.18765691331541,25.605329566854977],[44.09823344136581,25.96606779661016],[42.61925411968778,25.109314500941608],[41.994796183868175,23.125254237288132],[42.011229287442376,21.727393596986815]]]}},{"type":"Feature","properties":{"name":"Oman","abbrevname":"Oman"},"geometry":{"type":"Polygon","coordinates":[[[56.48879353631261,25.481325800376638],[56.57095905418362,25.470052730696793],[56.60382526133202,24.940218455743874],[57.343314922171004,24.004553672316376],[57.65554389008082,23.824184557438784],[58.83872734742323,23.474719397363458],[60.03834390833981,22.291047080979283],[59.068790797462015,21.129920903954797],[58.723695622403824,20.44226365348399],[58.13210389373262,20.419717514124287],[58.049938375861615,19.05567608286252],[57.556945268635616,20.1266177024482],[57.44191354361621,20.825548022598866],[57.81987492582283,21.524478342749518],[57.81987492582283,22.16704331450093],[57.60624457935822,22.55032768361582],[56.58739215775782,23.835457627118643],[56.324462500570604,24.320199623352153],[56.324462500570604,24.91767231638417],[56.324462500570604,25.23331826741996],[56.48879353631261,25.481325800376638]]]}},{"type":"Feature","properties":{"name":"Nejd","abbrevname":"Nejd"},"geometry":{"type":"Polygon","coordinates":[[[42.12626101246178,20.78045574387947],[42.011229287442376,21.727393596986815],[41.994796183868175,23.125254237288132],[42.61925411968778,25.109314500941608],[44.09823344136581,25.96606779661016],[47.18765691331541,25.605329566854977],[49.91555210663259,24.432930320150646],[50.77007349249101,23.86927683615818],[51.85465832838821,22.60669303201506],[53.251472132195204,22.16704331450093],[53.58013420367922,20.78045574387947],[53.251472132195204,20.397171374764582],[51.96969005340762,19.968794726930312],[45.5772127630438,18.62729943502825],[43.80243757703019,20.081525423728806],[42.12626101246178,20.78045574387947]]]}},{"type":"Feature","properties":{"name":"Yemen","abbrevname":"Yemen"},"geometry":{"type":"Polygon","coordinates":[[[47.0890582918702,13.48677966101694],[46.80969553110879,13.41914124293784],[45.72511069521158,13.227499058380403],[45.593645866618004,13.092222222222219],[44.26256447710779,12.6300263653484],[44.048934130643204,12.68639171374764],[43.80243757703019,12.844214689265527],[43.76957136988179,12.878033898305077],[43.26014515908159,14.62535969868172],[42.964349294746,16.665785310734464],[43.687405852010784,16.64323917137476],[44.70625827361118,14.118071563088506],[45.4621810380244,13.847517890772124],[46.5467658739216,14.118071563088506],[46.90829415255399,13.948975517890759],[47.0890582918702,13.48677966101694]]]}},{"type":"Feature","properties":{"name":"Unclaimed","abbrevname":"Unclaimed"},"geometry":{"type":"Polygon","coordinates":[[[51.1644679782718,24.45547645951035],[51.049436253252395,25.278410546139355],[51.427397635459016,26.078798493408655],[51.78892591409141,25.62787570621468],[51.49313004975582,24.432930320150646],[51.49313004975582,24.297653483992462],[51.78892591409141,24.01582674199622],[54.221025243073,24.072192090395475],[54.976948007486214,24.748576271186437],[56.357328707719006,25.988613935969866],[56.57095905418362,26.247894538606403],[56.357328707719006,25.492598870056483],[56.48879353631261,25.481325800376638],[56.324462500570604,25.23331826741996],[56.324462500570604,24.91767231638417],[56.324462500570604,24.320199623352153],[56.58739215775782,23.835457627118643],[57.60624457935822,22.55032768361582],[57.81987492582283,22.16704331450093],[57.81987492582283,21.524478342749518],[57.44191354361621,20.825548022598866],[57.556945268635616,20.1266177024482],[58.049938375861615,19.05567608286252],[57.39261423289361,18.95421845574387],[56.94892043639021,18.706210922787193],[56.65312457205462,18.108738229755176],[55.60140594330582,17.826911487758935],[55.486374218286414,17.69163465160075],[55.40420870041541,17.161800376647832],[55.10841283607982,16.98143126177024],[54.96051490391201,16.970158192090395],[54.286757657369805,17.03779661016948],[53.2186059250468,16.665785310734464],[52.561281782078794,16.248681732580025],[52.1504541927238,15.561024482109218],[51.50956315332999,15.267924670433132],[49.91555210663259,14.794455743879467],[49.159629342219404,14.230802259887],[48.96243209932899,14.118071563088506],[48.23937554206421,14.061706214689252],[47.138357602592805,13.509325800376644],[47.0890582918702,13.48677966101694],[46.90829415255399,13.948975517890759],[46.5467658739216,14.118071563088506],[45.4621810380244,13.847517890772124],[44.70625827361118,14.118071563088506],[43.687405852010784,16.64323917137476],[42.964349294746,16.665785310734464],[42.4056237732232,17.533811676082863],[41.830465148126194,18.06364595103578],[41.60040169808738,18.4582033898305],[41.23887341945499,19.303683615819196],[41.02524307299038,19.69824105461393],[42.12626101246178,20.78045574387947],[43.80243757703019,20.081525423728806],[45.5772127630438,18.62729943502825],[51.96969005340762,19.968794726930312],[53.251472132195204,20.397171374764582],[53.58013420367922,20.78045574387947],[53.251472132195204,22.16704331450093],[51.85465832838821,22.60669303201506],[50.77007349249101,23.86927683615818],[51.1644679782718,24.45547645951035]]]}},{"type":"Feature","properties":{"name":"Laos","abbrevname":"Laos"},"geometry":{"type":"Polygon","coordinates":[[[105.26224494453828,14.253348399246704],[105.6237732231707,14.546448210922776],[105.67307253389328,14.738090395480214],[105.67307253389328,15.166467043314498],[105.60734011959647,15.391928436911485],[105.41014287670612,15.707574387947261],[104.9828821837769,16.282500941619574],[104.86785045875752,16.496689265536716],[104.78568494088648,17.34216949152541],[104.27625873008628,17.928369114877583],[104.1612270050669,18.165103578154415],[104.1283607979185,18.300380414312613],[104.01332907289913,18.368018832391712],[103.42173734422789,18.4582033898305],[103.30670561920851,18.25528813559322],[103.20810699776331,18.007280602636527],[102.86301182270512,17.860730696798484],[102.6000821655179,17.984734463276823],[102.22212078331131,18.142557438794725],[102.07422285114347,18.12001129943502],[101.5483635367691,17.590177024482102],[101.36759939745292,17.40980790960451],[101.15396905098828,17.466173258003764],[101.31830008673029,19.517871939736338],[100.71027525448488,19.4615065913371],[100.5952435294655,19.686967984934086],[100.64454284018808,20.047706214689256],[100.44734559729767,20.397171374764582],[100.20084904368468,20.47608286252354],[100.54594421874287,20.757909604519767],[100.75957456520752,21.02846327683615],[100.98963801524627,21.29901694915253],[101.21970146528508,21.456839924670433],[101.90989181540152,21.33283615819208],[101.9591911261241,21.49065913370997],[101.79486009038209,21.885216572504703],[101.74556077965951,22.155770244821085],[101.76199388323369,22.302320150659128],[101.86059250467889,22.403777777777776],[102.17282147258868,22.55032768361582],[102.89587802985352,21.682301318267406],[103.0437759620213,21.26519774011298],[103.19167389418908,20.96082485875705],[103.47103665495052,20.757909604519767],[103.68466700141511,20.678998116760823],[104.32555804080891,20.96082485875705],[104.52275528369933,20.65645197740112],[104.91714976948009,20.216802259887004],[104.68708631944128,19.75460640301317],[104.55562149084767,19.73206026365348],[104.34199114438309,19.76587947269303],[104.21052631578948,19.72078719397362],[104.07906148719587,19.551691148775888],[104.0954945907701,19.3262297551789],[104.17766010864108,19.281137476459506],[104.73638563016391,18.95421845574387],[105.0157483909253,18.740030131826728],[105.6237732231707,18.097465160075316],[106.37969598758389,17.150527306967973],[106.83982288766151,16.496689265536716],[107.1520518555713,16.327593220338983],[107.31638289131331,16.18104331450094],[107.29994978773908,15.685028248587571],[107.54644634135212,15.470839924670429],[107.64504496279733,15.279197740112991],[107.6614780663715,15.00864406779661],[107.5957456520747,14.60281355932203],[107.49714703062949,14.546448210922776],[107.06988633770032,14.354806026365338],[106.92198840553249,14.320986817325789],[106.56046012690013,14.557721280602635],[106.1660656411193,14.354806026365338],[106.31396357328708,13.937702448210914],[105.26224494453828,14.253348399246704]]]}},{"type":"Feature","properties":{"name":"Cambodia","abbrevname":"Cambodia"},"geometry":{"type":"Polygon","coordinates":[[[105.26224494453828,14.253348399246704],[106.31396357328708,13.937702448210914],[106.1660656411193,14.354806026365338],[106.56046012690013,14.557721280602635],[106.92198840553249,14.320986817325789],[107.06988633770032,14.354806026365338],[107.49714703062949,14.546448210922776],[107.5957456520747,14.60281355932203],[107.49714703062949,14.19698305084745],[107.67791116994573,13.272591337099811],[107.5957456520747,12.370745762711863],[107.41498151275852,12.24674199623351],[107.1520518555713,12.15655743879472],[106.72479116264208,11.964915254237283],[106.49472771260332,11.85218455743879],[106.05103391609993,11.604177024482098],[105.93600219108049,11.41253483992466],[106.29753046971291,11.01797740112994],[106.2317980554161,10.815062146892643],[105.6895056374675,10.905246704331446],[104.58848769799607,10.330320150659134],[103.73396631213768,10.544508474576261],[103.73396631213768,11.07434274952918],[103.24097320491171,10.916519774011292],[102.87944492627929,12.055099811676072],[102.9451773405761,12.134011299435016],[102.64938147624048,12.675118644067794],[102.55078285479527,12.968218455743866],[102.5343497512211,13.250045197740107],[103.06020906559547,14.106798493408661],[103.29027251563429,14.309713747645944],[103.98046286575072,14.399898305084733],[104.34199114438309,14.366079096045198],[104.58848769799607,14.399898305084733],[104.85141735518329,14.377352165725043],[105.13078011594467,14.332259887005648],[105.26224494453828,14.253348399246704]]]}},{"type":"Feature","properties":{"name":"Cochin China","abbrevname":"Cochin China"},"geometry":{"type":"Polygon","coordinates":[[[106.90555530195832,10.465596986817317],[106.69192495549368,9.563751412429369],[105.1143470123705,8.492809792843687],[105.1800794266673,10.003401129943498],[104.58848769799607,10.330320150659134],[105.6895056374675,10.905246704331446],[106.2317980554161,10.815062146892643],[106.29753046971291,11.01797740112994],[106.90555530195832,10.465596986817317]]]}},{"type":"Feature","properties":{"name":"Annam","abbrevname":"Annam"},"geometry":{"type":"Polygon","coordinates":[[[102.17282147258868,22.55032768361582],[102.78084630483409,22.708150659133707],[103.0437759620213,22.527781544256115],[103.19167389418908,22.48268926553672],[104.68708631944128,22.798335216572497],[105.5251746017255,23.31689642184557],[105.80453736248688,23.057615819209033],[106.14963253754507,22.94488512241054],[106.44542840188069,22.922338983050835],[106.79052357693888,22.94488512241054],[106.92198840553249,22.674331450094158],[106.7083580590679,22.347412429378522],[106.75765736979048,22.11067796610169],[106.87268909480991,21.941581920903943],[107.29994978773908,21.67102824858756],[107.57931254850052,21.592116760828617],[107.99014013785552,21.547024482109222],[108.0723056557265,21.479386064030123],[107.6286118592231,21.197559322033896],[107.6614780663715,20.9946440677966],[107.00415392340352,20.9270056497175],[106.05103391609993,19.72078719397362],[105.73880494819008,18.86403389830508],[106.56046012690013,18.02982674199623],[106.59332633404853,17.68036158192089],[106.82338978408728,17.34216949152541],[107.31638289131331,16.970158192090395],[107.89154151641031,16.383958568738223],[108.43383393435892,16.102131826741996],[109.1240242844753,14.805728813559313],[109.51841877025612,12.923126177024471],[109.2554891130689,11.953642184557438],[109.27192221664313,11.604177024482098],[109.10759118090112,11.35616949152542],[108.89396083443648,11.164527306967983],[107.46428082348109,10.364139359698669],[107.23421737344228,10.454323917137472],[107.0534532341261,10.589600753295656],[106.97128771625512,10.657239171374755],[106.90555530195832,10.465596986817317],[106.29753046971291,11.01797740112994],[105.93600219108049,11.41253483992466],[106.05103391609993,11.604177024482098],[106.49472771260332,11.85218455743879],[106.72479116264208,11.964915254237283],[107.1520518555713,12.15655743879472],[107.41498151275852,12.24674199623351],[107.5957456520747,12.370745762711863],[107.67791116994573,13.272591337099811],[107.49714703062949,14.19698305084745],[107.5957456520747,14.60281355932203],[107.6614780663715,15.00864406779661],[107.64504496279733,15.279197740112991],[107.54644634135212,15.470839924670429],[107.29994978773908,15.685028248587571],[107.31638289131331,16.18104331450094],[107.1520518555713,16.327593220338983],[106.83982288766151,16.496689265536716],[106.37969598758389,17.150527306967973],[105.6237732231707,18.097465160075316],[105.0157483909253,18.740030131826728],[104.73638563016391,18.95421845574387],[104.17766010864108,19.281137476459506],[104.0954945907701,19.3262297551789],[104.07906148719587,19.551691148775888],[104.21052631578948,19.72078719397362],[104.34199114438309,19.76587947269303],[104.55562149084767,19.73206026365348],[104.68708631944128,19.75460640301317],[104.91714976948009,20.216802259887004],[104.52275528369933,20.65645197740112],[104.32555804080891,20.96082485875705],[103.68466700141511,20.678998116760823],[103.47103665495052,20.757909604519767],[103.19167389418908,20.96082485875705],[103.0437759620213,21.26519774011298],[102.89587802985352,21.682301318267406],[102.17282147258868,22.55032768361582]]]}},{"type":"Feature","properties":{"name":"Morocco","abbrevname":"Morocco","fips_code":"MO","wb_cntry":"MAR"},"geometry":{"type":"Polygon","coordinates":[[[-1.996622084265283,35.07470809792842],[-1.536495184187686,34.62378531073446],[-1.4543296663166814,34.21795480225988],[-1.4707627698908823,33.84594350282485],[-1.4707627698908823,33.27101694915254],[-1.4050303555940786,33.06810169491524],[-1.1421006984068924,32.70736346516007],[-0.9120372483680796,32.56081355932203],[-0.8791710412196778,32.470629001883225],[-1.027068973387486,32.008433145009406],[-1.503628977039284,30.08073822975517],[-1.1421006984068924,29.054888888888883],[-1.503628977039284,28.41232391713747],[-4.7409503811566935,28.87451977401129],[-8.076870406719308,28.795608286252346],[-8.389099374629097,28.660331450094148],[-10.131008353494309,29.167619585687376],[-9.670881453416712,29.663634651600745],[-9.424384899803698,30.41893032015065],[-9.605149039119908,31.309502824858754],[-9.013557310448704,32.59463276836158],[-8.4383986853517,33.13574011299434],[-8.10973661386771,33.34992843691148],[-6.548591774318709,34.13904331450094],[-6.302095220705695,34.46596233521656],[-6.269229013557293,34.544873822975504],[-6.104897977815284,34.883065913370984],[-5.7269365956086915,35.73981920903954],[-5.3654083169763,35.875096045197736],[-4.395855206098503,35.164892655367225],[-2.8018441594010994,35.40162711864406],[-2.1445200164330913,35.07470809792842],[-2.1280869128588904,35.07470809792842],[-1.996622084265283,35.07470809792842]]]}},{"type":"Feature","properties":{"name":"Vice-Royalty of New Granada","abbrevname":"New Granada"},"geometry":{"type":"MultiPolygon","coordinates":[[[[-50.014150728077766,-1.720591337099819],[-50.44141142100696,-1.2471224105461403],[-50.29351348883918,-0.24381920903955745],[-48.19007623134158,-0.3790960451977412],[-48.68306933856758,-1.4049453860640426],[-50.014150728077766,-1.720591337099819]]],[[[-82.35449856210343,9.597570621468918],[-82.02583649061943,9.067736346516],[-80.95768475829642,8.842274952919013],[-79.29794129730223,9.653935969868172],[-78.41055370429542,9.49611299435027],[-77.29310266124982,8.67317890772128],[-76.65221162185603,7.9517024482109235],[-76.63577851828182,8.571721280602631],[-75.96202127173962,9.327016949152537],[-75.50189437166202,9.43974764595103],[-75.02533436801022,10.837608286252348],[-74.51590815721002,11.07434274952918],[-74.25297850002282,10.781242937853108],[-74.02291504998401,11.38998870056497],[-73.15196056055142,11.344896421845561],[-72.1824074496736,11.829638418079085],[-71.7058474460218,12.370745762711863],[-71.22928744237001,12.438384180790948],[-70.9334915780344,12.235468926553665],[-70.98279088875701,11.931096045197734],[-71.78801296389281,11.626723163841802],[-71.49221709955721,10.781242937853108],[-71.90304468891222,9.924489642184554],[-71.393618478112,9.112828625235394],[-70.81845985301501,9.642662900188313],[-71.34431916738941,10.961612052730686],[-69.5366777742274,11.547811676082858],[-70.1282695028986,12.021280602636523],[-69.76674122426621,12.24674199623351],[-69.42164604920801,11.559084745762704],[-68.4849591454786,11.401261770244815],[-67.94266672753001,10.600873822975515],[-66.2664901629616,10.691058380414304],[-64.6724791162642,10.149951035781541],[-63.6536266946638,10.724877589453854],[-62.0924818551148,10.747423728813558],[-62.71693979093439,10.386685499058373],[-62.0924818551148,9.744120527306961],[-61.89528461222439,10.037220338983047],[-61.20509426210799,9.710301318267412],[-60.597069429862586,9.40592843691148],[-61.5666225407404,8.594267419962335],[-59.62751631898479,8.458990583804137],[-59.38101976537179,8.278621468926545],[-59.20025562605559,8.177163841807896],[-58.98662527959098,8.053160075329558],[-58.41146665449399,7.512052730696794],[-58.37860044734559,7.004764595103566],[-58.37860044734559,5.020704331450091],[-57.67197699365498,2.867548022598868],[-57.70484320080338,1.6162372881355935],[-57.80344182224859,1.5711450094161847],[-58.64153010453279,1.1765875706214644],[-59.41388597252019,1.7515141242937773],[-60.317706669101185,2.2024369114877516],[-63.1277673802894,2.078433145009413],[-63.670059798238,1.8980640301318203],[-65.149039119916,0.579114877589447],[-65.395535673529,1.007491525423717],[-65.9213949879034,0.6580263653483911],[-66.6444515451682,1.0300376647834213],[-66.8580818916328,0.9623992467043223],[-66.463687405852,-2.80280602636536],[-67.0552791345232,-2.532252354048964],[-67.778335691788,-3.389005649717518],[-69.0272515634272,-3.456644067796617],[-69.1587163920208,-4.121755178907733],[-69.70100880996941,-4.358489642184566],[-69.6188432920984,-4.313397363465171],[-69.668142602821,-4.166847457627128],[-69.99680467430501,-3.7948361581920977],[-70.3911991600858,-3.7722900188323933],[-70.85132606016342,-3.9188399246704364],[-71.52508330670561,-3.6257401129943503],[-71.6565481352992,-3.242455743879475],[-72.03450951750581,-3.5017363465160116],[-72.67540055689962,-3.377732580037673],[-73.05336193910621,-3.5806478342749557],[-72.92189711051262,-3.9188399246704364],[-73.38202401059021,-4.426128060263665],[-73.97361573926142,-4.381035781544256],[-74.10508056785501,-4.595224105461398],[-74.40087643219061,-4.3472165725047205],[-74.77883781439722,-4.764320150659145],[-75.28826402519742,-4.640316384180792],[-75.48546126808782,-5.046146892655372],[-77.12877162550782,-4.77559322033899],[-77.19450403980461,-4.313397363465171],[-78.67348336148262,-4.854504708097934],[-79.08431095083762,-4.989781544256132],[-79.49513854019263,-4.448674199623355],[-79.85666681882502,-4.448674199623355],[-80.05386406171543,-4.392308851224115],[-80.10316337243802,-4.313397363465171],[-80.15246268316062,-4.087935969868184],[-80.02099785456703,-3.456644067796617],[-79.56087095448943,-2.7802598870056556],[-79.61017026521202,-2.148967984934089],[-80.15246268316062,-2.7126214689265566],[-80.57972337608983,-2.520979284369119],[-80.76048751540603,-1.0216610169491531],[-80.13602957958642,-0.6496497175141229],[-80.28392751175423,-0.3678229755178961],[-79.90596612954762,0.06055367231637376],[-79.93883233669602,0.7369378531073352],[-79.57730405806362,0.8834877589453782],[-78.73921577577943,1.4020489642184515],[-78.80494819007622,1.7853333333333268],[-78.29552197927602,1.943156308851215],[-78.41055370429542,2.382806026365344],[-77.78609576847582,2.4955367231638377],[-76.89870817546903,3.814485875706211],[-77.24380335052722,4.197770244821086],[-77.06303921121102,4.750150659133709],[-77.29310266124982,5.527992467043305],[-76.98087369334002,5.809819209039546],[-77.27666955767562,6.114192090395477],[-77.19450403980461,6.68911864406779],[-77.68749714703063,7.185133709981159],[-78.13119094353402,8.109525423728812],[-77.58889852558542,8.1997099811676],[-77.83539507919842,8.571721280602631],[-78.18049025425663,8.413898305084743],[-78.87068060437302,9.056463276836155],[-79.51157164376683,8.898640301318267],[-79.51157164376683,8.62808662900187],[-80.21819509745742,8.210983050847446],[-79.77450130095403,7.579691148775893],[-80.20176199388322,7.320410546139357],[-80.61258958323823,7.286591337099807],[-80.90838544757382,7.962975517890769],[-80.99055096544483,7.658602636534837],[-81.46711096909662,8.177163841807896],[-82.45309718354864,8.334986817325799],[-82.74889304788422,8.064433145009417],[-82.48596339069702,8.988824858757056],[-82.69959373716163,9.541205273069679],[-82.35449856210343,9.597570621468918]]]]}},{"type":"Feature","properties":{"name":"British Guiana","abbrevname":"British Guia"},"geometry":{"type":"Polygon","coordinates":[[[-53.62943351440178,5.708361581920897],[-54.15529282877618,4.7050583804143],[-54.05669420733098,4.25413559322034],[-54.023828000182576,3.9497627118643948],[-53.777331446569576,3.374836158192082],[-54.188159035924585,2.2813483992466956],[-54.66471903957638,2.4955367231638377],[-55.700004564750984,2.4166252354048936],[-55.86433560049298,2.2024369114877516],[-55.58497283973158,1.7402410546139322],[-56.505226639886786,1.9093370998116654],[-57.34331492217099,1.728967984934087],[-57.70484320080338,1.6162372881355935],[-57.67197699365498,2.867548022598868],[-58.37860044734559,5.020704331450091],[-58.37860044734559,7.004764595103566],[-58.31286803304879,6.576387947269296],[-58.16497010088099,6.846941619585678],[-57.80344182224859,6.8018493408662835],[-57.03108595426119,6.1480112994350264],[-56.86675491851918,5.85491148775894],[-56.53809284703519,6.024007532956674],[-55.700004564750984,5.798546139359686],[-55.60140594330578,6.0127344632768285],[-54.08956041447938,5.900003766478335],[-53.62943351440178,5.708361581920897]]]}},{"type":"Feature","properties":{"name":"Vice-Royalty of Brazil","abbrevname":"Brazil"},"geometry":{"type":"Polygon","coordinates":[[[-53.62943351440178,5.708361581920897],[-53.07070799287898,5.527992467043305],[-52.82421143926598,5.449080979284361],[-52.462683160633574,5.201073446327683],[-51.887524535536585,4.7050583804143],[-51.42739763545899,4.231589453860636],[-51.11516866754917,4.27668173258003],[-50.93440452823296,3.735574387947267],[-50.359245903135985,1.9882485875706095],[-49.76765417446478,1.7402410546139322],[-49.685488656593776,1.232952919020704],[-51.32879901401378,-0.4129152542372907],[-51.93682384625919,-1.4951299435028318],[-50.77007349249098,-1.1005725047080972],[-50.44141142100696,-1.867141242937862],[-49.685488656593776,-1.934779661016961],[-49.42255899940656,-1.9122335216572566],[-49.09389692792257,-1.7769566854990586],[-49.22536175651618,-2.3406101694915264],[-47.84498105628336,-0.796199623352166],[-47.105491395444375,-0.6609227871939822],[-45.44574793445017,-1.3485800376647887],[-45.16638517368875,-1.7431374764595091],[-44.722691377185356,-1.6078606403013254],[-44.34472999497876,-2.0700564971751447],[-44.394029305701366,-3.1297250470809814],[-43.03008170904275,-2.3969755178907803],[-41.40320445519697,-2.9155367231638536],[-40.02282375496415,-2.8366252354048953],[-38.83964029762174,-3.389005649717518],[-36.98269959373715,-4.9334161958568785],[-35.25722371844614,-5.249062146892655],[-34.68206509334914,-7.59386064030133],[-35.38868854703975,-9.611740112994354],[-36.98269959373715,-10.82923163841808],[-38.067284429634356,-12.869657250470809],[-38.26448167252474,-12.971114877589457],[-38.593143744008756,-12.610376647834286],[-38.921805815492746,-14.312610169491535],[-38.741041676176565,-15.981024482109234],[-38.93823891906695,-17.762169491525427],[-39.46409823344135,-18.2130922787194],[-39.52983064773815,-19.55458757062148],[-40.72944720865476,-21.256821092278727],[-40.778746519377364,-22.068482109227872],[-41.56753549093895,-22.36158192090396],[-41.92906376957137,-22.959054613935976],[-44.361163098552964,-22.97032768361582],[-45.24855069155976,-23.83835404896422],[-46.00447345597297,-23.860900188323924],[-47.927146574154364,-25.270033898305087],[-48.51873830282557,-25.405310734463285],[-48.305107956360956,-25.85623352165726],[-48.56803761354817,-26.363521657250473],[-48.51873830282557,-28.347581920903956],[-48.73236864929018,-28.685774011299436],[-49.73478796731638,-29.610165725047082],[-50.26064728169078,-30.726199623352173],[-51.27949970329118,-31.808414312617707],[-50.375679006710186,-30.399280602636537],[-51.033003149678166,-30.252730696798494],[-51.24663349614278,-30.996753295668555],[-51.93682384625919,-31.729502824858763],[-52.15045419272377,-32.65389453860641],[-53.20217282147257,-33.86011299435029],[-53.36650385721458,-33.38664406779662],[-53.02140868215638,-32.800444444444445],[-53.30077144291778,-32.52989077212806],[-55.23987766467339,-30.962934086629005],[-55.66713835760258,-31.154576271186443],[-56.42306112201578,-30.2752768361582],[-56.53809284703519,-30.230184557438797],[-57.37618112931939,-30.388007532956692],[-56.89962112566758,-29.86944632768362],[-56.09439905053178,-29.046512241054614],[-55.43707490756378,-28.437766478342752],[-54.714018350298986,-27.783928436911495],[-53.53083489295658,-27.197728813559323],[-53.44866937508557,-26.99481355932204],[-53.415803167937185,-26.25079096045198],[-53.64586661797598,-25.732229755178906],[-54.36892317524078,-25.72095668549906],[-54.023828000182576,-24.041269303201517],[-54.35249007166658,-23.83835404896422],[-54.92764869676358,-24.041269303201517],[-57.93490665084218,-19.79132203389831],[-57.73770940795178,-19.498222222222225],[-57.57337837220979,-19.1487570621469],[-57.45834664719038,-18.77674576271187],[-57.37618112931939,-18.24691148775895],[-57.39261423289358,-18.021450094161963],[-58.19783630802938,-17.119604519774015],[-58.13210389373259,-16.353035781544264],[-59.89044597617199,-16.26285122410546],[-60.20267494408179,-13.805322033898307],[-61.41872460857259,-13.613679849340869],[-61.878851508650186,-13.08384557438795],[-61.91171771579859,-13.072572504708106],[-62.3225453051536,-13.061299435028246],[-62.45401013374719,-13.016207156308852],[-62.782672205231194,-12.74565348399247],[-63.094901173141,-12.610376647834286],[-63.4071301410508,-12.497645951035793],[-64.0644542840188,-12.452553672316384],[-65.06687360204499,-11.347792843691153],[-65.0997398091934,-9.803382297551792],[-66.2664901629616,-9.893566854990596],[-72.708266764048,-9.025540489642196],[-73.64495366777741,-7.56004143126178],[-73.69425297850002,-7.3120338983050885],[-72.85616469621581,-6.500372881355943],[-72.9711964212352,-5.993084745762715],[-72.56036883188021,-5.125058380414316],[-70.48979778153101,-4.2795781544256215],[-69.76674122426621,-4.40358192090396],[-69.70100880996941,-4.358489642184566],[-69.1587163920208,-4.121755178907733],[-69.0272515634272,-3.456644067796617],[-67.778335691788,-3.389005649717518],[-67.0552791345232,-2.532252354048964],[-66.463687405852,-2.80280602636536],[-66.8580818916328,0.9623992467043223],[-66.6444515451682,1.0300376647834213],[-65.9213949879034,0.6580263653483911],[-65.395535673529,1.007491525423717],[-65.149039119916,0.579114877589447],[-63.670059798238,1.8980640301318203],[-63.1277673802894,2.078433145009413],[-60.317706669101185,2.2024369114877516],[-59.41388597252019,1.7515141242937773],[-58.64153010453279,1.1765875706214644],[-57.80344182224859,1.5711450094161847],[-57.70484320080338,1.6162372881355935],[-57.34331492217099,1.728967984934087],[-56.505226639886786,1.9093370998116654],[-55.58497283973158,1.7402410546139322],[-55.86433560049298,2.2024369114877516],[-55.700004564750984,2.4166252354048936],[-54.66471903957638,2.4955367231638377],[-54.188159035924585,2.2813483992466956],[-53.777331446569576,3.374836158192082],[-54.023828000182576,3.9497627118643948],[-54.05669420733098,4.25413559322034],[-54.15529282877618,4.7050583804143],[-53.62943351440178,5.708361581920897]]]}},{"type":"Feature","properties":{"name":"Paraguay","abbrevname":"Paraguay","fips_code":"PA","wb_cntry":"PRY"},"geometry":{"type":"Polygon","coordinates":[[[-54.36892317524078,-25.72095668549906],[-54.61541972885378,-26.543890772128066],[-55.53567352900899,-27.434463276836162],[-55.962934221938184,-27.231548022598872],[-58.49363217236498,-27.29918644067797],[-58.000639065138984,-26.746806026365356],[-58.06637147943579,-26.363521657250473],[-57.507645957912985,-25.31512617702448],[-60.66280184415939,-23.860900188323924],[-61.040763226365996,-23.601619585687388],[-61.3036928835532,-23.34233898305085],[-61.862418405076,-22.722320150659144],[-62.3225453051536,-22.16993973634652],[-62.4047108230246,-22.13612052730697],[-57.93490665084218,-19.79132203389831],[-54.92764869676358,-24.041269303201517],[-54.35249007166658,-23.83835404896422],[-54.023828000182576,-24.041269303201517],[-54.36892317524078,-25.72095668549906]]]}},{"type":"Feature","properties":{"name":"Vice-Royalty of Peru","abbrevname":"Peru"},"geometry":{"type":"Polygon","coordinates":[[[-72.37960469256402,-41.60471186440678],[-73.26699228557081,-41.77380790960452],[-73.69425297850002,-40.82687005649718],[-72.9876295248094,-39.5530131826742],[-73.48062263203542,-37.35476459510358],[-73.06979504268041,-37.264580037664786],[-71.21285433879581,-32.73280602636535],[-71.1964212352216,-32.63134839924671],[-71.31145296024101,-32.169152542372885],[-71.47578399598301,-30.57964971751413],[-71.03209019947961,-29.83562711864407],[-71.22928744237001,-29.080331450094164],[-70.654128817273,-27.29918644067797],[-70.6376957136988,-27.26536723163842],[-70.53909709225361,-26.85953672316385],[-70.29260053864061,-25.45040301318268],[-70.19400191719541,-25.236214689265537],[-70.3747660565116,-23.150696798493414],[-70.0954032957502,-22.97032768361582],[-70.02967088145341,-22.406674199623353],[-69.99680467430501,-22.20375894538607],[-69.99680467430501,-22.147393596986817],[-70.161135710047,-18.438553672316388],[-71.4100515816862,-17.209789077212804],[-75.02533436801022,-15.203182674199624],[-76.04418678961062,-14.087148775894548],[-76.15921851463001,-13.20784934086629],[-76.50431368968822,-12.74565348399247],[-77.12877162550782,-11.494342749529196],[-77.50673300771442,-11.235062146892659],[-77.55603231843702,-10.637589453860642],[-78.09832473638562,-9.656832391713749],[-78.85424750079882,-8.202606403013192],[-79.47870543661843,-7.334580037664793],[-79.85666681882502,-6.737107344632776],[-80.07029716528963,-6.545465160075338],[-80.41539234034782,-6.3538229755179],[-80.82621992970283,-6.184726930320153],[-81.08914958689003,-6.026903954802265],[-80.67832199753502,-5.880354048964222],[-80.61258958323823,-5.699984934086629],[-81.22061441548362,-4.662862523540497],[-80.84265303327703,-4.03157062146893],[-80.02099785456703,-3.456644067796617],[-80.15246268316062,-4.087935969868184],[-80.10316337243802,-4.313397363465171],[-80.05386406171543,-4.392308851224115],[-79.85666681882502,-4.448674199623355],[-79.49513854019263,-4.448674199623355],[-79.08431095083762,-4.989781544256132],[-78.67348336148262,-4.854504708097934],[-77.19450403980461,-4.313397363465171],[-77.12877162550782,-4.77559322033899],[-75.48546126808782,-5.046146892655372],[-75.28826402519742,-4.640316384180792],[-74.77883781439722,-4.764320150659145],[-74.40087643219061,-4.3472165725047205],[-74.10508056785501,-4.595224105461398],[-73.97361573926142,-4.381035781544256],[-73.38202401059021,-4.426128060263665],[-72.92189711051262,-3.9188399246704364],[-73.05336193910621,-3.5806478342749557],[-72.67540055689962,-3.377732580037673],[-72.03450951750581,-3.5017363465160116],[-71.6565481352992,-3.242455743879475],[-71.52508330670561,-3.6257401129943503],[-70.85132606016342,-3.9188399246704364],[-70.3911991600858,-3.7722900188323933],[-69.99680467430501,-3.7948361581920977],[-69.668142602821,-4.166847457627128],[-69.6188432920984,-4.313397363465171],[-69.70100880996941,-4.358489642184566],[-69.76674122426621,-4.40358192090396],[-70.48979778153101,-4.2795781544256215],[-72.56036883188021,-5.125058380414316],[-72.9711964212352,-5.993084745762715],[-72.85616469621581,-6.500372881355943],[-73.69425297850002,-7.3120338983050885],[-73.64495366777741,-7.56004143126178],[-72.708266764048,-9.025540489642196],[-66.2664901629616,-9.893566854990596],[-65.0997398091934,-9.803382297551792],[-65.06687360204499,-11.347792843691153],[-64.0644542840188,-12.452553672316384],[-63.4071301410508,-12.497645951035793],[-63.094901173141,-12.610376647834286],[-62.782672205231194,-12.74565348399247],[-62.45401013374719,-13.016207156308852],[-62.3225453051536,-13.061299435028246],[-61.91171771579859,-13.072572504708106],[-61.878851508650186,-13.08384557438795],[-61.41872460857259,-13.613679849340869],[-60.20267494408179,-13.805322033898307],[-59.89044597617199,-16.26285122410546],[-58.13210389373259,-16.353035781544264],[-58.19783630802938,-17.119604519774015],[-57.39261423289358,-18.021450094161963],[-57.37618112931939,-18.24691148775895],[-57.45834664719038,-18.77674576271187],[-57.57337837220979,-19.1487570621469],[-57.73770940795178,-19.498222222222225],[-57.93490665084218,-19.79132203389831],[-62.4047108230246,-22.13612052730697],[-63.587894280366996,-22.057209039548027],[-64.0480211804446,-22.857596986817327],[-64.55744739124479,-22.147393596986817],[-65.9378280914776,-21.910659133709984],[-66.0692929200712,-22.023389830508478],[-66.9895467202264,-22.97032768361582],[-66.7759163737618,-23.12815065913371],[-67.0552791345232,-24.063815442561207],[-67.2196101702652,-24.1765461393597],[-67.8276350025106,-24.424553672316392],[-68.18916328114301,-24.58237664783428],[-68.2877619025882,-24.728926553672324],[-68.17273017756881,-25.089664783427494],[-68.353494316885,-25.41658380414313],[-68.353494316885,-25.675864406779667],[-68.3041950061624,-25.87877966101695],[-68.271328799014,-25.923871939736344],[-68.15629707399461,-26.08169491525424],[-68.3370612133108,-26.52134463276837],[-68.2877619025882,-26.746806026365356],[-68.0576984525494,-26.96099435028249],[-68.0412653489752,-27.062451977401132],[-68.106997763272,-27.197728813559323],[-68.271328799014,-27.209001883239175],[-68.6164239740722,-27.25409416195857],[-69.3723467384854,-28.516677966101696],[-69.75030812069201,-29.3396120527307],[-69.668142602821,-29.993450094161965],[-69.6517094992468,-30.34291525423729],[-70.0625370886018,-30.70365348399247],[-70.22686812434381,-31.24476082862524],[-69.6188432920984,-34.051755178907726],[-70.27616743506641,-35.33688512241055],[-70.19400191719541,-36.1485461393597],[-70.8841922673118,-36.791111111111114],[-70.9499246816086,-37.27585310734464],[-70.9499246816086,-37.794414312617704],[-70.6376957136988,-38.707532956685505],[-71.21285433879581,-39.09081732580038],[-71.60724882457662,-41.559619585687386],[-72.37960469256402,-41.60471186440678]]]}},{"type":"Feature","properties":{"name":"United Provinces of La Plata","abbrevname":"La Plata"},"geometry":{"type":"Polygon","coordinates":[[[-71.60724882457662,-41.559619585687386],[-71.21285433879581,-39.09081732580038],[-70.6376957136988,-38.707532956685505],[-70.9499246816086,-37.794414312617704],[-70.9499246816086,-37.27585310734464],[-70.8841922673118,-36.791111111111114],[-70.19400191719541,-36.1485461393597],[-70.27616743506641,-35.33688512241055],[-69.6188432920984,-34.051755178907726],[-70.22686812434381,-31.24476082862524],[-70.0625370886018,-30.70365348399247],[-69.6517094992468,-30.34291525423729],[-69.668142602821,-29.993450094161965],[-69.75030812069201,-29.3396120527307],[-69.3723467384854,-28.516677966101696],[-68.6164239740722,-27.25409416195857],[-68.271328799014,-27.209001883239175],[-68.106997763272,-27.197728813559323],[-68.0412653489752,-27.062451977401132],[-68.0576984525494,-26.96099435028249],[-68.2877619025882,-26.746806026365356],[-68.3370612133108,-26.52134463276837],[-68.15629707399461,-26.08169491525424],[-68.271328799014,-25.923871939736344],[-68.3041950061624,-25.87877966101695],[-68.353494316885,-25.675864406779667],[-68.353494316885,-25.41658380414313],[-68.17273017756881,-25.089664783427494],[-68.2877619025882,-24.728926553672324],[-68.18916328114301,-24.58237664783428],[-67.8276350025106,-24.424553672316392],[-67.2196101702652,-24.1765461393597],[-67.0552791345232,-24.063815442561207],[-66.7759163737618,-23.12815065913371],[-66.9895467202264,-22.97032768361582],[-66.0692929200712,-22.023389830508478],[-65.9378280914776,-21.910659133709984],[-64.55744739124479,-22.147393596986817],[-64.0480211804446,-22.857596986817327],[-63.587894280366996,-22.057209039548027],[-62.4047108230246,-22.13612052730697],[-62.3225453051536,-22.16993973634652],[-61.862418405076,-22.722320150659144],[-61.3036928835532,-23.34233898305085],[-61.040763226365996,-23.601619585687388],[-60.66280184415939,-23.860900188323924],[-57.507645957912985,-25.31512617702448],[-58.06637147943579,-26.363521657250473],[-58.000639065138984,-26.746806026365356],[-58.49363217236498,-27.29918644067797],[-55.962934221938184,-27.231548022598872],[-55.53567352900899,-27.434463276836162],[-54.61541972885378,-26.543890772128066],[-54.36892317524078,-25.72095668549906],[-53.64586661797598,-25.732229755178906],[-53.415803167937185,-26.25079096045198],[-53.44866937508557,-26.99481355932204],[-53.53083489295658,-27.197728813559323],[-54.714018350298986,-27.783928436911495],[-55.43707490756378,-28.437766478342752],[-56.09439905053178,-29.046512241054614],[-56.89962112566758,-29.86944632768362],[-57.37618112931939,-30.388007532956692],[-56.53809284703519,-30.230184557438797],[-56.42306112201578,-30.2752768361582],[-55.66713835760258,-31.154576271186443],[-55.23987766467339,-30.962934086629005],[-53.30077144291778,-32.52989077212806],[-53.02140868215638,-32.800444444444445],[-53.36650385721458,-33.38664406779662],[-53.20217282147257,-33.86011299435029],[-54.41822248596338,-34.90850847457627],[-56.12726525768018,-34.97614689265537],[-56.52165974346099,-34.67177401129944],[-57.58981147578399,-34.581589453860644],[-58.13210389373259,-34.19830508474577],[-58.31286803304879,-34.57031638418079],[-57.014652850686986,-35.415796610169494],[-57.16255078285478,-36.13727306967985],[-56.488793536312585,-36.926387947269305],[-57.44191354361618,-38.24533709981168],[-57.98420596156478,-38.52716384180791],[-60.72853425845619,-38.98935969868174],[-62.108914958689,-38.86535593220339],[-61.862418405076,-39.541740112994354],[-62.19108047655999,-40.90578154425612],[-62.51974254804399,-41.02978531073447],[-64.7217784269868,-40.545043314500944],[-64.7710777377094,-40.07157438794727],[-66.0857260236454,-40.24067043314501],[-68.6164239740722,-39.710836158192095],[-69.092983977724,-40.36467419962336],[-69.5695439813758,-40.421039548022605],[-69.75030812069201,-40.950873822975524],[-70.55553019582781,-40.984693032015066],[-71.60724882457662,-41.559619585687386]]]}},{"type":"Feature","properties":{"name":"Mosquito Coast","abbrevname":"Mosquito Coa"},"geometry":{"type":"Polygon","coordinates":[[[-83.09398822294243,14.63663276836158],[-83.68557995161363,12.134011299435016],[-83.70201305518783,11.90854990583803],[-83.89921029807823,12.539841807909596],[-83.65271374446523,14.19698305084745],[-83.09398822294243,14.63663276836158]]]}},{"type":"Feature","properties":{"name":"Arakan (Indian princely state)","abbrevname":"Arakan"},"geometry":{"type":"Polygon","coordinates":[[[92.70735381384947,22.121951035781535],[92.98671657461085,22.054312617702436],[93.10174829963029,21.997947269303197],[93.3318117496691,22.223408662900184],[93.52900899255945,21.749939736346505],[94.90938969279227,20.03643314500941],[95.56671383576031,18.05237288135592],[95.3695165928699,17.6578154425612],[94.66289313917929,17.6578154425612],[94.66289313917929,17.68036158192089],[94.4492627927147,18.5934802259887],[94.2520655498243,19.07822222222221],[94.16990003195326,19.213499058380407],[94.03843520335965,18.965491525423715],[93.66047382115306,19.190952919020702],[94.02200209978548,19.26986440677966],[93.92340347834028,19.60805649717514],[93.10174829963029,20.1266177024482],[93.11818140320446,20.385898305084737],[93.03601588533348,20.44226365348399],[92.32939243164287,21.017190207156304],[92.80595243529467,21.40047457627118],[92.70735381384947,22.121951035781535]]]}},{"type":"Feature","properties":{"name":"Lombardy","abbrevname":"Lombardy"},"geometry":{"type":"Polygon","coordinates":[[[11.067695257223733,45.06264783427494],[10.591135253571935,45.04010169491525],[9.868078696307123,45.231743879472674],[9.342219381932722,45.141559322033885],[8.65202903181634,45.536116760828605],[8.668462135390541,45.78412429378531],[8.750627653261517,46.02085875706214],[8.832793171132522,46.13358945386062],[8.96425799972613,46.11104331450093],[9.095722828319737,45.885581920903945],[9.227187656913344,45.953220338983044],[9.227187656913344,46.18995480225988],[9.424384899803727,46.370323917137455],[9.407951796229526,46.5168738229755],[9.588715935545736,46.55069303201506],[9.638015246268338,46.39287005649717],[9.753046971287745,46.325231638418074],[10.196740767791141,46.26886629001882],[10.295339389236347,46.46050847457627],[10.196740767791141,46.5168738229755],[10.229606974939543,46.64087758945385],[10.361071803533122,46.674696798493386],[10.426804217829925,46.607058380414315],[10.574702149997734,46.5845122410546],[10.591135253571935,46.674696798493386],[10.541835942849332,46.764881355932204],[10.607568357146135,46.90015819209037],[10.755466289313944,46.73106214689264],[10.656867667868738,46.22377401129944],[10.722600082165542,45.76157815442559],[10.870498014333322,45.82921657250469],[10.870498014333322,45.36702071563087],[11.067695257223733,45.06264783427494]]]}},{"type":"Feature","properties":{"name":"Venetia","abbrevname":"Venetia"},"geometry":{"type":"Polygon","coordinates":[[[14.009220797005554,45.581209039548014],[13.877755968411947,45.72775894538606],[13.56552700050213,45.71648587570621],[12.694572511069538,45.47975141242938],[12.382343543159749,45.231743879472674],[12.678139407495337,44.80336723163842],[12.579540786050131,44.747001883239164],[12.333044232437146,45.119013182674195],[12.23444561099194,45.15283239171373],[11.807184918062745,44.92737099811674],[11.445656639430325,45.08519397363463],[11.379924225133522,45.08519397363463],[11.067695257223733,45.06264783427494],[10.870498014333322,45.36702071563087],[10.870498014333322,45.82921657250469],[11.001962842926929,45.66012052730696],[11.133427671520536,45.85176271186441],[11.363491121559349,45.76157815442559],[11.429223535856124,46.02085875706214],[11.774318710914343,45.98703954802258],[11.774318710914343,46.257593220338975],[12.119413885972534,46.42668926553671],[11.938649746656324,46.764881355932204],[12.283744921714543,46.94525047080978],[12.41520975030815,46.90015819209037],[12.56310768247593,46.73106214689264],[13.154699411147135,46.61833145009416],[13.56552700050213,46.57323917137475],[13.779157346966741,46.52814689265537],[13.828456657689344,46.437962335216554],[13.549093896927928,46.302685499058384],[13.812023554115143,46.14486252354047],[13.647692518373134,46.02085875706214],[13.795590450540942,45.975766478342734],[13.74629113981834,45.817943502824846],[13.894189071986148,45.772851224105466],[14.025653900579726,45.68266666666665],[14.009220797005554,45.581209039548014]]]}},{"type":"Feature","properties":{"name":"Parma","abbrevname":"Parma"},"geometry":{"type":"Polygon","coordinates":[[[9.769480074861946,44.45390207156308],[9.342219381932722,44.80336723163842],[9.342219381932722,45.141559322033885],[9.868078696307123,45.231743879472674],[10.591135253571935,45.04010169491525],[10.476103528552528,44.92737099811674],[10.558269046423533,44.701909604519756],[10.32820559638472,44.374990583804134],[10.262473182087945,44.397536723163824],[10.18030766421694,44.42008286252354],[9.950244214178127,44.62299811676081],[9.802346282010319,44.589178907721276],[9.769480074861946,44.45390207156308]]]}},{"type":"Feature","properties":{"name":"Kingdom of Sardinia","abbrevname":"Sardinia"},"geometry":{"type":"MultiPolygon","coordinates":[[[[10.032409732049132,44.17207532956684],[9.900944903455525,44.239713747645936],[8.882092481855125,44.43135593220339],[8.389099374629126,44.1382561205273],[8.175469028164542,43.980433145009414],[7.7646414388095195,43.87897551789075],[7.600310403067539,43.77751789077212],[7.551011092344936,43.92406779661016],[7.123750399415741,43.83388323917137],[7.205915917286717,44.0706177024482],[7.140183502989942,44.14952919020715],[7.090884192267339,44.16080225988699],[7.041584881544736,44.12698305084746],[6.992285570822133,44.217167608286246],[7.074451088693138,44.36371751412429],[6.992285570822133,44.566632768361586],[7.123750399415741,44.73572881355932],[7.205915917286717,44.73572881355932],[7.140183502989942,44.88227871939736],[6.860820742228526,44.97246327683615],[6.712922810060718,45.13028625235404],[6.022732459944336,45.41211299435028],[6.137764184963714,46.18995480225988],[6.9758524672479325,46.50560075329565],[7.10731729584154,46.14486252354047],[7.156616606564114,45.953220338983044],[7.994704888848332,45.9419472693032],[8.586296617519537,46.48305461393596],[8.586296617519537,46.302685499058384],[8.832793171132522,46.13358945386062],[8.750627653261517,46.02085875706214],[8.668462135390541,45.78412429378531],[8.65202903181634,45.536116760828605],[9.342219381932722,45.141559322033885],[9.342219381932722,44.80336723163842],[9.769480074861946,44.45390207156308],[9.98311042132653,44.374990583804134],[10.032409732049132,44.307352165725035],[10.081709042771735,44.307352165725035],[10.032409732049132,44.17207532956684]]],[[[9.029990414022933,38.99773634651601],[8.569863513945336,39.32465536723163],[8.684895238964742,40.22650094161958],[8.356233167480724,40.801427495291904],[9.506550417674731,41.195984934086624],[9.99954352490073,40.57596610169492],[9.851645592732922,39.47120527306967],[9.687314556990941,39.155559322033895],[9.260053864061717,39.23447080979284],[9.029990414022933,38.99773634651601]]]]}},{"type":"Feature","properties":{"name":"Switzerland","abbrevname":"Switzerland"},"geometry":{"type":"Polygon","coordinates":[[[9.703747660565142,47.576542372881335],[9.720180764139343,47.091800376647825],[9.99954352490073,47.05798116760829],[10.262473182087945,46.88888512241053],[10.50896973570093,47.03543502824857],[10.607568357146135,46.90015819209037],[10.541835942849332,46.764881355932204],[10.591135253571935,46.674696798493386],[10.574702149997734,46.5845122410546],[10.426804217829925,46.607058380414315],[10.361071803533122,46.674696798493386],[10.229606974939543,46.64087758945385],[10.196740767791141,46.5168738229755],[10.295339389236347,46.46050847457627],[10.196740767791141,46.26886629001882],[9.753046971287745,46.325231638418074],[9.638015246268338,46.39287005649717],[9.588715935545736,46.55069303201506],[9.407951796229526,46.5168738229755],[9.424384899803727,46.370323917137455],[9.227187656913344,46.18995480225988],[9.227187656913344,45.953220338983044],[9.095722828319737,45.885581920903945],[8.96425799972613,46.11104331450093],[8.832793171132522,46.13358945386062],[8.586296617519537,46.302685499058384],[8.586296617519537,46.48305461393596],[7.994704888848332,45.9419472693032],[7.156616606564114,45.953220338983044],[7.10731729584154,46.14486252354047],[6.9758524672479325,46.50560075329565],[6.137764184963714,46.18995480225988],[7.025151777970535,47.396173258003756],[7.123750399415741,47.531450094161954],[7.320947642306123,47.531450094161954],[7.320947642306123,47.486357815442545],[7.534577988770735,47.486357815442545],[7.715342128086917,47.62163465160074],[8.536997306796934,47.71181920903953],[8.832793171132522,47.79073069679848],[8.865659378280924,47.73436534839925],[9.407951796229526,47.68927306967984],[9.572282831971535,47.63290772128059],[9.703747660565142,47.576542372881335]]]}},{"type":"Feature","properties":{"name":"Papal States","abbrevname":"Papal States"},"geometry":{"type":"Polygon","coordinates":[[[12.579540786050131,44.747001883239164],[12.480942164604926,44.69063653483991],[12.54667457890173,44.31862523540488],[12.711005614643739,44.14952919020715],[12.90820285753415,43.94661393596985],[13.812023554115143,43.55205649717513],[14.124252522024932,42.88694538606401],[14.27215045419274,42.65021092278718],[14.206418039895937,42.62766478342749],[14.140685625599133,42.54875329566855],[14.025653900579726,42.58257250470808],[13.910622175560349,42.41347645951035],[13.828456657689344,42.54875329566855],[13.614826311224732,42.379657250470814],[13.828456657689344,42.030192090395474],[13.76272424339254,41.88364218455743],[13.795590450540942,41.81600376647833],[13.844889761263545,41.77091148775895],[13.844889761263545,41.81600376647833],[14.058520107728128,41.77091148775895],[14.058520107728128,41.80473069679849],[14.140685625599133,41.77091148775895],[13.959921486282951,41.218531073446314],[13.696991829095737,41.31998870056498],[13.466928379056952,41.33126177024482],[12.595973889624332,41.74836534839923],[12.168713196695137,42.01891902071563],[12.21801250741774,42.12037664783426],[12.201579403843539,42.266926553672306],[12.267311818140342,42.312018832391715],[12.250878714566142,42.54875329566855],[12.365910439585548,42.65021092278718],[12.349477336011347,43.078587570621465],[12.513808371753328,43.360414312617706],[12.102980782398333,44.3411713747646],[11.938649746656324,44.374990583804134],[11.905783539507922,44.239713747645936],[11.757885607340143,44.2058945386064],[11.659286985894937,44.29607909604519],[11.412790432281923,44.16080225988699],[11.379924225133522,45.08519397363463],[11.445656639430325,45.08519397363463],[11.807184918062745,44.92737099811674],[12.23444561099194,45.15283239171373],[12.333044232437146,45.119013182674195],[12.579540786050131,44.747001883239164]]]}},{"type":"Feature","properties":{"name":"Pontremoli","abbrevname":"Pontremoli"},"geometry":{"type":"Polygon","coordinates":[[[10.081709042771735,44.307352165725035],[10.032409732049132,44.307352165725035],[9.98311042132653,44.374990583804134],[9.769480074861946,44.45390207156308],[9.802346282010319,44.589178907721276],[9.950244214178127,44.62299811676081],[10.18030766421694,44.42008286252354],[10.081709042771735,44.307352165725035]]]}},{"type":"Feature","properties":{"name":"Fivizzano","abbrevname":"Fivizzano"},"geometry":{"type":"Polygon","coordinates":[[[10.262473182087945,44.397536723163824],[10.32820559638472,44.374990583804134],[10.262473182087945,44.397536723163824],[10.262473182087945,44.397536723163824]]]}},{"type":"Feature","properties":{"name":"Lucca","abbrevname":"Lucca"},"geometry":{"type":"Polygon","coordinates":[[[10.541835942849332,43.608421845574384],[10.492536632126729,43.72115254237286],[10.459670424978327,43.76624482109227],[10.52540283927513,43.912794726930315],[10.558269046423533,43.87897551789075],[10.607568357146135,43.957887005649695],[10.903364221481723,44.10443691148774],[10.952663532204326,43.64224105461392],[10.541835942849332,43.608421845574384]]]}},{"type":"Feature","properties":{"name":"Tuscany","abbrevname":"Tuscany"},"geometry":{"type":"Polygon","coordinates":[[[12.168713196695137,42.01891902071563],[11.70858629661754,42.39093032015066],[11.314191810836746,42.57129943502824],[10.952663532204326,42.86439924670432],[10.68973387501714,43.2476836158192],[10.541835942849332,43.608421845574384],[10.952663532204326,43.64224105461392],[10.903364221481723,44.10443691148774],[11.03482905007533,44.22844067796609],[11.166293878668938,44.17207532956684],[11.264892500114144,44.17207532956684],[11.264892500114144,44.1382561205273],[11.412790432281923,44.16080225988699],[11.659286985894937,44.29607909604519],[11.757885607340143,44.2058945386064],[11.905783539507922,44.239713747645936],[11.938649746656324,44.374990583804134],[12.102980782398333,44.3411713747646],[12.513808371753328,43.360414312617706],[12.349477336011347,43.078587570621465],[12.365910439585548,42.65021092278718],[12.250878714566142,42.54875329566855],[12.267311818140342,42.312018832391715],[12.201579403843539,42.266926553672306],[12.21801250741774,42.12037664783426],[12.168713196695137,42.01891902071563]]]}},{"type":"Feature","properties":{"name":"Modena","abbrevname":"Modena"},"geometry":{"type":"Polygon","coordinates":[[[11.412790432281923,44.16080225988699],[11.264892500114144,44.1382561205273],[11.264892500114144,44.17207532956684],[11.166293878668938,44.17207532956684],[11.03482905007533,44.22844067796609],[10.903364221481723,44.10443691148774],[10.607568357146135,43.957887005649695],[10.361071803533122,43.90152165725047],[10.34463869995892,43.92406779661016],[10.114575249920136,44.12698305084746],[10.032409732049132,44.17207532956684],[10.081709042771735,44.307352165725035],[10.18030766421694,44.42008286252354],[10.262473182087945,44.397536723163824],[10.32820559638472,44.374990583804134],[10.558269046423533,44.701909604519756],[10.476103528552528,44.92737099811674],[10.591135253571935,45.04010169491525],[11.067695257223733,45.06264783427494],[11.379924225133522,45.08519397363463],[11.412790432281923,44.16080225988699]]]}},{"type":"Feature","properties":{"name":"Massa","abbrevname":"Massa"},"geometry":{"type":"Polygon","coordinates":[[[10.607568357146135,43.957887005649695],[10.558269046423533,43.87897551789075],[10.52540283927513,43.912794726930315],[10.459670424978327,43.76624482109227],[10.361071803533122,43.90152165725047],[10.607568357146135,43.957887005649695]]]}},{"type":"Feature","properties":{"name":"Württemberg","abbrevname":"Württemberg"},"geometry":{"type":"Polygon","coordinates":[[[8.832793171132522,47.79073069679848],[8.79992696398412,47.903461393596984],[8.882092481855125,47.98237288135593],[8.816360067558321,48.252926553672296],[8.487697996074331,48.365657250470804],[8.487697996074331,48.298018832391705],[8.717761446113144,48.16274199623351],[8.717761446113144,48.12892278719397],[8.602729721093738,47.926007532956675],[8.224768338887117,48.47838794726928],[9.835212489158721,49.31259510357813],[10.015976628474931,49.33514124293785],[9.868078696307123,48.89549152542372],[9.917378007029725,48.647483992467045],[9.917378007029725,48.37693032015065],[9.785913178436147,48.30929190207155],[9.835212489158721,47.72309227871938],[9.572282831971535,47.63290772128059],[9.407951796229526,47.68927306967984],[8.865659378280924,47.73436534839925],[8.832793171132522,47.79073069679848]]]}},{"type":"Feature","properties":{"name":"Goa","abbrevname":"Goa"},"geometry":{"type":"Polygon","coordinates":[[[74.63093988222946,14.388625235404888],[74.59807367508105,14.433717514124282],[74.35157712146804,14.862094161958566],[74.72953850367463,14.850821092278707],[74.77883781439724,14.523902071563086],[74.63093988222946,14.388625235404888]]]}},{"type":"Feature","properties":{"name":"Cape Colony","abbrevname":"Cape Colony"},"geometry":{"type":"Polygon","coordinates":[[[22.78449810562836,-34.11939359698682],[22.751631898479957,-34.13066666666667],[21.880677409047365,-34.49140489642185],[20.713927055279157,-34.513951035781545],[20.08946911945955,-34.97614689265537],[18.922718765691343,-34.19830508474577],[18.54475738348475,-34.33358192090396],[18.659789108504157,-33.81502071563089],[18.068197379832952,-32.98081355932204],[18.429725658465344,-32.879355932203396],[18.54475738348475,-32.32697551789077],[20.171634637330556,-31.864779661016954],[20.697493951704956,-33.10481732580038],[22.29150499840236,-33.341551789077215],[22.702332587757354,-33.69101694915255],[22.78449810562836,-34.11939359698682]]]}},{"type":"Feature","properties":{"name":"Dutch settlements"},"geometry":{"type":"Polygon","coordinates":[[[25.824622266855357,-33.90520527306968],[25.72602364541015,-34.15321280602637],[25.134431916738947,-34.06302824858757],[24.789336741680756,-34.344854990583805],[23.951248459396567,-34.06302824858757],[22.883096727073564,-34.085574387947275],[22.78449810562836,-34.11939359698682],[22.702332587757354,-33.69101694915255],[22.29150499840236,-33.341551789077215],[20.697493951704956,-33.10481732580038],[20.171634637330556,-31.864779661016954],[18.54475738348475,-32.32697551789077],[17.772401515497336,-30.816384180790962],[17.640936686903757,-30.557103578154432],[19.21851463002696,-31.08693785310735],[20.286666362349962,-31.21094161958569],[21.650613959008552,-30.974207156308857],[23.31035742000276,-32.033875706214694],[24.723604327383953,-32.507344632768365],[25.841055370429558,-32.372067796610175],[25.824622266855357,-33.90520527306968]]]}},{"type":"Feature","properties":{"name":"Xhosa","abbrevname":"Xhosa"},"geometry":{"type":"Polygon","coordinates":[[[29.29200712101158,-32.11278719397364],[29.12767608526957,-32.28188323917138],[27.172136759939775,-33.69101694915255],[25.824622266855357,-33.90520527306968],[25.841055370429558,-32.372067796610175],[27.205002967088177,-31.864779661016954],[28.09239056009497,-31.08693785310735],[28.63468297804357,-31.154576271186443],[29.29200712101158,-32.11278719397364]]]}},{"type":"Feature","properties":{"name":"Zulu","abbrevname":"Zulu"},"geometry":{"type":"Polygon","coordinates":[[[30.49162368192816,-30.90656873822976],[28.799014013785552,-29.260700564971756],[28.63468297804357,-28.89996233521658],[28.93047884237916,-28.426493408662907],[32.299265075090176,-26.239517890772134],[32.775825078741974,-26.58898305084746],[33.08805404665176,-26.701713747645954],[33.05518783950336,-26.96099435028249],[32.973022321632385,-27.50210169491526],[32.808691285890376,-27.885386064030136],[32.51289542155476,-28.12212052730697],[32.54576162870316,-28.573043314500943],[31.773405760715775,-29.193062146892657],[31.52690920710276,-29.49743502824859],[31.49404299995436,-29.531254237288138],[30.886018167708983,-30.421826741996234],[30.590222303373366,-30.793838041431265],[30.49162368192816,-30.90656873822976]]]}},{"type":"Feature","properties":{"name":"Delagoa Bay","abbrevname":"Delagoa Bay"},"geometry":{"type":"Polygon","coordinates":[[[33.15378646094857,-25.51804143126178],[32.71009266444517,-26.04787570621469],[33.120920253800165,-26.498798493408664],[33.08805404665176,-26.701713747645954],[32.775825078741974,-26.58898305084746],[32.299265075090176,-26.239517890772134],[32.299265075090176,-25.585679849340863],[32.82512438946458,-25.34894538606403],[33.15378646094857,-25.51804143126178]]]}},{"type":"Feature","properties":{"name":"Expansionist Kingdom of Merina","abbrevname":"Merina"},"geometry":{"type":"Polygon","coordinates":[[[48.22294243849001,-17.00687382297552],[48.69950244214181,-20.028056497175143],[47.38485415620579,-23.10560451977402],[46.20167069886341,-23.579073446327683],[45.72511069521158,-23.579073446327683],[45.4950472451728,-22.63213559322034],[46.85899484183139,-17.717077212806032],[47.68065002054141,-16.882870056497183],[48.22294243849001,-17.00687382297552]]]}},{"type":"Feature","properties":{"name":"Senegal","abbrevname":"Senegal"},"geometry":{"type":"Polygon","coordinates":[[[-16.671383576025903,14.377352165725043],[-17.230109097548706,14.828274952919017],[-16.244122883096708,16.13595103578153],[-15.553932532980298,16.27122787193973],[-15.849728397315914,15.087555555555554],[-16.671383576025903,14.377352165725043]]]}},{"type":"Feature","properties":{"name":"Portuguese Guinea","abbrevname":"Port. Guinea"},"geometry":{"type":"Polygon","coordinates":[[[-14.962340804309122,11.897276836158184],[-15.6032318437029,11.863457627118635],[-16.227689779522507,12.269288135593214],[-16.359154608116114,12.325653483992454],[-15.25813666864471,12.494749529190202],[-14.962340804309122,11.897276836158184]]]}},{"type":"Feature","properties":{"name":"Afghanistan","abbrevname":"Afghanistan","fips_code":"AF","wb_cntry":"AFG"},"geometry":{"type":"Polygon","coordinates":[[[57.524079061487214,36.84458003766477],[61.43515771214683,39.8432165725047],[65.06687360204504,38.8850056497175],[70.91705847446025,38.3777175141243],[71.16355502807323,38.366444444444426],[73.05336193910625,37.87042937853107],[74.63093988222946,37.48714500941618],[73.36559090701604,36.032919020715624],[69.86533984571145,32.448082862523535],[68.02483224540103,29.201438794726926],[67.13744465239424,28.13049717514123],[64.24521842333502,28.34468549905837],[61.89528461222443,29.15634651600753],[61.02433012279181,29.855276836158183],[60.991463915643436,31.59132956685498],[60.92573150134663,31.940794726930307],[60.85999908704983,32.52699435028248],[60.74496736203042,33.011736346516],[61.04076322636601,33.586662900188315],[60.66280184415942,33.73321280602636],[58.32930113662303,36.461295668549894],[57.524079061487214,36.84458003766477]]]}},{"type":"Feature","properties":{"name":"Bhutan","abbrevname":"Bhutan","fips_code":"BT","wb_cntry":"BTN"},"geometry":{"type":"MultiPolygon","coordinates":[[[[109.6334504952755,18.108738229755176],[108.86109462728808,18.503295668549896],[108.7789291094171,19.20222598870056],[109.74848222029493,19.934975517890763],[110.8166339526179,20.03643314500941],[111.0959967133793,19.72078719397362],[110.57013739900492,18.785122410546137],[109.6334504952755,18.108738229755176]]],[[[88.43474688455746,26.77772881355932],[88.23754964166704,27.149740112994337],[88.27041584881545,27.54429755178907],[88.41831378098328,27.882489642184552],[88.40188067740905,27.893762711864397],[87.41589446295706,27.859943502824848],[86.98863377002789,28.153043314500934],[86.64353859496964,27.961401129943496],[86.34774273063408,28.13049717514123],[86.23271100561465,27.927581920903947],[85.93691514127909,28.355958568738217],[85.34532341260785,28.355958568738217],[85.42748893047889,28.660331450094148],[85.13169306614327,28.547600753295654],[84.47436892317529,28.953431261770234],[84.29360478385905,29.325442561205264],[83.89921029807829,29.201438794726926],[82.40379787282603,30.103284369114874],[82.33806545852929,30.3851111111111],[81.86150545487743,30.475295668549904],[81.64787510841285,30.41893032015065],[80.38252613319946,31.59132956685498],[79.82380061167663,34.15031638418078],[79.52800474734107,35.694726930320144],[79.36367371159906,37.18277212806025],[78.62418405076005,37.74642561205272],[76.68507782900446,38.29880602636533],[74.12151367142926,45.536116760828605],[74.64737298580366,46.47178154425612],[75.89628885744284,46.68596986817326],[81.41781165837403,46.57323917137475],[85.59181996622084,48.16274199623351],[85.80545031268548,48.252926553672296],[90.29168758844207,51.58975517890772],[92.16506139590086,51.58975517890772],[92.7895193317205,52.41268926553673],[93.7755055461725,52.36759698681732],[95.38594969644407,53.81054990583803],[96.07614004656051,53.81054990583803],[97.52225316109008,52.84106591337098],[97.8180490254257,52.16468173258002],[99.11626420778748,52.05195103578154],[101.97562422969827,51.44320527306968],[102.84657871913089,50.47372128060263],[103.5860683799699,50.2369868173258],[105.36084356598349,50.46244821092279],[106.52759391975172,50.42862900188322],[108.63103117724933,49.53805649717512],[110.40580636326291,49.25622975517891],[112.7228739672251,49.481691148775894],[114.30045191034833,50.293352165725025],[115.9437622677683,49.876248587570615],[116.9626146893687,49.943887005649714],[117.8500022823755,49.60569491525422],[119.49331263979553,50.14680225988701],[119.3782809147761,50.72172881355931],[120.95585885789933,52.02940489642182],[120.9722919614735,52.49160075329567],[120.19993609348614,52.71706214689266],[121.39955265440273,53.337080979284366],[121.87611265805452,53.3709001883239],[121.85967955448035,53.776730696798495],[121.12018989364134,53.85564218455744],[121.12018989364134,54.52075329566853],[121.41598575797696,54.73494161958567],[121.49815127584793,55.1069529190207],[121.94184507235133,55.400052730696785],[122.15547541881591,55.91861393596986],[122.89496507965492,55.9975254237288],[123.71662025836491,56.43717514124293],[125.11343406217196,56.22298681732579],[128.36718856986352,56.74154802259886],[129.40247409503814,56.888097928436906],[130.60209065595473,56.0651638418079],[131.11151686675493,55.25350282485874],[130.74998858812256,53.92328060263654],[131.34158031679374,53.92328060263654],[132.22896790980053,52.44650847457626],[133.62578171360752,52.67196986817325],[134.44743689231757,53.48363088512241],[134.89113068882097,52.965069679849336],[136.37011001049893,53.032708097928435],[137.43826174282196,53.472357815442564],[138.44068106084814,53.58508851224104],[138.62144520016437,54.103649717514116],[139.57456520746797,54.09237664783427],[141.33290728990738,53.06652730696797],[141.03711142557177,52.84106591337098],[141.464372118501,52.11958945386064],[140.60985073264254,50.84573258003766],[140.28118866115858,48.52348022598869],[136.23864518190533,44.42008286252354],[134.34883827087236,43.010949152542366],[133.14922170995573,42.684030131826745],[133.03418998493635,42.87567231638417],[132.39329894554254,43.21386440677966],[131.88387273474234,43.0447683615819],[132.06463687405852,43.30404896421845],[130.63495686310313,42.289472693031996],[130.43775962021272,42.67275706214687],[130.05979823800612,42.9771299435028],[129.23814305929614,42.19928813559321],[128.95878029853475,42.07528436911488],[128.71228374492176,42.07528436911488],[128.51508650203135,42.09783050847457],[128.36718856986352,42.15419585687383],[128.18642443054733,42.12037664783426],[128.30145615556677,41.46653860640299],[128.07139270552796,41.39890018832392],[126.67457890172096,41.66945386064029],[126.08298717304973,40.95925047080979],[124.70260647281691,40.294139359698676],[124.50540922992656,40.102497175141224],[124.34107819418455,39.85448964218455],[124.30821198703615,39.899581920903955],[121.26808782580912,38.77227495291902],[121.85967955448035,39.34720150659132],[121.4488519651253,39.572662900188305],[122.28694024740952,40.50832768361582],[121.21878851508654,40.869065913371],[120.47929885424753,40.17013559322032],[119.59191126124074,39.86576271186439],[119.4111471219245,39.65157438794725],[119.18108367188574,39.245743879472684],[118.47446021819513,39.0202824858757],[118.11293193956271,39.27956308851222],[117.7842698680787,38.93009792843691],[117.63637193591092,38.61445197740113],[118.04719952526591,38.18607532956685],[119.08248505044054,37.971887005649705],[119.16465056831152,37.09258757062146],[119.80554160770532,37.137679849340856],[120.85726023645412,37.75769868173258],[121.64604920801571,37.351868173258],[122.59916921531931,37.31804896421845],[122.45127128315153,36.75439548022598],[121.81038024375772,36.85585310734463],[120.74222851143475,36.404930320150655],[120.70936230428634,36.07801129943502],[120.11777057561511,36.15692278719396],[119.23038298260832,34.71396986817325],[120.18350298991191,34.15031638418078],[120.85726023645412,32.56081355932203],[121.81038024375772,31.839337099811672],[121.46528506869953,31.467325800376642],[121.77751403660932,30.72330320150658],[120.15063678276351,30.137103578154424],[121.36668644725432,30.20474199623351],[121.97471127949973,29.855276836158183],[121.56388369014473,29.426900188323913],[121.85967955448035,29.33671563088511],[121.46528506869953,28.19813559322033],[121.21878851508654,28.299593220338977],[120.56146437211851,27.194832391713746],[119.80554160770532,26.710090395480222],[119.62477746838914,25.672967984934076],[118.55662573606611,24.4892956685499],[118.06363262884014,24.52311487758945],[118.04719952526591,24.06091902071563],[116.65038572145892,23.271804143126175],[116.2888574428265,22.899792843691145],[114.7605788104259,22.48268926553672],[114.74414570685173,22.696877589453848],[114.05395535673529,22.48268926553672],[113.7417263888255,22.719423728813553],[113.65956087095452,22.78706214689265],[113.57739535308349,22.17831638418079],[113.06796914228329,22.07685875706214],[112.95293741726391,21.77248587570621],[110.43867257041131,21.29901694915253],[110.2743415346693,20.93827871939736],[110.6194367097275,20.543721280602625],[110.47153877755972,20.329532956685497],[110.12644360250152,20.2618945386064],[109.91281325603688,20.588813559322034],[109.97854567033369,21.501932203389828],[109.32122152736571,21.411747645951024],[108.76249600584293,21.84012429378531],[108.59816497010092,21.547024482109222],[108.0723056557265,21.479386064030123],[107.99014013785552,21.547024482109222],[107.57931254850052,21.592116760828617],[107.29994978773908,21.67102824858756],[106.87268909480991,21.941581920903943],[106.75765736979048,22.11067796610169],[106.7083580590679,22.347412429378522],[106.92198840553249,22.674331450094158],[106.79052357693888,22.94488512241054],[106.44542840188069,22.922338983050835],[106.14963253754507,22.94488512241054],[105.80453736248688,23.057615819209033],[105.5251746017255,23.31689642184557],[104.68708631944128,22.798335216572497],[103.19167389418908,22.48268926553672],[103.0437759620213,22.527781544256115],[102.78084630483409,22.708150659133707],[102.17282147258868,22.55032768361582],[101.86059250467889,22.403777777777776],[101.76199388323369,22.302320150659128],[101.74556077965951,22.155770244821085],[101.79486009038209,21.885216572504703],[101.9591911261241,21.49065913370997],[101.90989181540152,21.33283615819208],[101.21970146528508,21.456839924670433],[101.15396905098828,21.569570621468927],[101.1046697402657,21.73866666666666],[100.80887387593009,21.547024482109222],[100.5295111151687,21.479386064030123],[100.41447939014927,21.513205273069673],[100.25014835440732,21.63720903954801],[100.0858173186653,21.975401129943492],[99.9543524900717,22.14449717514124],[99.74072214360712,22.121951035781535],[99.5106586935683,22.121951035781535],[99.4120600721231,22.16704331450093],[99.36276076140047,22.324866290018832],[99.69142283288448,23.03506967984933],[99.67498972931031,23.15907344632768],[99.4449262792715,23.204165725047076],[99.18199662208428,23.170346516007527],[99.09983110421331,23.31689642184557],[98.9026338613229,24.162376647834265],[98.68900351485831,24.15110357815442],[98.34390833980007,24.11728436911487],[97.73588350755466,23.914369114877587],[97.73588350755466,24.816214689265536],[97.99881316474188,25.19949905838041],[98.09741178618708,25.2896836158192],[98.31104213265166,25.41368738229754],[98.59040489341311,25.650421845574385],[98.77116903272929,25.977340866290007],[98.8369014470261,27.499205273069677],[98.4260738576711,27.56684369114876],[98.03167937189028,28.299593220338977],[97.68658419683209,28.41232391713747],[97.5386862646643,28.19813559322033],[95.68174556077969,27.927581920903947],[95.04085452138588,27.589389830508466],[94.53142831058568,26.90173258003766],[92.60875519240426,26.59735969868173],[91.75423380654587,26.304259887005642],[91.03117724928109,26.37189830508474],[91.35983932076505,26.76645574387946],[90.80111379924227,26.80027495291901],[90.52175103848089,26.879186440677955],[90.04519103482909,26.698817325800363],[89.99589172410646,26.710090395480222],[89.60149723832569,26.811548022598856],[89.35500068471265,26.845367231638406],[89.07563792395126,26.92427871939735],[88.81270826676405,26.653725047080968],[88.43474688455746,26.77772881355932]]]]}},{"type":"Feature","properties":{"name":"Burma (Indian princely state)","abbrevname":"Burma","fips_code":"BM"},"geometry":{"type":"Polygon","coordinates":[[[101.21970146528508,21.456839924670433],[100.98963801524627,21.29901694915253],[100.75957456520752,21.02846327683615],[100.54594421874287,20.757909604519767],[100.20084904368468,20.47608286252354],[100.16798283653628,20.44226365348399],[100.10225042223948,20.40844444444444],[99.80645455790386,20.374625235404892],[99.60925731501351,20.295713747645948],[99.19842972565851,19.878610169491523],[98.21244351120652,19.76587947269303],[97.9166476468709,18.5258418079096],[97.83448212899987,18.5258418079096],[97.57155247181271,18.469476459510346],[97.9166476468709,18.06364595103578],[97.99881316474188,17.590177024482102],[98.11384488976131,17.533811676082863],[98.59040489341311,17.10543502824858],[99.0340986899165,16.338866290018828],[98.67257041128408,16.023220338983037],[98.78760213630346,15.493386064030119],[98.70543661843249,15.40320150659133],[98.34390833980007,15.211559322033892],[98.4260738576711,15.0311902071563],[98.68900351485831,14.388625235404888],[98.9355000684713,14.174436911487746],[99.21486282923269,13.903883239171364],[99.29702834710366,12.99076459510357],[99.52709179714248,12.460930320150652],[99.79002145432969,11.90854990583803],[98.80403523987769,10.138677966101682],[98.60683799698728,10.57832768361581],[99.0669648970649,11.660542372881352],[98.78760213630346,11.716907721280592],[98.88620075774867,12.066372881355932],[98.80403523987769,12.754030131826738],[98.68900351485831,13.126041431261768],[98.40964075409687,13.667148775894532],[98.17957730405811,14.253348399246704],[97.9495138540193,15.0311902071563],[97.86734833614827,15.80903201506591],[97.76874971470306,16.462870056497167],[97.62085178253528,16.496689265536716],[96.97996074314148,17.35344256120527],[96.8649290181221,16.710877589453858],[95.53384762861191,15.696301318267416],[95.41881590359247,16.023220338983037],[95.02442141781171,15.854124293785304],[95.02442141781171,16.226135593220334],[94.3506641712695,16.023220338983037],[94.66289313917929,17.28580414312617],[94.66289313917929,17.6578154425612],[95.3695165928699,17.6578154425612],[95.56671383576031,18.05237288135592],[94.90938969279227,20.03643314500941],[93.52900899255945,21.749939736346505],[93.3318117496691,22.223408662900184],[93.10174829963029,21.997947269303197],[92.98671657461085,22.054312617702436],[92.70735381384947,22.121951035781535],[92.74022002099787,22.60669303201506],[92.47729036381065,22.967431261770244],[92.3786917423655,23.44090018832391],[92.2472269137719,23.71145386064029],[92.11576208517829,23.531084745762698],[92.03359656730726,23.576177024482107],[92.03359656730726,23.74527306967984],[91.68850139224907,24.106011299435025],[91.45843794221025,24.139830508474574],[91.7706669101201,24.36529190207156],[91.72136759939747,25.01912994350282],[91.95143104943628,25.01912994350282],[91.63920208152649,25.278410546139355],[91.68850139224907,25.503871939736342],[91.7706669101201,25.71806026365347],[91.63920208152649,25.808244821092273],[91.7706669101201,26.06752542372881],[90.89971242068748,25.853337099811668],[91.03117724928109,26.37189830508474],[91.75423380654587,26.304259887005642],[92.60875519240426,26.59735969868173],[94.53142831058568,26.90173258003766],[95.04085452138588,27.589389830508466],[95.68174556077969,27.927581920903947],[97.5386862646643,28.19813559322033],[97.68658419683209,28.41232391713747],[98.03167937189028,28.299593220338977],[98.4260738576711,27.56684369114876],[98.8369014470261,27.499205273069677],[98.77116903272929,25.977340866290007],[98.59040489341311,25.650421845574385],[98.31104213265166,25.41368738229754],[98.09741178618708,25.2896836158192],[97.99881316474188,25.19949905838041],[97.73588350755466,24.816214689265536],[97.73588350755466,23.914369114877587],[98.34390833980007,24.11728436911487],[98.68900351485831,24.15110357815442],[98.9026338613229,24.162376647834265],[99.09983110421331,23.31689642184557],[99.18199662208428,23.170346516007527],[99.4449262792715,23.204165725047076],[99.67498972931031,23.15907344632768],[99.69142283288448,23.03506967984933],[99.36276076140047,22.324866290018832],[99.4120600721231,22.16704331450093],[99.5106586935683,22.121951035781535],[99.74072214360712,22.121951035781535],[99.9543524900717,22.14449717514124],[100.0858173186653,21.975401129943492],[100.25014835440732,21.63720903954801],[100.41447939014927,21.513205273069673],[100.5295111151687,21.479386064030123],[100.80887387593009,21.547024482109222],[101.1046697402657,21.73866666666666],[101.15396905098828,21.569570621468927],[101.21970146528508,21.456839924670433]]]}},{"type":"Feature","properties":{"name":"United States of America","abbrevname":"USA","fips_code":"US","wb_cntry":"USA"},"geometry":{"type":"Polygon","coordinates":[[[-94.61359382845664,49.064587570621455],[-94.84365727849546,49.49296421845574],[-93.51257588898525,48.59111864406779],[-92.64162139955265,48.53475329566854],[-92.34582553521705,48.24165348399245],[-89.35500068471264,47.98237288135593],[-90.40671931346144,46.809973634651584],[-88.31971515953803,45.772851224105466],[-87.12009859862144,42.17674199623352],[-85.04952754827224,41.3763540489642],[-82.68316063358743,41.82727683615818],[-81.96010407632262,41.77091148775895],[-79.23220888300543,42.62766478342749],[-78.83781439722462,42.83058003766479],[-78.87068060437302,43.50696421845575],[-76.61934541470762,43.66478719397364],[-76.29068334322362,44.217167608286246],[-74.58164057150681,45.028828625235406],[-71.32788606381521,44.97246327683615],[-71.08138951020221,45.34447457627118],[-70.3911991600858,45.31065536723162],[-69.8653398457114,45.96449340866289],[-69.3559136349112,46.96779661016947],[-69.1258501848724,47.24962335216571],[-68.846487424111,47.486357815442545],[-67.5811384488976,47.181984934086614],[-67.38394120600721,45.68266666666665],[-66.9895467202264,45.26556308851224],[-66.7430501666134,44.89355178907721],[-66.9731136166522,44.724455743879474],[-68.2548956954398,44.45390207156308],[-68.599990870498,44.40880979284367],[-68.5835577669238,44.64554425612053],[-69.0436846670014,44.002979284369104],[-70.01323777787921,43.81133709981168],[-70.6705619208472,42.88694538606401],[-70.3747660565116,42.729122410546125],[-70.85132606016342,42.36838418079094],[-70.0954032957502,41.77091148775895],[-69.78317432784041,41.88364218455743],[-69.93107226000821,42.15419585687383],[-69.73387501711781,41.92873446327684],[-69.71744191354361,41.73709227871939],[-70.44049847080841,41.613088512241035],[-70.50623088510521,41.81600376647833],[-70.96635778518281,41.545450094161964],[-70.900625370886,41.83854990583802],[-71.1635550280732,41.849822975517895],[-71.24572054594421,41.4439924670433],[-73.18482676769982,41.150892655367215],[-73.79285159994521,40.801427495291904],[-73.69425297850002,41.195984934086624],[-74.08864746428081,40.643604519774016],[-73.74355228922262,40.46323540489641],[-74.20367918930022,39.62902824858756],[-74.72953850367462,38.99773634651601],[-75.33756333592002,39.68539359698681],[-75.14036609302961,39.9108549905838],[-75.41972885379101,39.68539359698681],[-74.84457022869401,38.51299435028247],[-75.64979230382981,37.239137476459504],[-75.43616195736521,38.016979284369114],[-75.64979230382981,38.44535593220337],[-75.84698954672022,38.3100790960452],[-76.12635230748162,38.55808662900188],[-75.79769023599762,38.68209039548023],[-76.14278541105581,38.7497288135593],[-75.73195782170082,39.66284745762712],[-76.38928196466883,39.32465536723163],[-76.20851782535262,38.411536723163834],[-76.45501437896561,38.55808662900188],[-76.12635230748162,38.12970998116759],[-76.61934541470762,38.434082862523525],[-76.65221162185603,38.343898305084736],[-77.04660610763682,38.47917514124293],[-77.04660610763682,38.715909604519766],[-77.12877162550782,38.501721280602624],[-77.03017300406262,38.40026365348399],[-76.01132058246222,37.96061393596986],[-76.20851782535262,37.72387947269303],[-76.68507782900441,38.08461770244821],[-76.35641575752042,37.72387947269303],[-76.07705299675902,37.644967984934084],[-76.17565161820421,37.351868173258],[-76.58647920755922,37.577329566854985],[-76.07705299675902,37.07004143126176],[-76.73437713972702,37.3067758945386],[-76.32354955037202,36.93476459510357],[-75.76482402884922,36.95731073446326],[-75.32113023234582,35.875096045197736],[-75.74839092527502,36.78821468926553],[-75.58405988953302,36.15692278719396],[-75.97845437531382,36.38238418079095],[-76.30711644679782,36.07801129943502],[-76.55361300041082,36.2809265536723],[-76.52074679326242,36.01037288135592],[-75.86342265029442,36.066738229755174],[-75.83055644314602,35.70599999999999],[-75.64979230382981,36.032919020715624],[-75.50189437166202,35.76236534839924],[-75.94558816816541,35.40162711864406],[-76.84940886474642,35.593269303201495],[-76.27425023964942,35.35653483992466],[-76.57004610398502,35.05216195856873],[-76.86584196832062,35.221258003766465],[-76.75081024330122,35.04088888888889],[-76.10991920390742,34.99579661016948],[-77.09590541835942,34.6801506591337],[-77.75322956132742,33.9474011299435],[-78.18049025425663,33.8797627118644],[-79.10074405441182,33.282290018832384],[-79.51157164376683,32.808821092278706],[-80.38252613319942,32.515721280602634],[-80.97411786187062,31.65896798493408],[-81.10558269046423,31.309502824858754],[-81.20418131190942,30.092011299435015],[-79.87309992239922,26.93555178907721],[-80.28392751175423,25.007856873822973],[-80.25106130460583,25.2220451977401],[-80.89195234399962,25.143133709981157],[-81.20418131190942,25.875883239171372],[-81.53284338339343,25.932248587570612],[-82.55169580499383,27.54429755178907],[-82.22303373350982,27.848670433145003],[-82.63386132286483,27.859943502824848],[-82.43666407997443,28.919612052730685],[-83.68557995161363,30.069465160075325],[-85.09882685899484,29.68618079096045],[-85.39462272333043,30.170922787193973],[-86.18341169489203,30.48656873822975],[-87.18583101291824,30.464022598870045],[-87.56379239512484,30.283653483992452],[-87.82672205231204,30.70075706214689],[-87.94175377733144,30.340018832391706],[-89.02633861322865,30.41893032015065],[-89.50289861688044,30.20474199623351],[-89.96302551695804,30.407657250470805],[-90.22595517414524,30.159649717514114],[-90.14378965627424,30.05819209039548],[-90.96544483498424,30.340018832391706],[-91.42557173506185,30.960037664783414],[-91.42557173506185,31.52369114877588],[-90.76824759209384,32.43680979284369],[-91.06404345642945,33.82339736346515],[-90.39028620988724,34.353231638418066],[-90.30812069201625,34.84924670433145],[-89.84799379193865,35.17616572504707],[-89.81512758479025,35.83000376647834],[-89.02633861322865,36.68675706214688],[-89.35500068471264,37.79151789077213],[-90.22595517414524,38.28753295668548],[-90.07805724197745,38.851186440677964],[-91.14620897430045,39.79812429378529],[-91.22837449217144,40.57596610169492],[-90.81754690281645,40.90288512241054],[-90.76824759209384,41.432719397363456],[-90.07805724197745,41.63563465160075],[-89.99589172410644,42.25565348399246],[-90.81754690281645,42.86439924670432],[-91.14620897430045,43.96916007532957],[-93.92340347834025,45.52484369114876],[-94.21919934267585,46.22377401129944],[-93.43041037111425,46.629604519774006],[-93.15104761035285,47.17071186440677],[-94.69575934632765,47.65545386064028],[-94.61359382845664,49.064587570621455]]]}},{"type":"Feature","properties":{"name":"Quebec","abbrevname":"Quebec"},"geometry":{"type":"MultiPolygon","coordinates":[[[[-57.93490665084218,48.61366478342748],[-58.47719906879078,48.715122410546144],[-57.60624457935819,49.22241054613934],[-57.91847354726798,49.51551035781543],[-57.14611767928058,50.60899811676083],[-56.17656456840278,51.39811299435027],[-55.35490938969278,51.57848210922785],[-56.52165974346099,49.70715254237288],[-55.86433560049298,50.12425612052729],[-55.35490938969278,49.97770621468925],[-55.76573697904779,49.67333333333332],[-54.91121559318938,49.30132203389829],[-54.270324553795575,49.51551035781543],[-53.30077144291778,49.30132203389829],[-53.925229378737384,48.85039924670431],[-53.56370110010498,48.53475329566854],[-52.92281006071117,48.61366478342748],[-53.678732825124385,48.207834274952916],[-53.36650385721458,47.75691148775894],[-53.152873510749984,47.97109981167608],[-52.52841557493038,47.56526930320149],[-52.87351074998858,46.75360828625236],[-53.415803167937185,46.90015819209037],[-53.43223627151137,47.19325800376646],[-53.87593006801478,47.001615819209036],[-53.69516592869857,47.576542372881335],[-54.007394896608375,47.82454990583804],[-55.207011457524985,46.96779661016947],[-55.700004564750984,47.08052730696798],[-54.58255352170538,47.72309227871938],[-58.953759072442594,47.68927306967984],[-59.035924590313584,48.06128436911487],[-57.93490665084218,48.61366478342748]]],[[[-60.61350253343679,45.66012052730696],[-61.040763226365996,45.806670433145],[-61.17222805495959,46.347777777777765],[-60.41630529054639,47.14816572504708],[-60.054777011913984,46.95652354048963],[-60.87643219062399,46.0095856873823],[-60.564203222714184,45.908128060263635],[-59.972611494042994,46.33650470809792],[-59.61108321541059,46.09977024482109],[-60.61350253343679,45.66012052730696]]],[[[-89.35500068471264,47.98237288135593],[-89.84799379193865,50.01152542372881],[-89.35500068471264,50.575178907721266],[-88.15538412379604,50.575178907721266],[-82.23946683708402,47.531450094161954],[-79.77450130095403,47.21580414312618],[-77.68749714703063,47.21580414312618],[-75.84698954672022,47.77945762711863],[-74.41730953576482,47.6103615819209],[-72.57680193545441,49.132225988700554],[-71.37718537453782,51.1275593220339],[-69.2901812206144,52.49160075329567],[-62.569041858766596,51.92794726930319],[-55.91363491121558,52.62687758945384],[-55.61783904687998,52.0406779661017],[-56.768156297073986,51.51084369114878],[-58.31286803304879,51.39811299435027],[-59.51248459396538,50.530086629001886],[-61.43515771214679,50.293352165725025],[-66.1678915415164,50.32717137476459],[-67.12101154882001,49.44787193973633],[-68.106997763272,49.24495668549906],[-69.6024101885242,48.207834274952916],[-70.83489295658921,46.75360828625236],[-69.0436846670014,48.14019585687382],[-65.8227963664582,49.17731826741996],[-64.3438170447802,49.09840677966102],[-64.1959191126124,48.47838794726928],[-65.0175742913224,48.14019585687382],[-66.2664901629616,48.11764971751413],[-65.4119687771032,47.678],[-64.4588487697996,47.79073069679848],[-65.1819053270644,47.14816572504708],[-64.6396129091158,47.136892655367234],[-64.327383941206,46.29141242937851],[-62.51974254804399,45.69393973634649],[-61.73095357648239,45.9419472693032],[-60.761400465604595,45.32192843691149],[-63.3578308303282,44.53281355932202],[-63.6864929018122,44.747001883239164],[-64.0973204911672,44.63427118644066],[-64.080887387593,44.31862523540488],[-65.2640708449354,43.52951035781544],[-65.9871274022002,44.16080225988699],[-65.642032227142,44.63427118644066],[-65.9871274022002,44.51026741996233],[-64.26165152690919,45.41211299435028],[-63.9329894554252,45.073920903954786],[-63.177066691012,45.400839924670436],[-64.3602501483544,45.468478342749535],[-64.7217784269868,45.37829378531072],[-64.0480211804446,45.863035781544255],[-64.491714976948,46.09977024482109],[-64.52458118409639,45.68266666666665],[-65.559866709271,45.31065536723162],[-65.9542611950518,45.400839924670436],[-66.2007577486648,45.13028625235404],[-66.9895467202264,45.26556308851224],[-67.38394120600721,45.68266666666665],[-67.5811384488976,47.181984934086614],[-68.846487424111,47.486357815442545],[-69.1258501848724,47.24962335216571],[-69.3559136349112,46.96779661016947],[-69.8653398457114,45.96449340866289],[-70.3911991600858,45.31065536723162],[-71.08138951020221,45.34447457627118],[-71.32788606381521,44.97246327683615],[-74.58164057150681,45.028828625235406],[-76.29068334322362,44.217167608286246],[-76.61934541470762,43.66478719397364],[-78.87068060437302,43.50696421845575],[-78.83781439722462,42.83058003766479],[-79.23220888300543,42.62766478342749],[-81.96010407632262,41.77091148775895],[-82.68316063358743,41.82727683615818],[-85.04952754827224,41.3763540489642],[-87.12009859862144,42.17674199623352],[-88.31971515953803,45.772851224105466],[-90.40671931346144,46.809973634651584],[-89.35500068471264,47.98237288135593]]]]}},{"type":"Feature","properties":{"name":"Rupert's Land","abbrevname":"Rupert's Lan"},"geometry":{"type":"MultiPolygon","coordinates":[[[[-94.61359382845664,49.064587570621455],[-104.06262838362167,49.0758606403013],[-114.95777605331628,49.0758606403013],[-115.10567398548409,49.0758606403013],[-118.22796366458209,52.17595480225987],[-123.5029899119003,56.24553295668548],[-115.74656502487788,61.28459510357814],[-112.87077189939288,61.76933709981168],[-110.86593326334048,62.72754802259885],[-109.02542566303008,62.964282485875685],[-95.05728762496005,67.04513370998114],[-95.12302003925686,68.08225612052729],[-93.21678002464965,68.55572504708098],[-93.43041037111425,68.93900941619586],[-94.38353037841784,68.89391713747645],[-94.13703382480485,69.13065160075328],[-92.75665312457205,69.09683239171375],[-92.78951933172044,69.53648210922788],[-96.22403797872825,70.11140866290017],[-95.74747797507645,70.58487758945384],[-96.45410142876706,70.94561581920902],[-95.92824211439266,71.35144632768362],[-95.22161866070205,71.27253483992467],[-95.20518555712785,71.88128060263654],[-93.06888209248184,71.5769077212806],[-92.88811795316565,70.99070809792843],[-91.45843794221024,70.30305084745763],[-92.46085726023645,69.76194350282483],[-90.30812069201625,69.50266290018831],[-90.14378965627424,68.330263653484],[-88.94417309535764,69.25465536723163],[-87.89245446660884,68.87137099811676],[-87.66239101657004,68.29644444444443],[-88.27041584881545,68.00334463276835],[-87.12009859862144,67.18041054613934],[-86.28201031633724,67.39459887005648],[-85.19742548044003,68.78118644067794],[-84.42506961245263,68.7699133709981],[-85.21385858401423,69.31102071563089],[-84.90162961610443,69.82958192090393],[-81.26991372620623,69.20956308851223],[-81.38494545122563,68.62336346516005],[-82.48596339069702,68.71354802259887],[-81.08914958689003,67.51860263653484],[-82.12443511206463,66.66184934086627],[-82.92965718720043,66.3912956685499],[-84.50723513032364,67.09022598870055],[-83.53768201944582,66.3236572504708],[-86.52850686995023,66.58293785310732],[-85.78901720911124,66.17710734463276],[-87.35016204866024,65.3654463276836],[-89.56863103117725,65.99673822975518],[-90.66964897064864,65.90655367231636],[-86.95576756287943,65.07234651600751],[-88.17181722737024,64.06904331450093],[-89.76582827406764,64.20432015065913],[-89.66722965262244,63.595574387947266],[-93.11818140320445,63.99013182674199],[-90.42315241703564,63.11083239171373],[-92.08289587802984,62.93046327683615],[-91.90213173871365,62.42317514124292],[-93.21678002464965,61.87079472693031],[-94.54786141415985,59.96564595103578],[-94.48212899986305,58.89470433145007],[-92.87168484959145,58.56778531073445],[-92.28009312092024,56.98955555555554],[-90.24238827771944,57.158651600753274],[-88.56621171315103,56.75282109227871],[-87.26799653078923,55.929887005649704],[-84.26073857671064,55.18586440677964],[-81.99297028347102,54.982949152542375],[-82.14086821563883,52.99888888888887],[-81.54927648696763,52.18722787193974],[-79.13361026156022,50.85700564971751],[-79.33080750445062,51.431932203389835],[-79.06787784726342,51.62357438794726],[-78.62418405076002,51.18392467043313],[-78.27908887570182,52.27741242937853],[-78.59131784361162,53.979645951035764],[-79.34724060802482,54.71239548022598],[-77.03017300406262,55.62551412429377],[-76.25781713607522,56.583725047080975],[-76.45501437896561,57.530662900188304],[-77.19450403980461,58.12813559322032],[-77.70393025060483,58.36487005649715],[-78.26265577212762,58.72560828625234],[-77.01373990048842,59.762730696798485],[-77.17807093623043,60.70966854990584],[-77.96685990779203,60.75476082862522],[-77.26023645410142,61.48751035781544],[-77.67106404345643,62.31044444444444],[-77.16163783265623,62.53590583804143],[-75.15679919660381,62.197713747645935],[-73.18482676769982,62.36680979284367],[-71.47578399598301,61.28459510357814],[-69.17514949559501,60.878764595103576],[-69.52024467065321,58.579058380414295],[-68.3699274204592,58.80451977401128],[-67.7947687953622,58.184500941619575],[-66.61158533801981,58.40996233521656],[-66.1185922307938,58.81579284369113],[-65.724197745013,58.4437815442561],[-65.06687360204499,59.368173258003765],[-65.3462363628064,59.72891148775895],[-64.4588487697996,60.202380414312614],[-62.799105308805395,58.827065913371],[-62.799105308805395,58.38741619585687],[-61.68165426575979,57.744851224105446],[-61.97745013009539,57.45175141242936],[-61.13936184781119,56.83173258003765],[-62.1253480622632,56.78664030131827],[-61.73095357648239,56.29062523540489],[-60.268407358378596,55.67060640301318],[-60.36700597982379,55.08440677966101],[-59.496051490391196,55.1745913370998],[-57.22828319715158,54.5996647834275],[-59.791847354726784,53.821822975517875],[-60.03834390833978,53.29198870056496],[-57.35974802574519,54.148741996233525],[-56.93248733281598,53.494903954802254],[-56.43949422558998,53.67527306967983],[-55.68357146117678,53.3709001883239],[-55.91363491121558,52.62687758945384],[-62.569041858766596,51.92794726930319],[-69.2901812206144,52.49160075329567],[-71.37718537453782,51.1275593220339],[-72.57680193545441,49.132225988700554],[-74.41730953576482,47.6103615819209],[-75.84698954672022,47.77945762711863],[-77.68749714703063,47.21580414312618],[-79.77450130095403,47.21580414312618],[-82.23946683708402,47.531450094161954],[-88.15538412379604,50.575178907721266],[-89.35500068471264,50.575178907721266],[-89.84799379193865,50.01152542372881],[-89.35500068471264,47.98237288135593],[-92.34582553521705,48.24165348399245],[-92.64162139955265,48.53475329566854],[-93.51257588898525,48.59111864406779],[-94.84365727849546,49.49296421845574],[-94.61359382845664,49.064587570621455]]],[[[-70.47336467795681,62.874097928436896],[-71.4100515816862,63.223563088512236],[-71.04852330305381,63.58430131826742],[-72.52750262473181,64.0352241054614],[-72.95476331766102,64.587604519774],[-74.35157712146801,64.80179284369115],[-74.30227781074541,64.40723540489643],[-75.25539781804902,64.56505838041431],[-76.32354955037202,64.24941242937851],[-77.90112749349522,64.5199661016949],[-77.16163783265623,65.38799246704332],[-75.15679919660381,64.93706967984934],[-75.15679919660381,65.27526177024481],[-73.28342538914501,65.42181167608285],[-74.12151367142921,66.17710734463276],[-72.83973159264161,66.66184934086627],[-72.14954124252522,67.55242184557437],[-74.54877436435841,69.06301318267418],[-76.33998265394622,68.7473672316384],[-76.43858127539141,69.05174011299434],[-75.35399643949421,69.24338229755179],[-78.90354681152142,70.67506214689266],[-80.46469165107042,70.76524670433145],[-78.50915232574062,70.03249717514123],[-79.62660336878622,69.9310395480226],[-80.80978682612863,70.20159322033896],[-80.62902268681242,69.7281242937853],[-81.59857579769023,69.9986779661017],[-85.77258410553704,70.13395480225986],[-86.33130962705984,70.5510583804143],[-88.22111653809284,70.4834199623352],[-88.94417309535764,70.99070809792843],[-86.97220066645363,71.03580037664781],[-89.79869448121605,71.55436158192089],[-89.43716620258364,72.79439924670433],[-87.53092618797643,73.7526101694915],[-85.04952754827224,73.79770244821091],[-86.64353859496964,72.87331073446327],[-85.03309444469804,71.48672316384179],[-85.69041858766603,71.13725800376648],[-84.57296754462044,71.08089265536722],[-84.27717168028484,71.36271939736346],[-85.39462272333043,72.02783050847458],[-84.07997443739443,72.27583804143126],[-85.29602410188524,72.95222222222222],[-83.68557995161363,73.08749905838042],[-84.29360478385904,73.50460263653483],[-81.69717441913542,73.76388323917138],[-80.28392751175423,73.05367984934085],[-80.66188889396082,72.02783050847458],[-79.13361026156022,72.38856873822974],[-78.45985301501803,71.89255367231638],[-77.68749714703063,72.71548775894539],[-75.43616195736521,72.62530320150657],[-74.10508056785501,72.06164971751411],[-74.79527091797142,71.4641770244821],[-73.67781987492582,71.67836534839924],[-73.06979504268041,71.18235028248586],[-72.33030538184141,71.64454613935968],[-71.4593508924088,71.5318154425612],[-71.6729812388734,70.94561581920902],[-70.45693157438261,71.09216572504707],[-70.0954032957502,70.62996986817325],[-68.8957867348336,70.79906591337098],[-68.271328799014,70.573604519774],[-69.25731501346601,69.97613182674198],[-67.8112018989364,70.31432391713747],[-67.12101154882001,70.05504331450092],[-66.8416487880586,69.81830885122409],[-68.0083991418268,69.60412052730695],[-66.463687405852,69.19829001883238],[-68.18916328114301,69.35611299435027],[-67.778335691788,69.00664783427493],[-68.46852604190441,68.73609416195856],[-66.8252156844844,68.31899058380412],[-66.545852923723,67.94697928436909],[-64.6231798055416,67.96952542372881],[-63.73579221253479,67.42841807909605],[-64.409549459077,67.13531826741996],[-62.782672205231194,67.19168361581919],[-62.96343634454739,66.94367608286251],[-61.89528461222439,67.0338606403013],[-61.007897019217594,66.65057627118642],[-61.287259779978996,66.35747645951034],[-62.45401013374719,66.35747645951034],[-61.862418405076,65.95164595103577],[-62.6347742730634,65.636],[-63.177066691012,65.94037288135593],[-63.341397726753996,65.01598116760829],[-64.2287853197608,65.52326930320149],[-64.6396129091158,65.39926553672316],[-64.8368101520062,65.97419209039546],[-66.710183959465,66.61675706214689],[-67.5482722417492,66.49275329566854],[-67.1045784452458,65.95164595103577],[-68.17273017756881,66.30111111111111],[-66.3979549915552,64.77924670433143],[-65.9871274022002,64.90325047080978],[-64.8368101520062,64.42978154425612],[-65.2147715342128,64.28323163841807],[-64.27808463048339,63.764670433145],[-64.2123522161866,63.25738229755177],[-65.05044049847079,63.88867419962335],[-64.55744739124479,62.49081355932202],[-67.5647053453234,63.82103578154425],[-67.4825398274524,63.47157062146891],[-68.68215638836901,63.764670433145],[-65.7406308485872,61.803156308851214],[-70.47336467795681,62.874097928436896]]],[[[-84.95092892682703,63.201016949152546],[-85.39462272333043,63.764670433145],[-86.89003514858264,63.5617551789077],[-85.85474962340804,64.15922787193972],[-85.36175651618204,65.88400753295667],[-84.63869995891723,65.21889642184556],[-83.91564340165243,65.35417325800375],[-81.91080476560003,64.6552429378531],[-81.66430821198703,64.01267796610168],[-79.97169854384443,63.74212429378531],[-80.49755785821883,63.51666290018832],[-81.79577304058063,63.65193973634652],[-83.22545305153604,64.19304708097928],[-83.29118546583283,63.764670433145],[-84.95092892682703,63.201016949152546]]],[[[-76.06061989318482,67.27059510357813],[-76.86584196832062,67.3495065913371],[-77.04660610763682,67.67642561205273],[-75.68265851097821,68.36408286252353],[-74.91030264299081,68.1273483992467],[-74.94316885013922,67.59751412429378],[-76.06061989318482,67.27059510357813]]]]}},{"type":"Feature","properties":{"name":"Vice-Royalty of New Spain","abbrevname":"Mexico","fips_code":"MX","wb_cntry":"MEX"},"geometry":{"type":"Polygon","coordinates":[[[-123.7330533619391,39.8432165725047],[-120.6271967864153,43.77751789077212],[-119.65764367553749,43.935340866290005],[-118.7866891861049,43.69860640301317],[-117.02834710366548,42.334564971751405],[-115.1878395033551,41.86109604519774],[-113.03510293513489,41.86109604519774],[-111.58898982060528,42.89821845574386],[-111.90121878851508,44.49899435028249],[-115.10567398548409,49.0758606403013],[-114.95777605331628,49.0758606403013],[-104.06262838362167,49.0758606403013],[-94.61359382845664,49.064587570621455],[-94.69575934632765,47.65545386064028],[-93.15104761035285,47.17071186440677],[-93.43041037111425,46.629604519774006],[-94.21919934267585,46.22377401129944],[-93.92340347834025,45.52484369114876],[-91.14620897430045,43.96916007532957],[-90.81754690281645,42.86439924670432],[-89.99589172410644,42.25565348399246],[-90.07805724197745,41.63563465160075],[-90.76824759209384,41.432719397363456],[-90.81754690281645,40.90288512241054],[-91.22837449217144,40.57596610169492],[-91.14620897430045,39.79812429378529],[-90.07805724197745,38.851186440677964],[-90.22595517414524,38.28753295668548],[-89.35500068471264,37.79151789077213],[-89.02633861322865,36.68675706214688],[-89.81512758479025,35.83000376647834],[-89.84799379193865,35.17616572504707],[-90.30812069201625,34.84924670433145],[-90.39028620988724,34.353231638418066],[-91.06404345642945,33.82339736346515],[-90.76824759209384,32.43680979284369],[-91.42557173506185,31.52369114877588],[-91.42557173506185,30.960037664783414],[-90.96544483498424,30.340018832391706],[-90.14378965627424,30.05819209039548],[-89.48646551330624,30.103284369114874],[-89.17423654539644,29.889096045197732],[-89.47003240973204,29.607269303201505],[-88.82914137033823,29.133800376647827],[-89.28926827041585,29.111254237288122],[-89.99589172410644,29.539630885122406],[-90.02875793125484,29.133800376647827],[-90.22595517414524,29.34798870056497],[-90.57105034920345,29.12252730696798],[-91.75423380654584,29.844003766478338],[-92.01716346373304,29.821457627118633],[-91.91856484228785,29.562177024482096],[-92.44442415666225,29.595996233521646],[-93.24964623179805,29.787638418079084],[-93.93983658191445,29.70872693032014],[-94.59716072488246,29.5847231638418],[-94.81079107134705,29.77636534839924],[-94.64646003560505,29.359261770244814],[-95.81321038937325,28.671604519774007],[-96.51983384306385,28.727969868173247],[-96.48696763591545,28.265774011299428],[-96.63486556808326,28.17558945386064],[-97.35792212534805,27.927581920903947],[-97.06212626101245,27.690847457627115],[-97.44008764321906,26.86791337099811],[-97.06212626101245,25.830790960451964],[-97.53868626466425,24.748576271186437],[-97.68658419683206,22.347412429378522],[-97.42365453964486,21.569570621468927],[-97.30862281462545,21.20883239171374],[-95.81321038937325,18.942945386064025],[-94.03843520335965,18.25528813559322],[-93.57830830328204,18.368018832391712],[-92.88811795316565,18.570934086628995],[-92.24722691377184,18.706210922787193],[-91.90213173871365,18.773849340866278],[-91.90213173871365,18.537114877589445],[-91.52417035650704,18.435657250470797],[-91.27767380289404,18.64984557438794],[-91.49130414935864,18.841487758945377],[-90.73538138494544,19.393868173258],[-90.35742000273885,21.00591713747646],[-88.40188067740904,21.58084369114877],[-87.00506687360203,21.547024482109222],[-86.72570411284063,20.9946440677966],[-87.44876067010544,20.205529190207145],[-87.67882412014424,18.40183804143126],[-87.94175377733144,18.909126177024476],[-88.12251791664764,18.514568738229755],[-88.31971515953803,18.503295668549896],[-88.38544757383484,18.300380414312613],[-88.66481033459624,17.917096045197738],[-88.82914137033823,18.041099811676077],[-88.94417309535764,17.84945762711864],[-89.04277171680285,15.910489642184544],[-88.73054274889304,15.921762711864403],[-88.07321860592504,15.763939736346515],[-87.36659515223444,15.921762711864403],[-84.44150271602683,15.955581920903953],[-83.20901994796183,15.019917137476455],[-83.09398822294243,14.63663276836158],[-83.65271374446523,14.19698305084745],[-83.89921029807823,12.539841807909596],[-83.70201305518783,11.90854990583803],[-83.71844615876203,11.513992467043309],[-83.53768201944582,10.893973634651601],[-82.35449856210343,9.597570621468918],[-82.69959373716163,9.541205273069679],[-82.48596339069702,8.988824858757056],[-82.74889304788422,8.064433145009417],[-82.88035787647783,8.67317890772128],[-83.20901994796183,8.740817325800364],[-83.07755511936823,8.425171374764588],[-83.40621719085223,8.560448210922786],[-83.40621719085223,9.169193973634648],[-84.29360478385904,9.552478342749524],[-84.49080202674944,10.003401129943498],[-85.04952754827224,10.330320150659134],[-84.63869995891723,9.856851224105455],[-84.88519651253023,9.597570621468918],[-85.50965444834983,10.048493408662893],[-85.41105582690463,10.848881355932193],[-85.64111927694343,11.096888888888884],[-87.46519377367964,12.93439924670433],[-87.20226411649244,13.047129943502824],[-87.56379239512484,13.520598870056489],[-87.74455653444105,13.193679849340853],[-88.05678550235083,13.204952919020712],[-89.78226137764185,13.689694915254236],[-89.93015930980964,13.79115254237287],[-91.03117724928104,13.971521657250463],[-91.95143104943625,14.557721280602635],[-93.13461450677865,15.549751412429373],[-93.61117451043044,15.933035781544248],[-94.92582279636645,16.316320150659124],[-96.12543935728306,15.763939736346515],[-97.94951385401926,16.192316384180785],[-99.00123248276806,16.73342372881355],[-101.02250422239466,17.432354048964214],[-101.79486009038206,18.041099811676077],[-103.29027251563427,18.368018832391712],[-105.29511115168667,20.1266177024482],[-105.47587529100286,20.419717514124287],[-105.08148080522207,20.69027118644067],[-105.34441046240927,22.302320150659128],[-107.87510841283607,25.075495291902058],[-109.05829187017848,25.66169491525423],[-108.99255945588168,26.46208286252353],[-109.51841877025608,26.61990583804142],[-110.32364084539188,27.36392843691148],[-110.40580636326288,27.871216572504707],[-111.49039119916009,28.51378154425612],[-112.80503948509609,30.588026365348398],[-112.85433879581868,31.151679849340866],[-113.74172638882548,31.704060263653474],[-113.98822294243848,31.546237288135586],[-114.62911398183229,31.828064030131813],[-114.77701191400008,31.1854990583804],[-114.48121604966448,30.159649717514114],[-112.67357465650248,28.355958568738217],[-112.52567672433469,27.724666666666664],[-112.08198292783128,27.521751412429367],[-111.70402154562468,26.676271186440673],[-111.39179257771488,26.77772881355932],[-110.57013739900488,24.39911111111111],[-110.27434153466928,24.162376647834265],[-109.99497877390787,24.331472693032012],[-109.28835532021728,23.58745009416195],[-109.32122152736568,23.204165725047076],[-109.79778153101748,22.899792843691145],[-110.02784498105628,23.41835404896422],[-111.70402154562468,24.703483992467042],[-112.21344775642488,26.214075329566853],[-114.26758570319988,27.26247080979283],[-114.84274432829689,27.871216572504707],[-114.00465604601268,27.927581920903947],[-113.85675811384489,28.43487005649716],[-115.40146984981969,29.697453860640294],[-116.96261468936869,32.538267419962324],[-117.2912767608527,33.338655367231624],[-118.4087278038983,34.116497175141234],[-120.4792988542475,34.63505838041431],[-120.4792988542475,35.20998493408662],[-121.7282147258867,36.35983804143126],[-121.7282147258867,37.02494915254236],[-122.28694024740949,37.31804896421845],[-122.3526726617063,37.85915630885121],[-121.9089788652029,37.55478342749528],[-122.28694024740949,38.18607532956685],[-122.31980645455789,37.915521657250466],[-122.5498699045967,37.971887005649705],[-123.5851554297713,39.04282862523539],[-123.7330533619391,39.8432165725047]]]}},{"type":"Feature","properties":{"name":"Rupert's Land","abbrevname":"Rupert's Lan"},"geometry":{"type":"MultiPolygon","coordinates":[[[[-89.99589172410644,81.46338983050848],[-90.65321586707444,81.9932241054614],[-86.47920755922763,82.01577024482108],[-84.73729858036243,82.39905461393596],[-79.88953302597342,81.98195103578152],[-81.31921303692883,82.70342749529189],[-78.49271922216643,83.01907344632767],[-75.71552471812662,82.53433145009416],[-76.17565161820421,83.16562335216571],[-73.05336193910621,82.79361205273068],[-73.15196056055142,83.12053107344633],[-70.70342812799561,82.82743126177024],[-70.3747660565116,83.1881694915254],[-61.615921851462986,82.48923917137475],[-63.7193591089606,82.02704331450093],[-67.38394120600721,81.98195103578152],[-67.3182087917104,81.59866666666665],[-65.3791025699548,81.722670433145],[-65.0997398091934,81.47466290018832],[-70.30903364221481,80.56154425612053],[-70.21043502076961,80.06552919020714],[-71.24572054594421,79.86261393596985],[-74.03934815355821,80.0542561205273],[-73.46418952846122,79.53569491525423],[-77.03017300406262,79.60333333333332],[-77.09590541835942,79.2989604519774],[-74.76240471082302,79.1411374764595],[-76.09348610033322,78.02510357815441],[-78.16405715068242,78.0476497175141],[-78.65705025790842,77.39381167608286],[-80.89195234399962,77.59672693032013],[-81.89437166202583,77.33744632768361],[-77.62176473273382,76.90906967984932],[-78.01615921851462,76.55960451977401],[-80.61258958323823,76.25523163841808],[-81.17131510476102,76.67233521657249],[-82.37093166567763,76.79633898305084],[-82.88035787647783,76.49196610169491],[-84.42506961245263,76.90906967984932],[-84.83589720180764,76.42432768361581],[-87.97461998447984,76.76251977401128],[-88.38544757383484,76.48069303201507],[-89.20710275254484,76.62724293785308],[-89.04277171680285,76.99925423728811],[-86.89003514858264,77.2923540489642],[-87.61309170584744,77.88982674199622],[-84.72086547678823,77.3599924670433],[-83.11042132651663,77.39381167608286],[-82.84749166932943,77.65309227871938],[-84.67156616606563,77.72073069679848],[-84.63869995891723,78.17165348399246],[-86.70927100926643,78.26183804143125],[-85.60825306979504,78.92694915254236],[-81.40137855479983,78.76912617702448],[-85.49322134477563,79.73861016949152],[-85.96978134842743,80.29099058380413],[-80.53042406536723,79.67097175141242],[-82.05870269776783,80.06552919020714],[-81.51641027981923,80.40372128060264],[-77.30953576482402,80.7644595103578],[-78.75564887935363,81.04628625235404],[-85.29602410188524,80.64045574387947],[-84.98379513397543,81.33938606403012],[-89.02633861322865,80.8771902071563],[-89.99589172410644,81.46338983050848]]],[[[-114.26758570319988,72.63657627118644],[-112.64070844935408,72.97476836158191],[-111.44109188843748,72.73803389830508],[-111.52325740630847,72.34347645951036],[-109.87994704888848,72.58021092278719],[-110.32364084539188,73.00858757062147],[-109.63345049527548,72.96349529190206],[-107.85867530926187,71.76854990583803],[-107.31638289131327,72.02783050847458],[-107.97370703428128,73.40314500941619],[-106.31396357328707,73.21150282485874],[-105.11434701237047,72.67039548022598],[-104.39129045510566,71.06961958568738],[-100.85817318665266,70.04377024482108],[-100.75957456520746,69.64921280602636],[-102.04135664399506,69.89722033898303],[-103.15880768704066,69.6604858757062],[-103.06020906559546,69.34483992467042],[-101.99205733327247,69.50266290018831],[-101.59766284749166,69.25465536723163],[-102.07422285114346,68.9728286252354],[-103.98046286575067,68.91646327683614],[-106.39612909115807,69.51393596986816],[-109.00899255945588,68.82627871939735],[-112.54210982790889,68.60081732580036],[-113.39663121376728,68.73609416195856],[-113.51166293878669,69.22083615819207],[-116.09166019993609,69.44629755178906],[-117.3570091751495,70.00995103578154],[-116.99548089651708,70.14522787193974],[-111.34249326699228,70.33687005649716],[-113.56096224950929,70.7539736346516],[-117.55420641803988,70.74270056497173],[-118.2936960788789,70.97943502824859],[-115.31930433194869,71.44163088512241],[-117.2912767608527,71.5092693032015],[-118.7702560825307,71.92637288135592],[-118.19509745743369,72.4900263653484],[-114.44834984251608,73.36932580037663],[-114.26758570319988,72.63657627118644]]],[[[-89.99589172410644,80.674274952919],[-88.64837723102204,80.15571374764593],[-87.62952480942164,80.39244821092277],[-86.79143652713744,79.45678342749528],[-85.04952754827224,79.2764143126177],[-86.95576756287943,79.1411374764595],[-87.58022549869904,78.74658003766478],[-88.45117998813164,78.91567608286252],[-88.74697585246724,78.37456873822975],[-89.83156068836445,78.64512241054612],[-90.43958552060984,78.28438418079094],[-92.49372346738485,78.4534802259887],[-93.98913589263705,79.1636836158192],[-90.50531793490664,79.1411374764595],[-92.97028347103665,79.54696798493407],[-94.84365727849546,79.41169114877587],[-96.38836901447026,80.11062146892655],[-94.46569589628885,80.13316760828624],[-95.36951659286986,80.40372128060264],[-93.23321312822385,81.4521167608286],[-89.99589172410644,80.674274952919]]],[[[-122.3691057652805,71.15980414312617],[-123.2564933582873,71.21616949152542],[-123.86451819053269,71.75727683615818],[-125.70502579084311,72.1743804143126],[-123.7987857762359,73.74133709981166],[-124.70260647281691,74.46281355932203],[-121.0380243757703,74.59809039548023],[-119.3618478112019,74.18098681732579],[-117.12694572511069,74.18098681732579],[-115.4507691605423,73.65115254237287],[-120.24923540420869,72.32093032015064],[-120.6436298899895,71.54308851224104],[-121.7282147258867,71.52054237288135],[-122.3691057652805,71.15980414312617]]],[[[-89.99589172410644,76.30032391713746],[-90.94901173141004,75.99595103578153],[-89.60149723832563,75.93958568738228],[-88.56621171315103,75.43229755178908],[-87.43232756653124,75.72539736346516],[-85.96978134842743,75.42102448210923],[-83.35691788012963,75.91703954802259],[-81.33564614050303,75.87194726930318],[-79.38010681517322,75.40975141242936],[-80.15246268316062,74.63190960451976],[-82.17373442278723,74.57554425612051],[-83.24188615511024,75.09410546139358],[-83.37335098370383,74.7108210922787],[-84.35933719815583,74.63190960451976],[-86.00264755557583,74.83482485875706],[-87.94175377733144,74.58681732580035],[-88.18825033094444,75.00392090395479],[-89.48646551330624,74.63190960451976],[-90.85041310996485,74.99264783427495],[-91.65563518510065,74.8010056497175],[-92.88811795316565,76.54833145009414],[-90.93257862783584,76.6497890772128],[-89.99589172410644,76.30032391713746]]],[[[-114.94134294974208,75.77048964218454],[-116.09166019993609,76.25523163841808],[-114.16898708175468,76.49196610169491],[-111.17816223125028,75.68030508474575],[-108.94326014515907,75.73667043314501],[-110.17574291322408,76.4468738229755],[-108.76249600584288,76.88652354048963],[-107.95727393070707,76.0297702448211],[-106.49472771260326,75.78176271186439],[-106.37969598758387,76.14250094161957],[-105.29511115168667,75.86067419962333],[-105.57447391244807,75.25192843691147],[-107.28351668416487,75.02646704331448],[-108.86109462728808,75.15047080979284],[-112.90363810654128,74.53045197740113],[-114.02108914958689,74.85737099811675],[-111.16172912767608,75.11665160075327],[-110.94809878121148,75.36465913370998],[-116.8147167572009,75.27447457627119],[-116.7982836536267,75.66903201506591],[-114.94134294974208,75.77048964218454]]],[[[-98.50823937554206,71.37399246704331],[-102.46861733692427,72.87331073446327],[-102.07422285114346,73.16641054613936],[-100.62810973661387,72.76058003766477],[-99.75715524718126,73.18895668549905],[-100.72670835805906,73.87661393596986],[-96.73346418952845,73.80897551789076],[-98.19601040763226,73.14386440677964],[-96.14187246085726,72.51257250470809],[-96.84849591454785,71.7347306967985],[-98.27817592550326,71.90382674199623],[-97.80161592185145,71.56563465160073],[-98.50823937554206,71.37399246704331]]],[[[-123.70018715479071,48.48966101694916],[-124.8998037157073,48.81658003766478],[-124.8012050942621,49.18859133709981],[-125.77075820513991,49.18859133709981],[-126.31305062308851,49.84242937853105],[-127.1840051125211,50.06789077212804],[-128.2357237412699,50.84573258003766],[-125.5078285479527,50.42862900188322],[-124.66974026566851,49.594421845574374],[-123.65088784406811,49.17731826741996],[-123.3879581868809,48.647483992467045],[-123.70018715479071,48.48966101694916]]],[[[-120.24923540420869,75.97340489642184],[-121.1037567900671,76.3115969868173],[-122.0733099009449,76.16504708097926],[-122.4512712831515,76.55960451977401],[-119.49331263979549,77.32617325800376],[-116.15739261423289,77.59672693032013],[-116.04236088921348,76.79633898305084],[-117.65280503948509,76.45814689265535],[-118.5401926324919,76.95416195856873],[-120.24923540420869,75.97340489642184]]],[[[-99.47779248641986,77.81091525423727],[-100.95677180809786,78.28438418079094],[-104.30912493723467,78.3858418079096],[-104.68708631944126,78.72403389830507],[-103.19167389418907,78.73530696798491],[-105.24581184096407,79.42296421845575],[-103.15880768704066,79.41169114877587],[-99.95435249007166,78.79167231638417],[-99.47779248641986,77.81091525423727]]],[[[-94.33423106769526,72.20819962335216],[-95.43524900716665,73.15513747645949],[-94.86009038206966,74.07952919020715],[-90.53818414205504,74.01189077212806],[-91.80353311726844,72.86203766478343],[-94.05486830693386,72.87331073446327],[-93.43041037111425,72.54639171374762],[-94.33423106769526,72.20819962335216]]],[[[-99.74072214360706,75.10537853107343],[-99.88862007577485,75.78176271186439],[-101.94275802254987,75.65775894538606],[-102.30428630118226,75.93958568738228],[-101.54836353676906,76.55960451977401],[-99.87218697220067,76.0297702448211],[-100.49664490802026,76.62724293785308],[-98.70543661843246,76.43560075329566],[-98.40964075409686,76.69488135593218],[-97.44008764321906,76.15377401129942],[-97.80161592185145,75.18429001883237],[-99.74072214360706,75.10537853107343]]],[[[-96.27333728945085,68.53317890772126],[-99.16556351851006,68.99537476459508],[-97.91664764687086,69.81830885122409],[-95.30378417857305,68.82627871939735],[-96.27333728945085,68.53317890772126]]],[[[-96.40480211804446,78.01383050847457],[-98.14671109690966,78.81421845574386],[-94.89295658921804,78.4534802259887],[-96.40480211804446,78.01383050847457]]],[[[-93.72620623544985,76.41305461393597],[-95.51741452503765,76.49196610169491],[-96.51983384306385,77.04434651600752],[-93.98913589263705,76.92034274952917],[-93.72620623544985,76.41305461393597]]],[[[-109.45268635595927,77.96873822975516],[-110.42223946683708,77.55163465160075],[-112.82147258867029,77.61927306967985],[-112.19701465285068,78.02510357815441],[-109.45268635595927,77.96873822975516]]],[[[-132.3604327383941,53.29198870056496],[-132.8534258456201,54.081103578154426],[-131.68667549185193,53.912007532956665],[-131.8838727347423,53.41599246704331],[-132.3604327383941,53.29198870056496]]],[[[-155.58040808873875,18.965491525423715],[-155.95836947094534,19.82224482109227],[-155.72830602090656,20.295713747645948],[-154.70945359930616,19.574237288135592],[-155.58040808873875,18.965491525423715]]],[[[-156.30346464600356,20.611359698681724],[-156.58282740676495,21.0622824858757],[-155.90907016022277,20.803001883239162],[-156.30346464600356,20.611359698681724]]],[[[-157.63454603551375,21.31029001883239],[-158.09467293559135,21.29901694915253],[-158.25900397133336,21.592116760828617],[-157.97964121057197,21.70484745762711],[-157.63454603551375,21.31029001883239]]],[[[-129.7968685808189,55.309868173257996],[-129.89546720226411,56.00879849340865],[-131.52234445610992,56.61754425612051],[-135.05546172456292,59.68381920903954],[-137.0274341534669,58.89470433145007],[-138.80220933948053,60.27001883239171],[-140.60985073264254,60.28129190207156],[-140.70844935408775,64.77924670433143],[-140.85634728625553,69.61539359698682],[-135.4005568996211,68.72482109227872],[-135.84425069612453,69.35611299435027],[-135.23622586387913,69.54775517890772],[-133.4450175742913,69.525209039548],[-130.8485872095677,70.17904708097927],[-129.64897064865113,70.16777401129943],[-133.21495412425253,69.15319774011297],[-133.51074998858812,68.93900941619586],[-132.49189756698772,68.47681355932201],[-132.50833067056192,68.8826440677966],[-131.47304514538732,69.28847457627117],[-127.74273063404391,70.10013559322033],[-128.2192906376957,70.70888135593219],[-125.24489889076551,69.34483992467042],[-124.7847719906879,69.90849340866288],[-124.0288492262747,69.42375141242937],[-122.12260921166751,69.89722033898303],[-117.63637193591089,69.02919397363465],[-114.62911398183229,68.78118644067794],[-113.90605742456748,68.36408286252353],[-115.20427260692928,68.22880602636533],[-115.35217053909709,67.91316007532956],[-112.29561327429587,67.71024482109226],[-109.92924635961107,67.9244331450094],[-107.89154151641027,67.3720527306968],[-108.28593600219108,67.09022598870055],[-107.31638289131327,66.58293785310732],[-106.92198840553247,66.97749529190207],[-107.46428082348108,67.98079849340866],[-105.70593874104166,68.35280979284369],[-101.71269457251107,67.7215178907721],[-98.14671109690966,67.94697928436909],[-97.06212626101245,67.60878719397363],[-96.94709453599306,67.98079849340866],[-98.19601040763226,68.17244067796608],[-97.37435522892225,68.38662900188322],[-96.01040763226365,68.09352919020714],[-96.05970694298625,67.32696045197738],[-95.05728762496005,67.04513370998114],[-109.02542566303008,62.964282485875685],[-110.86593326334048,62.72754802259885],[-112.87077189939288,61.76933709981168],[-115.74656502487788,61.28459510357814],[-123.5029899119003,56.24553295668548],[-118.22796366458209,52.17595480225987],[-115.10567398548409,49.0758606403013],[-111.90121878851508,44.49899435028249],[-111.58898982060528,42.89821845574386],[-113.03510293513489,41.86109604519774],[-115.1878395033551,41.86109604519774],[-117.02834710366548,42.334564971751405],[-118.7866891861049,43.69860640301317],[-119.65764367553749,43.935340866290005],[-120.6271967864153,43.77751789077212],[-123.7330533619391,39.8432165725047],[-124.20961336559091,40.4857815442561],[-124.0452823298489,41.95128060263653],[-124.3575112977587,42.616391713747646],[-124.3903775049071,43.15749905838041],[-123.9302506048295,43.68733333333333],[-124.1274478477199,44.09316384180789],[-123.9302506048295,44.80336723163842],[-123.84808508695849,46.302685499058384],[-123.5851554297713,46.31395856873823],[-123.9631168119779,46.370323917137455],[-123.70018715479071,47.05798116760829],[-124.0452823298489,47.03543502824857],[-124.5218423335007,48.343111111111114],[-122.8620988725065,48.185288135593225],[-122.59916921531931,47.84709604519773],[-122.9771305975259,47.508903954802264],[-122.5498699045967,47.28344256120528],[-122.1390423152417,48.09510357815441],[-122.6977678367645,49.087133709981146],[-123.0099968046743,49.63951412429378],[-123.5029899119003,49.53805649717512],[-123.7659195690875,49.988979284369094],[-124.2589126763135,49.831156308851206],[-124.5875747477975,50.05661770244819],[-124.73547267996531,50.60899811676083],[-125.8857899301593,50.733001883239154],[-126.21445200164331,51.105013182674185],[-127.4305016661341,51.15010546139359],[-127.1511389053727,51.65739359698682],[-127.80846304834071,51.826489642184555],[-126.83890993746292,52.4803276836158],[-127.85776235906332,52.51414689265536],[-128.6136851234765,53.776730696798495],[-129.2381430592961,53.539996233521634],[-129.7968685808189,53.95709981167607],[-130.09266444515453,54.565845574387936],[-129.7968685808189,55.309868173257996]]]]}},{"type":"Feature","properties":{"name":"Bornu-Kanem","abbrevname":"Bornu"},"geometry":{"type":"Polygon","coordinates":[[[11.051262153649532,10.589600753295656],[10.459670424978327,11.660542372881352],[10.459670424978327,12.720210922787189],[11.281325603688344,14.366079096045198],[12.464509061030725,15.189013182674188],[13.76272424339254,16.13595103578153],[16.47418633313555,16.13595103578153],[17.049344958232552,14.388625235404888],[17.049344958232552,14.343532956685493],[17.18080978682613,12.483476459510356],[16.81928150819374,11.063069679849335],[15.175971150773734,10.003401129943498],[12.21801250741774,9.890670433145004],[11.051262153649532,10.589600753295656]]]}},{"type":"Feature","properties":{"name":"Air","abbrevname":"Air"},"geometry":{"type":"Polygon","coordinates":[[[7.386680056602927,17.31962335216572],[5.0203131419181375,19.3262297551789],[5.0203131419181375,23.091435028248583],[8.569863513945336,24.51184180790959],[10.919797325055924,23.564903954802247],[11.281325603688344,22.392504708097917],[11.051262153649532,18.25528813559322],[7.386680056602927,17.31962335216572]]]}},{"type":"Feature","properties":{"name":"Songhai","abbrevname":"Songhai"},"geometry":{"type":"Polygon","coordinates":[[[0.8463048340713044,13.171133709981163],[0.3040124161227027,15.076282485875694],[0.8956041447939072,15.425747645951034],[2.3581503628977316,15.098828625235399],[3.3934358880723323,12.93439924670433],[2.1773862235815216,12.68639171374764],[0.8463048340713044,13.171133709981163]]]}},{"type":"Feature","properties":{"name":"Kaarta","abbrevname":"Kaarta"},"geometry":{"type":"Polygon","coordinates":[[[-12.070114575249903,11.683088512241042],[-12.316611128862917,17.195619585687382],[-9.243620760487488,18.728757062146883],[-7.715342128086888,19.089495291902068],[-6.532158670744508,18.25528813559322],[-6.762222120783292,16.372685499058377],[-8.060437303145108,16.372685499058377],[-8.306933856758093,14.490082862523536],[-12.070114575249903,11.683088512241042]]]}},{"type":"Feature","properties":{"name":"Segu","abbrevname":"Segu"},"geometry":{"type":"Polygon","coordinates":[[[-4.7573834847308945,11.773273069679846],[-5.710503492034491,12.24674199623351],[-7.123750399415684,12.122738229755171],[-8.536997306796906,11.660542372881352],[-11.264892500114115,11.243438794726927],[-12.070114575249903,11.683088512241042],[-8.306933856758093,14.490082862523536],[-8.060437303145108,16.372685499058377],[-6.762222120783292,16.372685499058377],[-6.532158670744508,18.25528813559322],[-5.579038663440883,19.089495291902068],[-3.8206965810014992,18.85276082862522],[-2.045921394987886,16.60941996233521],[-4.4451545168211055,12.348199623352158],[-4.7573834847308945,11.773273069679846]]]}},{"type":"Feature","properties":{"name":"Mossi States","abbrevname":"Mossi States"},"geometry":{"type":"Polygon","coordinates":[[[-2.522481398639684,13.655875706214687],[-0.6326744876066925,13.4304143126177],[0.9777696626649117,12.325653483992454],[0.12324827680652106,10.093585687382287],[-2.1609531200072922,10.330320150659134],[-2.3417172593235023,11.660542372881352],[-3.2291048523302948,13.193679849340853],[-2.522481398639684,13.655875706214687]]]}},{"type":"Feature","properties":{"name":"Asante","abbrevname":"Asante"},"geometry":{"type":"Polygon","coordinates":[[[-4.100059341762886,7.500779661016949],[-3.377002784498103,7.613510357815443],[-3.1305062308850893,8.819728813559323],[-1.9308896699684794,8.819728813559323],[-1.339297941297275,9.180467043314493],[-0.6326744876066925,9.056463276836155],[-0.8627379376454769,7.8840640301318246],[-0.5176427625872861,6.937126177024481],[-0.40261103756787975,5.336350282485867],[-1.832291048523274,4.7163314500941595],[-2.0952207057104886,4.862881355932203],[-2.506048295065483,5.05452354048964],[-2.538914502213885,5.11088888888888],[-2.6046469165106885,5.201073446327683],[-2.8840096772720756,5.178527306967979],[-3.7385310631304947,5.279984934086627],[-4.16579175605969,5.268711864406768],[-4.100059341762886,7.500779661016949]]]}},{"type":"Feature","properties":{"name":"Kong Empire","abbrevname":"Kong Empire"},"geometry":{"type":"Polygon","coordinates":[[[-3.1305062308850893,8.819728813559323],[-3.377002784498103,7.613510357815443],[-4.100059341762886,7.500779661016949],[-4.872415209750301,7.647329566854978],[-4.7573834847308945,9.056463276836155],[-5.2339434883826925,9.056463276836155],[-5.348975213402099,10.826335216572502],[-4.7573834847308945,11.773273069679846],[-4.4451545168211055,12.348199623352158],[-3.196238645181893,11.536538606403013],[-3.377002784498103,10.037220338983047],[-3.1305062308850893,8.819728813559323]]]}},{"type":"Feature","properties":{"name":"Dahomey","abbrevname":"Dahomey"},"geometry":{"type":"Polygon","coordinates":[[[4.1493586524855175,6.598934086629001],[3.6563655452595185,6.396018832391704],[3.261971059478725,6.373472693032014],[2.9661751951431086,6.362199623352154],[2.8182772629753288,6.362199623352154],[2.259551741452526,6.2945612052730695],[1.9637558771169097,6.272015065913365],[1.5529282877619153,6.193103578154421],[1.3721641484457052,6.102919020715632],[1.3721641484457052,6.0803728813559275],[1.0106358698133135,5.730907721280602],[0.7477062126261274,5.742180790960447],[0.09038206965811924,5.584357815442559],[-0.28757931254847335,6.046553672316378],[-0.10681517323229173,7.0160376647834255],[0.9120372483681081,7.072403013182665],[2.308851052175129,8.041887005649713],[3.5084676130917103,8.222256120527305],[4.412288309672732,7.793879472693021],[4.1493586524855175,6.598934086629001]]]}},{"type":"Feature","properties":{"name":"Oyo","abbrevname":"Oyo"},"geometry":{"type":"Polygon","coordinates":[[[6.647190395763914,7.128768361581919],[6.1048979778153125,7.196406779661004],[5.266809695531123,7.309137476459497],[4.412288309672732,7.793879472693021],[3.5084676130917103,8.222256120527305],[3.8699958917241304,9.000097928436901],[5.924133838499131,9.552478342749524],[7.863240060254725,8.222256120527305],[6.647190395763914,7.128768361581919]]]}},{"type":"Feature","properties":{"name":"Africa"},"geometry":{"type":"Polygon","coordinates":[[[5.086045556214913,6.024007532956674],[4.839549002601927,6.2269227871939705],[4.280823481079125,6.452384180790958],[4.1493586524855175,6.598934086629001],[4.412288309672732,7.793879472693021],[5.266809695531123,7.309137476459497],[5.086045556214913,6.024007532956674]]]}},{"type":"Feature","properties":{"name":"Sotho","abbrevname":"Sotho"},"geometry":{"type":"Polygon","coordinates":[[[5.266809695531123,7.309137476459497],[6.1048979778153125,7.196406779661004],[6.647190395763914,7.128768361581919],[7.25521522800932,6.407291902071563],[6.942986260099531,5.539265536723164],[6.942986260099531,5.020704331450091],[7.386680056602927,4.547235404896412],[7.25521522800932,4.524689265536722],[7.041584881544736,4.31050094161958],[6.285662117131523,4.344320150659129],[5.6283379741635144,4.975612052730696],[5.579038663440912,5.629450094161953],[5.086045556214913,6.024007532956674],[5.266809695531123,7.309137476459497]]]}},{"type":"Feature","properties":{"name":"Bagirmi","abbrevname":"Bagirmi"},"geometry":{"type":"Polygon","coordinates":[[[15.175971150773734,10.003401129943498],[16.81928150819374,11.063069679849335],[17.887433240516742,10.882700564971742],[20.713927055279157,9.608843691148763],[20.59889533025975,8.041887005649713],[18.248961519149134,7.376775894538596],[15.340302186515743,8.943732580037661],[15.175971150773734,10.003401129943498]]]}},{"type":"Feature","properties":{"name":"Wadai","abbrevname":"Wadai"},"geometry":{"type":"Polygon","coordinates":[[[20.713927055279157,16.496689265536716],[21.749212580453758,16.60941996233521],[22.538001552015345,15.34683615819209],[23.014561555667143,13.779879472693025],[22.83379741635096,13.227499058380403],[20.122335326607953,12.6300263653484],[19.56360980508515,13.41914124293784],[20.713927055279157,16.496689265536716]]]}},{"type":"Feature","properties":{"name":"Darfur","abbrevname":"Darfur"},"geometry":{"type":"Polygon","coordinates":[[[22.899529830647765,15.34683615819209],[23.31035742000276,16.60941996233521],[27.665129867165774,18.18764971751412],[29.357739535308355,17.939642184557428],[30.195827817592573,14.26462146892655],[29.29200712101158,13.171133709981163],[24.52640708449357,12.810395480225978],[23.376089834299563,13.599510357815433],[22.899529830647765,15.34683615819209]]]}},{"type":"Feature","properties":{"name":"Lunda","abbrevname":"Lunda"},"geometry":{"type":"Polygon","coordinates":[[[23.704751905783553,-10.321943502824865],[23.228191902131755,-10.79541242937853],[18.462591865613746,-11.099785310734475],[17.67380289405216,-8.146241054613938],[18.084630483407153,-7.357126177024483],[21.535582233989146,-6.692015065913381],[23.83621673437716,-6.759653483992466],[23.47468845574477,-9.656832391713749],[23.704751905783553,-10.321943502824865]]]}},{"type":"Feature","properties":{"name":"Luba","abbrevname":"Luba"},"geometry":{"type":"Polygon","coordinates":[[[23.83621673437716,-6.759653483992466],[25.512393298945568,-6.5116459510357885],[26.18615054548775,-5.125058380414316],[29.538503674624565,-5.305427495291909],[31.280412653489776,-8.687348399246716],[30.557356096224964,-9.22845574387948],[29.47277126032776,-9.172090395480225],[28.93047884237916,-9.713197740113003],[28.207422285114376,-9.769563088512243],[27.550098142146368,-9.58919397363465],[26.58054503126857,-10.254305084745766],[25.85748847400376,-9.949932203389835],[25.67672433468755,-10.378308851224105],[23.704751905783553,-10.321943502824865],[23.47468845574477,-9.656832391713749],[23.83621673437716,-6.759653483992466]]]}},{"type":"Feature","properties":{"name":"Congo","abbrevname":"Congo"},"geometry":{"type":"Polygon","coordinates":[[[12.579540786050131,-6.241092278719407],[13.006801478979327,-5.9367193973634755],[13.41762906833435,-6.117088512241054],[13.483361482631125,-5.756350282485883],[14.305016661341142,-4.9334161958568785],[14.78157666499294,-4.753047080979286],[15.258136668644738,-5.993084745762715],[15.192404254347935,-7.176757062146905],[15.077372529328528,-7.357126177024483],[14.60081252567673,-7.176757062146905],[14.288583557766941,-7.684045197740119],[14.469347697083151,-8.924082862523548],[14.535080111379955,-9.352459510357818],[13.286164239740742,-9.273548022598874],[13.680558725521536,-8.619709981167617],[13.368329757611747,-7.830595103578162],[13.220431825443939,-7.59386064030133],[13.171132514721336,-7.492403013182681],[12.579540786050131,-6.241092278719407]]]}},{"type":"Feature","properties":{"name":"Lozi","abbrevname":"Lozi"},"geometry":{"type":"Polygon","coordinates":[[[23.096727073538148,-16.961781544256127],[22.915962934221966,-13.996964218455744],[23.425389145022166,-14.042056497175139],[23.770484320080357,-16.17266666666667],[23.589720180764147,-17.14215065913372],[23.096727073538148,-16.961781544256127]]]}},{"type":"Feature","properties":{"name":"Lozi","abbrevname":"Lozi"},"geometry":{"type":"Polygon","coordinates":[[[19.004884283562347,-3.9188399246704364],[20.500296708814545,-3.9752052730696903],[21.897110512621566,-3.7948361581920977],[22.192906376957154,-4.042843691148775],[22.258638791253958,-5.125058380414316],[20.023736705162747,-5.733804143126179],[19.842972565846537,-5.361792843691148],[18.87341945496874,-5.0010546139359775],[19.004884283562347,-3.9188399246704364]]]}},{"type":"Feature","properties":{"name":"Rozwi","abbrevname":"Rozwi"},"geometry":{"type":"Polygon","coordinates":[[[27.155703656365574,-18.65274199623353],[27.878760213630358,-17.987630885122414],[30.34372574976038,-18.528738229755177],[30.886018167708983,-20.03932956685499],[30.113662299721568,-22.034662900188323],[27.08997124206877,-21.910659133709984],[26.481946409823365,-20.648075329566865],[27.155703656365574,-18.65274199623353]]]}},{"type":"Feature","properties":{"name":"Rift Valley States","abbrevname":"RI States"},"geometry":{"type":"Polygon","coordinates":[[[30.803852649837978,1.4020489642184515],[31.52690920710276,2.3038945386064],[32.49646231798056,1.6387834274952837],[32.792258182316175,0.7369378531073352],[31.773405760715775,-1.3260338983050843],[31.411877482083383,-4.40358192090396],[29.719267813940775,-4.40358192090396],[29.357739535308355,-3.670832391713759],[29.83429953896018,-0.10854237288135948],[30.803852649837978,1.4020489642184515]]]}},{"type":"Feature","properties":{"name":"India","abbrevname":"India"},"geometry":{"type":"Polygon","coordinates":[[[80.66188889396085,15.786485875706205],[80.69475510110925,16.18104331450094],[80.02099785456704,16.361412429378518],[80.39895923677363,16.778516007532943],[80.71118820468348,16.778516007532943],[80.92481855114806,17.10543502824858],[81.15488200118688,17.522538606403003],[81.20418131190945,17.962188323917132],[81.53284338339347,18.08619209039547],[81.79577304058068,18.5258418079096],[82.58456201214227,20.239348399246694],[83.20901994796185,20.577540489642175],[83.45551650157483,20.915732580037655],[83.94850960880086,21.096101694915248],[84.63869995891724,21.096101694915248],[85.31245720545945,19.4615065913371],[85.11525996256904,19.20222598870056],[84.86876340895606,18.95421845574387],[84.47436892317529,18.469476459510346],[83.88277719450406,18.097465160075316],[83.27475236225865,17.522538606403003],[82.94609029077463,17.35344256120527],[82.55169580499387,17.10543502824858],[82.28876614780665,16.47414312617701],[81.56570959054187,16.361412429378518],[81.17131510476105,15.74139359698681],[80.66188889396085,15.786485875706205]]]}},{"type":"Feature","properties":{"name":"Ambur","abbrevname":"Ambur"},"geometry":{"type":"Polygon","coordinates":[[[78.82138129365046,12.28056120527306],[78.27908887570186,12.077645951035777],[77.85182818277264,12.325653483992454],[77.81896197562423,12.720210922787189],[77.68749714703063,12.720210922787189],[77.39170128269507,12.641299435028245],[76.68507782900446,12.765303201506583],[76.61934541470765,13.002037664783415],[76.84940886474647,13.464233521657249],[77.16163783265625,13.588237288135588],[78.31195508285026,13.509325800376644],[78.68991646505685,13.644602636534827],[79.13361026156025,13.069676082862514],[78.91997991509567,12.968218455743866],[78.72278267220526,12.539841807909596],[78.82138129365046,12.28056120527306]]]}},{"type":"Feature","properties":{"name":"Malabar","abbrevname":"Malabar"},"geometry":{"type":"Polygon","coordinates":[[[76.45501437896564,10.116131826741992],[76.27425023964946,10.567054613935966],[75.86342265029444,11.435080979284365],[75.79769023599763,11.536538606403013],[76.25781713607523,11.48017325800376],[76.61934541470765,10.995431261770236],[77.04660610763688,10.916519774011292],[77.24380335052723,10.510689265536712],[76.45501437896564,10.116131826741992]]]}},{"type":"Feature","properties":{"name":"Cochin","abbrevname":"Cochin"},"geometry":{"type":"Polygon","coordinates":[[[76.66864472543023,9.428474576271185],[76.58647920755925,9.766666666666666],[76.45501437896564,10.116131826741992],[77.24380335052723,10.510689265536712],[77.86826128634686,10.172497175141231],[77.80252887205006,9.8681242937853],[77.49029990414027,9.451020715630875],[76.66864472543023,9.428474576271185]]]}},{"type":"Feature","properties":{"name":"Travancore","abbrevname":"Travancore"},"geometry":{"type":"Polygon","coordinates":[[[77.85182818277264,9.394655367231636],[77.68749714703063,9.169193973634648],[77.93399370064367,8.1997099811676],[77.86826128634686,8.154617702448206],[77.53959921486285,8.075706214689262],[76.73437713972703,9.135374764595099],[76.66864472543023,9.428474576271185],[77.49029990414027,9.451020715630875],[77.85182818277264,9.394655367231636]]]}},{"type":"Feature","properties":{"name":"Mysore (Indian princely state)","abbrevname":"Mysore"},"geometry":{"type":"Polygon","coordinates":[[[74.63093988222946,14.388625235404888],[75.18966540375226,14.309713747645944],[75.46902816451365,14.63663276836158],[75.86342265029444,14.670451977401129],[76.33998265394627,14.817001883239172],[77.16163783265625,14.715544256120523],[77.80252887205006,14.512629001883226],[78.50915232574067,14.28716760828624],[78.68991646505685,13.644602636534827],[78.31195508285026,13.509325800376644],[77.16163783265625,13.588237288135588],[76.84940886474647,13.464233521657249],[76.61934541470765,13.002037664783415],[76.68507782900446,12.765303201506583],[77.39170128269507,12.641299435028245],[77.68749714703063,12.720210922787189],[77.81896197562423,12.720210922787189],[77.85182818277264,12.325653483992454],[78.27908887570186,12.077645951035777],[78.82138129365046,12.28056120527306],[78.98571232939247,11.81836534839924],[78.62418405076005,11.198346516007533],[78.62418405076005,10.972885122410545],[78.72278267220526,10.352866290018824],[78.67348336148268,10.093585687382287],[77.95042680421784,9.552478342749524],[77.85182818277264,9.394655367231636],[77.49029990414027,9.451020715630875],[77.80252887205006,9.8681242937853],[77.86826128634686,10.172497175141231],[77.24380335052723,10.510689265536712],[77.04660610763688,10.916519774011292],[76.61934541470765,10.995431261770236],[76.25781713607523,11.48017325800376],[75.79769023599763,11.536538606403013],[75.41972885379104,12.122738229755171],[75.17323230017806,12.889306967984922],[74.94316885013924,13.700967984934081],[74.63093988222946,14.388625235404888]]]}},{"type":"Feature","properties":{"name":"Kandy","abbrevname":"Kandy"},"geometry":{"type":"Polygon","coordinates":[[[80.23462820103168,8.143344632768361],[80.72762130825765,8.887367231638407],[80.92481855114806,8.808455743879463],[80.92481855114806,8.188436911487756],[81.33564614050306,8.188436911487756],[81.59857579769027,7.297864406779652],[81.54927648696764,6.621480225988691],[80.77692061898028,6.418564971751408],[80.36609302962523,7.038583804143116],[80.23462820103168,8.143344632768361]]]}},{"type":"Feature","properties":{"name":"Carnatic","abbrevname":"Carnatic"},"geometry":{"type":"Polygon","coordinates":[[[80.39895923677363,13.509325800376644],[80.16889578673488,13.306410546139347],[80.13602957958648,13.047129943502824],[80.16889578673488,12.844214689265527],[79.98813164741864,12.5623879472693],[79.98813164741864,12.325653483992454],[80.07029716528967,11.987461393596973],[79.97169854384447,11.750726930320141],[79.92239923312184,11.457627118644055],[79.93883233669607,11.164527306967983],[79.98813164741864,10.262681732580035],[79.42940612589587,10.20631638418078],[79.13361026156025,9.507386064030129],[79.36367371159906,9.293197740112987],[78.52558542931484,9.01137099811676],[78.09832473638568,8.278621468926545],[77.93399370064367,8.1997099811676],[77.68749714703063,9.169193973634648],[77.85182818277264,9.394655367231636],[77.95042680421784,9.552478342749524],[78.67348336148268,10.093585687382287],[78.72278267220526,10.352866290018824],[78.62418405076005,10.972885122410545],[78.62418405076005,11.198346516007533],[78.98571232939247,11.81836534839924],[78.82138129365046,12.28056120527306],[78.72278267220526,12.539841807909596],[78.91997991509567,12.968218455743866],[79.13361026156025,13.069676082862514],[79.41297302232164,13.182406779661008],[79.62660336878628,13.407868173257995],[79.69233578308308,13.892610169491519],[79.62660336878628,14.512629001883226],[79.23220888300546,15.290470809792836],[79.23220888300546,15.752666666666656],[79.67590267950885,15.876670433145009],[80.02099785456704,16.361412429378518],[80.69475510110925,16.18104331450094],[80.66188889396085,15.786485875706205],[80.28392751175426,14.9635517890772],[80.38252613319946,13.543145009416193],[80.39895923677363,13.509325800376644]]]}},{"type":"Feature","properties":{"name":"Madras","abbrevname":"Madras"},"geometry":{"type":"Polygon","coordinates":[[[80.39895923677363,13.509325800376644],[80.53042406536724,13.351502824858756],[80.51399096179307,13.126041431261768],[80.11959647601225,12.122738229755171],[80.07029716528967,11.987461393596973],[79.98813164741864,12.325653483992454],[79.98813164741864,12.5623879472693],[80.16889578673488,12.844214689265527],[80.13602957958648,13.047129943502824],[80.16889578673488,13.306410546139347],[80.39895923677363,13.509325800376644]]]}},{"type":"Feature","properties":{"name":"Gooty","abbrevname":"Gooty"},"geometry":{"type":"Polygon","coordinates":[[[77.80252887205006,14.512629001883226],[77.16163783265625,14.715544256120523],[77.53959921486285,14.99737099811675],[77.80252887205006,15.110101694915244],[78.22978956497923,15.110101694915244],[78.32838818642443,15.0311902071563],[78.41055370429547,14.715544256120523],[78.27908887570186,14.591540489642185],[77.80252887205006,14.512629001883226]]]}},{"type":"Feature","properties":{"name":"Golconda","abbrevname":"Golconda"},"geometry":{"type":"Polygon","coordinates":[[[76.33998265394627,14.817001883239172],[76.61934541470765,15.132647834274948],[76.70151093257863,15.955581920903953],[76.98087369334007,16.395231638418068],[76.91514127904327,17.206892655367227],[78.09832473638568,18.007280602636527],[78.14762404710825,18.266561205273064],[77.93399370064367,18.446930320150656],[78.09832473638568,18.83021468926553],[78.01615921851464,19.213499058380407],[78.32838818642443,19.29241054613935],[78.45985301501804,19.529145009416183],[78.75564887935366,19.495325800376648],[78.75564887935366,19.73206026365348],[79.01857853654087,19.88988323917137],[79.19934267585705,19.777152542372875],[79.42940612589587,19.912429378531073],[79.57730405806365,19.73206026365348],[80.11959647601225,19.88988323917137],[80.07029716528967,19.653148775894536],[80.25106130460586,19.653148775894536],[80.28392751175426,19.495325800376648],[80.53042406536724,19.472779661016943],[80.69475510110925,18.604753295668544],[80.99055096544487,18.446930320150656],[80.92481855114806,18.165103578154415],[81.20418131190945,17.962188323917132],[81.15488200118688,17.522538606403003],[80.92481855114806,17.10543502824858],[80.71118820468348,16.778516007532943],[80.39895923677363,16.778516007532943],[80.02099785456704,16.361412429378518],[79.67590267950885,15.876670433145009],[79.23220888300546,15.752666666666656],[79.23220888300546,15.290470809792836],[79.62660336878628,14.512629001883226],[79.69233578308308,13.892610169491519],[79.62660336878628,13.407868173257995],[79.41297302232164,13.182406779661008],[79.13361026156025,13.069676082862514],[78.68991646505685,13.644602636534827],[78.50915232574067,14.28716760828624],[77.80252887205006,14.512629001883226],[78.27908887570186,14.591540489642185],[78.41055370429547,14.715544256120523],[78.32838818642443,15.0311902071563],[78.22978956497923,15.110101694915244],[77.80252887205006,15.110101694915244],[77.53959921486285,14.99737099811675],[77.16163783265625,14.715544256120523],[76.33998265394627,14.817001883239172]]]}},{"type":"Feature","properties":{"name":"Portuguese East Africa","abbrevname":"Port E Afric"},"geometry":{"type":"Polygon","coordinates":[[[37.47569270096318,-17.694531073446328],[35.58588578993019,-19.408037664783436],[35.010727164833185,-17.581800376647834],[33.54818094672936,-15.687924670433148],[34.484867850458784,-15.90211299435029],[35.75021682567217,-16.95050847457628],[36.58830510795639,-16.95050847457628],[37.47569270096318,-17.694531073446328]]]}},{"type":"Feature","properties":{"name":"Zanzibar","abbrevname":"Zanzibar"},"geometry":{"type":"Polygon","coordinates":[[[40.72944720865479,-10.536131826742007],[39.102569954808985,-10.761593220338995],[38.428812708266776,-6.139634651600758],[38.95467202264118,-3.941386064030141],[41.25530652302919,-0.5820112994350382],[44.09823344136581,2.0446139359698634],[46.15237138814081,3.521386064030125],[47.68065002054141,5.584357815442559],[49.24179486009041,6.429838041431253],[48.28867485278681,4.68251224105461],[47.76281553841241,4.006128060263649],[46.5631989774958,2.6871789077212753],[45.741543798785784,1.9882485875706095],[44.5090610307208,1.3118644067796623],[43.9339024056238,0.8158493408662792],[43.30944446980419,0.18455743879472664],[43.14511343406218,0.026734463276824272],[41.81403204455199,-1.8558681732580027],[41.12384169443558,-2.0587834274952996],[40.959510658693574,-2.577344632768373],[40.482950655041776,-2.80280602636536],[39.431232026292975,-4.83195856873823],[39.06970374766058,-6.071996233521659],[39.776327201351194,-7.030207156308862],[39.48053133701558,-7.785502824858767],[39.67772857990599,-7.977145009416205],[39.595563062034984,-8.721167608286251],[39.8584927192222,-9.780836158192102],[40.663714794357986,-10.45722033898305],[40.72944720865479,-10.536131826742007]]]}},{"type":"Feature","properties":{"name":"Funj","abbrevname":"Funj"},"geometry":{"type":"Polygon","coordinates":[[[30.557356096224964,22.13322410546138],[30.86958506413478,21.930308851224098],[31.822705071438378,21.31029001883239],[32.36499748938698,20.65645197740112],[34.07404026110376,19.675694915254226],[34.813529921942774,18.08619209039547],[33.827543707490776,15.763939736346515],[34.20550508969737,13.678421845574377],[33.35098370383898,11.592903954802253],[31.87200438216098,11.592903954802253],[31.625507828547967,13.306410546139347],[31.87200438216098,15.876670433145009],[30.902451271283184,16.8574274952919],[29.669968503218172,19.190952919020702],[29.669968503218172,20.78045574387947],[30.557356096224964,22.13322410546138]]]}},{"type":"Feature","properties":{"name":"Awsa","abbrevname":"Awsa"},"geometry":{"type":"Polygon","coordinates":[[[39.842059615648,14.1631638418079],[40.59798238006118,14.918459510357806],[40.94307755511937,14.94100564971751],[41.9126306659972,13.948975517890759],[42.29059204820379,13.881337099811674],[42.61925411968778,13.193679849340853],[42.83288446615239,13.114768361581909],[43.24371205550739,12.720210922787189],[43.67097274843658,12.111465160075326],[43.0136486054686,11.795819209039536],[42.865750673300795,11.525265536723154],[40.69658100150639,9.87939736346516],[40.58154927648698,10.488143126177022],[39.595563062034984,10.61214689265536],[39.842059615648,14.1631638418079]]]}},{"type":"Feature","properties":{"name":"Ethiopia","abbrevname":"Ethiopia"},"geometry":{"type":"Polygon","coordinates":[[[39.595563062034984,10.61214689265536],[39.75989409777699,9.135374764595099],[39.414798922718774,8.447717514124292],[38.395946501118374,8.334986817325799],[37.50855890811158,7.917883239171374],[36.67047062582739,8.560448210922786],[36.16104441502719,14.783182674199622],[36.29250924362077,16.124677966101686],[38.248048568950594,16.248681732580025],[38.248048568950594,15.019917137476455],[38.98753822978958,14.411171374764592],[39.842059615648,14.1631638418079],[39.595563062034984,10.61214689265536]]]}},{"type":"Feature","properties":{"name":"Oromo","abbrevname":"Oromo"},"geometry":{"type":"Polygon","coordinates":[[[36.67047062582739,8.560448210922786],[37.50855890811158,7.917883239171374],[38.395946501118374,8.334986817325799],[39.414798922718774,8.447717514124292],[39.75989409777699,9.135374764595099],[39.595563062034984,10.61214689265536],[40.58154927648698,10.488143126177022],[40.69658100150639,9.87939736346516],[42.04409549459078,8.774636534839914],[43.14511343406218,6.937126177024481],[42.78358515542979,5.832365348399236],[41.9290637695714,4.727604519774005],[43.030081709042804,4.603600753295666],[43.63810654128818,3.8708512241054507],[43.9996348199206,2.890094161958558],[42.53708860181678,1.7853333333333268],[38.609576847582986,1.0525838041431257],[36.65403752225319,2.6420866290018807],[36.29250924362077,5.708361581920897],[38.248048568950594,5.708361581920897],[38.248048568950594,6.8131224105461285],[35.191491304149366,7.309137476459497],[35.30652302916877,8.402625235404884],[36.67047062582739,8.560448210922786]]]}},{"type":"Feature","properties":{"name":"Denmark","abbrevname":"Denmark","fips_code":"DA","wb_cntry":"DNK"},"geometry":{"type":"MultiPolygon","coordinates":[[[[8.389099374629126,56.82045951035781],[10.755466289313944,57.767397363465165],[10.459670424978327,57.023374764595104],[9.046423517597134,57.000828625235386],[8.668462135390541,56.61754425612051],[8.389099374629126,56.82045951035781]]],[[[12.250878714566142,55.71569868173256],[12.645273200346935,55.98625235404896],[12.628840096772734,55.26477589453859],[12.168713196695137,54.9716760828625],[11.494955950152928,55.20841054613936],[11.297758707262545,55.64806026365346],[11.774318710914343,55.89606779661017],[12.250878714566142,55.71569868173256]]],[[[10.34463869995892,54.351657250470794],[9.095722828319737,54.25019962335216],[8.78349386040992,54.20510734463275],[9.16145524261654,54.43056873822974],[8.816360067558321,54.90403766478343],[8.767060756835718,55.377506591337095],[8.241201442461318,55.490237288135575],[8.389099374629126,56.44844821092278],[8.882092481855125,56.36953672316383],[9.210754553339143,56.673909604519764],[9.522983521248932,56.493540489642186],[9.572282831971535,56.89937099811675],[10.032409732049132,56.910644067796596],[11.084128360797934,56.38080979284368],[9.900944903455525,55.62551412429377],[9.703747660565142,54.960403013182656],[10.34463869995892,54.351657250470794]]]]}},{"type":"Feature","properties":{"name":"Oldenburg","abbrevname":"Oldenburg"},"geometry":{"type":"Polygon","coordinates":[[[8.076870406719337,53.65272693032014],[8.175469028164542,53.65272693032014],[8.224768338887117,53.39344632768362],[8.701328342538943,53.46108474576269],[8.767060756835718,53.17925800376648],[8.865659378280924,53.04398116760828],[8.849226274706723,53.032708097928435],[8.339800063906523,53.04398116760828],[7.978271785274131,53.16798493408663],[8.159035924590341,53.3032617702448],[8.060437303145136,53.41599246704331],[8.109736613867739,53.46108474576269],[8.076870406719337,53.65272693032014]]]}},{"type":"Feature","properties":{"name":"Oldenburg","abbrevname":"Oldenburg"},"geometry":{"type":"Polygon","coordinates":[[[7.978271785274131,53.16798493408663],[8.339800063906523,53.04398116760828],[8.536997306796934,52.683242937853095],[8.520564203222733,52.41268926553673],[8.438398685351729,52.39014312617701],[8.306933856758121,52.43523540489642],[8.208335235312916,52.45778154425611],[8.093303510293538,52.683242937853095],[7.896106267403127,52.64942372881356],[7.978271785274131,53.16798493408663]]]}},{"type":"Feature","properties":{"name":"Mecklenburg-Strelitz","abbrevname":"Mecklenburg"},"geometry":{"type":"Polygon","coordinates":[[[11.100561464372134,53.90073446327682],[11.166293878668938,53.912007532956665],[11.281325603688344,53.709092278719396],[11.182726982243139,53.438538606403],[11.116994567946335,53.449811676082845],[11.100561464372134,53.39344632768362],[11.067695257223733,53.3709001883239],[11.03482905007533,53.337080979284366],[10.952663532204326,53.3032617702448],[11.281325603688344,52.987615819209026],[11.379924225133522,52.90870433145008],[11.314191810836746,52.773427495291884],[10.755466289313944,52.81851977401129],[10.755466289313944,52.18722787193974],[10.788332496462345,52.108316384180796],[10.68973387501714,51.8377627118644],[10.410371114255724,51.67993973634651],[9.391518692655325,51.81521657250471],[9.14502213904234,51.72503201506589],[9.029990414022933,52.17595480225987],[9.046423517597134,52.20977401129943],[9.112155931893938,52.36759698681732],[9.062856621171335,52.401416195856854],[8.997124206874531,52.37887005649716],[8.882092481855125,52.36759698681732],[8.882092481855125,52.41268926553673],[8.898525585429326,52.46905461393595],[8.849226274706723,52.502873822975516],[8.767060756835718,52.4803276836158],[8.734194549687317,52.49160075329567],[8.734194549687317,52.46905461393595],[8.668462135390541,52.4803276836158],[8.619162824667939,52.46905461393595],[8.668462135390541,52.288685499058374],[8.619162824667939,52.130862523540486],[8.438398685351729,52.14213559322033],[8.389099374629126,52.07449717514123],[8.29050075318392,52.0406779661017],[8.011137992422533,52.108316384180796],[7.846806956680524,52.502873822975516],[7.2716483315835205,52.288685499058374],[7.2716483315835205,52.37887005649716],[6.910120052951129,52.49160075329567],[7.370246953028726,53.17925800376648],[7.238782124435119,53.52872316384179],[8.044004199570935,53.65272693032014],[8.076870406719337,53.65272693032014],[8.109736613867739,53.46108474576269],[8.060437303145136,53.41599246704331],[8.159035924590341,53.3032617702448],[7.978271785274131,53.16798493408663],[7.896106267403127,52.64942372881356],[8.093303510293538,52.683242937853095],[8.208335235312916,52.45778154425611],[8.306933856758121,52.43523540489642],[8.438398685351729,52.39014312617701],[8.520564203222733,52.41268926553673],[8.536997306796934,52.683242937853095],[8.339800063906523,53.04398116760828],[8.849226274706723,53.032708097928435],[8.865659378280924,53.04398116760828],[8.767060756835718,53.17925800376648],[8.701328342538943,53.46108474576269],[8.63559592824214,53.63018079096045],[8.717761446113144,53.776730696798495],[8.78349386040992,53.81054990583803],[9.046423517597134,53.76545762711862],[9.325786278358521,53.81054990583803],[9.950244214178127,53.517450094161944],[10.147441457068538,53.61890772128061],[10.278906285662146,53.67527306967983],[10.32820559638472,53.60763465160073],[10.558269046423533,53.63018079096045],[10.558269046423533,53.776730696798495],[10.788332496462345,53.90073446327682],[10.870498014333322,53.69781920903955],[10.919797325055924,53.63018079096045],[11.100561464372134,53.90073446327682]]]}},{"type":"Feature","properties":{"name":"Bavaria","abbrevname":"Bavaria"},"geometry":{"type":"Polygon","coordinates":[[[12.41520975030815,50.02279849340866],[12.694572511069538,49.91006779661015],[12.645273200346935,49.71842561205273],[12.74387182179214,49.58314877589453],[12.842470443237346,49.504237288135585],[13.07253389327613,49.38023352165723],[13.154699411147135,49.414052730696795],[13.680558725521536,49.019495291902075],[13.94348838270875,48.951856873822976],[14.157118729173334,48.670030131826735],[13.844889761263545,48.55729943502823],[13.58196010407633,48.61366478342748],[13.56552700050213,48.45584180790959],[13.499794586205326,48.37693032015065],[13.05610078970193,48.252926553672296],[12.891769753959949,48.15146892655366],[13.138266307572934,47.89218832391714],[13.05610078970193,47.75691148775894],[13.220431825443939,47.678],[13.138266307572934,47.49763088512239],[12.941069064682551,47.576542372881335],[11.03482905007533,47.56526930320149],[11.116994567946335,48.35438418079096],[11.116994567946335,48.80530696798493],[10.739033185739743,48.85039924670431],[11.642853882320736,48.89549152542372],[11.88935043593375,49.77479096045198],[12.168713196695137,49.808610169491516],[12.102980782398333,49.97770621468925],[12.300178025288744,49.92134086629002],[12.41520975030815,50.02279849340866]]]}},{"type":"Feature","properties":{"name":"Mecklenburg-Schwerin","abbrevname":"Mecklenburg"},"geometry":{"type":"Polygon","coordinates":[[[11.166293878668938,53.912007532956665],[11.347058017985148,53.95709981167607],[12.513808371753328,54.216380414312596],[12.661706303921136,54.27274576271185],[12.90820285753415,54.103649717514116],[13.105400100424532,54.04728436911486],[13.105400100424532,53.94582674199623],[12.973935271830925,53.72036534839924],[13.976354589857152,53.494903954802254],[13.269731136166541,53.010161958568716],[13.466928379056952,52.638150659133714],[11.955082850230525,53.359627118644056],[11.922216643082123,53.15671186440676],[11.54425526087553,53.16798493408663],[11.52782215730133,53.122892655367224],[11.281325603688344,52.987615819209026],[10.952663532204326,53.3032617702448],[11.03482905007533,53.337080979284366],[11.067695257223733,53.3709001883239],[11.100561464372134,53.39344632768362],[11.116994567946335,53.449811676082845],[11.182726982243139,53.438538606403],[11.281325603688344,53.709092278719396],[11.166293878668938,53.912007532956665]]]}},{"type":"Feature","properties":{"name":"Austrian Empire","abbrevname":"Austria-Hung"},"geometry":{"type":"Polygon","coordinates":[[[13.105400100424532,53.94582674199623],[13.105400100424532,54.04728436911486],[12.90820285753415,54.103649717514116],[12.661706303921136,54.27274576271185],[12.858903546811547,54.34038418079095],[13.877755968411947,54.103649717514116],[13.76272424339254,53.844369114877594],[13.105400100424532,53.94582674199623]]]}},{"type":"Feature","properties":{"name":"Prussia","abbrevname":"Prussia"},"geometry":{"type":"Polygon","coordinates":[[[11.182726982243139,51.60102824858757],[10.755466289313944,51.58975517890772],[10.722600082165542,51.69121280602636],[10.85406491075912,51.781397363465146],[10.788332496462345,52.108316384180796],[10.755466289313944,52.18722787193974],[10.755466289313944,52.81851977401129],[11.314191810836746,52.773427495291884],[11.379924225133522,52.90870433145008],[11.281325603688344,52.987615819209026],[11.52782215730133,53.122892655367224],[11.54425526087553,53.16798493408663],[11.922216643082123,53.15671186440676],[11.955082850230525,53.359627118644056],[13.466928379056952,52.638150659133714],[13.269731136166541,53.010161958568716],[13.976354589857152,53.494903954802254],[12.973935271830925,53.72036534839924],[13.105400100424532,53.94582674199623],[13.76272424339254,53.844369114877594],[13.877755968411947,54.103649717514116],[14.748710457844538,53.55126930320151],[14.682978043547735,53.889461393596974],[14.666544939973534,53.92328060263654],[15.093805632902729,53.99091902071561],[17.85456703336834,54.701122410546134],[18.479024969187947,54.746214689265514],[18.955584972839745,54.55457250470809],[18.56119048705895,54.68984934086629],[18.87341945496874,54.27274576271185],[19.169215319304357,54.25019962335216],[19.958004290865944,54.47566101694915],[19.662208426530356,54.238926553672314],[19.941571187291743,54.329111111111104],[20.188067740904756,54.44184180790958],[20.533162915962947,54.57711864406778],[20.040169808736948,54.543299435028246],[20.138768430182154,54.87021845574387],[21.338384991098764,54.85894538606402],[21.371251198247165,55.2422297551789],[21.141187748208353,56.08770998116759],[21.486282923266543,55.87352165725045],[21.880677409047365,55.36623352165725],[22.78449810562836,55.028041431261755],[22.83379741635096,54.960403013182656],[22.998128452092942,54.915310734463276],[23.030994659241344,54.80258003766477],[22.932396037796167,54.746214689265514],[22.866663623499363,54.588391713747626],[22.866663623499363,54.50948022598868],[22.899529830647765,54.43056873822974],[22.948829141370368,53.96837288135592],[23.014561555667143,53.821822975517875],[21.321951887524563,53.28071563088511],[20.303099465924163,53.20180414312617],[20.22093394805316,53.06652730696797],[19.20208152645276,53.145438794726914],[19.432144976491543,52.615604519773996],[19.087049801433352,52.53669303201505],[18.922718765691343,52.53669303201505],[18.758387729949362,52.965069679849336],[18.676222212078358,53.17925800376648],[18.396859451316942,53.20180414312617],[18.314693933445938,52.78470056497173],[17.920299447665144,52.95379661016949],[17.16437668325196,52.89743126177024],[17.00004564750995,52.750881355932194],[16.046925640206354,52.7283352165725],[15.964760122335349,52.27741242937853],[15.406034600812546,52.00685875706213],[14.732277354270337,51.9054011299435],[14.535080111379955,52.34505084745763],[14.337882868489544,52.288685499058374],[14.25571735061854,52.34505084745763],[14.009220797005554,52.08577024482108],[13.598393207650531,52.266139359698684],[13.351896654037546,52.06322410546139],[12.776738028940542,52.108316384180796],[12.382343543159749,52.08577024482108],[12.316611128862945,52.221047080979275],[12.03724836810153,52.09704331450092],[11.264892500114144,51.57848210922785],[11.182726982243139,51.60102824858757]]]}},{"type":"Feature","properties":{"name":"Thuringia","abbrevname":"Thuringia"},"geometry":{"type":"Polygon","coordinates":[[[11.330624914410947,51.53338983050847],[11.642853882320736,51.6348474576271],[11.741452503765942,51.31920150659133],[11.330624914410947,51.53338983050847]]]}},{"type":"Feature","properties":{"name":"Thuringia","abbrevname":"Thuringia"},"geometry":{"type":"MultiPolygon","coordinates":[[[[10.459670424978327,51.44320527306968],[10.673300771442939,51.51084369114878],[10.706166978591341,51.499570621468905],[10.624001460720336,51.25156308851223],[10.459670424978327,51.44320527306968]]],[[[10.722600082165542,51.69121280602636],[10.377504907107323,51.61230131826741],[10.361071803533122,51.65739359698682],[10.410371114255724,51.67993973634651],[10.68973387501714,51.8377627118644],[10.788332496462345,52.108316384180796],[10.85406491075912,51.781397363465146],[10.722600082165542,51.69121280602636]]]]}},{"type":"Feature","properties":{"name":"Saxony","abbrevname":"Saxony"},"geometry":{"type":"Polygon","coordinates":[[[12.283744921714543,50.28207909604518],[11.971515953804726,50.41735593220338],[12.23444561099194,50.56390583804142],[11.659286985894937,50.47372128060263],[12.56310768247593,50.902097928436916],[11.412790432281923,51.24029001883238],[10.706166978591341,51.014828625235396],[10.656867667868738,51.22901694915254],[10.886931117907523,51.48829755178906],[11.182726982243139,51.60102824858757],[11.264892500114144,51.57848210922785],[11.330624914410947,51.53338983050847],[11.741452503765942,51.31920150659133],[11.642853882320736,51.6348474576271],[12.201579403843539,51.61230131826741],[12.03724836810153,52.09704331450092],[12.316611128862945,52.221047080979275],[12.382343543159749,52.08577024482108],[12.776738028940542,52.108316384180796],[13.351896654037546,52.06322410546139],[13.598393207650531,52.266139359698684],[14.009220797005554,52.08577024482108],[14.25571735061854,52.34505084745763],[14.337882868489544,52.288685499058374],[14.535080111379955,52.34505084745763],[14.732277354270337,51.9054011299435],[15.406034600812546,52.00685875706213],[15.077372529328528,51.61230131826741],[15.45533391153515,51.6348474576271],[15.47176701510935,51.037374764595086],[15.208837357922135,51.07119397363465],[14.96234080430915,50.8795517890772],[14.814442872141342,50.91337099811676],[14.798009768567141,51.037374764595086],[14.666544939973534,51.09374011299434],[14.469347697083151,51.059920903954804],[14.58437942210253,50.95846327683614],[14.107819418450731,50.85700564971751],[14.058520107728128,50.78936723163841],[13.729858036244138,50.77809416195856],[13.680558725521536,50.67663653483993],[13.43406217190855,50.67663653483993],[13.401195964760149,50.575178907721266],[13.220431825443939,50.575178907721266],[13.187565618295537,50.49626741996232],[12.990368375405126,50.49626741996232],[12.793171132514743,50.40608286252353],[12.661706303921136,50.41735593220338],[12.283744921714543,50.28207909604518]]]}},{"type":"Feature","properties":{"name":"Thuringia","abbrevname":"Thuringia"},"geometry":{"type":"Polygon","coordinates":[[[10.706166978591341,51.499570621468905],[10.886931117907523,51.48829755178906],[10.656867667868738,51.22901694915254],[10.624001460720336,51.25156308851223],[10.706166978591341,51.499570621468905]]]}},{"type":"Feature","properties":{"name":"Bavaria","abbrevname":"Bavaria"},"geometry":{"type":"Polygon","coordinates":[[[12.283744921714543,50.28207909604518],[12.283744921714543,50.1693483992467],[12.333044232437146,50.1693483992467],[12.41520975030815,50.02279849340866],[12.300178025288744,49.92134086629002],[12.102980782398333,49.97770621468925],[12.168713196695137,49.808610169491516],[11.88935043593375,49.77479096045198],[11.642853882320736,48.89549152542372],[10.739033185739743,48.85039924670431],[11.116994567946335,48.80530696798493],[11.116994567946335,48.35438418079096],[11.03482905007533,47.56526930320149],[10.311772492810547,47.31726177024481],[9.703747660565142,47.576542372881335],[9.572282831971535,47.63290772128059],[9.835212489158721,47.72309227871938],[9.785913178436147,48.30929190207155],[9.917378007029725,48.37693032015065],[9.917378007029725,48.647483992467045],[9.868078696307123,48.89549152542372],[10.015976628474931,49.33514124293785],[9.835212489158721,49.31259510357813],[9.802346282010319,49.66206026365347],[9.276486967635918,49.29004896421844],[8.931391792577728,49.57187570621468],[8.79992696398412,49.40277966101695],[8.717761446113144,49.53805649717512],[8.520564203222733,49.57187570621468],[8.356233167480724,48.996949152542356],[7.156616606564114,49.22241054613934],[7.205915917286717,49.67333333333332],[7.846806956680524,50.00025235404897],[7.94540557812573,50.158075329566856],[7.94540557812573,50.67663653483993],[8.241201442461318,50.620271186440675],[8.224768338887117,50.72172881355931],[8.323366960332322,50.85700564971751],[8.734194549687317,51.09374011299434],[8.96425799972613,50.83445951035782],[9.062856621171335,51.27410922787192],[9.358652485506923,51.55593596986816],[9.555849728397334,51.61230131826741],[9.802346282010319,51.25156308851223],[10.361071803533122,51.48829755178906],[10.459670424978327,51.44320527306968],[10.624001460720336,51.25156308851223],[10.656867667868738,51.22901694915254],[10.706166978591341,51.014828625235396],[11.412790432281923,51.24029001883238],[12.56310768247593,50.902097928436916],[11.659286985894937,50.47372128060263],[12.23444561099194,50.56390583804142],[11.971515953804726,50.41735593220338],[12.283744921714543,50.28207909604518]]]}},{"type":"Feature","properties":{"name":"Austria","abbrevname":"Austria"},"geometry":{"type":"MultiPolygon","coordinates":[[[[18.70908841922676,42.379657250470814],[17.85456703336834,42.88694538606401],[18.462591865613746,42.638937853107336],[18.659789108504157,42.57129943502824],[18.70908841922676,42.379657250470814]]],[[[18.955584972839745,50.28207909604518],[19.793673255123963,49.966433145009404],[21.30551878395036,50.49626741996232],[21.864244305473164,50.8119133709981],[22.209339480531355,51.1275593220339],[23.228191902131755,50.992282485875705],[23.244625005705956,50.80064030131825],[23.885516045099763,51.6348474576271],[24.16487880586115,51.33047457627117],[24.247044323732155,51.522116760828624],[24.427808463048365,51.522116760828624],[24.756470534532355,50.89082485875704],[25.34806226320356,50.93591713747645],[25.87392157757796,50.46244821092279],[26.317615374081356,50.665363465160056],[26.284749166932954,49.1434990583804],[26.36691468480396,48.96312994350282],[26.56411192769437,48.14019585687382],[26.334048477655557,47.86964218455742],[25.988953302597366,47.97109981167608],[25.578125713242372,47.86964218455742],[25.446660884648765,47.70054613935969],[25.89035468115216,47.63290772128059],[26.498379513397566,47.22707721280602],[26.39978089195236,46.82124670433143],[26.05468571689417,46.68596986817326],[25.660291231113348,46.31395856873823],[25.72602364541015,45.817943502824846],[23.458255352170568,46.08849717514124],[22.685899484183153,45.75030508474575],[22.554434655589546,45.00628248587569],[22.62016706988635,44.769548022598855],[22.505135344866943,44.7131826741996],[22.340804309124962,44.53281355932202],[22.14360706623455,44.63427118644066],[22.061441548363547,44.701909604519756],[21.79851189117636,44.724455743879474],[21.78207878760216,44.81464030131826],[21.568448441137548,44.82591337099811],[21.552015337563347,44.90482485875705],[20.993289816040544,44.75827495291901],[20.549596019537148,44.97246327683615],[20.38526498379514,45.27683615819208],[19.21851463002696,45.47975141242938],[19.21851463002696,45.35574764595103],[19.300680147897936,45.36702071563087],[19.36641256219474,45.28810922787193],[19.629342219381954,45.209197740112984],[19.36641256219474,45.22047080979283],[19.38284566576894,45.186651600753294],[19.333546355046337,45.15283239171373],[19.300680147897936,45.15283239171373],[19.300680147897936,45.073920903954786],[19.333546355046337,45.051374764595096],[19.317113251472136,45.01755555555556],[19.317113251472136,44.983736346516],[19.333546355046337,44.93864406779659],[19.25138083717536,44.93864406779659],[19.21851463002696,44.9160979284369],[19.25138083717536,44.87100564971752],[19.21851463002696,44.87100564971752],[19.136349112155955,44.859732580037644],[19.03775049071075,44.87100564971752],[18.972018076413946,44.92737099811674],[18.988451179988147,45.00628248587569],[18.922718765691343,45.01755555555556],[18.922718765691343,45.06264783427494],[18.791253937097736,45.10774011299435],[17.098644268955155,45.25429001883239],[16.720682886748534,45.22047080979283],[16.67138357602593,45.17537853107345],[16.605651161729156,45.10774011299435],[16.556351851006553,45.01755555555556],[16.276989090245138,45.17537853107345],[15.99762632948375,45.141559322033885],[16.392020815264544,44.2735329566855],[16.392020815264544,44.2058945386064],[16.47418633313555,44.217167608286246],[16.589218058154955,44.05934463276836],[16.737115990322735,44.025525423728794],[16.901447026064744,43.867702448210906],[16.917880129638945,43.78879096045196],[17.460172547587547,43.46187193973634],[17.739535308348934,43.123679849340846],[17.85456703336834,43.06731450094162],[17.887433240516742,42.9771299435028],[17.755968411923135,42.93203766478342],[17.279408408271337,43.23641054613935],[17.197242890400332,43.33786817325799],[16.83571461176794,43.40550659133709],[16.112658054503157,43.66478719397364],[15.61966494727713,43.94661393596985],[15.356735290089944,44.262259887005655],[15.751129775870737,44.25098681732578],[15.192404254347935,44.55535969868171],[14.551513214954127,45.34447457627118],[14.370749075637946,45.028828625235406],[14.09138631487653,44.7808210922787],[13.729858036244138,45.468478342749535],[14.009220797005554,45.581209039548014],[14.025653900579726,45.68266666666665],[13.894189071986148,45.772851224105466],[13.74629113981834,45.817943502824846],[13.795590450540942,45.975766478342734],[13.647692518373134,46.02085875706214],[13.812023554115143,46.14486252354047],[13.549093896927928,46.302685499058384],[13.828456657689344,46.437962335216554],[13.779157346966741,46.52814689265537],[13.56552700050213,46.57323917137475],[13.154699411147135,46.61833145009416],[12.56310768247593,46.73106214689264],[12.41520975030815,46.90015819209037],[12.283744921714543,46.94525047080978],[11.938649746656324,46.764881355932204],[12.119413885972534,46.42668926553671],[11.774318710914343,46.257593220338975],[11.774318710914343,45.98703954802258],[11.429223535856124,46.02085875706214],[11.363491121559349,45.76157815442559],[11.133427671520536,45.85176271186441],[11.001962842926929,45.66012052730696],[10.870498014333322,45.82921657250469],[10.722600082165542,45.76157815442559],[10.656867667868738,46.22377401129944],[10.755466289313944,46.73106214689264],[10.607568357146135,46.90015819209037],[10.50896973570093,47.03543502824857],[10.262473182087945,46.88888512241053],[9.99954352490073,47.05798116760829],[9.720180764139343,47.091800376647825],[9.703747660565142,47.576542372881335],[10.311772492810547,47.31726177024481],[11.03482905007533,47.56526930320149],[12.941069064682551,47.576542372881335],[13.138266307572934,47.49763088512239],[13.220431825443939,47.678],[13.05610078970193,47.75691148775894],[13.138266307572934,47.89218832391714],[12.891769753959949,48.15146892655366],[13.05610078970193,48.252926553672296],[13.499794586205326,48.37693032015065],[13.56552700050213,48.45584180790959],[13.58196010407633,48.61366478342748],[13.844889761263545,48.55729943502823],[14.157118729173334,48.670030131826735],[13.94348838270875,48.951856873822976],[13.680558725521536,49.019495291902075],[13.154699411147135,49.414052730696795],[13.07253389327613,49.38023352165723],[12.842470443237346,49.504237288135585],[12.74387182179214,49.58314877589453],[12.645273200346935,49.71842561205273],[12.694572511069538,49.91006779661015],[12.41520975030815,50.02279849340866],[12.333044232437146,50.1693483992467],[12.283744921714543,50.1693483992467],[12.283744921714543,50.28207909604518],[12.661706303921136,50.41735593220338],[12.793171132514743,50.40608286252353],[12.990368375405126,50.49626741996232],[13.187565618295537,50.49626741996232],[13.220431825443939,50.575178907721266],[13.401195964760149,50.575178907721266],[13.43406217190855,50.67663653483993],[13.680558725521536,50.67663653483993],[13.729858036244138,50.77809416195856],[14.058520107728128,50.78936723163841],[14.107819418450731,50.85700564971751],[14.58437942210253,50.95846327683614],[14.469347697083151,51.059920903954804],[14.666544939973534,51.09374011299434],[14.798009768567141,51.037374764595086],[14.814442872141342,50.91337099811676],[14.96234080430915,50.8795517890772],[15.208837357922135,51.07119397363465],[15.47176701510935,51.037374764595086],[16.556351851006553,50.72172881355931],[16.786415301045338,50.203167608286236],[17.213675993974533,50.49626741996232],[18.396859451316942,50.0340715630885],[18.758387729949362,49.97770621468925],[19.004884283562347,49.72969868173257],[18.972018076413946,50.19189453860639],[18.955584972839745,50.28207909604518]]]]}},{"type":"Feature","properties":{"name":"Ottoman Empire","abbrevname":"Ottoman Empi"},"geometry":{"type":"MultiPolygon","coordinates":[[[[39.16830236910579,17.206892655367227],[39.21760167982839,17.07161581920903],[39.414798922718774,16.338866290018828],[39.72702789062859,15.482112994350274],[40.00639065138998,15.110101694915244],[40.104989272835184,15.515932203389823],[40.59798238006118,14.918459510357806],[39.842059615648,14.1631638418079],[38.98753822978958,14.411171374764592],[38.248048568950594,15.019917137476455],[38.248048568950594,16.248681732580025],[39.16830236910579,17.206892655367227]]],[[[37.36066097594377,20.78045574387947],[37.45925959738898,19.66442184557438],[37.68932304742779,18.841487758945377],[37.96868580818918,18.661118644067784],[38.23161546537639,18.49202259887005],[38.72460857260239,18.176376647834275],[37.64002373670519,17.71418079096044],[36.65403752225319,18.08619209039547],[36.16104441502719,19.438960451977394],[36.900534075866176,20.419717514124287],[37.36066097594377,20.78045574387947]]],[[[18.70908841922676,42.379657250470814],[18.659789108504157,42.57129943502824],[18.462591865613746,42.638937853107336],[17.85456703336834,42.88694538606401],[17.755968411923135,42.93203766478342],[17.887433240516742,42.9771299435028],[17.85456703336834,43.06731450094162],[17.739535308348934,43.123679849340846],[17.460172547587547,43.46187193973634],[16.917880129638945,43.78879096045196],[16.901447026064744,43.867702448210906],[16.737115990322735,44.025525423728794],[16.589218058154955,44.05934463276836],[16.47418633313555,44.217167608286246],[16.392020815264544,44.2058945386064],[16.392020815264544,44.2735329566855],[15.99762632948375,45.141559322033885],[16.276989090245138,45.17537853107345],[16.556351851006553,45.01755555555556],[16.605651161729156,45.10774011299435],[16.67138357602593,45.17537853107345],[16.720682886748534,45.22047080979283],[17.098644268955155,45.25429001883239],[18.791253937097736,45.10774011299435],[18.922718765691343,45.06264783427494],[18.922718765691343,45.01755555555556],[18.988451179988147,45.00628248587569],[18.972018076413946,44.92737099811674],[19.03775049071075,44.87100564971752],[19.136349112155955,44.859732580037644],[19.21851463002696,44.87100564971752],[19.25138083717536,44.87100564971752],[19.21851463002696,44.9160979284369],[19.25138083717536,44.93864406779659],[19.333546355046337,44.93864406779659],[19.317113251472136,44.983736346516],[19.317113251472136,45.01755555555556],[19.333546355046337,45.051374764595096],[19.300680147897936,45.073920903954786],[19.300680147897936,45.15283239171373],[19.333546355046337,45.15283239171373],[19.38284566576894,45.186651600753294],[19.36641256219474,45.22047080979283],[19.629342219381954,45.209197740112984],[19.36641256219474,45.28810922787193],[19.300680147897936,45.36702071563087],[19.21851463002696,45.35574764595103],[19.21851463002696,45.47975141242938],[20.38526498379514,45.27683615819208],[20.549596019537148,44.97246327683615],[20.993289816040544,44.75827495291901],[21.552015337563347,44.90482485875705],[21.568448441137548,44.82591337099811],[21.78207878760216,44.81464030131826],[21.79851189117636,44.724455743879474],[22.061441548363547,44.701909604519756],[22.14360706623455,44.63427118644066],[22.340804309124962,44.53281355932202],[22.505135344866943,44.7131826741996],[22.62016706988635,44.769548022598855],[22.554434655589546,45.00628248587569],[22.685899484183153,45.75030508474575],[23.458255352170568,46.08849717514124],[25.72602364541015,45.817943502824846],[25.660291231113348,46.31395856873823],[26.05468571689417,46.68596986817326],[26.39978089195236,46.82124670433143],[26.498379513397566,47.22707721280602],[25.89035468115216,47.63290772128059],[25.446660884648765,47.70054613935969],[25.578125713242372,47.86964218455742],[25.988953302597366,47.97109981167608],[26.334048477655557,47.86964218455742],[26.56411192769437,48.14019585687382],[26.36691468480396,48.96312994350282],[27.188569863513976,48.692576271186425],[27.845894006481956,48.77148775894537],[27.91162642077876,48.45584180790959],[28.552517460172567,48.24165348399245],[28.503218149449964,48.15146892655366],[28.552517460172567,48.16274199623351],[28.58538366732097,48.15146892655366],[28.61824987446937,48.09510357815441],[28.63468297804357,48.11764971751413],[29.11124298169537,47.835822975517885],[29.209841603140575,47.56526930320149],[29.324873328159953,47.29471563088512],[29.63710229606977,46.8325197740113],[30.015063678276363,46.5168738229755],[30.261560231889376,46.302685499058384],[30.63952161409597,46.18995480225988],[29.83429953896018,45.772851224105466],[29.81786643538598,45.423386064030126],[29.916465056831157,45.27683615819208],[28.897612635230757,44.51026741996233],[28.716848495914576,43.75497175141243],[28.240288492262778,43.40550659133709],[28.09239056009497,43.078587570621465],[27.697996074314176,42.5374802259887],[27.697996074314176,42.41347645951035],[28.12525676724337,41.99637288135591],[28.306020906559553,41.613088512241035],[29.29200712101158,41.218531073446314],[29.029077463824365,40.93670433145007],[28.141689870817572,40.97052354048964],[27.681562970739975,40.98179661016948],[26.350481581229758,40.05740489642184],[26.761309170584752,40.51960075329566],[26.21901675263615,40.688696798493396],[25.21659743460995,41.038161958568736],[25.01940019171957,40.94797740112995],[24.723604327383953,40.89161205273069],[23.83621673437716,40.733789077212805],[24.49354087734517,40.19268173258004],[23.83621673437716,40.361777777777775],[24.00054777011917,40.00103954802259],[23.49112155931897,40.30541242937852],[23.80335052722876,39.95594726930318],[22.899529830647765,40.59851224105461],[22.702332587757354,40.51960075329566],[22.899529830647765,39.85448964218455],[23.441822248596367,39.223197740112994],[23.047427762815545,39.38102071563088],[23.080293969963947,39.04282862523539],[22.702332587757354,38.896278719397344],[24.16487880586115,38.16352919020716],[24.115579495138547,37.701333333333324],[23.704751905783553,38.08461770244821],[23.096727073538148,37.915521657250466],[23.62258638791255,37.48714500941618],[22.850230519925162,37.599875706214675],[23.178892591409152,36.63039171374764],[22.883096727073564,36.765668549905826],[22.587300862737948,36.54020715630884],[22.192906376957154,37.03622222222221],[21.979276030492542,36.84458003766477],[21.42055050896974,37.84788323917137],[22.11074085908615,38.28753295668548],[22.948829141370368,37.971887005649705],[23.32679052357696,38.174802259887],[22.538001552015345,38.44535593220337],[21.371251198247165,38.366444444444426],[20.976856712466343,38.86245951035781],[21.371251198247165,39.0202824858757],[20.41813119094354,39.42611299435026],[20.319532569498364,39.572662900188305],[20.286666362349962,39.617755178907714],[19.58004290865935,40.28286629001883],[19.810106358698164,41.782184557438796],[19.56360980508515,41.86109604519774],[19.119916008581754,42.23310734463277],[18.72552152280096,42.36838418079094],[18.70908841922676,42.379657250470814]]],[[[24.904368466700163,34.96197740112994],[23.721185009357754,35.288896421845564],[23.737618112931955,35.58199623352165],[25.87392157757796,35.36780790960451],[25.939653991874764,35.15361958568738],[26.481946409823365,35.33398870056496],[26.36691468480396,35.04088888888889],[24.904368466700163,34.96197740112994]]],[[[36.99913269731138,21.930308851224098],[35.45442096133658,21.389201506591334],[32.85799059661298,21.017190207156304],[31.85557127858678,21.29901694915253],[31.822705071438378,21.31029001883239],[30.86958506413478,21.930308851224098],[30.557356096224964,22.13322410546138],[29.63710229606977,22.685604519774003],[26.20258364906195,30.72330320150658],[25.463093988222965,31.456052730696797],[26.350481581229758,31.512418079096037],[29.554936778198766,30.82476082862523],[31.19824713561877,31.489871939736332],[32.808691285890376,30.98258380414312],[33.76181129319397,30.98258380414312],[33.90970922536178,31.016403013182668],[34.35340302186518,31.23059133709981],[35.175058200575165,32.95537099811675],[35.339389236317174,33.248470809792835],[35.91454786141418,34.330685499058376],[36.029579586433584,34.364504708097925],[36.062445793581986,34.51105461393597],[35.81594923996897,35.43544632768361],[36.029579586433584,35.89764218455743],[35.91454786141418,36.22456120527306],[36.01314648285938,36.31474576271185],[36.29250924362077,36.64166478342749],[36.09531200073039,36.78821468926553],[35.42155475418818,36.404930320150655],[34.862829232665376,36.66421092278719],[34.04117405395539,36.089284369114864],[33.36741680741318,35.98782674199623],[32.54576162870316,36.14564971751412],[31.576208517825364,36.731849340866276],[30.803852649837978,36.776941619585685],[30.606655406947567,36.13437664783427],[29.867165746108554,36.10055743879472],[29.209841603140575,36.709303201506586],[28.223855388688577,36.54020715630884],[28.207422285114376,36.92349152542373],[27.517231934997966,36.93476459510357],[27.730862281462578,37.1489529190207],[27.369334002830158,37.37441431261769],[27.336467795681756,37.90424858757062],[26.59697813484277,38.11843691148775],[26.679143652713776,38.45662900188324],[27.205002967088177,38.411536723163834],[26.89277399917836,38.65954425612051],[27.23786917423655,38.83991337099812],[26.810608481307355,39.268290018832374],[27.155703656365574,39.56138983050846],[26.268316063358753,39.47120527306967],[26.38334778837816,40.012312617702435],[26.974939517049364,40.39559698681731],[28.683982288766174,40.406870056497155],[29.259140913863178,40.35050470809793],[29.11124298169537,40.63233145009414],[30.080796092573166,40.76760828625234],[29.522070571050364,40.756335216572495],[29.357739535308355,41.22980414312616],[31.428310585657584,41.07198116760827],[32.89085680376138,41.86109604519774],[34.862829232665376,41.894915254237276],[35.20792440772357,42.06401129943501],[35.881681654265776,41.63563465160075],[37.45925959738898,41.04943502824858],[38.85607340119597,40.93670433145007],[39.349066508422,41.060708097928426],[40.20358789428039,40.97052354048964],[40.811612726525794,41.04943502824858],[41.501803076642176,41.29744256120526],[41.682567215958386,41.45526553672315],[42.22485963390699,41.42144632768361],[42.4549230839458,41.38762711864405],[42.55352170539098,41.42144632768361],[42.8986168804492,41.5792693032015],[43.07938101976538,41.567996233521654],[43.67097274843658,41.105800376647835],[43.687405852010784,41.09452730696799],[44.048934130643204,40.76760828625234],[44.065367234217405,40.67742372881355],[43.868169991326994,40.316685499058366],[43.884603094901195,40.12504331450094],[44.87058930935319,39.7755781544256],[44.83772310220479,39.67412052730697],[44.558360341443404,39.62902824858756],[44.5419272378692,39.42611299435026],[44.27899758068199,39.31338229755178],[44.32829689140459,38.715909604519766],[44.4761948235724,38.44535593220337],[44.525494134295,38.49044821092278],[44.65695896288858,38.40026365348399],[44.67339206646278,38.3100790960452],[44.410462409275596,37.881702448210916],[44.68982517003698,37.76897175141242],[44.67339206646278,37.47587193973634],[44.87058930935319,37.3067758945386],[44.9856210343726,37.2842297551789],[45.0020541379468,37.1489529190207],[45.31428310585659,36.51766101694915],[45.5607796594696,36.032919020715624],[45.593645866618004,35.942734463276835],[45.938741041676195,35.85254990583803],[46.41530104532799,35.79618455743879],[46.38243483817959,35.07470809792842],[45.87300862737939,34.63505838041431],[45.774410005934186,34.28559322033898],[45.70867759163738,33.8121242937853],[46.31670242388279,33.22592467043313],[46.33313552745699,32.786274952919015],[46.71109690966361,32.83136723163841],[47.26982243118641,32.414263653483985],[47.467019674076795,32.324079096045196],[47.94357967772859,31.918248587570616],[47.89428036700599,30.903672316384174],[48.23937554206421,30.89239924670433],[48.28867485278681,30.407657250470805],[48.76523485643861,30.01309981167607],[48.1079107134706,29.911642184557437],[48.0421782991738,29.517084745762702],[47.812114849134986,29.291623352165715],[48.33797416350939,29.28035028248587],[48.650203131419204,28.457416195856865],[49.0610307207742,27.54429755178907],[50.32637969598761,26.755182674199617],[50.1456155566714,25.977340866290007],[51.1644679782718,24.45547645951035],[50.77007349249101,23.86927683615818],[49.91555210663259,24.432930320150646],[49.6033231387228,26.0900715630885],[48.666636234993405,26.710090395480222],[47.87784726343179,28.457416195856865],[47.647783813393005,28.84070056497174],[46.71109690966361,28.987250470809784],[46.941160359702394,29.24653107344632],[47.1054913954444,29.449446327683603],[44.27899758068199,30.35129190207155],[40.23645410142879,34.40959698681732],[39.54626375131238,34.6125122410546],[38.248048568950594,34.6125122410546],[37.409960286666376,33.586662900188315],[36.73620304012417,31.174225988700556],[36.80193545442097,29.798911487758943],[37.574291322408385,27.97267419962334],[39.02040443693798,24.86130696798493],[40.844478933674196,24.173649717514124],[41.27173962660339,22.279774011299423],[42.011229287442376,21.727393596986815],[42.12626101246178,20.78045574387947],[41.02524307299038,19.69824105461393],[39.72702789062859,20.712817325800373],[39.36549961199617,21.231378531073446],[39.266900990550994,22.584146892655355],[38.52741132971198,23.84673069679849],[37.62359063313099,24.410384180790956],[37.42639339024058,25.18822598870055],[37.21276304377599,25.548964218455737],[36.867667868717774,26.03370621468926],[36.52257269365958,26.43953672316384],[35.32295613274297,28.085404896421835],[34.96142785411058,28.119224105461385],[35.27365682202037,29.223984934086616],[35.30652302916877,29.359261770244814],[35.191491304149366,29.483265536723152],[35.14219199342676,29.438173258003758],[34.96142785411058,29.269077212806025],[34.45200164331038,27.781032015065904],[33.71251198247137,28.34468549905837],[33.02232163235496,29.49453860640301],[32.85799059661298,29.866549905838028],[32.52932852512896,29.562177024482096],[35.38868854703978,24.4216572504708],[35.93098096498838,23.925642184557432],[35.668051307801164,23.733999999999995],[35.94741406856258,22.933612052730695],[36.99913269731138,21.930308851224098]]]]}},{"type":"Feature","properties":{"name":"Persia","abbrevname":"Persia"},"geometry":{"type":"Polygon","coordinates":[[[57.524079061487214,36.84458003766477],[58.32930113662303,36.461295668549894],[60.66280184415942,33.73321280602636],[61.04076322636601,33.586662900188315],[60.74496736203042,33.011736346516],[60.85999908704983,32.52699435028248],[60.92573150134663,31.940794726930307],[60.991463915643436,31.59132956685498],[61.02433012279181,29.855276836158183],[61.89528461222443,29.15634651600753],[64.24521842333502,28.34468549905837],[67.13744465239424,28.13049717514123],[66.49655361300043,25.515145009416187],[64.62317980554164,25.18822598870055],[64.26165152690922,25.41368738229754],[63.22636600173462,25.176952919020707],[62.010316337243836,25.075495291902058],[61.78025288720502,25.052949152542368],[60.67923494773362,25.312229755178905],[59.51248459396541,25.3573220338983],[58.95375907244261,25.548964218455737],[58.575797690236016,25.560237288135582],[57.45834664719041,25.808244821092273],[56.866754918519206,27.070828625235393],[55.63427215045422,26.980644067796604],[54.84548317889261,26.40571751412429],[53.087141096453195,27.070828625235393],[52.6105810928014,27.60066290018831],[51.558862464052595,28.051585687382286],[50.34281279956181,30.08073822975517],[49.718354863742206,30.035645951035775],[49.22536175651621,30.4527495291902],[48.76523485643861,30.01309981167607],[48.28867485278681,30.407657250470805],[48.23937554206421,30.89239924670433],[47.89428036700599,30.903672316384174],[47.94357967772859,31.918248587570616],[47.467019674076795,32.324079096045196],[47.26982243118641,32.414263653483985],[46.71109690966361,32.83136723163841],[46.33313552745699,32.786274952919015],[46.31670242388279,33.22592467043313],[45.70867759163738,33.8121242937853],[45.774410005934186,34.28559322033898],[45.87300862737939,34.63505838041431],[46.38243483817959,35.07470809792842],[46.41530104532799,35.79618455743879],[45.938741041676195,35.85254990583803],[45.593645866618004,35.942734463276835],[45.5607796594696,36.032919020715624],[45.31428310585659,36.51766101694915],[45.0020541379468,37.1489529190207],[44.9856210343726,37.2842297551789],[44.87058930935319,37.3067758945386],[44.67339206646278,37.47587193973634],[44.68982517003698,37.76897175141242],[44.410462409275596,37.881702448210916],[44.67339206646278,38.3100790960452],[44.65695896288858,38.40026365348399],[44.525494134295,38.49044821092278],[44.4761948235724,38.44535593220337],[44.32829689140459,38.715909604519766],[44.27899758068199,39.31338229755178],[44.5419272378692,39.42611299435026],[44.558360341443404,39.62902824858756],[44.83772310220479,39.67412052730697],[46.85899484183139,38.97519020715629],[49.24179486009041,39.16683239171374],[49.22536175651621,39.0202824858757],[49.20892865294201,38.896278719397344],[49.028164513625796,38.321352165725045],[49.0445976172,37.53223728813559],[50.24421417811661,37.239137476459504],[50.77007349249101,36.69803013182674],[51.6245948783494,36.472568738229754],[54.1881590359246,36.799487758945375],[54.270324553795604,36.95731073446326],[57.524079061487214,36.84458003766477]]]}},{"type":"Feature","properties":{"name":"central Asian khanates"},"geometry":{"type":"MultiPolygon","coordinates":[[[[78.62418405076005,37.74642561205272],[77.50673300771444,36.867126177024474],[76.68507782900446,36.66421092278719],[75.79769023599763,36.765668549905826],[75.00890126443605,36.96858380414312],[74.63093988222946,37.48714500941618],[73.05336193910625,37.87042937853107],[71.16355502807323,38.366444444444426],[70.91705847446025,38.3777175141243],[65.06687360204504,38.8850056497175],[61.43515771214683,39.8432165725047],[57.524079061487214,36.84458003766477],[54.270324553795604,36.95731073446326],[54.221025243073,37.36314124293784],[54.1881590359246,37.53223728813559],[54.138859725201996,38.174802259887],[54.270324553795604,38.91882485875706],[54.2374583466472,39.00900941619585],[53.448669375085615,39.31338229755178],[53.51440178938242,39.58393596986818],[53.99096179303422,39.50502448210921],[53.89236317158901,40.00103954802259],[53.1857397178984,39.944674199623336],[53.03784178573062,40.4857815442561],[53.267905235769405,41.07198116760827],[53.465102478659816,40.778881355932185],[54.61541972885382,40.67742372881355],[54.96051490391201,41.150892655367215],[53.941662482311614,42.15419585687383],[53.267905235769405,42.04146516007532],[53.1693066143242,41.150892655367215],[52.758479024969205,41.77091148775895],[52.97210937143382,42.774214689265534],[51.6245948783494,43.191318267419945],[51.1644679782718,44.217167608286246],[50.523576938877994,44.38626365348398],[50.737207285342606,44.656817325800375],[51.77249281051721,44.566632768361586],[51.29593280686541,44.89355178907721],[51.723193499794604,45.38956685499056],[53.48153558223402,45.34447457627118],[53.05427488930482,45.52484369114876],[53.38293696078881,46.87761205273068],[51.575295567626796,47.10307344632767],[51.96969005340762,47.4750847457627],[51.591728671201,48.11764971751413],[52.1011548820012,49.40277966101695],[51.32879901401381,50.43990207156307],[51.591728671201,51.082467043314495],[55.45350801113801,51.72503201506589],[58.542931483087614,50.9471902071563],[59.29885424750083,53.65272693032014],[64.65604601269004,53.59636158192089],[64.88610946272883,54.284018832391695],[73.20125987127403,55.32114124293784],[78.85424750079886,50.823186440677944],[81.68074131556125,50.3046252354049],[84.47436892317529,49.22241054613934],[83.32405167298128,48.298018832391705],[85.59181996622084,48.16274199623351],[81.41781165837403,46.57323917137475],[75.89628885744284,46.68596986817326],[74.64737298580366,46.47178154425612],[74.12151367142926,45.536116760828605],[76.68507782900446,38.29880602636533],[78.62418405076005,37.74642561205272]]],[[[44.83772310220479,39.67412052730697],[44.87058930935319,39.7755781544256],[43.884603094901195,40.12504331450094],[43.868169991326994,40.316685499058366],[44.065367234217405,40.67742372881355],[44.048934130643204,40.76760828625234],[43.687405852010784,41.09452730696799],[43.67097274843658,41.105800376647835],[43.07938101976538,41.567996233521654],[44.16396585566258,42.6051186440678],[44.4926279271466,42.62766478342749],[44.574793445017605,42.706576271186435],[44.62409275574021,42.751668549905844],[44.70625827361118,42.774214689265534],[45.067786552243604,42.684030131826745],[45.18281827726298,42.78548775894538],[45.593645866618004,42.638937853107336],[45.67581138448901,42.56002636534839],[46.0702058702698,42.49238794726929],[45.955174145250396,42.266926553672306],[46.250970009585984,42.06401129943501],[46.36600173460539,42.01891902071563],[46.69466380608941,41.985099811676065],[46.760396220386184,41.894915254237276],[47.0561920847218,41.849822975517895],[47.121924499018604,41.77091148775895],[47.43415346692839,41.590542372881345],[47.5491851919478,41.31998870056498],[48.19007623134161,41.241077212806005],[48.40370657780619,41.477811676082865],[48.42013968138039,41.48908474576271],[47.450586570502594,42.796760828625224],[47.69708312411561,43.59714877589454],[47.94357967772859,43.87897551789075],[47.76281553841241,43.02222222222221],[48.0421782991738,42.638937853107336],[48.42013968138039,42.30074576271187],[48.6173369242708,42.10910357815442],[48.88026658145799,41.849822975517895],[49.20892865294201,41.53417702448209],[49.32396037796141,41.4439924670433],[49.81695348518741,40.69996986817324],[50.6714748710458,40.339231638418084],[49.866252795910015,40.26032015065911],[49.685488656593805,39.31338229755178],[49.47185831012919,39.03155555555554],[49.24179486009041,39.16683239171374],[46.85899484183139,38.97519020715629],[44.83772310220479,39.67412052730697]]]]}},{"type":"Feature","properties":{"name":"Sweden","abbrevname":"Sweden","fips_code":"SW","wb_cntry":"SWE"},"geometry":{"type":"Polygon","coordinates":[[[11.379924225133522,59.086346516007524],[11.774318710914343,58.88343126177023],[11.807184918062745,59.58236158192091],[12.628840096772734,60.05583050847457],[12.382343543159749,60.968949152542365],[12.990368375405126,61.35223352165724],[12.283744921714543,61.712971751412425],[12.333044232437146,63.358839924670434],[13.05610078970193,63.91122033898304],[14.288583557766941,64.04649717514124],[13.92705527913455,64.56505838041431],[14.798009768567141,66.06437664783425],[16.424887022412946,66.84221845574388],[17.082211165380954,67.8567947269303],[17.279408408271337,67.9244331450094],[17.805267722645738,67.87934086629002],[18.117496690555555,67.87934086629002],[18.265394622723335,68.01461770244819],[18.298260829871737,68.10480225988701],[18.314693933445938,68.39790207156307],[18.38042634774274,68.48808662900188],[19.169215319304357,68.30771751412428],[20.040169808736948,68.18371374764595],[20.368831880220938,68.9728286252354],[20.993289816040544,68.9502824858757],[21.60131464828595,69.28847457627117],[22.27507189482816,68.9728286252354],[22.899529830647765,68.65718267419962],[24.279910530880557,68.73609416195856],[25.00296708814537,68.44299435028248],[26.317615374081356,69.6604858757062],[28.10882366366917,69.90849340866288],[29.324873328159953,69.50266290018831],[28.897612635230757,68.71354802259887],[30.13009540329577,69.36738606403011],[30.409458164057156,69.41247834274952],[29.752134021089176,67.9244331450094],[29.883598849682755,67.42841807909605],[29.883598849682755,66.87603766478341],[29.65353539964397,66.14328813559322],[30.080796092573166,63.80976271186441],[31.066782307025164,63.52793596986817],[30.83671885698638,62.58099811676081],[30.96818368557996,61.63406026365348],[30.015063678276363,61.26204896421845],[28.76614780663718,60.98022222222221],[28.733281599488777,60.64203013182674],[28.63468297804357,60.619483992467025],[27.122837449217172,60.33765725047081],[26.761309170584752,60.58566478342749],[26.05468571689417,60.134741996233515],[25.791756059706955,60.28129190207156],[23.869082941525562,59.852915254237274],[21.94640982334414,60.4278418079096],[21.27265257680196,62.62609039548022],[21.699913269731155,63.14465160075329],[22.488702241292742,63.223563088512236],[22.768065002054158,63.74212429378531],[23.030994659241344,63.595574387947266],[23.786917423654558,64.10286252354047],[25.52882640251977,64.82433898305084],[25.315196056055157,65.55708851224105],[24.14844570228695,65.81636911487757],[23.408956041447965,65.69236534839925],[22.850230519925162,65.95164595103577],[21.732779476879557,65.38799246704332],[21.25621947322776,64.23813935969866],[21.07545533391155,64.04649717514124],[18.068197379832952,62.8064595103578],[17.920299447665144,62.37808286252354],[17.49303875473595,62.456994350282486],[17.394440133290743,60.687122410546124],[18.133929794129756,60.60821092278718],[19.25138083717536,59.72891148775895],[18.23252841557496,59.37944632768361],[16.720682886748534,59.6049077212806],[17.772401515497336,59.23289642184557],[18.807687040671937,59.345627118644046],[18.150362897703957,58.928523540489635],[17.82170082621994,59.12016572504706],[17.558771169032752,58.7594274952919],[16.638517368877558,58.646696798493394],[16.98361254393575,58.06049717514122],[16.572784954580754,56.8430056497175],[16.227689779522535,56.36953672316383],[15.98119322590955,56.05389077212806],[14.863742182863945,56.132802259887],[14.321449764915343,55.36623352165725],[13.006801478979327,55.36623352165725],[13.187565618295537,55.681879472693026],[12.612406993198533,56.256806026365325],[13.07253389327613,56.52735969868172],[12.086547678824132,57.33902071563088],[11.971515953804726,57.68848587570619],[11.807184918062745,57.82376271186439],[11.379924225133522,59.086346516007524]]]}},{"type":"Feature","properties":{"name":"Poland","abbrevname":"Poland"},"geometry":{"type":"Polygon","coordinates":[[[29.209841603140575,47.56526930320149],[29.11124298169537,47.835822975517885],[28.63468297804357,48.11764971751413],[28.61824987446937,48.09510357815441],[28.58538366732097,48.15146892655366],[28.552517460172567,48.16274199623351],[28.503218149449964,48.15146892655366],[28.552517460172567,48.24165348399245],[27.91162642077876,48.45584180790959],[27.845894006481956,48.77148775894537],[27.188569863513976,48.692576271186425],[26.36691468480396,48.96312994350282],[26.284749166932954,49.1434990583804],[26.317615374081356,50.665363465160056],[25.87392157757796,50.46244821092279],[25.34806226320356,50.93591713747645],[24.756470534532355,50.89082485875704],[24.427808463048365,51.522116760828624],[24.247044323732155,51.522116760828624],[24.16487880586115,51.33047457627117],[23.885516045099763,51.6348474576271],[23.244625005705956,50.80064030131825],[23.228191902131755,50.992282485875705],[22.209339480531355,51.1275593220339],[21.864244305473164,50.8119133709981],[21.30551878395036,50.49626741996232],[19.793673255123963,49.966433145009404],[18.955584972839745,50.28207909604518],[18.85698635139454,50.665363465160056],[18.34756014059434,51.00355555555555],[17.755968411923135,51.66866666666667],[17.065778061806753,51.66866666666667],[16.704249783174333,52.198500941619585],[16.704249783174333,52.01813182674198],[15.964760122335349,52.27741242937853],[16.046925640206354,52.7283352165725],[17.00004564750995,52.750881355932194],[17.16437668325196,52.89743126177024],[17.920299447665144,52.95379661016949],[18.314693933445938,52.78470056497173],[18.396859451316942,53.20180414312617],[18.676222212078358,53.17925800376648],[18.758387729949362,52.965069679849336],[18.922718765691343,52.53669303201505],[19.087049801433352,52.53669303201505],[19.432144976491543,52.615604519773996],[19.20208152645276,53.145438794726914],[20.22093394805316,53.06652730696797],[20.303099465924163,53.20180414312617],[21.321951887524563,53.28071563088511],[23.014561555667143,53.821822975517875],[22.948829141370368,53.96837288135592],[22.899529830647765,54.43056873822974],[22.866663623499363,54.50948022598868],[22.866663623499363,54.588391713747626],[22.932396037796167,54.746214689265514],[23.030994659241344,54.80258003766477],[22.998128452092942,54.915310734463276],[22.83379741635096,54.960403013182656],[22.78449810562836,55.028041431261755],[21.880677409047365,55.36623352165725],[21.486282923266543,55.87352165725045],[21.141187748208353,56.08770998116759],[21.880677409047365,57.48557062146892],[22.768065002054158,57.63212052730697],[23.62258638791255,56.910644067796596],[24.54284018806777,57.18119774011299],[24.52640708449357,57.350293785310726],[27.94449262792716,56.696455743879454],[28.059524352946568,56.22298681732579],[31.033916099876762,55.749517890772125],[31.14894782489617,55.028041431261755],[30.557356096224964,53.60763465160073],[31.033916099876762,51.34174764595102],[30.803852649837978,50.63154425612052],[29.60423608892137,50.0340715630885],[31.280412653489776,48.61366478342748],[30.195827817592573,48.61366478342748],[29.209841603140575,47.56526930320149]]]}},{"type":"Feature","properties":{"name":"Russian Empire","abbrevname":"Russia"},"geometry":{"type":"MultiPolygon","coordinates":[[[[28.733281599488777,60.64203013182674],[28.76614780663718,60.98022222222221],[30.015063678276363,61.26204896421845],[30.96818368557996,61.63406026365348],[30.83671885698638,62.58099811676081],[31.066782307025164,63.52793596986817],[30.080796092573166,63.80976271186441],[29.65353539964397,66.14328813559322],[29.883598849682755,66.87603766478341],[29.883598849682755,67.42841807909605],[29.752134021089176,67.9244331450094],[30.409458164057156,69.41247834274952],[30.47519057835396,69.42375141242937],[31.263979549915575,69.6604858757062],[31.52690920710276,69.68303201506589],[32.282831971515975,69.89722033898303],[33.51531473958099,69.0855593220339],[35.63518510065279,69.16447080979285],[37.44282649381478,68.8150056497175],[38.87250650477017,68.16116760828623],[41.02524307299038,67.67642561205273],[41.4525037659196,66.95494915254235],[40.18715479070619,66.22219962335217],[38.248048568950594,66.01928436911487],[35.98028027571098,66.2785649717514],[32.84155749303878,67.06767984934086],[32.43072990368378,67.01131450094161],[32.956589218058184,66.66184934086627],[34.74779750764597,66.01928436911487],[34.501300954032985,65.41053860640301],[35.09289268270419,64.38468926553671],[37.60715752955679,63.764670433145],[38.264481672524795,64.14795480225987],[37.19632994020179,64.41850847457627],[37.081298215182386,65.08361958568736],[40.53224996576438,64.4748738229755],[40.154288583557786,65.60218079096043],[42.4220568767974,66.42511487758944],[44.26256447710779,66.0531035781544],[44.048934130643204,68.48808662900188],[46.0702058702698,68.39790207156307],[46.84256173825719,67.7215178907721],[45.067786552243604,67.32696045197738],[46.612498288218404,66.74076082862521],[47.77924864198661,66.83094538606403],[48.28867485278681,67.57496798493409],[52.446250057059416,68.56699811676083],[52.922810060711214,68.36408286252353],[53.7115990322728,68.8375517890772],[53.51440178938242,68.14989453860639],[54.96051490391201,68.07098305084745],[55.53567352900902,68.49935969868173],[57.57337837220982,68.47681355932201],[58.97019217601681,68.87137099811676],[59.97261149404301,68.31899058380412],[61.139361847811216,68.8375517890772],[60.58063632628841,69.48011676082862],[61.23796046925642,69.76194350282483],[63.62076048751544,69.57030131826741],[67.36750810243302,68.66845574387946],[68.02483224540103,68.38662900188322],[68.58355776692383,68.1949868173258],[69.30661432418864,68.84882485875704],[68.46852604190443,68.96155555555555],[67.97553293467843,69.57030131826741],[67.08814534167163,69.63793973634651],[67.59757155247183,70.6186967984934],[66.87451499520702,70.87797740112993],[68.51782535262703,71.65581920903955],[69.55311087780163,72.85076459510356],[73.05336193910625,72.65912241054613],[72.00164331035745,71.45290395480225],[72.88903090336424,70.84415819209039],[72.83973159264164,68.82627871939735],[73.59565435705485,68.39790207156307],[71.75514675674444,66.72948775894537],[69.29018122061444,66.70694161958568],[69.96393846715665,66.34620338983049],[72.41247089971245,66.1883804143126],[73.89145022139044,66.88731073446326],[74.94316885013924,67.69897175141242],[74.59807367508105,68.36408286252353],[75.12393298945545,68.72482109227872],[76.86584196832064,68.69100188323915],[77.29310266124986,67.54114877589453],[78.67348336148268,67.49605649717512],[77.68749714703063,67.82297551789077],[78.21335646140506,68.27389830508474],[77.60533162915965,68.9502824858757],[74.12151367142926,69.17574387947269],[74.45017574291325,70.58487758945384],[73.41489021773864,71.47545009416194],[75.12393298945545,72.05037664783427],[75.22253161090066,72.73803389830508],[75.87985575386864,71.21616949152542],[78.80494819007623,70.86670433145008],[78.34482128999866,71.38526553672315],[76.53717989683668,71.7347306967985],[77.99972611494047,71.79109604519772],[78.29552197927603,72.19692655367231],[79.42940612589587,72.2871111111111],[81.63144200483868,71.63327306967983],[83.02825580864567,71.6670922787194],[82.25589994065825,70.4383276836158],[82.88035787647789,70.85543126177024],[83.24188615511025,70.25795856873822],[83.88277719450406,70.47214689265536],[83.76774546948468,71.64454613935968],[81.18774820833528,72.46748022598868],[80.82621992970286,73.51587570621467],[84.81946409823348,73.76388323917138],[85.19742548044007,73.59478719397362],[86.69283790569227,73.8878870056497],[86.33130962705985,73.47078342749529],[87.35016204866025,73.61733333333333],[87.69525722371844,74.9813747645951],[94.8929565892181,76.19886629001883],[96.8649290181221,75.87194726930318],[99.67498972931031,75.98467796610169],[101.59766284749168,76.63851600753296],[101.8934587118273,77.2247156308851],[104.14479390149268,77.60799999999998],[105.6566394303191,77.46145009416196],[104.90071666590592,76.94288888888889],[107.36568220203588,76.96543502824858],[106.6097594376227,76.4468738229755],[109.86351394531431,76.70615442561206],[113.7417263888255,76.10868173258004],[113.82389190669653,75.28574764595103],[105.47587529100292,72.77185310734461],[110.19217601679833,73.45951035781545],[110.7509015383211,74.05698305084744],[111.96695120281191,73.67369868173256],[113.42949742091571,73.76388323917138],[113.75815949239973,73.22277589453859],[114.3826174282193,73.57224105461393],[116.88044917149773,73.63987947269302],[118.67165746108554,73.53842184557439],[118.70452366823395,73.05367984934085],[120.77509471858315,72.85076459510356],[123.09216232254533,72.77185310734461],[124.42324371205552,73.71879096045197],[125.91865613730772,73.41441807909604],[127.92349477336012,73.41441807909604],[128.72871684849594,72.97476836158191],[126.31305062308854,72.29838418079095],[127.62769890902456,72.16310734463275],[130.98005203816132,70.69760828625235],[132.75482722417496,71.82491525423728],[134.44743689231757,71.28380790960452],[136.05788104258914,71.56563465160073],[137.83265622860273,71.09216572504707],[138.65431140731278,71.62199999999999],[139.95252658967456,71.41908474576269],[140.05112521111977,72.25329190207157],[139.18017072168715,72.23074576271185],[141.61227005066877,72.80567231638418],[145.80271146208975,72.44493408662899],[145.0303555941024,72.16310734463275],[145.86844387638655,72.1743804143126],[145.88487697996078,71.9489190207156],[144.997489386954,71.61072693032014],[147.11735974802576,72.219472693032],[149.73022321632357,72.03910357815442],[148.90856803761358,71.64454613935968],[151.32423426302097,71.27253483992467],[152.34308668462137,70.6863352165725],[156.25416533528102,71.00198116760828],[158.6040991463916,70.83288512241054],[161.06906468252157,69.09683239171375],[162.31798055416078,69.57030131826741],[163.92842470443242,69.69430508474576],[166.50842196558182,69.38993220338983],[167.52727438718222,69.67175894538605],[169.59784543753142,68.73609416195856],[171.04395855206104,68.93900941619586],[170.2551695804994,69.62666666666667],[170.64956406628022,70.03249717514123],[173.2131282238554,69.70557815442561],[175.80955858857902,69.7957627118644],[179.49057378919986,69.16447080979285],[180.00000000000006,68.93900941619586],[180.00000000000006,67.98079849340866],[180.00000000000006,66.97749529190207],[180.00000000000006,65.98546516007531],[180.00000000000006,65.39926553672316],[180.00000000000006,65.33162711864406],[180.00000000000006,65.07234651600751],[180.00000000000006,64.97088888888888],[178.20879171041224,64.56505838041431],[177.33783722097962,64.94834274952919],[176.17108686721144,64.92579661016947],[176.10535445291464,64.56505838041431],[178.35668964258002,64.17050094161957],[178.27452412470905,63.44902448210922],[179.44127447847723,62.547178907721275],[178.94828137125126,62.32171751412429],[177.042041356644,62.69372881355932],[176.74624549230845,62.40062900188323],[172.7037020130552,61.28459510357814],[170.27160268407363,59.89800753295668],[168.87478888026664,60.47293408662898],[167.31364404071763,60.2925649717514],[166.22905920482043,59.72891148775895],[166.4098233441366,60.37147645951035],[164.7829460902908,59.68381920903954],[164.306386086639,60.089649717514106],[163.5997626329484,59.830369114877584],[163.10676952572243,58.905977401129945],[162.005751586251,58.116862523540476],[162.18651572556718,57.7335781544256],[163.2875336650386,57.64339359698681],[162.7123750399416,57.045920903954794],[163.36969918290959,56.121529190207156],[162.97530469712882,55.929887005649704],[162.9260053864062,56.35826365348399],[162.5151777970512,56.256806026365325],[161.70995572191538,55.309868173257996],[162.0714840005478,54.57711864406778],[160.2309764002374,54.171288135593215],[159.8365819144566,53.72036534839924],[160.0995115716438,53.25816949152542],[158.6698315606884,52.84106591337098],[158.45620121422377,52.02940489642182],[156.89505637467477,50.96973634651599],[155.90907016022277,53.821822975517875],[155.8269046423518,56.279352165725044],[156.76359154608122,56.96700941619585],[156.9772218925458,57.5983013182674],[158.52193362852057,58.04922410546138],[162.02218468982522,60.28129190207156],[163.5340302186516,60.70966854990584],[164.2077874651938,62.152621468926554],[165.48956954398142,62.31044444444444],[165.27593919751678,62.456994350282486],[163.1889350435934,62.34426365348398],[162.9588715935546,61.622787193973636],[160.32957502168261,60.58566478342749],[160.444606746702,60.968949152542365],[159.95161363947602,61.11549905838041],[160.32957502168261,61.76933709981168],[157.02652120326837,61.57769491525423],[155.94193636737117,60.574391713747644],[154.1507280777834,59.58236158192091],[155.103848085087,59.12016572504706],[151.55429771305978,58.70306214689265],[151.25850184872417,58.93979661016948],[152.06372392385998,59.07507344632768],[151.73506185237596,59.35690018832392],[149.92742045921398,59.61618079096044],[148.92500114118775,59.49217702448209],[148.61277217327796,59.108892655367214],[146.50933491578036,59.300534839924666],[146.16423974072217,58.996161958568734],[145.6055142191994,59.345627118644046],[143.04195006162416,59.28926177024482],[137.43826174282196,55.9975254237288],[135.10476103528555,54.73494161958567],[135.30195827817596,54.45311487758946],[136.69877208198295,54.47566101694915],[136.69877208198295,53.67527306967983],[137.58615967498974,53.821822975517875],[137.43826174282196,53.472357815442564],[136.37011001049893,53.032708097928435],[134.89113068882097,52.965069679849336],[134.44743689231757,53.48363088512241],[133.62578171360752,52.67196986817325],[132.22896790980053,52.44650847457626],[131.34158031679374,53.92328060263654],[130.74998858812256,53.92328060263654],[131.11151686675493,55.25350282485874],[130.60209065595473,56.0651638418079],[129.40247409503814,56.888097928436906],[128.36718856986352,56.74154802259886],[125.11343406217196,56.22298681732579],[123.71662025836491,56.43717514124293],[122.89496507965492,55.9975254237288],[122.15547541881591,55.91861393596986],[121.94184507235133,55.400052730696785],[121.49815127584793,55.1069529190207],[121.41598575797696,54.73494161958567],[121.12018989364134,54.52075329566853],[121.12018989364134,53.85564218455744],[121.85967955448035,53.776730696798495],[121.87611265805452,53.3709001883239],[121.39955265440273,53.337080979284366],[120.19993609348614,52.71706214689266],[120.9722919614735,52.49160075329567],[120.95585885789933,52.02940489642182],[119.3782809147761,50.72172881355931],[119.49331263979553,50.14680225988701],[117.8500022823755,49.60569491525422],[116.9626146893687,49.943887005649714],[115.9437622677683,49.876248587570615],[114.30045191034833,50.293352165725025],[112.7228739672251,49.481691148775894],[110.40580636326291,49.25622975517891],[108.63103117724933,49.53805649717512],[106.52759391975172,50.42862900188322],[105.36084356598349,50.46244821092279],[103.5860683799699,50.2369868173258],[102.84657871913089,50.47372128060263],[101.97562422969827,51.44320527306968],[99.11626420778748,52.05195103578154],[97.8180490254257,52.16468173258002],[97.52225316109008,52.84106591337098],[96.07614004656051,53.81054990583803],[95.38594969644407,53.81054990583803],[93.7755055461725,52.36759698681732],[92.7895193317205,52.41268926553673],[92.16506139590086,51.58975517890772],[90.29168758844207,51.58975517890772],[85.80545031268548,48.252926553672296],[85.59181996622084,48.16274199623351],[83.32405167298128,48.298018832391705],[84.47436892317529,49.22241054613934],[81.68074131556125,50.3046252354049],[78.85424750079886,50.823186440677944],[73.20125987127403,55.32114124293784],[64.88610946272883,54.284018832391695],[64.65604601269004,53.59636158192089],[59.29885424750083,53.65272693032014],[58.542931483087614,50.9471902071563],[55.45350801113801,51.72503201506589],[51.591728671201,51.082467043314495],[51.32879901401381,50.43990207156307],[52.1011548820012,49.40277966101695],[51.591728671201,48.11764971751413],[51.96969005340762,47.4750847457627],[51.575295567626796,47.10307344632767],[49.73478796731641,46.56196610169491],[48.978865202903194,45.89685499058379],[47.82854795270919,45.75030508474575],[47.072625188296,44.701909604519756],[47.69708312411561,43.59714877589454],[47.450586570502594,42.796760828625224],[48.42013968138039,41.48908474576271],[48.40370657780619,41.477811676082865],[48.19007623134161,41.241077212806005],[47.5491851919478,41.31998870056498],[47.43415346692839,41.590542372881345],[47.121924499018604,41.77091148775895],[47.0561920847218,41.849822975517895],[46.760396220386184,41.894915254237276],[46.69466380608941,41.985099811676065],[46.36600173460539,42.01891902071563],[46.250970009585984,42.06401129943501],[45.955174145250396,42.266926553672306],[46.0702058702698,42.49238794726929],[45.67581138448901,42.56002636534839],[45.593645866618004,42.638937853107336],[45.18281827726298,42.78548775894538],[45.067786552243604,42.684030131826745],[44.70625827361118,42.774214689265534],[44.62409275574021,42.751668549905844],[44.574793445017605,42.706576271186435],[44.4926279271466,42.62766478342749],[44.16396585566258,42.6051186440678],[43.07938101976538,41.567996233521654],[42.8986168804492,41.5792693032015],[42.55352170539098,41.42144632768361],[42.4549230839458,41.38762711864405],[42.22485963390699,41.42144632768361],[41.682567215958386,41.45526553672315],[41.8797644588488,41.80473069679849],[41.321038937325994,43.03349529190206],[40.302186515725595,43.39423352165724],[37.98511891176338,44.75827495291901],[37.67288994385359,44.7131826741996],[37.16346373305339,45.24301694915255],[37.87008718674397,45.36702071563087],[38.19874925822799,46.02085875706214],[38.65887615830559,46.09977024482109],[37.96868580818918,46.61833145009416],[39.48053133701558,47.091800376647825],[39.36549961199617,47.28344256120528],[38.412379604692575,47.17071186440677],[35.83238234354317,46.53941996233522],[35.42155475418818,46.652150659133696],[35.10932578627839,46.29141242937851],[34.04117405395539,46.21250094161957],[35.24079061487197,45.54738983050848],[35.27365682202037,45.35574764595103],[36.719769936549966,45.400839924670436],[36.47327338293698,45.119013182674195],[35.58588578993019,45.096467043314505],[34.22193819327157,44.51026741996233],[33.59748025745196,44.62299811676081],[33.76181129319397,44.94991713747646],[33.59748025745196,45.26556308851224],[32.71009266444517,45.45720527306966],[33.84397681106498,45.9419472693032],[33.72894508604557,46.15613559322034],[32.39786369653538,46.18995480225988],[32.15136714292237,46.87761205273068],[31.033916099876762,46.59578531073444],[30.63952161409597,46.18995480225988],[30.261560231889376,46.302685499058384],[30.015063678276363,46.5168738229755],[29.63710229606977,46.8325197740113],[29.324873328159953,47.29471563088512],[29.209841603140575,47.56526930320149],[30.195827817592573,48.61366478342748],[31.280412653489776,48.61366478342748],[29.60423608892137,50.0340715630885],[30.803852649837978,50.63154425612052],[31.033916099876762,51.34174764595102],[30.557356096224964,53.60763465160073],[31.14894782489617,55.028041431261755],[31.033916099876762,55.749517890772125],[28.059524352946568,56.22298681732579],[27.94449262792716,56.696455743879454],[24.52640708449357,57.350293785310726],[24.54284018806777,57.880128060263644],[24.707171223809752,58.229593220338984],[23.869082941525562,58.26341242937852],[23.62258638791255,59.13143879472693],[25.660291231113348,59.51472316384181],[27.91162642077876,59.31180790960451],[28.223855388688577,59.4696308851224],[28.141689870817572,59.66127306967985],[29.27557401743738,59.92055367231637],[30.16296161044417,59.75145762711864],[29.883598849682755,60.14601506591336],[28.76614780663718,60.21365348399246],[28.733281599488777,60.64203013182674]]],[[[57.16255078285482,73.36932580037663],[54.86191628246681,73.49332956685498],[54.221025243073,73.7526101694915],[56.09439905053182,74.12462146892653],[57.195416990003224,75.28574764595103],[61.500890126443636,76.25523163841808],[63.012735655270035,76.19886629001883],[68.66572328479484,76.94288888888889],[68.53425845620123,76.33414312617703],[60.66280184415942,75.17301694915253],[60.21910804765602,74.68827495291902],[59.052357693887814,74.7108210922787],[58.93732596886841,74.30499058380414],[57.60624457935822,74.06825612052731],[57.16255078285482,73.36932580037663]]],[[[52.80777833569181,72.76058003766477],[53.7115990322728,73.15513747645949],[56.718856986351426,73.18895668549905],[55.71643766832523,72.12928813559321],[57.44191354361621,70.70888135593219],[55.207011457525,70.53978531073446],[53.92522937873741,70.77651977401129],[54.54968731455702,71.21616949152542],[52.758479024969205,71.61072693032014],[52.01898936413022,71.49799623352166],[51.78892591409141,72.00528436911486],[53.284338339343606,72.4900263653484],[52.80777833569181,72.76058003766477]]]]}},{"type":"Feature","properties":{"name":"Maratha Confederacy","abbrevname":"Maratha Con."},"geometry":{"type":"Polygon","coordinates":[[[87.02149997717629,21.20883239171374],[87.05436618432469,20.893186440677965],[86.84073583786005,20.216802259887004],[85.57538686264667,19.619329566854987],[85.31245720545945,19.4615065913371],[84.63869995891724,21.096101694915248],[83.94850960880086,21.096101694915248],[83.45551650157483,20.915732580037655],[83.20901994796185,20.577540489642175],[82.58456201214227,20.239348399246694],[81.79577304058068,18.5258418079096],[81.53284338339347,18.08619209039547],[81.20418131190945,17.962188323917132],[80.92481855114806,18.165103578154415],[80.99055096544487,18.446930320150656],[80.69475510110925,18.604753295668544],[80.53042406536724,19.472779661016943],[80.28392751175426,19.495325800376648],[80.25106130460586,19.653148775894536],[80.07029716528967,19.653148775894536],[80.11959647601225,19.88988323917137],[79.57730405806365,19.73206026365348],[79.42940612589587,19.912429378531073],[79.19934267585705,19.777152542372875],[79.01857853654087,19.88988323917137],[78.75564887935366,19.73206026365348],[78.75564887935366,19.495325800376648],[78.45985301501804,19.529145009416183],[78.32838818642443,19.29241054613935],[78.01615921851464,19.213499058380407],[78.09832473638568,18.83021468926553],[77.93399370064367,18.446930320150656],[78.14762404710825,18.266561205273064],[78.09832473638568,18.007280602636527],[76.91514127904327,17.206892655367227],[76.98087369334007,16.395231638418068],[76.70151093257863,15.955581920903953],[76.61934541470765,15.132647834274948],[76.33998265394627,14.817001883239172],[75.86342265029444,14.670451977401129],[75.46902816451365,14.63663276836158],[75.18966540375226,14.309713747645944],[74.63093988222946,14.388625235404888],[74.77883781439724,14.523902071563086],[74.72953850367463,14.850821092278707],[74.35157712146804,14.862094161958566],[74.23654539644863,15.076282485875694],[73.77641849637104,16.057039548022587],[73.61208746062906,16.57560075329566],[73.26699228557084,18.05237288135592],[73.05336193910625,19.2585913370998],[72.98762952480945,19.968794726930312],[73.06979504268045,20.329532956685497],[73.31629159629344,20.701544256120513],[73.31629159629344,20.848094161958556],[73.13552745697726,20.97209792843691],[72.90546400693844,22.14449717514124],[72.42890400328665,22.031766478342746],[72.33030538184144,21.175013182674192],[71.06495640662803,20.667725047080978],[70.40763226366005,20.96082485875705],[69.09298397772403,22.302320150659128],[70.17756881362124,22.369958568738227],[70.58839640297623,22.87724670433144],[70.50623088510523,22.84342749529189],[71.96877710320905,23.733999999999995],[72.95476331766105,23.733999999999995],[74.95960195371345,22.708150659133707],[75.60049299310725,22.708150659133707],[78.80494819007623,24.85003389830507],[80.25106130460586,25.492598870056483],[80.72762130825765,26.12389077212805],[81.23704751905785,26.518448210922784],[81.61500890126445,26.214075329566853],[82.25589994065825,25.616602636534836],[82.69959373716165,25.492598870056483],[82.91322408362623,25.23331826741996],[83.17615374081345,25.007856873822973],[83.58698133016844,25.278410546139355],[83.80061167663308,25.120587570621467],[83.70201305518788,24.64711864406779],[83.84991098735566,24.432930320150646],[84.39220340530426,24.354018832391702],[84.63869995891724,24.331472693032012],[84.63869995891724,25.064222222222213],[85.54252065549827,24.906399246704325],[85.54252065549827,24.331472693032012],[85.90404893413069,24.4892956685499],[86.16697859131784,24.21874199623352],[86.16697859131784,23.903096045197728],[86.52850686995026,23.508538606403008],[86.95576756287949,22.865973634651596],[87.02149997717629,21.20883239171374]]]}},{"type":"Feature","properties":{"name":"Indian princely states"},"geometry":{"type":"Polygon","coordinates":[[[83.17615374081345,25.007856873822973],[82.91322408362623,25.23331826741996],[82.69959373716165,25.492598870056483],[82.25589994065825,25.616602636534836],[81.61500890126445,26.214075329566853],[81.23704751905785,26.518448210922784],[80.72762130825765,26.12389077212805],[80.25106130460586,25.492598870056483],[78.80494819007623,24.85003389830507],[75.60049299310725,22.708150659133707],[74.95960195371345,22.708150659133707],[72.95476331766105,23.733999999999995],[71.96877710320905,23.733999999999995],[70.50623088510523,22.84342749529189],[69.30661432418864,22.91106591337099],[69.09298397772403,23.01252354048964],[68.27132879901404,23.6889077212806],[67.69617017391704,23.948188323917137],[67.35107499885882,24.669664783427493],[66.85808189163282,24.804941619585676],[66.62801844159404,25.503871939736342],[66.49655361300043,25.515145009416187],[67.13744465239424,28.13049717514123],[68.02483224540103,29.201438794726926],[69.86533984571145,32.448082862523535],[73.36559090701604,36.032919020715624],[74.63093988222946,37.48714500941618],[75.00890126443605,36.96858380414312],[75.79769023599763,36.765668549905826],[76.68507782900446,36.66421092278719],[77.50673300771444,36.867126177024474],[78.62418405076005,37.74642561205272],[79.36367371159906,37.18277212806025],[79.52800474734107,35.694726930320144],[79.82380061167663,34.15031638418078],[80.38252613319946,31.59132956685498],[81.64787510841285,30.41893032015065],[81.46711096909667,30.04691902071562],[81.22061441548368,30.261107344632762],[80.74405441183188,29.855276836158183],[80.61258958323828,29.798911487758943],[80.61258958323828,29.64108851224104],[80.51399096179307,29.517084745762702],[80.54685716894147,29.33671563088511],[80.30036061532843,28.964704331450093],[80.80978682612863,28.727969868173247],[81.10558269046425,28.50250847457626],[83.01182270507144,27.555570621468917],[83.38978408727809,27.476659133709973],[83.52124891587164,27.386474576271183],[83.63628064089107,27.521751412429367],[83.86634409092989,27.521751412429367],[84.07997443739447,27.39774764595103],[84.14570685169127,27.014463276836153],[84.40863650887849,26.732636534839912],[84.65513306249147,26.383171374764586],[84.31003788743328,26.0900715630885],[83.11042132651664,26.540994350282475],[83.01182270507144,26.168983050847444],[82.79819235860685,25.909702448210922],[83.17615374081345,25.59405649717513],[83.17615374081345,25.007856873822973]]]}},{"type":"Feature","properties":{"name":"India","abbrevname":"India"},"geometry":{"type":"Polygon","coordinates":[[[87.02149997717629,21.20883239171374],[86.95576756287949,22.865973634651596],[86.52850686995026,23.508538606403008],[86.16697859131784,23.903096045197728],[86.16697859131784,24.21874199623352],[85.90404893413069,24.4892956685499],[85.54252065549827,24.331472693032012],[85.54252065549827,24.906399246704325],[84.63869995891724,25.064222222222213],[84.63869995891724,24.331472693032012],[84.39220340530426,24.354018832391702],[83.84991098735566,24.432930320150646],[83.70201305518788,24.64711864406779],[83.80061167663308,25.120587570621467],[83.58698133016844,25.278410546139355],[83.17615374081345,25.007856873822973],[83.17615374081345,25.59405649717513],[82.79819235860685,25.909702448210922],[83.01182270507144,26.168983050847444],[83.11042132651664,26.540994350282475],[84.31003788743328,26.0900715630885],[84.65513306249147,26.383171374764586],[84.40863650887849,26.732636534839912],[84.14570685169127,27.014463276836153],[84.07997443739447,27.39774764595103],[84.34290409458168,27.555570621468917],[84.85233030538188,27.386474576271183],[84.91806271967869,27.285016949152535],[84.86876340895606,27.082101694915252],[85.57538686264667,26.77772881355932],[85.83831651983388,26.90173258003766],[85.98621445200166,26.86791337099811],[86.10124617702104,26.608632768361574],[86.28201031633728,26.710090395480222],[86.59423928424707,26.642451977401123],[86.97220066645366,26.484629001883235],[87.25156342721505,26.61990583804142],[87.54735929155066,26.40571751412429],[88.30328205596385,26.46208286252353],[88.43474688455746,26.77772881355932],[88.81270826676405,26.653725047080968],[89.07563792395126,26.92427871939735],[89.35500068471265,26.845367231638406],[89.60149723832569,26.811548022598856],[89.99589172410646,26.710090395480222],[90.04519103482909,26.698817325800363],[90.52175103848089,26.879186440677955],[90.80111379924227,26.80027495291901],[91.35983932076505,26.76645574387946],[91.03117724928109,26.37189830508474],[90.89971242068748,25.853337099811668],[91.7706669101201,26.06752542372881],[91.63920208152649,25.808244821092273],[91.7706669101201,25.71806026365347],[91.68850139224907,25.503871939736342],[91.63920208152649,25.278410546139355],[91.95143104943628,25.01912994350282],[91.72136759939747,25.01912994350282],[91.7706669101201,24.36529190207156],[91.45843794221025,24.139830508474574],[91.68850139224907,24.106011299435025],[92.03359656730726,23.74527306967984],[92.03359656730726,23.576177024482107],[92.11576208517829,23.531084745762698],[92.2472269137719,23.71145386064029],[92.3786917423655,23.44090018832391],[92.47729036381065,22.967431261770244],[92.74022002099787,22.60669303201506],[92.70735381384947,22.121951035781535],[92.80595243529467,21.40047457627118],[92.32939243164287,21.017190207156304],[92.05002967088149,21.930308851224098],[91.7706669101201,22.561600753295664],[91.60633587437809,22.741969868173257],[91.11334276715206,22.57287382297551],[90.8175469028165,22.97870433145009],[90.76824759209387,23.00125047080978],[90.85041310996485,22.155770244821085],[90.47245172775825,21.7950320150659],[90.07805724197749,22.155770244821085],[89.88085999908708,21.73866666666666],[89.6672296526225,21.964128060263647],[89.09207102752549,21.535751412429377],[88.76340895604147,21.907762711864393],[88.50047929885426,21.569570621468927],[88.31971515953808,21.885216572504703],[88.25398274524127,21.952854990583802],[87.02149997717629,21.20883239171374]]]}}]}