{
  "type": "FeatureCollection",
  "features": [
    {
      "type": "Feature",
      "properties": {
        "Name": "Spanish Empire",
        "FromYear": 1579,
        "ToYear": 1581,
        "Area": 4517465.629961401,
        "Type": "POLITY",
        "Wikipedia": "Spanish Empire",
        "Wikidata": "Q80702",
        "SeshatID": "es_spanish_emp_1",
        "Components": "",
        "MemberOf": "(Spanish Empire)",
        "displayYear": 1581,
        "sourceYear": 1581,
        "mappedTerritoryId": "cliopatria_spanish_empire"
      },
      "geometry": {
        "type": "MultiPolygon",
        "coordinates": [
          [
            [
              [
                -74.03033447265625,
                -42.438514709472656
              ],
              [
                -73.46094512939453,
                -42.24354934692383
              ],
              [
                -73.69035339355469,
                -42.56853485107422
              ],
              [
                -73.72048950195312,
                -42.63356018066406
              ],
              [
                -73.64039611816406,
                -42.63356018066406
              ],
              [
                -73.65098571777344,
                -42.82868576049805
              ],
              [
                -74.10157012939453,
                -42.763633728027344
              ],
              [
                -74.03033447265625,
                -42.438514709472656
              ]
            ]
          ],
          [
            [
              [
                -75.3443374633789,
                -10.836090087890625
              ],
              [
                -75.33930206298828,
                -10.771801948547363
              ],
              [
                -75.26614379882812,
                -10.771801948547363
              ],
              [
                -75.27117156982422,
                -10.836090087890625
              ],
              [
                -75.3443374633789,
                -10.836090087890625
              ]
            ]
          ],
          [
            [
              [
                -105.2906265258789,
                23.107707977294922
              ],
              [
                -104.86127471923828,
                22.85055923461914
              ],
              [
                -104.81925964355469,
                22.657697677612305
              ],
              [
                -105.01478576660156,
                22.529123306274414
              ],
              [
                -104.9872055053711,
                22.400548934936523
              ],
              [
                -104.71710205078125,
                22.529123306274414
              ],
              [
                -104.33769989013672,
                22.143402099609375
              ],
              [
                -104.11459350585938,
                22.143402099609375
              ],
              [
                -104.08074951171875,
                22.33626365661621
              ],
              [
                -104.1961441040039,
                22.529123306274414
              ],
              [
                -103.91219329833984,
                22.59341049194336
              ],
              [
                -103.78317260742188,
                22.33626365661621
              ],
              [
                -103.8575668334961,
                22.33626365661621
              ],
              [
                -103.80372619628906,
                22.079116821289062
              ],
              [
                -103.72936248779297,
                22.079116821289062
              ],
              [
                -103.72233581542969,
                22.400548934936523
              ],
              [
                -103.57353210449219,
                22.400548934936523
              ],
              [
                -103.45866394042969,
                22.20768928527832
              ],
              [
                -103.47970581054688,
                21.950544357299805
              ],
              [
                -103.33102416992188,
                21.950544357299805
              ],
              [
                -103.14778900146484,
                22.143402099609375
              ],
              [
                -102.9725112915039,
                22.014829635620117
              ],
              [
                -102.88094329833984,
                21.5648250579834
              ],
              [
                -102.71945190429688,
                21.500539779663086
              ],
              [
                -102.59392547607422,
                21.24339485168457
              ],
              [
                -102.3839111328125,
                21.307680130004883
              ],
              [
                -102.12310028076172,
                21.114822387695312
              ],
              [
                -101.74099731445312,
                21.43625259399414
              ],
              [
                -101.76655578613281,
                21.5648250579834
              ],
              [
                -101.5436782836914,
                21.5648250579834
              ],
              [
                -101.25741577148438,
                21.24339485168457
              ],
              [
                -101.04724884033203,
                21.307680130004883
              ],
              [
                -100.51458740234375,
                20.857677459716797
              ],
              [
                -100.30431365966797,
                20.921964645385742
              ],
              [
                -100.20545196533203,
                21.179107666015625
              ],
              [
                -99.90847778320312,
                21.179107666015625
              ],
              [
                -99.64871978759766,
                20.986249923706055
              ],
              [
                -99.28990936279297,
                21.050535202026367
              ],
              [
                -99.1911849975586,
                20.921964645385742
              ],
              [
                -99.04276275634766,
                20.921964645385742
              ],
              [
                -98.8568115234375,
                21.114822387695312
              ],
              [
                -98.6474380493164,
                20.793392181396484
              ],
              [
                -98.42486572265625,
                20.793392181396484
              ],
              [
                -98.34939575195312,
                21.179107666015625
              ],
              [
                -97.34651184082031,
                21.371967315673828
              ],
              [
                -97.07746887207031,
                20.72910499572754
              ],
              [
                -96.51469421386719,
                20.08624267578125
              ],
              [
                -96.25057983398438,
                19.443374633789062
              ],
              [
                -95.76676940917969,
                18.800504684448242
              ],
              [
                -94.77217102050781,
                18.607641220092773
              ],
              [
                -94.48452758789062,
                18.2219181060791
              ],
              [
                -94.04130554199219,
                18.2219181060791
              ],
              [
                -93.49372100830078,
                18.479066848754883
              ],
              [
                -92.61772155761719,
                18.543354034423828
              ],
              [
                -92.50244903564453,
                18.736217498779297
              ],
              [
                -91.83705139160156,
                18.736217498779297
              ],
              [
                -91.79398345947266,
                18.479066848754883
              ],
              [
                -91.49837493896484,
                18.479066848754883
              ],
              [
                -91.44587707519531,
                18.607641220092773
              ],
              [
                -91.29804229736328,
                18.607641220092773
              ],
              [
                -91.35189819335938,
                18.929079055786133
              ],
              [
                -90.81432342529297,
                19.25051498413086
              ],
              [
                -90.74271392822266,
                19.700523376464844
              ],
              [
                -90.47938537597656,
                19.893383026123047
              ],
              [
                -90.49354553222656,
                20.40767478942871
              ],
              [
                -90.41940307617188,
                20.40767478942871
              ],
              [
                -90.3199234008789,
                21.114822387695312
              ],
              [
                -90.17145538330078,
                21.114822387695312
              ],
              [
                -89.9826889038086,
                21.307680130004883
              ],
              [
                -89.1771240234375,
                21.371967315673828
              ],
              [
                -88.47954559326172,
                21.629112243652344
              ],
              [
                -87.3426742553711,
                21.500539779663086
              ],
              [
                -87.2164306640625,
                21.629112243652344
              ],
              [
                -86.91922760009766,
                21.629112243652344
              ],
              [
                -86.74839782714844,
                21.500539779663086
              ],
              [
                -86.66070556640625,
                20.986249923706055
              ],
              [
                -86.85083770751953,
                20.793392181396484
              ],
              [
                -86.82926940917969,
                20.664819717407227
              ],
              [
                -87.04102325439453,
                20.60053253173828
              ],
              [
                -87.34735107421875,
                20.214815139770508
              ],
              [
                -87.29402160644531,
                19.893383026123047
              ],
              [
                -87.54778289794922,
                19.6362361907959
              ],
              [
                -87.38911437988281,
                19.571949005126953
              ],
              [
                -87.36799621582031,
                19.443374633789062
              ],
              [
                -87.49495697021484,
                19.314802169799805
              ],
              [
                -87.45301055908203,
                19.057653427124023
              ],
              [
                -87.7293930053711,
                18.479066848754883
              ],
              [
                -87.69865417480469,
                18.286205291748047
              ],
              [
                -87.91007232666016,
                18.2219181060791
              ],
              [
                -88.03532409667969,
                18.543354034423828
              ],
              [
                -87.96141052246094,
                18.543354034423828
              ],
              [
                -87.99251556396484,
                18.736217498779297
              ],
              [
                -88.12997436523438,
                18.67193031311035
              ],
              [
                -88.17279815673828,
                18.479066848754883
              ],
              [
                -88.2467041015625,
                18.479066848754883
              ],
              [
                -88.3945083618164,
                18.479066848754883
              ],
              [
                -88.75556182861328,
                17.964767456054688
              ],
              [
                -89.05091857910156,
                17.964767456054688
              ],
              [
                -89.16804504394531,
                17.77190399169922
              ],
              [
                -90.57054138183594,
                17.77190399169922
              ],
              [
                -90.60244750976562,
                16.550434112548828
              ],
              [
                -90.35283660888672,
                16.35757064819336
              ],
              [
                -90.37967681884766,
                16.036130905151367
              ],
              [
                -90.0115966796875,
                16.036130905151367
              ],
              [
                -89.93798065185547,
                16.036130905151367
              ],
              [
                -89.56074523925781,
                15.971842765808105
              ],
              [
                -89.54258728027344,
                15.843266487121582
              ],
              [
                -89.41352844238281,
                15.971842765808105
              ],
              [
                -89.11908721923828,
                15.971842765808105
              ],
              [
                -88.65943908691406,
                15.843266487121582
              ],
              [
                -88.30039978027344,
                15.907554626464844
              ],
              [
                -88.20897674560547,
                15.77897834777832
              ],
              [
                -87.98821258544922,
                15.77897834777832
              ],
              [
                -87.93238830566406,
                15.907554626464844
              ],
              [
                -87.49076843261719,
                15.907554626464844
              ],
              [
                -87.25232696533203,
                15.77897834777832
              ],
              [
                -86.4428482055664,
                15.77897834777832
              ],
              [
                -85.8802719116211,
                15.971842765808105
              ],
              [
                -85.86832427978516,
                15.328963279724121
              ],
              [
                -85.68842315673828,
                15.07181167602539
              ],
              [
                -85.06068420410156,
                14.750371932983398
              ],
              [
                -84.81712341308594,
                14.55750846862793
              ],
              [
                -84.79447174072266,
                14.364645004272461
              ],
              [
                -84.58161926269531,
                14.428933143615723
              ],
              [
                -84.55197143554688,
                14.171781539916992
              ],
              [
                -84.7576904296875,
                14.043206214904785
              ],
              [
                -84.74332427978516,
                13.914630889892578
              ],
              [
                -84.9422836303711,
                13.721768379211426
              ],
              [
                -84.92146301269531,
                13.528904914855957
              ],
              [
                -84.66767120361328,
                13.207467079162598
              ],
              [
                -84.73441314697266,
                13.143178939819336
              ],
              [
                -84.63513946533203,
                12.886029243469238
              ],
              [
                -84.78176879882812,
                12.886029243469238
              ],
              [
                -84.75031280517578,
                12.564591407775879
              ],
              [
                -84.67701721191406,
                12.564591407775879
              ],
              [
                -84.6290054321289,
                12.050291061401367
              ],
              [
                -84.47671508789062,
                11.986002922058105
              ],
              [
                -84.5384750366211,
                11.857428550720215
              ],
              [
                -84.42103576660156,
                11.343128204345703
              ],
              [
                -84.02884674072266,
                11.021690368652344
              ],
              [
                -83.74128723144531,
                11.085978507995605
              ],
              [
                -83.58470153808594,
                10.957403182983398
              ],
              [
                -83.5647201538086,
                10.7002534866333
              ],
              [
                -83.23410034179688,
                10.185953140258789
              ],
              [
                -82.8504638671875,
                9.928803443908691
              ],
              [
                -82.84166717529297,
                9.800228118896484
              ],
              [
                -82.60948944091797,
                9.607365608215332
              ],
              [
                -82.30876159667969,
                9.478790283203125
              ],
              [
                -82.20748138427734,
                9.028778076171875
              ],
              [
                -81.83834838867188,
                8.964489936828613
              ],
              [
                -81.92312622070312,
                9.157352447509766
              ],
              [
                -81.77700805664062,
                9.157352447509766
              ],
              [
                -81.46550750732422,
                8.835914611816406
              ],
              [
                -81.02725982666016,
                8.835914611816406
              ],
              [
                -80.53499603271484,
                9.157352447509766
              ],
              [
                -79.95831298828125,
                9.285927772521973
              ],
              [
                -79.68607330322266,
                9.607365608215332
              ],
              [
                -78.95521545410156,
                9.607365608215332
              ],
              [
                -78.94718170166016,
                9.478790283203125
              ],
              [
                -78.50871276855469,
                9.478790283203125
              ],
              [
                -77.98551940917969,
                9.285927772521973
              ],
              [
                -77.7439956665039,
                8.900202751159668
              ],
              [
                -77.5141830444336,
                8.707340240478516
              ],
              [
                -77.29507446289062,
                8.707340240478516
              ],
              [
                -77.1319580078125,
                8.385902404785156
              ],
              [
                -76.8301010131836,
                8.193038940429688
              ],
              [
                -76.92643737792969,
                8.643052101135254
              ],
              [
                -76.29025268554688,
                9.028778076171875
              ],
              [
                -76.09332275390625,
                9.41450309753418
              ],
              [
                -75.65867614746094,
                9.478790283203125
              ],
              [
                -75.63796997070312,
                10.314528465270996
              ],
              [
                -75.4959716796875,
                10.378815650939941
              ],
              [
                -75.5777359008789,
                10.507390975952148
              ],
              [
                -75.44463348388672,
                10.7002534866333
              ],
              [
                -75.22962188720703,
                10.764540672302246
              ],
              [
                -75.23863220214844,
                10.893115997314453
              ],
              [
                -74.96434783935547,
                11.15026569366455
              ],
              [
                -74.52061462402344,
                11.085978507995605
              ],
              [
                -74.36063385009766,
                10.893115997314453
              ],
              [
                -74.17333221435547,
                11.343128204345703
              ],
              [
                -73.15324401855469,
                11.407415390014648
              ],
              [
                -72.81107330322266,
                11.728853225708008
              ],
              [
                -72.23989868164062,
                11.92171573638916
              ],
              [
                -72.19175720214844,
                12.24315357208252
              ],
              [
                -71.90381622314453,
                12.307440757751465
              ],
              [
                -71.84087371826172,
                12.436016082763672
              ],
              [
                -71.32791900634766,
                12.436016082763672
              ],
              [
                -71.09784698486328,
                12.307440757751465
              ],
              [
                -71.07292938232422,
                11.986002922058105
              ],
              [
                -71.27811431884766,
                11.793140411376953
              ],
              [
                -71.9228286743164,
                11.6002779006958
              ],
              [
                -71.82191467285156,
                11.214552879333496
              ],
              [
                -71.59342193603516,
                11.085978507995605
              ],
              [
                -71.6491470336914,
                10.828827857971191
              ],
              [
                -71.50282287597656,
                10.828827857971191
              ],
              [
                -71.01683044433594,
                11.214552879333496
              ],
              [
                -70.15194702148438,
                11.407415390014648
              ],
              [
                -70.08782958984375,
                11.535990715026855
              ],
              [
                -69.79044342041016,
                11.47170352935791
              ],
              [
                -69.799560546875,
                11.6002779006958
              ],
              [
                -69.65773010253906,
                11.664566040039062
              ],
              [
                -69.5708236694336,
                11.47170352935791
              ],
              [
                -68.98965454101562,
                11.535990715026855
              ],
              [
                -68.46390533447266,
                11.343128204345703
              ],
              [
                -68.30884552001953,
                11.214552879333496
              ],
              [
                -68.19046783447266,
                10.507390975952148
              ],
              [
                -67.45906066894531,
                10.507390975952148
              ],
              [
                -67.1742935180664,
                10.635965347290039
              ],
              [
                -66.37355041503906,
                10.7002534866333
              ],
              [
                -66.15019989013672,
                10.635965347290039
              ],
              [
                -65.83870697021484,
                10.314528465270996
              ],
              [
                -65.24639892578125,
                10.185953140258789
              ],
              [
                -65.09302520751953,
                10.057377815246582
              ],
              [
                -64.80410766601562,
                10.121665954589844
              ],
              [
                -64.59552001953125,
                10.314528465270996
              ],
              [
                -64.37612915039062,
                10.314528465270996
              ],
              [
                -64.38343048095703,
                10.443102836608887
              ],
              [
                -64.09455871582031,
                10.507390975952148
              ],
              [
                -64.03263092041016,
                10.7002534866333
              ],
              [
                -61.91484069824219,
                10.764540672302246
              ],
              [
                -61.97705078125,
                10.571678161621094
              ],
              [
                -62.851158142089844,
                10.507390975952148
              ],
              [
                -62.840423583984375,
                10.314528465270996
              ],
              [
                -63.282772064208984,
                10.378815650939941
              ],
              [
                -63.568153381347656,
                10.250240325927734
              ],
              [
                -63.703880310058594,
                10.057377815246582
              ],
              [
                -63.92670822143555,
                10.121665954589844
              ],
              [
                -64.13908386230469,
                9.993090629577637
              ],
              [
                -64.13223266601562,
                9.86451530456543
              ],
              [
                -64.3549575805664,
                9.928803443908691
              ],
              [
                -64.63714599609375,
                9.735940933227539
              ],
              [
                -65.73013305664062,
                9.671652793884277
              ],
              [
                -65.8100814819336,
                9.800228118896484
              ],
              [
                -66.67686462402344,
                9.607365608215332
              ],
              [
                -66.89955775018346,
                9.671628997917852
              ],
              [
                -66.89612579345703,
                9.607365608215332
              ],
              [
                -66.96920776367188,
                9.607365608215332
              ],
              [
                -66.97264862060547,
                9.671652793884277
              ],
              [
                -66.89964021079095,
                9.671652793884277
              ],
              [
                -67.5679702758789,
                9.86451530456543
              ],
              [
                -68.44156646728516,
                9.800228118896484
              ],
              [
                -68.66813659667969,
                9.928803443908691
              ],
              [
                -68.96055603027344,
                9.928803443908691
              ],
              [
                -69.17619323730469,
                9.86451530456543
              ],
              [
                -69.16891479492188,
                9.735940933227539
              ],
              [
                -69.39183044433594,
                9.800228118896484
              ],
              [
                -69.53077697753906,
                9.671652793884277
              ],
              [
                -69.89262390136719,
                9.607365608215332
              ],
              [
                -69.81244659423828,
                9.478790283203125
              ],
              [
                -70.25804901123047,
                9.607365608215332
              ],
              [
                -70.54322814941406,
                9.478790283203125
              ],
              [
                -70.81134033203125,
                9.028778076171875
              ],
              [
                -70.7316665649414,
                8.900202751159668
              ],
              [
                -71.23001098632812,
                8.643052101135254
              ],
              [
                -71.88729095458984,
                8.643052101135254
              ],
              [
                -71.8937759399414,
                8.771627426147461
              ],
              [
                -72.03985595703125,
                8.771627426147461
              ],
              [
                -72.0999984741211,
                8.514476776123047
              ],
              [
                -72.30970764160156,
                8.321614265441895
              ],
              [
                -72.29765319824219,
                8.06446361541748
              ],
              [
                -72.43780517578125,
                7.935888767242432
              ],
              [
                -72.49395751953125,
                7.550163269042969
              ],
              [
                -72.64264678955078,
                7.614450931549072
              ],
              [
                -72.77782440185547,
                7.357300281524658
              ],
              [
                -72.76752471923828,
                7.100150108337402
              ],
              [
                -72.91596984863281,
                7.164437294006348
              ],
              [
                -72.97181701660156,
                6.714424133300781
              ],
              [
                -73.04475402832031,
                6.714424133300781
              ],
              [
                -72.95197296142578,
                6.135835647583008
              ],
              [
                -73.09371185302734,
                6.007260322570801
              ],
              [
                -73.15689849853516,
                5.685822010040283
              ],
              [
                -73.30083465576172,
                5.62153434753418
              ],
              [
                -73.5785140991211,
                5.10723352432251
              ],
              [
                -73.7242660522461,
                5.10723352432251
              ],
              [
                -73.79239654541016,
                4.914370536804199
              ],
              [
                -74.14936065673828,
                4.592932224273682
              ],
              [
                -74.3587646484375,
                4.142918586730957
              ],
              [
                -74.35414123535156,
                3.885768175125122
              ],
              [
                -74.49874114990234,
                3.821480512619019
              ],
              [
                -74.78152465820312,
                3.242892026901245
              ],
              [
                -74.99839782714844,
                3.114316701889038
              ],
              [
                -74.99620056152344,
                2.921453714370728
              ],
              [
                -75.06901550292969,
                2.921453714370728
              ],
              [
                -75.0683364868164,
                2.857166290283203
              ],
              [
                -75.14115142822266,
                2.857166290283203
              ],
              [
                -75.14183807373047,
                2.921453714370728
              ],
              [
                -75.21465301513672,
                2.921453714370728
              ],
              [
                -75.21331787109375,
                2.7928786277771
              ],
              [
                -75.43052673339844,
                2.664303302764893
              ],
              [
                -75.42940521240234,
                2.535728216171265
              ],
              [
                -75.79110717773438,
                2.214290142059326
              ],
              [
                -75.86251831054688,
                1.957139730453491
              ],
              [
                -76.1527328491211,
                1.699989318847656
              ],
              [
                -76.22499084472656,
                1.442839026451111
              ],
              [
                -76.15213012695312,
                1.378551483154297
              ],
              [
                -76.37045288085938,
                1.314263939857483
              ],
              [
                -76.29766845703125,
                1.185688734054565
              ],
              [
                -76.809326171875,
                0.414238125085831
              ],
              [
                -76.73768615722656,
                0.221375524997711
              ],
              [
                -76.88323974609375,
                0.221375524997711
              ],
              [
                -76.95689392089844,
                0.092800483107567
              ],
              [
                -76.8700180053711,
                -0.100062072277069
              ],
              [
                -77.01556396484375,
                -0.100062072277069
              ],
              [
                -77.1644058227539,
                -0.485787272453308
              ],
              [
                -77.09429931640625,
                -0.742937445640564
              ],
              [
                -77.31413269042969,
                -0.871512532234192
              ],
              [
                -77.24375915527344,
                -1.064375281333923
              ],
              [
                -77.38932800292969,
                -1.064375281333923
              ],
              [
                -77.5404052734375,
                -1.450100660324097
              ],
              [
                -77.6243896484375,
                -2.092976570129395
              ],
              [
                -77.55284881591797,
                -2.157264232635498
              ],
              [
                -77.62564849853516,
                -2.157264232635498
              ],
              [
                -77.63813018798828,
                -2.735852479934692
              ],
              [
                -77.71094512939453,
                -2.735852479934692
              ],
              [
                -77.64275360107422,
                -2.928715467453003
              ],
              [
                -77.78839111328125,
                -2.928715467453003
              ],
              [
                -77.79663848876953,
                -3.250153541564941
              ],
              [
                -77.86946105957031,
                -3.250153541564941
              ],
              [
                -77.8503189086914,
                -4.921631813049316
              ],
              [
                -77.71700286865234,
                -5.243070125579834
              ],
              [
                -77.8084716796875,
                -5.693083763122559
              ],
              [
                -77.60677337646484,
                -6.078809261322021
              ],
              [
                -77.68858337402344,
                -6.271672248840332
              ],
              [
                -76.97001647949219,
                -7.878862857818604
              ],
              [
                -76.62390899658203,
                -8.200301170349121
              ],
              [
                -76.56256103515625,
                -8.393163681030273
              ],
              [
                -76.343505859375,
                -8.393163681030273
              ],
              [
                -76.24238586425781,
                -9.100326538085938
              ],
              [
                -76.0492172241211,
                -9.486052513122559
              ],
              [
                -75.9074935913086,
                -9.550339698791504
              ],
              [
                -75.92098236083984,
                -9.743202209472656
              ],
              [
                -75.52918243408203,
                -10.386076927185059
              ],
              [
                -75.48060607910156,
                -10.707514762878418
              ],
              [
                -75.33429718017578,
                -10.707514762878418
              ],
              [
                -75.41749572753906,
                -10.836090087890625
              ],
              [
                -75.16622924804688,
                -11.35038948059082
              ],
              [
                -74.66446685791016,
                -11.478964805603027
              ],
              [
                -74.46099853515625,
                -11.67182731628418
              ],
              [
                -74.47193908691406,
                -11.800402641296387
              ],
              [
                -74.06039428710938,
                -12.12183952331543
              ],
              [
                -74.07177734375,
                -12.250414848327637
              ],
              [
                -73.45307159423828,
                -12.700428009033203
              ],
              [
                -72.5119857788086,
                -12.82900333404541
              ],
              [
                -72.16336059570312,
                -13.021865844726562
              ],
              [
                -71.9433822631836,
                -13.021865844726562
              ],
              [
                -71.88214874267578,
                -13.15044116973877
              ],
              [
                -71.65608215332031,
                -13.086153030395508
              ],
              [
                -71.64409637451172,
                -12.9575777053833
              ],
              [
                -71.50341796875,
                -13.021865844726562
              ],
              [
                -71.49152374267578,
                -12.893290519714355
              ],
              [
                -71.2598648071289,
                -12.764715194702148
              ],
              [
                -70.67342376708984,
                -12.764715194702148
              ],
              [
                -70.39178466796875,
                -12.893290519714355
              ],
              [
                -69.37694549560547,
                -13.021865844726562
              ],
              [
                -69.24199676513672,
                -13.15044116973877
              ],
              [
                -69.01612854003906,
                -13.086153030395508
              ],
              [
                -69.02787780761719,
                -13.214728355407715
              ],
              [
                -68.74040985107422,
                -13.279016494750977
              ],
              [
                -68.37367248535156,
                -13.279016494750977
              ],
              [
                -68.09209442138672,
                -13.407590866088867
              ],
              [
                -67.96334838867188,
                -13.600454330444336
              ],
              [
                -67.81659698486328,
                -13.600454330444336
              ],
              [
                -67.68807983398438,
                -13.793316841125488
              ],
              [
                -66.76472473144531,
                -14.114755630493164
              ],
              [
                -66.42914581298828,
                -14.43619441986084
              ],
              [
                -66.00123596191406,
                -14.564769744873047
              ],
              [
                -65.66643524169922,
                -14.886209487915039
              ],
              [
                -64.8711166381836,
                -15.014784812927246
              ],
              [
                -64.31629180908203,
                -15.336224555969238
              ],
              [
                -63.80149459838867,
                -15.336224555969238
              ],
              [
                -63.74817657470703,
                -15.529088973999023
              ],
              [
                -63.12021255493164,
                -15.850528717041016
              ],
              [
                -62.58721923828125,
                -16.364831924438477
              ],
              [
                -62.55661392211914,
                -16.750560760498047
              ],
              [
                -62.48291778564453,
                -16.750560760498047
              ],
              [
                -62.5793571472168,
                -17.586301803588867
              ],
              [
                -62.98307418823242,
                -18.486328125
              ],
              [
                -63.004878997802734,
                -19.257776260375977
              ],
              [
                -62.93088150024414,
                -19.257776260375977
              ],
              [
                -63.12708282470703,
                -20.222076416015625
              ],
              [
                -63.201202392578125,
                -20.222076416015625
              ],
              [
                -63.1766242980957,
                -20.6077938079834
              ],
              [
                -63.3249626159668,
                -20.6077938079834
              ],
              [
                -63.432533264160156,
                -20.864938735961914
              ],
              [
                -63.40042495727539,
                -21.186368942260742
              ],
              [
                -63.548912048339844,
                -21.186368942260742
              ],
              [
                -63.657283782958984,
                -21.443513870239258
              ],
              [
                -63.80978012084961,
                -22.022090911865234
              ],
              [
                -63.744239807128906,
                -22.08637809753418
              ],
              [
                -63.91962432861328,
                -22.279237747192383
              ],
              [
                -64.0757827758789,
                -22.857820510864258
              ],
              [
                -64.93518829345703,
                -23.629274368286133
              ],
              [
                -65.2706298828125,
                -25.236528396606445
              ],
              [
                -65.44268798828125,
                -25.365114212036133
              ],
              [
                -65.6844711303711,
                -25.87945556640625
              ],
              [
                -65.68097686767578,
                -26.265213012695312
              ],
              [
                -65.75598907470703,
                -26.265213012695312
              ],
              [
                -65.95714569091797,
                -27.293888092041016
              ],
              [
                -66.03235626220703,
                -27.293888092041016
              ],
              [
                -66.00982666015625,
                -27.551050186157227
              ],
              [
                -66.0850830078125,
                -27.551050186157227
              ],
              [
                -66.26313018798828,
                -28.386796951293945
              ],
              [
                -66.33856201171875,
                -28.386796951293945
              ],
              [
                -66.34877014160156,
                -28.772504806518555
              ],
              [
                -66.52890014648438,
                -28.901071548461914
              ],
              [
                -66.58782958984375,
                -29.1581974029541
              ],
              [
                -66.46639251708984,
                -29.286758422851562
              ],
              [
                -66.49641418457031,
                -29.415315628051758
              ],
              [
                -66.36015319824219,
                -29.47959327697754
              ],
              [
                -66.39048767089844,
                -29.6081485748291
              ],
              [
                -65.96788787841797,
                -30.058069229125977
              ],
              [
                -65.55963897705078,
                -30.250883102416992
              ],
              [
                -65.31647491455078,
                -30.186613082885742
              ],
              [
                -65.34767150878906,
                -30.315153121948242
              ],
              [
                -64.3790512084961,
                -30.700767517089844
              ],
              [
                -64.07848358154297,
                -31.022106170654297
              ],
              [
                -63.92636489868164,
                -31.022106170654297
              ],
              [
                -63.702423095703125,
                -31.343442916870117
              ],
              [
                -63.8172607421875,
                -31.793325424194336
              ],
              [
                -64.18946838378906,
                -32.05040740966797
              ],
              [
                -64.72378540039062,
                -32.05040740966797
              ],
              [
                -64.99503326416016,
                -31.921865463256836
              ],
              [
                -65.2409896850586,
                -31.98613739013672
              ],
              [
                -65.35948181152344,
                -31.857595443725586
              ],
              [
                -65.93553161621094,
                -31.729055404663086
              ],
              [
                -66.85047149658203,
                -31.729055404663086
              ],
              [
                -66.8752212524414,
                -31.53624725341797
              ],
              [
                -67.46759033203125,
                -31.47197914123535
              ],
              [
                -68.46904754638672,
                -33.65751266479492
              ],
              [
                -69.32035064697266,
                -34.42924118041992
              ],
              [
                -69.78667449951172,
                -34.68655014038086
              ],
              [
                -70.47866821289062,
                -35.39434051513672
              ],
              [
                -70.52934265136719,
                -35.78054428100586
              ],
              [
                -70.75908660888672,
                -36.23126220703125
              ],
              [
                -70.6814956665039,
                -36.23126220703125
              ],
              [
                -70.89215850830078,
                -36.61772918701172
              ],
              [
                -70.8144302368164,
                -36.61772918701172
              ],
              [
                -70.97260284423828,
                -37.06878662109375
              ],
              [
                -70.89472961425781,
                -37.06878662109375
              ],
              [
                -71.22129821777344,
                -37.9715576171875
              ],
              [
                -71.14310455322266,
                -37.9715576171875
              ],
              [
                -71.41461944580078,
                -38.48786163330078
              ],
              [
                -71.33623504638672,
                -38.48786163330078
              ],
              [
                -71.60657501220703,
                -39.586238861083984
              ],
              [
                -72.0263442993164,
                -39.84494400024414
              ],
              [
                -72.1057357788086,
                -40.03904342651367
              ],
              [
                -72.61087036132812,
                -40.492191314697266
              ],
              [
                -72.58654022216797,
                -40.621726989746094
              ],
              [
                -72.9073486328125,
                -40.81608581542969
              ],
              [
                -73.07605743408203,
                -41.20500946044922
              ],
              [
                -72.99659729003906,
                -41.20500946044922
              ],
              [
                -73.08860778808594,
                -41.594215393066406
              ],
              [
                -73.28433990478516,
                -41.85384750366211
              ],
              [
                -73.60330963134766,
                -41.85384750366211
              ],
              [
                -73.56147003173828,
                -42.11361312866211
              ],
              [
                -74.34000396728516,
                -42.24354934692383
              ],
              [
                -74.13204956054688,
                -41.78892517089844
              ],
              [
                -73.84253692626953,
                -41.85384750366211
              ],
              [
                -73.81318664550781,
                -41.78892517089844
              ],
              [
                -73.89290618896484,
                -41.78892517089844
              ],
              [
                -73.88490295410156,
                -41.594215393066406
              ],
              [
                -74.09463500976562,
                -41.529327392578125
              ],
              [
                -74.05176544189453,
                -41.07533645629883
              ],
              [
                -74.13117218017578,
                -41.07533645629883
              ],
              [
                -73.81615447998047,
                -39.97433853149414
              ],
              [
                -73.52547454833984,
                -39.84494400024414
              ],
              [
                -73.57758331298828,
                -39.78025817871094
              ],
              [
                -73.36626434326172,
                -39.45692443847656
              ],
              [
                -73.44501495361328,
                -39.45692443847656
              ],
              [
                -73.42035675048828,
                -39.0045280456543
              ],
              [
                -73.68513488769531,
                -38.68156814575195
              ],
              [
                -73.6344985961914,
                -38.552425384521484
              ],
              [
                -73.74090576171875,
                -38.42330551147461
              ],
              [
                -73.61634826660156,
                -38.10060119628906
              ],
              [
                -73.83074951171875,
                -37.842533111572266
              ],
              [
                -73.76325988769531,
                -37.45557403564453
              ],
              [
                -73.84127044677734,
                -37.45557403564453
              ],
              [
                -73.74562072753906,
                -37.19770050048828
              ],
              [
                -73.33240509033203,
                -37.133243560791016
              ],
              [
                -73.24687194824219,
                -36.68215560913086
              ],
              [
                -72.97697448730469,
                -36.360069274902344
              ],
              [
                -72.76463317871094,
                -35.52306365966797
              ],
              [
                -72.42416381835938,
                -35.20127487182617
              ],
              [
                -72.10264587402344,
                -33.979034423828125
              ],
              [
                -71.9082260131836,
                -33.85042190551758
              ],
              [
                -71.8076400756836,
                -33.52891540527344
              ],
              [
                -71.92125701904297,
                -33.40032196044922
              ],
              [
                -71.6297378540039,
                -32.69316864013672
              ],
              [
                -71.70624542236328,
                -32.69316864013672
              ],
              [
                -71.6109848022461,
                -32.37178039550781
              ],
              [
                -71.76494598388672,
                -32.114681243896484
              ],
              [
                -71.71183013916016,
                -31.664785385131836
              ],
              [
                -71.82779693603516,
                -31.53624725341797
              ],
              [
                -71.77355194091797,
                -31.343442916870117
              ],
              [
                -71.84969329833984,
                -31.343442916870117
              ],
              [
                -71.8597640991211,
                -30.829303741455078
              ],
              [
                -71.93577575683594,
                -30.829303741455078
              ],
              [
                -71.79762268066406,
                -30.315153121948242
              ],
              [
                -71.62892150878906,
                -30.250883102416992
              ],
              [
                -71.42005920410156,
                -29.7367000579834
              ],
              [
                -71.49579620361328,
                -29.7367000579834
              ],
              [
                -71.49042510986328,
                -29.415315628051758
              ],
              [
                -71.72916412353516,
                -29.1581974029541
              ],
              [
                -71.6507339477539,
                -28.836788177490234
              ],
              [
                -71.31739044189453,
                -28.386796951293945
              ],
              [
                -71.2601547241211,
                -27.808208465576172
              ],
              [
                -71.18484497070312,
                -27.808208465576172
              ],
              [
                -70.7818603515625,
                -26.265213012695312
              ],
              [
                -70.8934326171875,
                -26.07233428955078
              ],
              [
                -70.88081359863281,
                -25.622283935546875
              ],
              [
                -70.61961364746094,
                -25.429405212402344
              ],
              [
                -70.57182312011719,
                -25.172237396240234
              ],
              [
                -70.73779296875,
                -24.850778579711914
              ],
              [
                -70.62429809570312,
                -23.757850646972656
              ],
              [
                -70.528564453125,
                -23.629274368286133
              ],
              [
                -70.80585479736328,
                -23.50069808959961
              ],
              [
                -70.75408172607422,
                -23.179258346557617
              ],
              [
                -70.51019287109375,
                -23.050682067871094
              ],
              [
                -70.39552307128906,
                -22.793533325195312
              ],
              [
                -70.26895141601562,
                -21.957805633544922
              ],
              [
                -70.18431091308594,
                -21.379228591918945
              ],
              [
                -70.25858306884766,
                -21.379228591918945
              ],
              [
                -70.22156524658203,
                -21.12208366394043
              ],
              [
                -70.2957992553711,
                -21.12208366394043
              ],
              [
                -70.29682922363281,
                -20.6077938079834
              ],
              [
                -70.3709945678711,
                -20.6077938079834
              ],
              [
                -70.2628173828125,
                -19.83635711669922
              ],
              [
                -70.33688354492188,
                -19.83635711669922
              ],
              [
                -70.30113220214844,
                -19.57921028137207
              ],
              [
                -70.37517547607422,
                -19.57921028137207
              ],
              [
                -70.43451690673828,
                -18.93634033203125
              ],
              [
                -70.50847625732422,
                -18.93634033203125
              ],
              [
                -70.43856048583984,
                -18.422040939331055
              ],
              [
                -70.58634948730469,
                -18.422040939331055
              ],
              [
                -70.97771453857422,
                -18.03631591796875
              ],
              [
                -71.3297119140625,
                -17.90774154663086
              ],
              [
                -71.49990844726562,
                -17.522014617919922
              ],
              [
                -71.63900756835938,
                -17.457727432250977
              ],
              [
                -71.62213134765625,
                -17.329151153564453
              ],
              [
                -72.0478515625,
                -17.20057487487793
              ],
              [
                -72.44017791748047,
                -16.814847946166992
              ],
              [
                -73.0132064819336,
                -16.68627166748047
              ],
              [
                -73.20954895019531,
                -16.493408203125
              ],
              [
                -73.987060546875,
                -16.236255645751953
              ],
              [
                -74.3148422241211,
                -15.914815902709961
              ],
              [
                -74.74047088623047,
                -15.786240577697754
              ],
              [
                -74.79821014404297,
                -15.65766429901123
              ],
              [
                -75.22389221191406,
                -15.529088973999023
              ],
              [
                -75.47163391113281,
                -15.14336109161377
              ],
              [
                -76.08062744140625,
                -14.69334602355957
              ],
              [
                -76.19117736816406,
                -14.371907234191895
              ],
              [
                -76.46356201171875,
                -14.179043769836426
              ],
              [
                -76.4218978881836,
                -13.793316841125488
              ],
              [
                -76.34850311279297,
                -13.793316841125488
              ],
              [
                -76.3817138671875,
                -13.407590866088867
              ],
              [
                -76.64266967773438,
                -13.086153030395508
              ],
              [
                -76.75159454345703,
                -12.700428009033203
              ],
              [
                -76.89202880859375,
                -12.636139869689941
              ],
              [
                -76.94102478027344,
                -12.378990173339844
              ],
              [
                -77.28361511230469,
                -12.12183952331543
              ],
              [
                -77.31663513183594,
                -11.67182731628418
              ],
              [
                -77.8013687133789,
                -11.35038948059082
              ],
              [
                -77.77444458007812,
                -11.028952598571777
              ],
              [
                -78.35681915283203,
                -10.064640045166016
              ],
              [
                -78.34247589111328,
                -9.871777534484863
              ],
              [
                -78.86370849609375,
                -8.971752166748047
              ],
              [
                -78.97621154785156,
                -8.457450866699219
              ],
              [
                -79.59014129638672,
                -7.750287532806396
              ],
              [
                -79.71047973632812,
                -7.30027437210083
              ],
              [
                -79.85286712646484,
                -7.235986709594727
              ],
              [
                -79.98148345947266,
                -6.914548873901367
              ],
              [
                -80.75439453125,
                -6.335959911346436
              ],
              [
                -81.32842254638672,
                -6.143096923828125
              ],
              [
                -81.31636047363281,
                -5.885946750640869
              ],
              [
                -81.02180480957031,
                -5.821659088134766
              ],
              [
                -81.01318359375,
                -5.628796100616455
              ],
              [
                -81.29094696044922,
                -5.307357788085938
              ],
              [
                -81.27531433105469,
                -4.921631813049316
              ],
              [
                -81.4185562133789,
                -4.857344150543213
              ],
              [
                -81.47466278076172,
                -4.407330989837646
              ],
              [
                -81.16791534423828,
                -3.957317352294922
              ],
              [
                -80.94527435302734,
                -3.828742265701294
              ],
              [
                -80.94126892089844,
                -3.700166940689087
              ],
              [
                -80.05075073242188,
                -3.121578216552734
              ],
              [
                -80.04412841796875,
                -2.864427804946899
              ],
              [
                -80.18976593017578,
                -2.864427804946899
              ],
              [
                -80.19469451904297,
                -3.05729079246521
              ],
              [
                -80.41316223144531,
                -3.05729079246521
              ],
              [
                -80.33069610595703,
                -2.671565055847168
              ],
              [
                -80.54913330078125,
                -2.671565055847168
              ],
              [
                -81.12286376953125,
                -2.285839319229126
              ],
              [
                -81.12015533447266,
                -2.157264232635498
              ],
              [
                -80.90043640136719,
                -2.092976570129395
              ],
              [
                -80.96051788330078,
                -1.385813117027283
              ],
              [
                -80.88673400878906,
                -1.321525454521179
              ],
              [
                -81.03038024902344,
                -1.192950367927551
              ],
              [
                -81.02684020996094,
                -0.935800075531006
              ],
              [
                -80.66131591796875,
                -0.807224988937378
              ],
              [
                -80.58253479003906,
                -0.228637129068375
              ],
              [
                -80.2898941040039,
                -0.035774555057287
              ],
              [
                -80.30448913574219,
                0.092800483107567
              ],
              [
                -80.1581039428711,
                0.221375524997711
              ],
              [
                -80.22835540771484,
                0.864250957965851
              ],
              [
                -79.06356811523438,
                1.249976277351379
              ],
              [
                -78.99114227294922,
                1.507126569747925
              ],
              [
                -79.13688659667969,
                1.571414232254028
              ],
              [
                -79.13754272460938,
                1.76427698135376
              ],
              [
                -78.70103454589844,
                1.828564524650574
              ],
              [
                -78.77699279785156,
                2.342865228652954
              ],
              [
                -78.4874038696289,
                2.535728216171265
              ],
              [
                -77.90552520751953,
                2.600015640258789
              ],
              [
                -77.76564025878906,
                3.114316701889038
              ],
              [
                -77.26336669921875,
                3.628617763519287
              ],
              [
                -77.26665496826172,
                3.821480512619019
              ],
              [
                -77.4123306274414,
                3.821480512619019
              ],
              [
                -77.56282806396484,
                4.078630924224854
              ],
              [
                -77.56674194335938,
                4.271493911743164
              ],
              [
                -77.4210433959961,
                4.271493911743164
              ],
              [
                -77.53081512451172,
                5.685822010040283
              ],
              [
                -77.31619262695312,
                5.81439733505249
              ],
              [
                -77.54344177246094,
                6.071547985076904
              ],
              [
                -77.41372680664062,
                6.521561145782471
              ],
              [
                -77.725830078125,
                7.035862445831299
              ],
              [
                -78.33206939697266,
                7.550163269042969
              ],
              [
                -78.49637603759766,
                7.935888767242432
              ],
              [
                -78.5060043334961,
                8.128751754760742
              ],
              [
                -78.2869873046875,
                8.128751754760742
              ],
              [
                -78.23062133789062,
                8.450189590454102
              ],
              [
                -78.522705078125,
                8.450189590454102
              ],
              [
                -78.52961730957031,
                8.578764915466309
              ],
              [
                -79.0625,
                8.964489936828613
              ],
              [
                -79.6431655883789,
                8.900202751159668
              ],
              [
                -79.7675552368164,
                8.514476776123047
              ],
              [
                -79.97621154785156,
                8.321614265441895
              ],
              [
                -80.4108657836914,
                8.25732707977295
              ],
              [
                -80.32125091552734,
                7.935888767242432
              ],
              [
                -80.01974487304688,
                7.743025779724121
              ],
              [
                -80.0045394897461,
                7.421587944030762
              ],
              [
                -80.3664321899414,
                7.357300281524658
              ],
              [
                -80.5766372680664,
                7.164437294006348
              ],
              [
                -80.9414291381836,
                7.164437294006348
              ],
              [
                -81.04794311523438,
                7.871601104736328
              ],
              [
                -81.18123626708984,
                7.614450931549072
              ],
              [
                -81.47315216064453,
                7.614450931549072
              ],
              [
                -81.94063568115234,
                8.193038940429688
              ],
              [
                -82.232666015625,
                8.193038940429688
              ],
              [
                -82.45869445800781,
                8.321614265441895
              ],
              [
                -82.9627456665039,
                8.193038940429688
              ],
              [
                -83.19242095947266,
                8.385902404785156
              ],
              [
                -83.2033920288086,
                8.578764915466309
              ],
              [
                -83.27642059326172,
                8.578764915466309
              ],
              [
                -83.26184844970703,
                8.321614265441895
              ],
              [
                -83.70719146728516,
                8.450189590454102
              ],
              [
                -83.72593688964844,
                8.771627426147461
              ],
              [
                -83.58760070800781,
                8.900202751159668
              ],
              [
                -83.67251586914062,
                9.09306526184082
              ],
              [
                -84.12311553955078,
                9.285927772521973
              ],
              [
                -84.2818603515625,
                9.478790283203125
              ],
              [
                -84.57417297363281,
                9.478790283203125
              ],
              [
                -84.82884979248047,
                9.993090629577637
              ],
              [
                -84.90196228027344,
                9.993090629577637
              ],
              [
                -84.8795166015625,
                9.671652793884277
              ],
              [
                -85.24056243896484,
                9.607365608215332
              ],
              [
                -85.47767639160156,
                9.86451530456543
              ],
              [
                -85.77926635742188,
                9.993090629577637
              ],
              [
                -85.88573455810547,
                10.443102836608887
              ],
              [
                -85.68115997314453,
                10.635965347290039
              ],
              [
                -85.83755493164062,
                10.764540672302246
              ],
              [
                -85.8530044555664,
                10.957403182983398
              ],
              [
                -85.71714782714844,
                11.085978507995605
              ],
              [
                -86.583251953125,
                11.793140411376953
              ],
              [
                -86.92401885986328,
                12.307440757751465
              ],
              [
                -87.54815673828125,
                12.69316577911377
              ],
              [
                -87.66111755371094,
                13.07889175415039
              ],
              [
                -87.44111633300781,
                13.07889175415039
              ],
              [
                -87.2811050415039,
                12.950316429138184
              ],
              [
                -87.46842956542969,
                13.336042404174805
              ],
              [
                -87.7618408203125,
                13.336042404174805
              ],
              [
                -87.74122619628906,
                13.143178939819336
              ],
              [
                -88.84818267822266,
                13.207467079162598
              ],
              [
                -89.24311828613281,
                13.464617729187012
              ],
              [
                -89.9106216430664,
                13.528904914855957
              ],
              [
                -90.46885681152344,
                13.914630889892578
              ],
              [
                -91.3497085571289,
                13.914630889892578
              ],
              [
                -92.47407531738281,
                14.686083793640137
              ],
              [
                -92.75463104248047,
                15.136098861694336
              ],
              [
                -93.8301010131836,
                15.971842765808105
              ],
              [
                -93.9773178100586,
                15.971842765808105
              ],
              [
                -94.15343475341797,
                16.16470718383789
              ],
              [
                -94.6688461303711,
                16.16470718383789
              ],
              [
                -94.77195739746094,
                16.35757064819336
              ],
              [
                -94.95361328125,
                16.100418090820312
              ],
              [
                -95.36624908447266,
                15.907554626464844
              ],
              [
                -96.21102905273438,
                15.650403022766113
              ],
              [
                -96.7260513305664,
                15.650403022766113
              ],
              [
                -97.0493392944336,
                15.843266487121582
              ],
              [
                -97.87862396240234,
                15.971842765808105
              ],
              [
                -98.05585479736328,
                16.16470718383789
              ],
              [
                -98.43414306640625,
                16.228994369506836
              ],
              [
                -98.85388946533203,
                16.550434112548828
              ],
              [
                -99.68539428710938,
                16.67901039123535
              ],
              [
                -100.02298736572266,
                16.9361629486084
              ],
              [
                -101.11003112792969,
                17.257600784301758
              ],
              [
                -101.89891815185547,
                17.964767456054688
              ],
              [
                -102.25653076171875,
                17.90047836303711
              ],
              [
                -103.4346923828125,
                18.286205291748047
              ],
              [
                -103.82637786865234,
                18.800504684448242
              ],
              [
                -104.87382507324219,
                19.25051498413086
              ],
              [
                -105.33133697509766,
                19.700523376464844
              ],
              [
                -105.36910247802734,
                19.893383026123047
              ],
              [
                -105.54254913330078,
                20.021955490112305
              ],
              [
                -105.63154602050781,
                20.471960067749023
              ],
              [
                -105.22492980957031,
                20.664819717407227
              ],
              [
                -105.46028900146484,
                20.72910499572754
              ],
              [
                -105.48603057861328,
                20.857677459716797
              ],
              [
                -105.28923034667969,
                20.986249923706055
              ],
              [
                -105.31514739990234,
                21.114822387695312
              ],
              [
                -105.13148498535156,
                21.307680130004883
              ],
              [
                -105.5344467163086,
                21.821969985961914
              ],
              [
                -105.69853210449219,
                22.59341049194336
              ],
              [
                -106.43732452392578,
                23.236284255981445
              ],
              [
                -106.97566986083984,
                23.943456649780273
              ],
              [
                -107.59268188476562,
                24.329193115234375
              ],
              [
                -107.71582794189453,
                24.522062301635742
              ],
              [
                -107.8652572631836,
                24.522062301635742
              ],
              [
                -108.0394515991211,
                24.907808303833008
              ],
              [
                -107.59078979492188,
                24.907808303833008
              ],
              [
                -107.31659698486328,
                24.714935302734375
              ],
              [
                -107.28379821777344,
                24.586353302001953
              ],
              [
                -106.45329284667969,
                23.943456649780273
              ],
              [
                -106.21309661865234,
                23.557723999023438
              ],
              [
                -106.19818878173828,
                23.493436813354492
              ],
              [
                -106.079345703125,
                23.30057144165039
              ],
              [
                -105.75210571289062,
                23.171995162963867
              ],
              [
                -105.4147720336914,
                22.657697677612305
              ],
              [
                -105.34033203125,
                22.657697677612305
              ],
              [
                -105.2906265258789,
                23.107707977294922
              ]
            ]
          ],
          [
            [
              [
                -76.22486877441406,
                1.249976277351379
              ],
              [
                -76.29765319824219,
                1.249976277351379
              ],
              [
                -76.29766845703125,
                1.314263939857483
              ],
              [
                -76.22488403320312,
                1.314263939857483
              ],
              [
                -76.22486877441406,
                1.249976277351379
              ]
            ]
          ],
          [
            [
              [
                -81.68589782714844,
                7.485875606536865
              ],
              [
                -81.61293029785156,
                7.485875606536865
              ],
              [
                -81.60688018798828,
                7.357300281524658
              ],
              [
                -81.89875030517578,
                7.357300281524658
              ],
              [
                -81.91102600097656,
                7.614450931549072
              ],
              [
                -81.69523620605469,
                7.678738594055176
              ],
              [
                -81.68589782714844,
                7.485875606536865
              ]
            ]
          ],
          [
            [
              [
                -78.80462646484375,
                8.25732707977295
              ],
              [
                -78.87763977050781,
                8.25732707977295
              ],
              [
                -79.02702331542969,
                8.321614265441895
              ],
              [
                -78.96083068847656,
                8.450189590454102
              ],
              [
                -78.81478881835938,
                8.450189590454102
              ],
              [
                -78.80462646484375,
                8.25732707977295
              ]
            ]
          ],
          [
            [
              [
                -69.84729766845703,
                12.24315357208252
              ],
              [
                -69.76420593261719,
                12.114578247070312
              ],
              [
                -69.75934600830078,
                12.050291061401367
              ],
              [
                -69.73094940185547,
                11.664566040039062
              ],
              [
                -70.23886108398438,
                11.6002779006958
              ],
              [
                -70.27698516845703,
                12.114578247070312
              ],
              [
                -70.1403579711914,
                12.24315357208252
              ],
              [
                -69.84729766845703,
                12.24315357208252
              ]
            ]
          ],
          [
            [
              [
                -77.36641693115234,
                17.836191177368164
              ],
              [
                -77.73553466796875,
                17.836191177368164
              ],
              [
                -78.07617950439453,
                18.157629013061523
              ],
              [
                -78.29776763916016,
                18.157629013061523
              ],
              [
                -78.3900146484375,
                18.286205291748047
              ],
              [
                -78.05752563476562,
                18.543354034423828
              ],
              [
                -77.01364135742188,
                18.479066848754883
              ],
              [
                -76.22962188720703,
                18.157629013061523
              ],
              [
                -76.12023162841797,
                17.90047836303711
              ],
              [
                -76.48053741455078,
                17.836191177368164
              ],
              [
                -76.55435943603516,
                17.836191177368164
              ],
              [
                -76.8585433959961,
                17.90047836303711
              ],
              [
                -77.07112121582031,
                17.836191177368164
              ],
              [
                -77.05337524414062,
                17.707616806030273
              ],
              [
                -77.2748031616211,
                17.707616806030273
              ],
              [
                -77.36641693115234,
                17.836191177368164
              ]
            ]
          ],
          [
            [
              [
                -69.07612609863281,
                19.379087448120117
              ],
              [
                -69.12458801269531,
                19.186227798461914
              ],
              [
                -69.48600769042969,
                19.12194061279297
              ],
              [
                -68.5814208984375,
                18.993366241455078
              ],
              [
                -68.56468963623047,
                18.864791870117188
              ],
              [
                -68.24402618408203,
                18.67193031311035
              ],
              [
                -68.28504180908203,
                18.414779663085938
              ],
              [
                -68.43283081054688,
                18.414779663085938
              ],
              [
                -68.55606079101562,
                18.2219181060791
              ],
              [
                -69.09786987304688,
                18.414779663085938
              ],
              [
                -69.83680725097656,
                18.414779663085938
              ],
              [
                -69.95960235595703,
                18.2219181060791
              ],
              [
                -70.5505599975586,
                18.2219181060791
              ],
              [
                -70.56732940673828,
                18.350492477416992
              ],
              [
                -70.71510314941406,
                18.350492477416992
              ],
              [
                -70.99378204345703,
                18.2219181060791
              ],
              [
                -71.27989196777344,
                17.57904052734375
              ],
              [
                -71.59156799316406,
                17.707616806030273
              ],
              [
                -71.7071304321289,
                18.029054641723633
              ],
              [
                -72.10183715820312,
                18.2219181060791
              ],
              [
                -73.65311431884766,
                18.2219181060791
              ],
              [
                -73.70099639892578,
                18.029054641723633
              ],
              [
                -73.92253875732422,
                18.029054641723633
              ],
              [
                -74.17896270751953,
                18.286205291748047
              ],
              [
                -74.40059661865234,
                18.286205291748047
              ],
              [
                -74.4448471069336,
                18.607641220092773
              ],
              [
                -74.24089813232422,
                18.736217498779297
              ],
              [
                -73.1707534790039,
                18.479066848754883
              ],
              [
                -72.30123901367188,
                18.607641220092773
              ],
              [
                -72.71465301513672,
                18.929079055786133
              ],
              [
                -72.79470825195312,
                19.507661819458008
              ],
              [
                -73.40503692626953,
                19.6362361907959
              ],
              [
                -73.43228912353516,
                19.8290958404541
              ],
              [
                -73.22825622558594,
                19.95766830444336
              ],
              [
                -72.63556671142578,
                19.95766830444336
              ],
              [
                -72.39530944824219,
                19.8290958404541
              ],
              [
                -71.71976470947266,
                19.764808654785156
              ],
              [
                -71.67244720458984,
                19.95766830444336
              ],
              [
                -70.78340911865234,
                19.95766830444336
              ],
              [
                -70.77458190917969,
                19.893383026123047
              ],
              [
                -70.22978973388672,
                19.700523376464844
              ],
              [
                -69.8595199584961,
                19.700523376464844
              ],
              [
                -69.6596450805664,
                19.314802169799805
              ],
              [
                -69.07612609863281,
                19.379087448120117
              ]
            ]
          ],
          [
            [
              [
                -72.82740020751953,
                18.67193031311035
              ],
              [
                -72.90132904052734,
                18.67193031311035
              ],
              [
                -73.29744720458984,
                18.864791870117188
              ],
              [
                -73.31520080566406,
                18.993366241455078
              ],
              [
                -72.78861236572266,
                18.929079055786133
              ],
              [
                -72.67955017089844,
                18.67193031311035
              ],
              [
                -72.82740020751953,
                18.67193031311035
              ]
            ]
          ],
          [
            [
              [
                -86.67018127441406,
                20.60053253173828
              ],
              [
                -86.70156860351562,
                20.343387603759766
              ],
              [
                -86.9874267578125,
                20.279102325439453
              ],
              [
                -87.01952362060547,
                20.471960067749023
              ],
              [
                -86.74434661865234,
                20.60053253173828
              ],
              [
                -86.67018127441406,
                20.60053253173828
              ]
            ]
          ],
          [
            [
              [
                -77.63912963867188,
                22.143402099609375
              ],
              [
                -77.52362060546875,
                21.88625717163086
              ],
              [
                -77.66207122802734,
                21.821969985961914
              ],
              [
                -77.0573501586914,
                21.7576847076416
              ],
              [
                -77.02719116210938,
                21.5648250579834
              ],
              [
                -76.79434967041016,
                21.500539779663086
              ],
              [
                -76.77450561523438,
                21.371967315673828
              ],
              [
                -76.24481201171875,
                21.307680130004883
              ],
              [
                -75.9927978515625,
                21.114822387695312
              ],
              [
                -75.63130950927734,
                21.179107666015625
              ],
              [
                -75.4993896484375,
                20.793392181396484
              ],
              [
                -74.74800872802734,
                20.72910499572754
              ],
              [
                -74.32099914550781,
                20.343387603759766
              ],
              [
                -74.09859466552734,
                20.343387603759766
              ],
              [
                -74.07083892822266,
                20.150527954101562
              ],
              [
                -75.20996856689453,
                19.8290958404541
              ],
              [
                -75.7471923828125,
                19.95766830444336
              ],
              [
                -76.4880599975586,
                19.95766830444336
              ],
              [
                -76.91358184814453,
                19.8290958404541
              ],
              [
                -77.65428161621094,
                19.8290958404541
              ],
              [
                -77.68303680419922,
                20.021955490112305
              ],
              [
                -77.55404663085938,
                20.150527954101562
              ],
              [
                -77.13813018798828,
                20.343387603759766
              ],
              [
                -77.18638610839844,
                20.664819717407227
              ],
              [
                -77.92814636230469,
                20.664819717407227
              ],
              [
                -78.2445068359375,
                20.793392181396484
              ],
              [
                -78.66162872314453,
                21.5648250579834
              ],
              [
                -79.24571990966797,
                21.500539779663086
              ],
              [
                -79.6480941772461,
                21.693397521972656
              ],
              [
                -79.94532775878906,
                21.693397521972656
              ],
              [
                -80.36949157714844,
                22.014829635620117
              ],
              [
                -80.88996124267578,
                22.014829635620117
              ],
              [
                -82.04874420166016,
                22.271976470947266
              ],
              [
                -82.08177947998047,
                22.46483612060547
              ],
              [
                -81.63530731201172,
                22.46483612060547
              ],
              [
                -81.74300384521484,
                22.657697677612305
              ],
              [
                -82.63627624511719,
                22.657697677612305
              ],
              [
                -82.9115219116211,
                22.529123306274414
              ],
              [
                -83.02685546875,
                22.33626365661621
              ],
              [
                -83.17564392089844,
                22.33626365661621
              ],
              [
                -83.22785186767578,
                22.20768928527832
              ],
              [
                -83.81177520751953,
                22.143402099609375
              ],
              [
                -83.91641998291016,
                21.88625717163086
              ],
              [
                -84.0760726928711,
                21.950544357299805
              ],
              [
                -84.26617431640625,
                21.7576847076416
              ],
              [
                -84.41481018066406,
                21.7576847076416
              ],
              [
                -84.43675994873047,
                21.88625717163086
              ],
              [
                -84.79740142822266,
                21.821969985961914
              ],
              [
                -84.75626373291016,
                22.014829635620117
              ],
              [
                -84.32123565673828,
                22.079116821289062
              ],
              [
                -84.37725830078125,
                22.400548934936523
              ],
              [
                -83.99913787841797,
                22.786272048950195
              ],
              [
                -83.22618103027344,
                23.043420791625977
              ],
              [
                -82.77921295166016,
                23.043420791625977
              ],
              [
                -82.29248046875,
                23.236284255981445
              ],
              [
                -81.10013580322266,
                23.236284255981445
              ],
              [
                -81.07723999023438,
                23.107707977294922
              ],
              [
                -80.56707763671875,
                23.171995162963867
              ],
              [
                -80.46991729736328,
                23.043420791625977
              ],
              [
                -79.85165405273438,
                22.914846420288086
              ],
              [
                -79.77717590332031,
                22.914846420288086
              ],
              [
                -79.25408935546875,
                22.46483612060547
              ],
              [
                -78.57373046875,
                22.400548934936523
              ],
              [
                -78.00057983398438,
                22.079116821289062
              ],
              [
                -77.63912963867188,
                22.143402099609375
              ]
            ]
          ],
          [
            [
              [
                -82.6635513305664,
                21.950544357299805
              ],
              [
                -82.4932861328125,
                21.821969985961914
              ],
              [
                -82.48255157470703,
                21.7576847076416
              ],
              [
                -82.50363159179688,
                21.43625259399414
              ],
              [
                -82.94928741455078,
                21.43625259399414
              ],
              [
                -83.08789825439453,
                21.821969985961914
              ],
              [
                -83.03526306152344,
                21.950544357299805
              ],
              [
                -82.6635513305664,
                21.950544357299805
              ]
            ]
          ],
          [
            [
              [
                -78.4249267578125,
                22.400548934936523
              ],
              [
                -78.59505462646484,
                22.529123306274414
              ],
              [
                -78.23362731933594,
                22.59341049194336
              ],
              [
                -78.20171356201172,
                22.400548934936523
              ],
              [
                -78.35051727294922,
                22.400548934936523
              ],
              [
                -78.4249267578125,
                22.400548934936523
              ]
            ]
          ],
          [
            [
              [
                -81.15491485595703,
                29.665164947509766
              ],
              [
                -81.24911499023438,
                29.729440689086914
              ],
              [
                -81.32485961914062,
                29.729440689086914
              ],
              [
                -81.49494171142578,
                29.79371452331543
              ],
              [
                -81.57012939453125,
                30.050809860229492
              ],
              [
                -81.24801635742188,
                30.243623733520508
              ],
              [
                -81.15491485595703,
                29.665164947509766
              ]
            ]
          ],
          [
            [
              [
                -80.41279602050781,
                32.428794860839844
              ],
              [
                -80.37033081054688,
                32.30024337768555
              ],
              [
                -80.6759262084961,
                32.30024337768555
              ],
              [
                -80.81640625,
                32.493072509765625
              ],
              [
                -80.43414306640625,
                32.493072509765625
              ],
              [
                -80.41279602050781,
                32.428794860839844
              ]
            ]
          ],
          [
            [
              [
                -58.38331985473633,
                -25.68657684326172
              ],
              [
                -58.161617279052734,
                -25.236528396606445
              ],
              [
                -58.001914978027344,
                -25.172237396240234
              ],
              [
                -58.05679702758789,
                -25.04365348815918
              ],
              [
                -57.887508392333984,
                -24.915069580078125
              ],
              [
                -57.85835266113281,
                -24.722196578979492
              ],
              [
                -57.502620697021484,
                -24.336454391479492
              ],
              [
                -57.2692985534668,
                -24.272165298461914
              ],
              [
                -56.99840545654297,
                -24.46503448486328
              ],
              [
                -57.026634216308594,
                -24.65790557861328
              ],
              [
                -57.19520568847656,
                -24.786487579345703
              ],
              [
                -57.149436950683594,
                -24.979360580444336
              ],
              [
                -57.30880355834961,
                -25.04365348815918
              ],
              [
                -57.34846115112305,
                -25.30082130432129
              ],
              [
                -57.50821304321289,
                -25.365114212036133
              ],
              [
                -57.890380859375,
                -25.87945556640625
              ],
              [
                -57.90095901489258,
                -25.943748474121094
              ],
              [
                -58.26564025878906,
                -26.329505920410156
              ],
              [
                -58.3099365234375,
                -26.58667755126953
              ],
              [
                -58.8242073059082,
                -26.522384643554688
              ],
              [
                -58.8328857421875,
                -26.136627197265625
              ],
              [
                -58.38331985473633,
                -25.68657684326172
              ]
            ]
          ],
          [
            [
              [
                -63.41838455200195,
                10.185953140258789
              ],
              [
                -63.421905517578125,
                10.250240325927734
              ],
              [
                -63.348777770996094,
                10.250240325927734
              ],
              [
                -63.34526443481445,
                10.185953140258789
              ],
              [
                -63.41838455200195,
                10.185953140258789
              ]
            ]
          ],
          [
            [
              [
                -60.9390754699707,
                10.314528465270996
              ],
              [
                -60.99871063232422,
                10.057377815246582
              ],
              [
                -61.72983932495117,
                10.057377815246582
              ],
              [
                -61.666908264160156,
                10.250240325927734
              ],
              [
                -61.45097732543945,
                10.314528465270996
              ],
              [
                -61.45794677734375,
                10.443102836608887
              ],
              [
                -61.46147537231445,
                10.507390975952148
              ],
              [
                -61.61492156982422,
                10.635965347290039
              ],
              [
                -61.552730560302734,
                10.828827857971191
              ],
              [
                -60.89426803588867,
                10.828827857971191
              ],
              [
                -61.026161193847656,
                10.571678161621094
              ],
              [
                -60.9390754699707,
                10.314528465270996
              ]
            ]
          ],
          [
            [
              [
                -63.75532531738281,
                10.957403182983398
              ],
              [
                -63.96709442138672,
                10.828827857971191
              ],
              [
                -64.04025268554688,
                10.828827857971191
              ],
              [
                -64.26361846923828,
                10.893115997314453
              ],
              [
                -64.3486099243164,
                11.085978507995605
              ],
              [
                -64.05193328857422,
                11.021690368652344
              ],
              [
                -63.844329833984375,
                11.214552879333496
              ],
              [
                -63.75532531738281,
                10.957403182983398
              ]
            ]
          ],
          [
            [
              [
                -68.95360565185547,
                12.050291061401367
              ],
              [
                -68.95840454101562,
                12.114578247070312
              ],
              [
                -69.10977172851562,
                12.178865432739258
              ],
              [
                -69.12454223632812,
                12.37172794342041
              ],
              [
                -68.74346923828125,
                12.178865432739258
              ],
              [
                -68.65585327148438,
                11.986002922058105
              ],
              [
                -68.95360565185547,
                12.050291061401367
              ]
            ]
          ],
          [
            [
              [
                -68.38688659667969,
                12.307440757751465
              ],
              [
                -68.16221618652344,
                12.24315357208252
              ],
              [
                -68.14785766601562,
                12.050291061401367
              ],
              [
                -68.29435729980469,
                12.050291061401367
              ],
              [
                -68.38201141357422,
                12.24315357208252
              ],
              [
                -68.38688659667969,
                12.307440757751465
              ]
            ]
          ],
          [
            [
              [
                -69.78401184082031,
                12.37172794342041
              ],
              [
                -69.93055725097656,
                12.37172794342041
              ],
              [
                -70.01911926269531,
                12.564591407775879
              ],
              [
                -69.87254333496094,
                12.564591407775879
              ],
              [
                -69.78905487060547,
                12.436016082763672
              ],
              [
                -69.78401184082031,
                12.37172794342041
              ]
            ]
          ],
          [
            [
              [
                -65.55097198486328,
                18.414779663085938
              ],
              [
                -65.51956176757812,
                18.157629013061523
              ],
              [
                -65.71776580810547,
                17.964767456054688
              ],
              [
                -66.15299987792969,
                17.90047836303711
              ],
              [
                -66.2268295288086,
                17.90047836303711
              ],
              [
                -67.1207046508789,
                17.964767456054688
              ],
              [
                -67.25861358642578,
                18.479066848754883
              ],
              [
                -66.15807342529297,
                18.543354034423828
              ],
              [
                -65.55097198486328,
                18.414779663085938
              ]
            ]
          ],
          [
            [
              [
                -17.997596740722656,
                27.865236282348633
              ],
              [
                -17.846942901611328,
                27.865236282348633
              ],
              [
                -17.90181541442871,
                27.608078002929688
              ],
              [
                -18.057466506958008,
                27.6723690032959
              ],
              [
                -17.992435455322266,
                27.800947189331055
              ],
              [
                -17.997596740722656,
                27.865236282348633
              ]
            ]
          ],
          [
            [
              [
                -15.356483459472656,
                27.800947189331055
              ],
              [
                -15.431796073913574,
                27.800947189331055
              ],
              [
                -15.728307723999023,
                27.736658096313477
              ],
              [
                -15.82758617401123,
                28.058101654052734
              ],
              [
                -15.761932373046875,
                28.186676025390625
              ],
              [
                -15.304783821105957,
                28.12238883972168
              ],
              [
                -15.356483459472656,
                27.800947189331055
              ]
            ]
          ],
          [
            [
              [
                -17.17910385131836,
                27.993812561035156
              ],
              [
                -17.254457473754883,
                27.993812561035156
              ],
              [
                -17.345203399658203,
                28.186676025390625
              ],
              [
                -17.124155044555664,
                28.25096321105957
              ],
              [
                -17.033451080322266,
                28.058101654052734
              ],
              [
                -17.17910385131836,
                27.993812561035156
              ]
            ]
          ],
          [
            [
              [
                -16.64666748046875,
                27.92952537536621
              ],
              [
                -16.908185958862305,
                28.379535675048828
              ],
              [
                -16.390287399291992,
                28.508106231689453
              ],
              [
                -16.39539337158203,
                28.572391510009766
              ],
              [
                -16.09348487854004,
                28.572391510009766
              ],
              [
                -16.083406448364258,
                28.44382095336914
              ],
              [
                -16.365081787109375,
                28.186676025390625
              ],
              [
                -16.355152130126953,
                28.058101654052734
              ],
              [
                -16.64666748046875,
                27.92952537536621
              ]
            ]
          ],
          [
            [
              [
                -14.065006256103516,
                28.700960159301758
              ],
              [
                -13.767658233642578,
                28.765243530273438
              ],
              [
                -13.762985229492188,
                28.700960159301758
              ],
              [
                -13.80622386932373,
                28.25096321105957
              ],
              [
                -14.3202543258667,
                28.058101654052734
              ],
              [
                -14.26330280303955,
                28.315250396728516
              ],
              [
                -14.117085456848145,
                28.379535675048828
              ],
              [
                -14.065006256103516,
                28.700960159301758
              ]
            ]
          ],
          [
            [
              [
                -17.9858341217041,
                28.636676788330078
              ],
              [
                -18.002243041992188,
                28.829526901245117
              ],
              [
                -17.856664657592773,
                28.893810272216797
              ],
              [
                -17.781116485595703,
                28.893810272216797
              ],
              [
                -17.705568313598633,
                28.893810272216797
              ],
              [
                -17.673158645629883,
                28.508106231689453
              ],
              [
                -17.899547576904297,
                28.508106231689453
              ],
              [
                -17.9858341217041,
                28.636676788330078
              ]
            ]
          ],
          [
            [
              [
                -13.857359886169434,
                28.958093643188477
              ],
              [
                -13.862126350402832,
                29.022375106811523
              ],
              [
                -13.649682998657227,
                29.21521759033203
              ],
              [
                -13.422821044921875,
                29.21521759033203
              ],
              [
                -13.474872589111328,
                28.893810272216797
              ],
              [
                -13.847886085510254,
                28.829526901245117
              ],
              [
                -13.857359886169434,
                28.958093643188477
              ]
            ]
          ],
          [
            [
              [
                -2.8270103931427,
                35.258358001708984
              ],
              [
                -2.981565713882446,
                35.258358001708984
              ],
              [
                -2.992615222930908,
                35.45143127441406
              ],
              [
                -2.837937116622925,
                35.45143127441406
              ],
              [
                -2.830641508102417,
                35.32271194458008
              ],
              [
                -2.8270103931427,
                35.258358001708984
              ]
            ]
          ],
          [
            [
              [
                123.74530029296875,
                9.221640586853027
              ],
              [
                123.73902893066406,
                9.157352447509766
              ],
              [
                123.58047485351562,
                9.028778076171875
              ],
              [
                123.44056701660156,
                9.09306526184082
              ],
              [
                123.53874969482422,
                9.350214958190918
              ],
              [
                123.68489074707031,
                9.350214958190918
              ],
              [
                123.74530029296875,
                9.221640586853027
              ]
            ]
          ],
          [
            [
              [
                123.7369384765625,
                9.86451530456543
              ],
              [
                123.98318481445312,
                10.121665954589844
              ],
              [
                124.05630493164062,
                10.121665954589844
              ],
              [
                124.50186157226562,
                10.185953140258789
              ],
              [
                124.62086486816406,
                9.928803443908691
              ],
              [
                124.5942153930664,
                9.671652793884277
              ],
              [
                123.7772216796875,
                9.543078422546387
              ],
              [
                123.7369384765625,
                9.86451530456543
              ]
            ]
          ],
          [
            [
              [
                122.32845306396484,
                9.671652793884277
              ],
              [
                122.36124420166016,
                9.993090629577637
              ],
              [
                122.81331634521484,
                10.121665954589844
              ],
              [
                122.78832244873047,
                10.571678161621094
              ],
              [
                122.89701080322266,
                10.893115997314453
              ],
              [
                123.057861328125,
                11.021690368652344
              ],
              [
                123.56278228759766,
                10.957403182983398
              ],
              [
                123.51274108886719,
                10.507390975952148
              ],
              [
                123.35253143310547,
                10.378815650939941
              ],
              [
                123.1455307006836,
                9.800228118896484
              ],
              [
                123.31321716308594,
                9.285927772521973
              ],
              [
                123.30692291259766,
                9.221640586853027
              ],
              [
                123.21521759033203,
                9.028778076171875
              ],
              [
                122.84996032714844,
                9.028778076171875
              ],
              [
                122.86854553222656,
                9.221640586853027
              ],
              [
                122.58883666992188,
                9.350214958190918
              ],
              [
                122.32845306396484,
                9.671652793884277
              ]
            ]
          ],
          [
            [
              [
                123.99688720703125,
                10.250240325927734
              ],
              [
                123.85063171386719,
                10.250240325927734
              ],
              [
                123.60409545898438,
                9.993090629577637
              ],
              [
                123.47845458984375,
                9.478790283203125
              ],
              [
                123.25921630859375,
                9.478790283203125
              ],
              [
                123.27210998535156,
                9.607365608215332
              ],
              [
                123.27861022949219,
                9.671652793884277
              ],
              [
                123.4118881225586,
                10.250240325927734
              ],
              [
                123.65902709960938,
                10.507390975952148
              ],
              [
                123.88501739501953,
                11.214552879333496
              ],
              [
                124.1120834350586,
                11.278841018676758
              ],
              [
                123.99688720703125,
                10.250240325927734
              ]
            ]
          ],
          [
            [
              [
                123.66545104980469,
                11.214552879333496
              ],
              [
                123.67292785644531,
                11.278841018676758
              ],
              [
                123.8193130493164,
                11.278841018676758
              ],
              [
                123.78961181640625,
                11.021690368652344
              ],
              [
                123.5700912475586,
                11.021690368652344
              ],
              [
                123.66545104980469,
                11.214552879333496
              ]
            ]
          ],
          [
            [
              [
                121.89673614501953,
                10.443102836608887
              ],
              [
                121.8726806640625,
                10.893115997314453
              ],
              [
                121.94584655761719,
                10.893115997314453
              ],
              [
                122.03459930419922,
                11.664566040039062
              ],
              [
                121.82258605957031,
                11.728853225708008
              ],
              [
                121.9268798828125,
                11.986002922058105
              ],
              [
                122.41613006591797,
                11.793140411376953
              ],
              [
                122.53948974609375,
                11.6002779006958
              ],
              [
                123.11756134033203,
                11.535990715026855
              ],
              [
                123.13835906982422,
                11.085978507995605
              ],
              [
                122.83833312988281,
                11.021690368652344
              ],
              [
                122.74349975585938,
                10.828827857971191
              ],
              [
                122.73635864257812,
                10.764540672302246
              ],
              [
                122.78832244873047,
                10.571678161621094
              ],
              [
                122.62120819091797,
                10.378815650939941
              ],
              [
                122.47493743896484,
                10.378815650939941
              ],
              [
                122.50274658203125,
                10.635965347290039
              ],
              [
                121.89673614501953,
                10.443102836608887
              ]
            ]
          ],
          [
            [
              [
                123.76673889160156,
                12.628878593444824
              ],
              [
                123.83161926269531,
                12.564591407775879
              ],
              [
                123.72517395019531,
                12.307440757751465
              ],
              [
                124.06705474853516,
                12.114578247070312
              ],
              [
                124.09258270263672,
                11.728853225708008
              ],
              [
                123.80750274658203,
                11.793140411376953
              ],
              [
                123.55427551269531,
                12.114578247070312
              ],
              [
                123.39974975585938,
                12.050291061401367
              ],
              [
                123.32649993896484,
                12.050291061401367
              ],
              [
                123.17204284667969,
                11.986002922058105
              ],
              [
                123.23698425292969,
                12.500303268432617
              ],
              [
                123.60340118408203,
                12.500303268432617
              ],
              [
                123.62014770507812,
                12.628878593444824
              ],
              [
                123.76673889160156,
                12.628878593444824
              ]
            ]
          ],
          [
            [
              [
                122.08918762207031,
                12.114578247070312
              ],
              [
                121.94268035888672,
                12.114578247070312
              ],
              [
                121.95064544677734,
                12.178865432739258
              ],
              [
                121.87738800048828,
                12.178865432739258
              ],
              [
                121.90153503417969,
                12.37172794342041
              ],
              [
                122.1295166015625,
                12.436016082763672
              ],
              [
                122.08918762207031,
                12.114578247070312
              ]
            ]
          ],
          [
            [
              [
                122.71574401855469,
                12.436016082763672
              ],
              [
                122.70755004882812,
                12.37172794342041
              ],
              [
                122.69129943847656,
                12.24315357208252
              ],
              [
                122.54476928710938,
                12.24315357208252
              ],
              [
                122.4144515991211,
                12.37172794342041
              ],
              [
                122.51241302490234,
                12.564591407775879
              ],
              [
                122.71574401855469,
                12.436016082763672
              ]
            ]
          ],
          [
            [
              [
                122.14596557617188,
                12.564591407775879
              ],
              [
                121.99114227294922,
                12.500303268432617
              ],
              [
                122.01599884033203,
                12.69316577911377
              ],
              [
                122.23590087890625,
                12.69316577911377
              ],
              [
                122.21925354003906,
                12.564591407775879
              ],
              [
                122.14596557617188,
                12.564591407775879
              ]
            ]
          ],
          [
            [
              [
                120.67367553710938,
                13.07889175415039
              ],
              [
                120.34144592285156,
                13.336042404174805
              ],
              [
                120.36778259277344,
                13.528904914855957
              ],
              [
                120.74353790283203,
                13.593193054199219
              ],
              [
                121.31269073486328,
                13.464617729187012
              ],
              [
                121.4417495727539,
                13.336042404174805
              ],
              [
                121.42427062988281,
                13.207467079162598
              ],
              [
                121.56228637695312,
                13.143178939819336
              ],
              [
                121.55143737792969,
                12.500303268432617
              ],
              [
                121.29131317138672,
                12.178865432739258
              ],
              [
                121.21804809570312,
                12.178865432739258
              ],
              [
                120.94896697998047,
                12.37172794342041
              ],
              [
                120.84320068359375,
                12.69316577911377
              ],
              [
                120.70488739013672,
                12.757453918457031
              ],
              [
                120.67367553710938,
                13.07889175415039
              ]
            ]
          ],
          [
            [
              [
                121.75287628173828,
                13.464617729187012
              ],
              [
                122.20203399658203,
                13.528904914855957
              ],
              [
                122.15769958496094,
                13.207467079162598
              ],
              [
                121.86432647705078,
                13.207467079162598
              ],
              [
                121.7439956665039,
                13.40032958984375
              ],
              [
                121.75287628173828,
                13.464617729187012
              ]
            ]
          ],
          [
            [
              [
                120.31220245361328,
                13.657480239868164
              ],
              [
                120.10101318359375,
                13.721768379211426
              ],
              [
                120.11906433105469,
                13.850343704223633
              ],
              [
                120.26586151123047,
                13.850343704223633
              ],
              [
                120.32117462158203,
                13.721768379211426
              ],
              [
                120.31220245361328,
                13.657480239868164
              ]
            ]
          ],
          [
            [
              [
                124.43084716796875,
                13.721768379211426
              ],
              [
                124.42155456542969,
                13.657480239868164
              ],
              [
                124.24726867675781,
                13.464617729187012
              ],
              [
                124.10964965820312,
                13.528904914855957
              ],
              [
                124.12057495117188,
                14.107494354248047
              ],
              [
                124.4685287475586,
                13.97891902923584
              ],
              [
                124.43084716796875,
                13.721768379211426
              ]
            ]
          ],
          [
            [
              [
                121.81441497802734,
                14.878947257995605
              ],
              [
                121.82450103759766,
                14.943235397338867
              ],
              [
                121.84484100341797,
                15.07181167602539
              ],
              [
                122.12867736816406,
                15.007523536682129
              ],
              [
                122.0685043334961,
                14.621796607971191
              ],
              [
                121.85796356201172,
                14.686083793640137
              ],
              [
                121.81441497802734,
                14.878947257995605
              ]
            ]
          ],
          [
            [
              [
                121.17257690429688,
                15.907554626464844
              ],
              [
                121.39228820800781,
                15.457538604736328
              ],
              [
                121.27717590332031,
                15.200387001037598
              ],
              [
                121.51847076416016,
                15.328963279724121
              ],
              [
                121.59392547607422,
                14.878947257995605
              ],
              [
                121.7944107055664,
                14.750371932983398
              ],
              [
                121.67190551757812,
                14.428933143615723
              ],
              [
                121.84449768066406,
                14.107494354248047
              ],
              [
                122.08374786376953,
                14.236069679260254
              ],
              [
                122.26622009277344,
                13.97891902923584
              ],
              [
                122.31363677978516,
                14.300357818603516
              ],
              [
                122.76395416259766,
                14.364645004272461
              ],
              [
                123.03838348388672,
                14.236069679260254
              ],
              [
                123.1191177368164,
                13.786055564880371
              ],
              [
                123.26589965820312,
                13.786055564880371
              ],
              [
                123.23951721191406,
                14.107494354248047
              ],
              [
                123.935791015625,
                13.850343704223633
              ],
              [
                123.83450317382812,
                13.657480239868164
              ],
              [
                123.60518646240234,
                13.593193054199219
              ],
              [
                123.80708312988281,
                13.464617729187012
              ],
              [
                123.84456634521484,
                13.207467079162598
              ],
              [
                124.137939453125,
                13.207467079162598
              ],
              [
                124.11639404296875,
                12.500303268432617
              ],
              [
                123.89653778076172,
                12.500303268432617
              ],
              [
                123.79224395751953,
                12.821741104125977
              ],
              [
                123.64562225341797,
                12.821741104125977
              ],
              [
                123.45155334472656,
                13.014603614807129
              ],
              [
                123.23157501220703,
                13.014603614807129
              ],
              [
                123.34386444091797,
                12.757453918457031
              ],
              [
                123.05914306640625,
                12.821741104125977
              ],
              [
                122.92964172363281,
                12.950316429138184
              ],
              [
                122.95568084716797,
                13.143178939819336
              ],
              [
                123.24028015136719,
                13.07889175415039
              ],
              [
                123.26667785644531,
                13.271754264831543
              ],
              [
                122.79804992675781,
                13.593193054199219
              ],
              [
                122.68801879882812,
                13.850343704223633
              ],
              [
                122.54122161865234,
                13.850343704223633
              ],
              [
                122.52278137207031,
                13.721768379211426
              ],
              [
                122.74443817138672,
                13.207467079162598
              ],
              [
                122.52440643310547,
                13.207467079162598
              ],
              [
                122.47758483886719,
                13.40032958984375
              ],
              [
                122.15584564208984,
                13.721768379211426
              ],
              [
                122.00907135009766,
                13.721768379211426
              ],
              [
                121.81647491455078,
                13.914630889892578
              ],
              [
                121.50447845458984,
                13.786055564880371
              ],
              [
                121.40391540527344,
                13.593193054199219
              ],
              [
                121.03704071044922,
                13.593193054199219
              ],
              [
                120.8530502319336,
                13.850343704223633
              ],
              [
                120.55945587158203,
                13.850343704223633
              ],
              [
                120.62451934814453,
                14.300357818603516
              ],
              [
                120.947021484375,
                14.493220329284668
              ],
              [
                120.96644592285156,
                14.621796607971191
              ],
              [
                120.6186752319336,
                14.750371932983398
              ],
              [
                120.6435775756836,
                14.428933143615723
              ],
              [
                120.28589630126953,
                14.493220329284668
              ],
              [
                120.31494903564453,
                14.686083793640137
              ],
              [
                120.04063415527344,
                14.81466007232666
              ],
              [
                120.0271987915039,
                15.200387001037598
              ],
              [
                119.85801696777344,
                15.52182674407959
              ],
              [
                119.91065979003906,
                15.843266487121582
              ],
              [
                119.77412414550781,
                15.907554626464844
              ],
              [
                119.80636596679688,
                16.100418090820312
              ],
              [
                119.73274230957031,
                16.100418090820312
              ],
              [
                119.77629852294922,
                16.35757064819336
              ],
              [
                120.00827026367188,
                16.421857833862305
              ],
              [
                120.11172485351562,
                16.16470718383789
              ],
              [
                120.39535522460938,
                16.100418090820312
              ],
              [
                120.38765716552734,
                16.486146926879883
              ],
              [
                120.3139877319336,
                16.486146926879883
              ],
              [
                120.46136474609375,
                17.321889877319336
              ],
              [
                120.34858703613281,
                17.514753341674805
              ],
              [
                120.51625061035156,
                18.029054641723633
              ],
              [
                120.70233154296875,
                17.836191177368164
              ],
              [
                120.7448501586914,
                17.257600784301758
              ],
              [
                120.97770690917969,
                17.321889877319336
              ],
              [
                120.63098907470703,
                16.614723205566406
              ],
              [
                120.64908599853516,
                16.293283462524414
              ],
              [
                120.72273254394531,
                16.293283462524414
              ],
              [
                120.80742645263672,
                16.35757064819336
              ],
              [
                120.84803009033203,
                16.16470718383789
              ],
              [
                121.07991790771484,
                16.228994369506836
              ],
              [
                121.20521545410156,
                16.100418090820312
              ],
              [
                121.17257690429688,
                15.907554626464844
              ]
            ]
          ],
          [
            [
              [
                -0.917115688323975,
                35.708900451660156
              ],
              [
                -0.83969384431839,
                35.708900451660156
              ],
              [
                -0.76227205991745,
                35.708900451660156
              ],
              [
                -0.684850215911865,
                35.708900451660156
              ],
              [
                -0.607428431510925,
                35.708900451660156
              ],
              [
                -0.530006587505341,
                35.708900451660156
              ],
              [
                -0.446486860513687,
                35.58015823364258
              ],
              [
                -0.672443270683289,
                35.45143127441406
              ],
              [
                -0.907609820365906,
                35.51579284667969
              ],
              [
                -0.913937389850616,
                35.644527435302734
              ],
              [
                -0.917115688323975,
                35.708900451660156
              ]
            ]
          ]
        ]
      }
    }
  ]
}
