{
  "type": "FeatureCollection",
  "features": [
    {
      "type": "Feature",
      "properties": {
        "Name": "United States of America",
        "FromYear": 1864,
        "ToYear": 1864,
        "Area": 3841202.5358410105,
        "Type": "POLITY",
        "Wikipedia": "United States",
        "Wikidata": "Q30",
        "SeshatID": "us_antebellum",
        "Components": "",
        "MemberOf": "",
        "displayYear": 1864,
        "sourceYear": 1864,
        "mappedTerritoryId": "cliopatria_united_states_of_america"
      },
      "geometry": {
        "type": "MultiPolygon",
        "coordinates": [
          [
            [
              [
                -111.25578308105469,
                32.171695709228516
              ],
              [
                -111.0548324584961,
                32.23596954345703
              ],
              [
                -110.97845458984375,
                32.23596954345703
              ],
              [
                -110.79021453857422,
                31.978878021240234
              ],
              [
                -110.91508483886719,
                31.91460609436035
              ],
              [
                -111.06767272949219,
                31.91460609436035
              ],
              [
                -111.25578308105469,
                32.171695709228516
              ]
            ]
          ],
          [
            [
              [
                -114.78685760498047,
                32.878753662109375
              ],
              [
                -114.71029663085938,
                32.878753662109375
              ],
              [
                -114.51055908203125,
                32.94303894042969
              ],
              [
                -114.31483459472656,
                32.685909271240234
              ],
              [
                -114.74423217773438,
                32.62162780761719
              ],
              [
                -114.78685760498047,
                32.878753662109375
              ]
            ]
          ],
          [
            [
              [
                -118.2200927734375,
                33.32876968383789
              ],
              [
                -118.45016479492188,
                33.32876968383789
              ],
              [
                -118.54509735107422,
                33.52165222167969
              ],
              [
                -118.25157928466797,
                33.393062591552734
              ],
              [
                -118.2200927734375,
                33.32876968383789
              ]
            ]
          ],
          [
            [
              [
                -112.83447265625,
                33.77885055541992
              ],
              [
                -113.0350570678711,
                34.03607940673828
              ],
              [
                -112.83547973632812,
                34.10039138793945
              ],
              [
                -112.75856018066406,
                34.10039138793945
              ],
              [
                -112.5578842163086,
                33.84315490722656
              ],
              [
                -112.7115707397461,
                33.84315490722656
              ],
              [
                -112.68082427978516,
                33.77885055541992
              ],
              [
                -112.83447265625,
                33.77885055541992
              ]
            ]
          ],
          [
            [
              [
                -120.26368713378906,
                34.03607940673828
              ],
              [
                -120.18678283691406,
                34.03607940673828
              ],
              [
                -120.21975708007812,
                34.10039138793945
              ],
              [
                -119.98899841308594,
                34.10039138793945
              ],
              [
                -119.89054870605469,
                33.90746307373047
              ],
              [
                -120.12113189697266,
                33.90746307373047
              ],
              [
                -120.26368713378906,
                34.03607940673828
              ]
            ]
          ],
          [
            [
              [
                -112.59014892578125,
                34.22901916503906
              ],
              [
                -112.79300689697266,
                34.48630142211914
              ],
              [
                -112.59353637695312,
                34.55062484741211
              ],
              [
                -112.5164794921875,
                34.55062484741211
              ],
              [
                -112.31355285644531,
                34.2933349609375
              ],
              [
                -112.46751403808594,
                34.2933349609375
              ],
              [
                -112.43623352050781,
                34.22901916503906
              ],
              [
                -112.59014892578125,
                34.22901916503906
              ]
            ]
          ],
          [
            [
              [
                -113.72716522216797,
                37.44829177856445
              ],
              [
                -113.64916229248047,
                37.44829177856445
              ],
              [
                -113.42772674560547,
                37.1904182434082
              ],
              [
                -113.7037353515625,
                37.12596130371094
              ],
              [
                -113.925048828125,
                37.38381576538086
              ],
              [
                -113.72716522216797,
                37.44829177856445
              ]
            ]
          ],
          [
            [
              [
                -112.86656951904297,
                38.67427444458008
              ],
              [
                -112.63723754882812,
                38.416015625
              ],
              [
                -112.91315460205078,
                38.351463317871094
              ],
              [
                -113.14234161376953,
                38.60969924926758
              ],
              [
                -112.94502258300781,
                38.67427444458008
              ],
              [
                -112.86656951904297,
                38.67427444458008
              ]
            ]
          ],
          [
            [
              [
                -120.0626220703125,
                39.38497543334961
              ],
              [
                -119.86808776855469,
                39.449623107910156
              ],
              [
                -119.6238021850586,
                39.19107437133789
              ],
              [
                -119.78109741210938,
                39.19107437133789
              ],
              [
                -119.6583023071289,
                38.997230529785156
              ],
              [
                -119.93183898925781,
                38.93262481689453
              ],
              [
                -119.73196411132812,
                38.738853454589844
              ],
              [
                -119.88890838623047,
                38.738853454589844
              ],
              [
                -119.8086166381836,
                38.60969924926758
              ],
              [
                -120.12433624267578,
                38.738853454589844
              ],
              [
                -120.3245849609375,
                38.93262481689453
              ],
              [
                -120.24603271484375,
                38.93262481689453
              ],
              [
                -120.28688049316406,
                38.997230529785156
              ],
              [
                -119.97258758544922,
                38.997230529785156
              ],
              [
                -120.33585357666016,
                39.320335388183594
              ],
              [
                -120.25715637207031,
                39.320335388183594
              ],
              [
                -120.30371856689453,
                39.51427459716797
              ],
              [
                -120.0626220703125,
                39.38497543334961
              ]
            ]
          ],
          [
            [
              [
                -119.2754135131836,
                39.38497543334961
              ],
              [
                -119.19669342041016,
                39.38497543334961
              ],
              [
                -118.95380401611328,
                39.1264533996582
              ],
              [
                -119.22750854492188,
                39.06184005737305
              ],
              [
                -119.4701919555664,
                39.320335388183594
              ],
              [
                -119.2754135131836,
                39.38497543334961
              ]
            ]
          ],
          [
            [
              [
                -120.20095825195312,
                47.92780685424805
              ],
              [
                -119.62213897705078,
                47.92780685424805
              ],
              [
                -119.56657409667969,
                47.86185836791992
              ],
              [
                -119.67640686035156,
                47.79592514038086
              ],
              [
                -119.56593322753906,
                47.664100646972656
              ],
              [
                -119.73114776611328,
                47.46647262573242
              ],
              [
                -119.62191772460938,
                47.33478927612305
              ],
              [
                -119.70429229736328,
                47.33478927612305
              ],
              [
                -119.67788696289062,
                47.20316696166992
              ],
              [
                -118.36099243164062,
                47.20316696166992
              ],
              [
                -118.30735778808594,
                47.13737487792969
              ],
              [
                -118.5541763305664,
                47.13737487792969
              ],
              [
                -118.52934265136719,
                47.005828857421875
              ],
              [
                -118.06513977050781,
                46.94007873535156
              ],
              [
                -117.44358825683594,
                46.677207946777344
              ],
              [
                -117.24986267089844,
                46.74290466308594
              ],
              [
                -117.35501098632812,
                46.87434005737305
              ],
              [
                -117.24343872070312,
                46.94007873535156
              ],
              [
                -117.34925079345703,
                47.07159423828125
              ],
              [
                -117.23782348632812,
                47.13737487792969
              ],
              [
                -117.29100799560547,
                47.20316696166992
              ],
              [
                -116.99100494384766,
                47.13737487792969
              ],
              [
                -117.01496887207031,
                47.26897048950195
              ],
              [
                -116.7679443359375,
                47.26897048950195
              ],
              [
                -116.87454223632812,
                47.4006233215332
              ],
              [
                -115.69139862060547,
                47.46647262573242
              ],
              [
                -115.03399658203125,
                46.74290466308594
              ],
              [
                -114.71601867675781,
                46.54585266113281
              ],
              [
                -114.828857421875,
                46.480194091796875
              ],
              [
                -114.7270278930664,
                46.348915100097656
              ],
              [
                -114.96470642089844,
                46.02093505859375
              ],
              [
                -114.86408233642578,
                45.889827728271484
              ],
              [
                -114.5691146850586,
                45.82429504394531
              ],
              [
                -114.61917114257812,
                45.889827728271484
              ],
              [
                -114.34264373779297,
                45.95537567138672
              ],
              [
                -114.02676391601562,
                45.431331634521484
              ],
              [
                -113.73338317871094,
                45.36587905883789
              ],
              [
                -113.35929870605469,
                44.973392486572266
              ],
              [
                -113.16419219970703,
                45.03877639770508
              ],
              [
                -113.2127456665039,
                45.10417556762695
              ],
              [
                -112.96898651123047,
                45.10417556762695
              ],
              [
                -112.79097747802734,
                44.973392486572266
              ],
              [
                -112.90504455566406,
                44.908016204833984
              ],
              [
                -112.82684326171875,
                44.58129119873047
              ],
              [
                -115.38671875,
                44.64661407470703
              ],
              [
                -115.12728881835938,
                44.18956756591797
              ],
              [
                -114.3700942993164,
                43.92862319946289
              ],
              [
                -113.98574829101562,
                43.73301696777344
              ],
              [
                -113.84440612792969,
                43.53750228881836
              ],
              [
                -113.62093353271484,
                42.88639831542969
              ],
              [
                -113.84986114501953,
                42.75628662109375
              ],
              [
                -113.66748046875,
                42.496177673339844
              ],
              [
                -113.89688110351562,
                42.36617660522461
              ],
              [
                -112.66278839111328,
                41.132843017578125
              ],
              [
                -112.48406219482422,
                40.614410400390625
              ],
              [
                -112.32563781738281,
                40.614410400390625
              ],
              [
                -112.32984161376953,
                40.74397277832031
              ],
              [
                -111.93350219726562,
                40.74397277832031
              ],
              [
                -111.60942840576172,
                40.4848747253418
              ],
              [
                -111.25186157226562,
                40.42012023925781
              ],
              [
                -111.33717346191406,
                40.6791877746582
              ],
              [
                -110.98229217529297,
                40.74397277832031
              ],
              [
                -111.1070556640625,
                40.93837356567383
              ],
              [
                -110.5932846069336,
                41.00318908691406
              ],
              [
                -110.51815032958984,
                41.132843017578125
              ],
              [
                -109.36461639404297,
                41.06801223754883
              ],
              [
                -109.20268249511719,
                40.93837356567383
              ],
              [
                -109.44072723388672,
                40.93837356567383
              ],
              [
                -109.59387969970703,
                40.6791877746582
              ],
              [
                -110.06686401367188,
                40.54964065551758
              ],
              [
                -110.06484985351562,
                40.42012023925781
              ],
              [
                -110.2231216430664,
                40.42012023925781
              ],
              [
                -110.33935546875,
                40.225894927978516
              ],
              [
                -110.25927734375,
                40.0964469909668
              ],
              [
                -110.41661071777344,
                39.9670295715332
              ],
              [
                -110.33781433105469,
                39.70827102661133
              ],
              [
                -110.41666412353516,
                39.70827102661133
              ],
              [
                -110.33857727050781,
                39.57893371582031
              ],
              [
                -110.41853332519531,
                39.449623107910156
              ],
              [
                -110.07246398925781,
                38.997230529785156
              ],
              [
                -110.15103149414062,
                38.997230529785156
              ],
              [
                -110.03836059570312,
                38.80344009399414
              ],
              [
                -110.11685943603516,
                38.80344009399414
              ],
              [
                -109.81645202636719,
                38.416015625
              ],
              [
                -109.90009307861328,
                38.28691864013672
              ],
              [
                -110.4900131225586,
                38.22237777709961
              ],
              [
                -110.41729736328125,
                38.09331130981445
              ],
              [
                -110.70632934570312,
                37.7707405090332
              ],
              [
                -110.67755889892578,
                37.5772590637207
              ],
              [
                -110.9117202758789,
                37.5772590637207
              ],
              [
                -111.0044174194336,
                37.3193473815918
              ],
              [
                -111.35903930664062,
                37.254878997802734
              ],
              [
                -111.21937561035156,
                36.9970588684082
              ],
              [
                -111.45292663574219,
                36.9970588684082
              ],
              [
                -111.46143341064453,
                36.8681755065918
              ],
              [
                -111.6170425415039,
                36.8681755065918
              ],
              [
                -111.70356750488281,
                36.73930740356445
              ],
              [
                -111.63490295410156,
                36.61045455932617
              ],
              [
                -111.72201538085938,
                36.48161697387695
              ],
              [
                -111.53033447265625,
                35.9664192199707
              ],
              [
                -111.72956848144531,
                35.902034759521484
              ],
              [
                -112.56140899658203,
                36.15959167480469
              ],
              [
                -112.87841033935547,
                36.61045455932617
              ],
              [
                -112.6020736694336,
                36.67487716674805
              ],
              [
                -112.81158447265625,
                37.06150817871094
              ],
              [
                -112.72647094726562,
                37.1904182434082
              ],
              [
                -112.79754638671875,
                37.3193473815918
              ],
              [
                -112.63506317138672,
                37.44829177856445
              ],
              [
                -112.7069320678711,
                37.5772590637207
              ],
              [
                -112.62887573242188,
                37.5772590637207
              ],
              [
                -112.77926635742188,
                37.706241607666016
              ],
              [
                -113.01355743408203,
                37.706241607666016
              ],
              [
                -113.08650207519531,
                37.835243225097656
              ],
              [
                -112.92535400390625,
                37.96426773071289
              ],
              [
                -112.99510955810547,
                38.22237777709961
              ],
              [
                -112.64086151123047,
                38.28691864013672
              ],
              [
                -112.55888366699219,
                38.416015625
              ],
              [
                -112.78583526611328,
                38.80344009399414
              ],
              [
                -113.52964782714844,
                38.997230529785156
              ],
              [
                -113.45230102539062,
                38.8680305480957
              ],
              [
                -113.64933013916016,
                38.80344009399414
              ],
              [
                -113.65107727050781,
                38.67427444458008
              ],
              [
                -114.2773208618164,
                38.80344009399414
              ],
              [
                -114.24031829833984,
                38.60969924926758
              ],
              [
                -114.43728637695312,
                38.54513168334961
              ],
              [
                -114.39910125732422,
                38.48057174682617
              ],
              [
                -114.67093658447266,
                38.67427444458008
              ],
              [
                -115.2588882446289,
                38.738853454589844
              ],
              [
                -115.18976593017578,
                38.09331130981445
              ],
              [
                -115.46502685546875,
                38.028785705566406
              ],
              [
                -115.39360809326172,
                37.7707405090332
              ],
              [
                -115.5168228149414,
                37.5772590637207
              ],
              [
                -115.90708923339844,
                37.5772590637207
              ],
              [
                -115.87017059326172,
                37.51277160644531
              ],
              [
                -116.14539337158203,
                37.44829177856445
              ],
              [
                -116.27967071533203,
                36.9970588684082
              ],
              [
                -116.55491638183594,
                36.932613372802734
              ],
              [
                -116.86096954345703,
                37.06150817871094
              ],
              [
                -118.24224090576172,
                38.8680305480957
              ],
              [
                -118.1637191772461,
                38.8680305480957
              ],
              [
                -118.2439956665039,
                38.997230529785156
              ],
              [
                -118.12952423095703,
                39.19107437133789
              ],
              [
                -117.97222900390625,
                39.19107437133789
              ],
              [
                -117.85842895507812,
                39.38497543334961
              ],
              [
                -117.95375061035156,
                39.90232849121094
              ],
              [
                -117.87482452392578,
                39.90232849121094
              ],
              [
                -118.1005859375,
                40.4848747253418
              ],
              [
                -117.9223861694336,
                40.80876541137695
              ],
              [
                -117.7637939453125,
                40.80876541137695
              ],
              [
                -117.69303131103516,
                40.93837356567383
              ],
              [
                -117.8803482055664,
                41.32738494873047
              ],
              [
                -118.80023193359375,
                41.39224624633789
              ],
              [
                -118.7550048828125,
                41.32738494873047
              ],
              [
                -118.99354553222656,
                41.32738494873047
              ],
              [
                -118.9483642578125,
                41.26253128051758
              ],
              [
                -119.26631164550781,
                41.26253128051758
              ],
              [
                -119.22116088867188,
                41.19768524169922
              ],
              [
                -119.38008117675781,
                41.19768524169922
              ],
              [
                -119.33501434326172,
                41.132843017578125
              ],
              [
                -119.73217010498047,
                41.132843017578125
              ],
              [
                -119.981689453125,
                41.26253128051758
              ],
              [
                -120.85604095458984,
                41.26253128051758
              ],
              [
                -120.81034088134766,
                41.19768524169922
              ],
              [
                -121.08250427246094,
                41.132843017578125
              ],
              [
                -121.03697204589844,
                41.06801223754883
              ],
              [
                -121.18439483642578,
                40.93837356567383
              ],
              [
                -120.66879272460938,
                40.42012023925781
              ],
              [
                -120.7479248046875,
                40.42012023925781
              ],
              [
                -120.6601333618164,
                40.29063034057617
              ],
              [
                -120.77456665039062,
                40.225894927978516
              ],
              [
                -120.72329711914062,
                40.031734466552734
              ],
              [
                -120.99596405029297,
                39.9670295715332
              ],
              [
                -120.84503936767578,
                39.25570297241211
              ],
              [
                -120.12232208251953,
                38.60969924926758
              ],
              [
                -119.6885757446289,
                38.028785705566406
              ],
              [
                -119.29967498779297,
                37.7707405090332
              ],
              [
                -118.94902801513672,
                37.706241607666016
              ],
              [
                -118.5261459350586,
                37.38381576538086
              ],
              [
                -117.8584213256836,
                36.48161697387695
              ],
              [
                -117.51210021972656,
                36.417205810546875
              ],
              [
                -117.2155532836914,
                36.15959167480469
              ],
              [
                -116.7923812866211,
                35.51579284667969
              ],
              [
                -116.56982421875,
                35.38706970214844
              ],
              [
                -116.43531036376953,
                35.12965774536133
              ],
              [
                -116.55635833740234,
                35.065311431884766
              ],
              [
                -116.53377532958984,
                34.87228775024414
              ],
              [
                -117.11778259277344,
                34.80794906616211
              ],
              [
                -117.08464050292969,
                34.743614196777344
              ],
              [
                -117.35997009277344,
                34.679283142089844
              ],
              [
                -117.44810485839844,
                34.55062484741211
              ],
              [
                -117.3497314453125,
                34.3576545715332
              ],
              [
                -116.17506408691406,
                34.164703369140625
              ],
              [
                -116.07921600341797,
                33.971771240234375
              ],
              [
                -116.20118713378906,
                33.90746307373047
              ],
              [
                -116.13787841796875,
                33.77885055541992
              ],
              [
                -115.92139434814453,
                33.65024948120117
              ],
              [
                -115.59725189208984,
                33.13589859008789
              ],
              [
                -115.06310272216797,
                32.81447219848633
              ],
              [
                -115.033203125,
                32.75019073486328
              ],
              [
                -117.1317367553711,
                32.493072509765625
              ],
              [
                -117.1617660522461,
                32.557350158691406
              ],
              [
                -117.4219741821289,
                33.26447677612305
              ],
              [
                -118.10328674316406,
                33.71455001831055
              ],
              [
                -118.41050720214844,
                33.71455001831055
              ],
              [
                -118.5718765258789,
                34.03607940673828
              ],
              [
                -119.14288330078125,
                34.10039138793945
              ],
              [
                -119.61592864990234,
                34.42197799682617
              ],
              [
                -120.57373046875,
                34.48630142211914
              ],
              [
                -120.68334197998047,
                35.12965774536133
              ],
              [
                -120.96980285644531,
                35.51579284667969
              ],
              [
                -121.27255249023438,
                35.644527435302734
              ],
              [
                -121.45104217529297,
                35.9664192199707
              ],
              [
                -121.82852172851562,
                36.2239875793457
              ],
              [
                -121.97525024414062,
                36.48161697387695
              ],
              [
                -121.89757537841797,
                36.48161697387695
              ],
              [
                -121.97157287597656,
                36.61045455932617
              ],
              [
                -121.8097152709961,
                36.8681755065918
              ],
              [
                -122.19632720947266,
                36.9970588684082
              ],
              [
                -122.5805435180664,
                37.641746520996094
              ],
              [
                -122.50264739990234,
                37.7707405090332
              ],
              [
                -122.58141326904297,
                37.89975357055664
              ],
              [
                -122.97355651855469,
                38.028785705566406
              ],
              [
                -123.05355834960938,
                38.157840728759766
              ],
              [
                -122.97747802734375,
                38.28691864013672
              ],
              [
                -123.61872863769531,
                38.80344009399414
              ],
              [
                -123.83454895019531,
                39.25570297241211
              ],
              [
                -123.76251983642578,
                39.38497543334961
              ],
              [
                -123.84843444824219,
                39.51427459716797
              ],
              [
                -123.76966094970703,
                39.51427459716797
              ],
              [
                -123.85614013671875,
                39.64360046386719
              ],
              [
                -123.77731323242188,
                39.64360046386719
              ],
              [
                -124.4219970703125,
                40.355369567871094
              ],
              [
                -124.34288787841797,
                40.355369567871094
              ],
              [
                -124.44535827636719,
                40.614410400390625
              ],
              [
                -124.13372039794922,
                41.06801223754883
              ],
              [
                -124.27396392822266,
                41.26253128051758
              ],
              [
                -124.09722137451172,
                41.45711898803711
              ],
              [
                -124.35184478759766,
                41.911441802978516
              ],
              [
                -124.27207946777344,
                41.911441802978516
              ],
              [
                -124.36874389648438,
                42.041324615478516
              ],
              [
                -124.2889175415039,
                42.041324615478516
              ],
              [
                -124.53278350830078,
                42.36617660522461
              ],
              [
                -124.45281982421875,
                42.36617660522461
              ],
              [
                -124.52056884765625,
                42.56119155883789
              ],
              [
                -124.44051361083984,
                42.56119155883789
              ],
              [
                -124.65898895263672,
                42.95146560668945
              ],
              [
                -124.54865264892578,
                43.016544342041016
              ],
              [
                -124.64928436279297,
                43.146724700927734
              ],
              [
                -124.50924682617188,
                43.276947021484375
              ],
              [
                -124.55989074707031,
                43.342071533203125
              ],
              [
                -124.28887939453125,
                43.407203674316406
              ],
              [
                -124.3905258178711,
                43.53750228881836
              ],
              [
                -124.2214584350586,
                43.73301696777344
              ],
              [
                -124.3239974975586,
                43.86341094970703
              ],
              [
                -124.18482208251953,
                43.99384307861328
              ],
              [
                -124.28805541992188,
                44.12431716918945
              ],
              [
                -124.1491928100586,
                44.25482940673828
              ],
              [
                -124.24773406982422,
                44.58129119873047
              ],
              [
                -124.02354431152344,
                44.908016204833984
              ],
              [
                -124.12515258789062,
                45.23500442504883
              ],
              [
                -124.01554107666016,
                45.300437927246094
              ],
              [
                -124.12187957763672,
                45.431331634521484
              ],
              [
                -123.9561538696289,
                45.62776184082031
              ],
              [
                -124.11705780029297,
                45.82429504394531
              ],
              [
                -123.9798812866211,
                45.95537567138672
              ],
              [
                -124.08799743652344,
                46.08650588989258
              ],
              [
                -123.97869873046875,
                46.1520881652832
              ],
              [
                -124.03298950195312,
                46.21768569946289
              ],
              [
                -123.869384765625,
                46.21768569946289
              ],
              [
                -124.16948699951172,
                46.480194091796875
              ],
              [
                -124.00643157958984,
                46.677207946777344
              ],
              [
                -124.2279052734375,
                46.94007873535156
              ],
              [
                -124.11921691894531,
                47.005828857421875
              ],
              [
                -124.34327697753906,
                47.26897048950195
              ],
              [
                -124.26094055175781,
                47.26897048950195
              ],
              [
                -124.40478515625,
                47.53233337402344
              ],
              [
                -124.32230377197266,
                47.53233337402344
              ],
              [
                -124.72400665283203,
                47.993770599365234
              ],
              [
                -124.64128112792969,
                47.993770599365234
              ],
              [
                -124.85018920898438,
                48.323814392089844
              ],
              [
                -124.7431640625,
                48.38986587524414
              ],
              [
                -124.80213165283203,
                48.455936431884766
              ],
              [
                -124.55320739746094,
                48.455936431884766
              ],
              [
                -123.65621948242188,
                48.191749572753906
              ],
              [
                -122.91075134277344,
                48.191749572753906
              ],
              [
                -122.57319641113281,
                47.993770599365234
              ],
              [
                -122.86054229736328,
                48.323814392089844
              ],
              [
                -122.66972351074219,
                48.38986587524414
              ],
              [
                -122.78602600097656,
                48.52202224731445
              ],
              [
                -122.53699493408203,
                48.52202224731445
              ],
              [
                -122.80642700195312,
                48.91886520385742
              ],
              [
                -122.86582946777344,
                48.98506164550781
              ],
              [
                -121.20049285888672,
                48.98506164550781
              ],
              [
                -121.14183044433594,
                48.91886520385742
              ],
              [
                -121.10823059082031,
                48.786521911621094
              ],
              [
                -121.27454376220703,
                48.786521911621094
              ],
              [
                -120.81938171386719,
                48.455936431884766
              ],
              [
                -121.06830596923828,
                48.455936431884766
              ],
              [
                -121.06254577636719,
                48.257774353027344
              ],
              [
                -121.1454086303711,
                48.257774353027344
              ],
              [
                -121.22827911376953,
                48.257774353027344
              ],
              [
                -121.1145248413086,
                48.1257438659668
              ],
              [
                -120.50867462158203,
                48.191749572753906
              ],
              [
                -120.20095825195312,
                47.92780685424805
              ]
            ]
          ],
          [
            [
              [
                -109.08229064941406,
                40.873565673828125
              ],
              [
                -109.16160583496094,
                40.873565673828125
              ],
              [
                -109.20268249511719,
                40.93837356567383
              ],
              [
                -109.12332916259766,
                40.93837356567383
              ],
              [
                -109.08229064941406,
                40.873565673828125
              ]
            ]
          ],
          [
            [
              [
                -112.26563262939453,
                41.132843017578125
              ],
              [
                -112.18620300292969,
                41.132843017578125
              ],
              [
                -111.93787384033203,
                40.873565673828125
              ],
              [
                -112.21316528320312,
                40.80876541137695
              ],
              [
                -112.46136474609375,
                41.06801223754883
              ],
              [
                -112.26563262939453,
                41.132843017578125
              ]
            ]
          ],
          [
            [
              [
                -112.36408233642578,
                41.521995544433594
              ],
              [
                -112.28448486328125,
                41.521995544433594
              ],
              [
                -112.03304290771484,
                41.26253128051758
              ],
              [
                -112.3082504272461,
                41.19768524169922
              ],
              [
                -112.55957794189453,
                41.45711898803711
              ],
              [
                -112.36408233642578,
                41.521995544433594
              ]
            ]
          ],
          [
            [
              [
                -110.62513732910156,
                41.781593322753906
              ],
              [
                -110.54542541503906,
                41.781593322753906
              ],
              [
                -110.2945327758789,
                41.521995544433594
              ],
              [
                -110.57032775878906,
                41.45711898803711
              ],
              [
                -110.8211441040039,
                41.71668243408203
              ],
              [
                -110.62513732910156,
                41.781593322753906
              ]
            ]
          ],
          [
            [
              [
                -112.67564392089844,
                43.92862319946289
              ],
              [
                -112.59495544433594,
                43.92862319946289
              ],
              [
                -112.32721710205078,
                43.6678352355957
              ],
              [
                -112.60285949707031,
                43.6026611328125
              ],
              [
                -112.87064361572266,
                43.86341094970703
              ],
              [
                -112.67564392089844,
                43.92862319946289
              ]
            ]
          ],
          [
            [
              [
                -110.36105346679688,
                47.92780685424805
              ],
              [
                -110.07291412353516,
                47.664100646972656
              ],
              [
                -110.35195922851562,
                47.598209381103516
              ],
              [
                -110.64004516601562,
                47.86185836791992
              ],
              [
                -110.44374084472656,
                47.92780685424805
              ],
              [
                -110.36105346679688,
                47.92780685424805
              ]
            ]
          ],
          [
            [
              [
                -118.36408233642578,
                48.786521911621094
              ],
              [
                -118.05445098876953,
                48.52202224731445
              ],
              [
                -118.33016967773438,
                48.455936431884766
              ],
              [
                -118.63963317871094,
                48.72037124633789
              ],
              [
                -118.4472427368164,
                48.786521911621094
              ],
              [
                -118.36408233642578,
                48.786521911621094
              ]
            ]
          ],
          [
            [
              [
                -89.3443374633789,
                28.958093643188477
              ],
              [
                -89.36355590820312,
                29.022375106811523
              ],
              [
                -89.38286590576172,
                29.08665657043457
              ],
              [
                -89.3072738647461,
                29.08665657043457
              ],
              [
                -89.28797912597656,
                29.022375106811523
              ],
              [
                -89.26876831054688,
                28.958093643188477
              ],
              [
                -89.3443374633789,
                28.958093643188477
              ]
            ]
          ],
          [
            [
              [
                -81.34342956542969,
                29.79371452331543
              ],
              [
                -81.60819244384766,
                30.179353713989258
              ],
              [
                -81.61157989501953,
                30.69350814819336
              ],
              [
                -81.63130950927734,
                30.757776260375977
              ],
              [
                -81.38365173339844,
                30.69350814819336
              ],
              [
                -81.21054077148438,
                29.857990264892578
              ],
              [
                -81.1919174194336,
                29.79371452331543
              ],
              [
                -81.34342956542969,
                29.79371452331543
              ]
            ]
          ],
          [
            [
              [
                -87.33756256103516,
                30.307893753051758
              ],
              [
                -87.36486053466797,
                30.629240036010742
              ],
              [
                -86.75718688964844,
                30.629240036010742
              ],
              [
                -86.73651123046875,
                30.564971923828125
              ],
              [
                -86.59909057617188,
                30.372163772583008
              ],
              [
                -87.0749740600586,
                30.436433792114258
              ],
              [
                -87.26168060302734,
                30.307893753051758
              ],
              [
                -87.33756256103516,
                30.307893753051758
              ]
            ]
          ],
          [
            [
              [
                -106.20525360107422,
                31.593257904052734
              ],
              [
                -106.61589813232422,
                31.8503360748291
              ],
              [
                -106.64258575439453,
                31.91460609436035
              ],
              [
                -106.05886840820312,
                31.978878021240234
              ],
              [
                -106.05548095703125,
                31.78606605529785
              ],
              [
                -106.13174438476562,
                31.78606605529785
              ],
              [
                -106.1053466796875,
                31.7217960357666
              ],
              [
                -106.18159484863281,
                31.7217960357666
              ],
              [
                -106.1552734375,
                31.65752601623535
              ],
              [
                -106.23149871826172,
                31.65752601623535
              ],
              [
                -106.20525360107422,
                31.593257904052734
              ]
            ]
          ],
          [
            [
              [
                -80.76525115966797,
                32.107421875
              ],
              [
                -80.9390640258789,
                32.171695709228516
              ],
              [
                -81.00286865234375,
                32.36451721191406
              ],
              [
                -80.79497528076172,
                32.428794860839844
              ],
              [
                -80.6759262084961,
                32.30024337768555
              ],
              [
                -80.65473175048828,
                32.23596954345703
              ],
              [
                -80.63360595703125,
                32.171695709228516
              ],
              [
                -80.70996856689453,
                32.171695709228516
              ],
              [
                -80.68890380859375,
                32.107421875
              ],
              [
                -80.76525115966797,
                32.107421875
              ]
            ]
          ],
          [
            [
              [
                -107.06755828857422,
                32.557350158691406
              ],
              [
                -106.86583709716797,
                32.62162780761719
              ],
              [
                -106.78934478759766,
                32.62162780761719
              ],
              [
                -106.60277557373047,
                32.36451721191406
              ],
              [
                -106.72827911376953,
                32.30024337768555
              ],
              [
                -106.8810806274414,
                32.30024337768555
              ],
              [
                -107.06755828857422,
                32.557350158691406
              ]
            ]
          ],
          [
            [
              [
                -75.39068603515625,
                35.258358001708984
              ],
              [
                -75.46796417236328,
                35.258358001708984
              ],
              [
                -75.44519805908203,
                35.194007873535156
              ],
              [
                -75.59971618652344,
                35.194007873535156
              ],
              [
                -75.64539337158203,
                35.32271194458008
              ],
              [
                -75.43637084960938,
                35.38706970214844
              ],
              [
                -75.39068603515625,
                35.258358001708984
              ]
            ]
          ],
          [
            [
              [
                -107.09098815917969,
                35.45143127441406
              ],
              [
                -106.89034271240234,
                35.51579284667969
              ],
              [
                -106.81298828125,
                35.51579284667969
              ],
              [
                -106.61084747314453,
                35.258358001708984
              ],
              [
                -106.7654037475586,
                35.258358001708984
              ],
              [
                -106.73438262939453,
                35.194007873535156
              ],
              [
                -106.88890075683594,
                35.194007873535156
              ],
              [
                -107.09098815917969,
                35.45143127441406
              ]
            ]
          ],
          [
            [
              [
                -76.98419189453125,
                34.743614196777344
              ],
              [
                -77.0613021850586,
                34.743614196777344
              ],
              [
                -77.33839416503906,
                34.87228775024414
              ],
              [
                -77.35342407226562,
                35.12965774536133
              ],
              [
                -77.00609588623047,
                35.45143127441406
              ],
              [
                -77.0765609741211,
                35.644527435302734
              ],
              [
                -76.80785369873047,
                35.9664192199707
              ],
              [
                -76.65283966064453,
                35.9664192199707
              ],
              [
                -76.57533264160156,
                35.9664192199707
              ],
              [
                -75.72277069091797,
                35.9664192199707
              ],
              [
                -75.6524658203125,
                35.77327346801758
              ],
              [
                -76.0318832397461,
                35.32271194458008
              ],
              [
                -76.51883697509766,
                35.38706970214844
              ],
              [
                -76.44954681396484,
                35.194007873535156
              ],
              [
                -76.52680206298828,
                35.194007873535156
              ],
              [
                -76.55811309814453,
                35.065311431884766
              ],
              [
                -76.30364990234375,
                35.00096893310547
              ],
              [
                -76.25820922851562,
                34.87228775024414
              ],
              [
                -76.36725616455078,
                34.743614196777344
              ],
              [
                -76.98419189453125,
                34.743614196777344
              ]
            ]
          ],
          [
            [
              [
                -105.72994995117188,
                35.51579284667969
              ],
              [
                -105.93254089355469,
                35.77327346801758
              ],
              [
                -105.731689453125,
                35.837650299072266
              ],
              [
                -105.65422821044922,
                35.837650299072266
              ],
              [
                -105.45158386230469,
                35.58015823364258
              ],
              [
                -105.60633850097656,
                35.58015823364258
              ],
              [
                -105.57523345947266,
                35.51579284667969
              ],
              [
                -105.72994995117188,
                35.51579284667969
              ]
            ]
          ],
          [
            [
              [
                -75.80631256103516,
                36.61045455932617
              ],
              [
                -76.03946685791016,
                36.61045455932617
              ],
              [
                -76.1171875,
                36.61045455932617
              ],
              [
                -76.37063598632812,
                36.8681755065918
              ],
              [
                -76.26439666748047,
                36.9970588684082
              ],
              [
                -75.92835998535156,
                36.932613372802734
              ],
              [
                -75.80631256103516,
                36.61045455932617
              ]
            ]
          ],
          [
            [
              [
                -105.60264587402344,
                37.12596130371094
              ],
              [
                -105.81463623046875,
                37.38381576538086
              ],
              [
                -105.61441040039062,
                37.44829177856445
              ],
              [
                -105.5363998413086,
                37.44829177856445
              ],
              [
                -105.3243179321289,
                37.1904182434082
              ],
              [
                -105.48014831542969,
                37.1904182434082
              ],
              [
                -105.44685363769531,
                37.12596130371094
              ],
              [
                -105.60264587402344,
                37.12596130371094
              ]
            ]
          ],
          [
            [
              [
                -91.63965606689453,
                48.1257438659668
              ],
              [
                -91.30847930908203,
                48.1257438659668
              ],
              [
                -91.3524398803711,
                48.191749572753906
              ],
              [
                -91.10395050048828,
                48.191749572753906
              ],
              [
                -91.14793395996094,
                48.257774353027344
              ],
              [
                -90.64612579345703,
                48.1257438659668
              ],
              [
                -90.27565002441406,
                48.191749572753906
              ],
              [
                -89.81464385986328,
                47.993770599365234
              ],
              [
                -90.79964447021484,
                47.730003356933594
              ],
              [
                -90.75667572021484,
                47.664100646972656
              ],
              [
                -91.4100570678711,
                47.4006233215332
              ],
              [
                -91.3673324584961,
                47.33478927612305
              ],
              [
                -91.57173919677734,
                47.26897048950195
              ],
              [
                -91.56890869140625,
                47.13737487792969
              ],
              [
                -92.05961608886719,
                47.005828857421875
              ],
              [
                -92.0171890258789,
                46.94007873535156
              ],
              [
                -92.13912963867188,
                46.87434005737305
              ],
              [
                -92.01258850097656,
                46.677207946777344
              ],
              [
                -91.52037811279297,
                46.677207946777344
              ],
              [
                -91.56224822998047,
                46.74290466308594
              ],
              [
                -90.90708923339844,
                46.87434005737305
              ],
              [
                -90.86530303955078,
                46.808616638183594
              ],
              [
                -91.02951049804688,
                46.808616638183594
              ],
              [
                -90.90458679199219,
                46.61152267456055
              ],
              [
                -90.28936767578125,
                46.54585266113281
              ],
              [
                -90.33057403564453,
                46.61152267456055
              ],
              [
                -89.96170043945312,
                46.677207946777344
              ],
              [
                -90.00293731689453,
                46.74290466308594
              ],
              [
                -89.75672912597656,
                46.74290466308594
              ],
              [
                -89.7979736328125,
                46.808616638183594
              ],
              [
                -89.38745880126953,
                46.808616638183594
              ],
              [
                -89.42863464355469,
                46.87434005737305
              ],
              [
                -89.10008239746094,
                46.87434005737305
              ],
              [
                -89.14122772216797,
                46.94007873535156
              ],
              [
                -88.8536605834961,
                47.005828857421875
              ],
              [
                -88.8948745727539,
                47.07159423828125
              ],
              [
                -88.56592559814453,
                47.07159423828125
              ],
              [
                -88.4429931640625,
                46.87434005737305
              ],
              [
                -87.9908447265625,
                46.94007873535156
              ],
              [
                -87.21665954589844,
                46.480194091796875
              ],
              [
                -86.39730834960938,
                46.480194091796875
              ],
              [
                -86.43684387207031,
                46.54585266113281
              ],
              [
                -86.14846801757812,
                46.61152267456055
              ],
              [
                -86.18806457519531,
                46.677207946777344
              ],
              [
                -85.1608657836914,
                46.74290466308594
              ],
              [
                -85.00440216064453,
                46.480194091796875
              ],
              [
                -84.10311889648438,
                46.480194091796875
              ],
              [
                -84.06460571289062,
                46.414546966552734
              ],
              [
                -84.35365295410156,
                46.348915100097656
              ],
              [
                -84.2003173828125,
                46.08650588989258
              ],
              [
                -83.99879455566406,
                46.02093505859375
              ],
              [
                -84.77247619628906,
                46.08650588989258
              ],
              [
                -84.85921478271484,
                45.95537567138672
              ],
              [
                -85.21976470947266,
                46.1520881652832
              ],
              [
                -85.62860870361328,
                46.1520881652832
              ],
              [
                -85.58985137939453,
                46.08650588989258
              ],
              [
                -85.8350601196289,
                46.08650588989258
              ],
              [
                -85.7962875366211,
                46.02093505859375
              ],
              [
                -86.28651428222656,
                46.02093505859375
              ],
              [
                -86.24762725830078,
                45.95537567138672
              ],
              [
                -86.53538513183594,
                45.889827728271484
              ],
              [
                -86.53935241699219,
                45.75876998901367
              ],
              [
                -87.31260681152344,
                45.82429504394531
              ],
              [
                -87.74220275878906,
                45.03877639770508
              ],
              [
                -88.0284423828125,
                44.973392486572266
              ],
              [
                -88.1562271118164,
                44.77729415893555
              ],
              [
                -88.04109954833984,
                44.58129119873047
              ],
              [
                -87.71710205078125,
                44.58129119873047
              ],
              [
                -87.71246337890625,
                44.71194839477539
              ],
              [
                -87.5121841430664,
                44.64661407470703
              ],
              [
                -87.68392944335938,
                44.38538360595703
              ],
              [
                -87.60819244384766,
                44.25482940673828
              ],
              [
                -87.77511596679688,
                44.12431716918945
              ],
              [
                -87.6998291015625,
                43.99384307861328
              ],
              [
                -87.99641418457031,
                43.6678352355957
              ],
              [
                -87.92190551757812,
                43.53750228881836
              ],
              [
                -88.04572296142578,
                43.472347259521484
              ],
              [
                -87.97160339355469,
                43.342071533203125
              ],
              [
                -88.05854034423828,
                43.211830139160156
              ],
              [
                -87.87535095214844,
                42.88639831542969
              ],
              [
                -87.95555877685547,
                42.88639831542969
              ],
              [
                -87.84664154052734,
                42.691246032714844
              ],
              [
                -87.9267578125,
                42.691246032714844
              ],
              [
                -87.77449798583984,
                42.56119155883789
              ],
              [
                -87.97864532470703,
                42.496177673339844
              ],
              [
                -87.76451110839844,
                42.10627746582031
              ],
              [
                -87.84436798095703,
                42.10627746582031
              ],
              [
                -87.70343780517578,
                41.84651184082031
              ],
              [
                -87.509033203125,
                41.781593322753906
              ],
              [
                -87.48448181152344,
                41.586883544921875
              ],
              [
                -87.00672912597656,
                41.586883544921875
              ],
              [
                -86.91643524169922,
                41.71668243408203
              ],
              [
                -86.75706481933594,
                41.71668243408203
              ],
              [
                -86.78131103515625,
                41.911441802978516
              ],
              [
                -86.58708953857422,
                41.84651184082031
              ],
              [
                -86.18275451660156,
                42.43117141723633
              ],
              [
                -86.2354965209961,
                42.82133865356445
              ],
              [
                -86.15531921386719,
                42.82133865356445
              ],
              [
                -86.47281646728516,
                43.53750228881836
              ],
              [
                -86.38510131835938,
                43.6678352355957
              ],
              [
                -86.45872497558594,
                43.79821014404297
              ],
              [
                -86.37809753417969,
                43.79821014404297
              ],
              [
                -86.48904418945312,
                43.99384307861328
              ],
              [
                -86.2338638305664,
                44.25482940673828
              ],
              [
                -86.25911712646484,
                44.58129119873047
              ],
              [
                -86.04210662841797,
                44.908016204833984
              ],
              [
                -85.75516510009766,
                44.973392486572266
              ],
              [
                -85.79291534423828,
                45.03877639770508
              ],
              [
                -85.3492202758789,
                44.973392486572266
              ],
              [
                -85.37520599365234,
                45.300437927246094
              ],
              [
                -85.00619506835938,
                45.36587905883789
              ],
              [
                -85.07635498046875,
                45.62776184082031
              ],
              [
                -84.86981201171875,
                45.693260192871094
              ],
              [
                -84.90787506103516,
                45.75876998901367
              ],
              [
                -84.26126861572266,
                45.62776184082031
              ],
              [
                -83.50419616699219,
                45.300437927246094
              ],
              [
                -83.43010711669922,
                45.169586181640625
              ],
              [
                -83.55567932128906,
                45.10417556762695
              ],
              [
                -83.33511352539062,
                44.71194839477539
              ],
              [
                -83.41617584228516,
                44.71194839477539
              ],
              [
                -83.3513412475586,
                44.45067596435547
              ],
              [
                -83.5577621459961,
                44.38538360595703
              ],
              [
                -83.6552963256836,
                44.12431716918945
              ],
              [
                -83.94218444824219,
                44.05907440185547
              ],
              [
                -84.07593536376953,
                43.86341094970703
              ],
              [
                -83.93236541748047,
                43.6026611328125
              ],
              [
                -83.5296859741211,
                43.6026611328125
              ],
              [
                -83.43981170654297,
                43.73301696777344
              ],
              [
                -83.27862548828125,
                43.73301696777344
              ],
              [
                -83.1795654296875,
                43.99384307861328
              ],
              [
                -82.89244079589844,
                44.05907440185547
              ],
              [
                -82.66926574707031,
                43.79821014404297
              ],
              [
                -82.74989318847656,
                43.79821014404297
              ],
              [
                -82.60859680175781,
                43.53750228881836
              ],
              [
                -82.68910217285156,
                43.53750228881836
              ],
              [
                -82.58387756347656,
                43.342071533203125
              ],
              [
                -82.66429138183594,
                43.342071533203125
              ],
              [
                -82.52503204345703,
                43.08163070678711
              ],
              [
                -82.49042510986328,
                43.016544342041016
              ],
              [
                -82.42146301269531,
                42.88639831542969
              ],
              [
                -82.55901336669922,
                42.691246032714844
              ],
              [
                -82.63912963867188,
                42.691246032714844
              ],
              [
                -82.9595947265625,
                42.691246032714844
              ],
              [
                -82.89102935791016,
                42.56119155883789
              ],
              [
                -83.01693725585938,
                42.496177673339844
              ],
              [
                -82.91485595703125,
                42.30118942260742
              ],
              [
                -83.07473754882812,
                42.30118942260742
              ],
              [
                -83.08689880371094,
                42.17123794555664
              ],
              [
                -83.32654571533203,
                42.17123794555664
              ],
              [
                -83.5570068359375,
                41.84651184082031
              ],
              [
                -83.44378662109375,
                41.781593322753906
              ],
              [
                -83.45677185058594,
                41.65177917480469
              ],
              [
                -82.68815612792969,
                41.39224624633789
              ],
              [
                -81.4004898071289,
                41.521995544433594
              ],
              [
                -81.30611419677734,
                41.65177917480469
              ],
              [
                -81.14680480957031,
                41.65177917480469
              ],
              [
                -81.1792984008789,
                41.71668243408203
              ],
              [
                -81.01993560791016,
                41.71668243408203
              ],
              [
                -81.0524673461914,
                41.781593322753906
              ],
              [
                -80.47966766357422,
                41.911441802978516
              ],
              [
                -80.624755859375,
                42.041324615478516
              ],
              [
                -80.06597900390625,
                42.041324615478516
              ],
              [
                -80.09857177734375,
                42.10627746582031
              ],
              [
                -79.9388656616211,
                42.10627746582031
              ],
              [
                -80.00420379638672,
                42.236209869384766
              ],
              [
                -79.73184204101562,
                42.17123794555664
              ],
              [
                -79.6373062133789,
                42.30118942260742
              ],
              [
                -79.47742462158203,
                42.30118942260742
              ],
              [
                -79.51011657714844,
                42.36617660522461
              ],
              [
                -79.35017395019531,
                42.36617660522461
              ],
              [
                -79.38289642333984,
                42.43117141723633
              ],
              [
                -79.22289276123047,
                42.43117141723633
              ],
              [
                -79.2556381225586,
                42.496177673339844
              ],
              [
                -79.09558868408203,
                42.496177673339844
              ],
              [
                -79.12835693359375,
                42.56119155883789
              ],
              [
                -78.96824645996094,
                42.56119155883789
              ],
              [
                -78.95381164550781,
                42.691246032714844
              ],
              [
                -78.79358673095703,
                42.691246032714844
              ],
              [
                -78.87854766845703,
                43.016544342041016
              ],
              [
                -79.09246826171875,
                43.276947021484375
              ],
              [
                -78.11400604248047,
                43.407203674316406
              ],
              [
                -77.80633544921875,
                43.276947021484375
              ],
              [
                -76.76134490966797,
                43.276947021484375
              ],
              [
                -76.666015625,
                43.407203674316406
              ],
              [
                -76.505126953125,
                43.407203674316406
              ],
              [
                -76.53789520263672,
                43.472347259521484
              ],
              [
                -76.16822052001953,
                43.53750228881836
              ],
              [
                -76.18616485595703,
                43.73301696777344
              ],
              [
                -76.01018524169922,
                43.86341094970703
              ],
              [
                -76.25679016113281,
                44.18956756591797
              ],
              [
                -76.09516143798828,
                44.18956756591797
              ],
              [
                -76.12850189208984,
                44.25482940673828
              ],
              [
                -76.16191101074219,
                44.32010269165039
              ],
              [
                -76.00016021728516,
                44.32010269165039
              ],
              [
                -75.81021881103516,
                44.58129119873047
              ],
              [
                -75.64822387695312,
                44.58129119873047
              ],
              [
                -75.58670806884766,
                44.77729415893555
              ],
              [
                -75.08592224121094,
                44.908016204833984
              ],
              [
                -75.11945343017578,
                44.973392486572266
              ],
              [
                -71.62834167480469,
                44.973392486572266
              ],
              [
                -71.53034210205078,
                45.10417556762695
              ],
              [
                -71.36784362792969,
                45.10417556762695
              ],
              [
                -71.38333892822266,
                45.300437927246094
              ],
              [
                -70.89524841308594,
                45.300437927246094
              ],
              [
                -70.6000747680664,
                45.693260192871094
              ],
              [
                -70.4369888305664,
                45.693260192871094
              ],
              [
                -70.28924560546875,
                45.889827728271484
              ],
              [
                -70.33763885498047,
                46.1520881652832
              ],
              [
                -70.0593490600586,
                46.414546966552734
              ],
              [
                -70.1091079711914,
                46.677207946777344
              ],
              [
                -70.01122283935547,
                46.808616638183594
              ],
              [
                -69.66688537597656,
                46.94007873535156
              ],
              [
                -69.27550506591797,
                47.46647262573242
              ],
              [
                -68.8948974609375,
                47.20316696166992
              ],
              [
                -68.5163803100586,
                47.26897048950195
              ],
              [
                -68.54948425292969,
                47.33478927612305
              ],
              [
                -68.13761138916016,
                47.33478927612305
              ],
              [
                -67.90721893310547,
                47.20316696166992
              ],
              [
                -67.74462127685547,
                46.87434005737305
              ],
              [
                -67.8267593383789,
                46.87434005737305
              ],
              [
                -67.7660903930664,
                46.414546966552734
              ],
              [
                -67.84799194335938,
                46.414546966552734
              ],
              [
                -67.78434753417969,
                46.283294677734375
              ],
              [
                -67.8661880493164,
                46.283294677734375
              ],
              [
                -67.80277252197266,
                46.1520881652832
              ],
              [
                -67.9030532836914,
                46.02093505859375
              ],
              [
                -67.36653900146484,
                45.23500442504883
              ],
              [
                -67.06147003173828,
                45.10417556762695
              ],
              [
                -67.03099822998047,
                45.03877639770508
              ],
              [
                -67.0416259765625,
                44.71194839477539
              ],
              [
                -67.49761962890625,
                44.64661407470703
              ],
              [
                -67.51801300048828,
                44.5159797668457
              ],
              [
                -67.9228515625,
                44.5159797668457
              ],
              [
                -67.94304656982422,
                44.38538360595703
              ],
              [
                -68.21621704101562,
                44.45067596435547
              ],
              [
                -68.20589447021484,
                44.25482940673828
              ],
              [
                -68.69095611572266,
                44.25482940673828
              ],
              [
                -68.86370849609375,
                44.45067596435547
              ],
              [
                -68.88324737548828,
                44.32010269165039
              ],
              [
                -69.04499053955078,
                44.32010269165039
              ],
              [
                -68.98371887207031,
                44.18956756591797
              ],
              [
                -69.13445281982422,
                43.99384307861328
              ],
              [
                -69.3766098022461,
                43.99384307861328
              ],
              [
                -69.39627838134766,
                43.86341094970703
              ],
              [
                -69.71891021728516,
                43.86341094970703
              ],
              [
                -69.6883544921875,
                43.79821014404297
              ],
              [
                -70.172119140625,
                43.79821014404297
              ],
              [
                -70.27198791503906,
                43.6678352355957
              ],
              [
                -70.21087646484375,
                43.53750228881836
              ],
              [
                -70.36097717285156,
                43.342071533203125
              ],
              [
                -70.52180480957031,
                43.342071533203125
              ],
              [
                -70.82196807861328,
                42.95146560668945
              ],
              [
                -70.64234161376953,
                42.56119155883789
              ],
              [
                -70.98307037353516,
                42.43117141723633
              ],
              [
                -70.923828125,
                42.30118942260742
              ],
              [
                -70.62525939941406,
                42.17123794555664
              ],
              [
                -70.37123107910156,
                41.781593322753906
              ],
              [
                -70.1321029663086,
                41.781593322753906
              ],
              [
                -70.1098861694336,
                41.911441802978516
              ],
              [
                -69.95034790039062,
                41.911441802978516
              ],
              [
                -69.91557312011719,
                41.65177917480469
              ],
              [
                -70.44452667236328,
                41.586883544921875
              ],
              [
                -70.41597747802734,
                41.521995544433594
              ],
              [
                -70.5751724243164,
                41.521995544433594
              ],
              [
                -70.48988342285156,
                41.32738494873047
              ],
              [
                -70.72843170166016,
                41.32738494873047
              ],
              [
                -70.71211242675781,
                41.65177917480469
              ],
              [
                -70.89356994628906,
                41.521995544433594
              ],
              [
                -71.21195983886719,
                41.521995544433594
              ],
              [
                -71.26969146728516,
                41.65177917480469
              ],
              [
                -71.42900085449219,
                41.65177917480469
              ],
              [
                -71.37115478515625,
                41.521995544433594
              ],
              [
                -71.52356719970703,
                41.32738494873047
              ],
              [
                -72.84622192382812,
                41.26253128051758
              ],
              [
                -72.81721496582031,
                41.19768524169922
              ],
              [
                -73.47411346435547,
                41.06801223754883
              ],
              [
                -73.1781997680664,
                40.93837356567383
              ],
              [
                -73.2070083618164,
                41.00318908691406
              ],
              [
                -71.9939956665039,
                41.132843017578125
              ],
              [
                -71.93698120117188,
                41.00318908691406
              ],
              [
                -72.24861907958984,
                40.80876541137695
              ],
              [
                -73.46009063720703,
                40.6791877746582
              ],
              [
                -73.64078521728516,
                40.54964065551758
              ],
              [
                -74.14453887939453,
                40.614410400390625
              ],
              [
                -74.08737182617188,
                40.4848747253418
              ],
              [
                -73.9290542602539,
                40.4848747253418
              ],
              [
                -73.86712646484375,
                40.16116714477539
              ],
              [
                -74.17426300048828,
                39.77294921875
              ],
              [
                -74.11936950683594,
                39.64360046386719
              ],
              [
                -74.53467559814453,
                39.320335388183594
              ],
              [
                -74.48075866699219,
                39.19107437133789
              ],
              [
                -74.63629150390625,
                38.997230529785156
              ],
              [
                -74.92386627197266,
                38.93262481689453
              ],
              [
                -75.03128814697266,
                39.19107437133789
              ],
              [
                -75.40033721923828,
                39.320335388183594
              ],
              [
                -74.94844055175781,
                38.416015625
              ],
              [
                -75.39386749267578,
                37.96426773071289
              ],
              [
                -75.3427963256836,
                37.835243225097656
              ],
              [
                -75.79052734375,
                37.38381576538086
              ],
              [
                -75.74057006835938,
                37.254878997802734
              ],
              [
                -75.84671783447266,
                37.12596130371094
              ],
              [
                -76.00250244140625,
                37.12596130371094
              ],
              [
                -76.07736206054688,
                37.3193473815918
              ],
              [
                -75.99939727783203,
                37.3193473815918
              ],
              [
                -76.07490539550781,
                37.51277160644531
              ],
              [
                -75.89141845703125,
                37.641746520996094
              ],
              [
                -75.9423599243164,
                37.7707405090332
              ],
              [
                -75.81166076660156,
                37.835243225097656
              ],
              [
                -75.91468811035156,
                38.09331130981445
              ],
              [
                -75.83645629882812,
                38.09331130981445
              ],
              [
                -76.25408935546875,
                38.351463317871094
              ],
              [
                -76.3335189819336,
                38.54513168334961
              ],
              [
                -76.23002624511719,
                38.67427444458008
              ],
              [
                -76.38919067382812,
                38.8680305480957
              ],
              [
                -76.23213958740234,
                38.8680305480957
              ],
              [
                -76.31353759765625,
                39.06184005737305
              ],
              [
                -76.23494720458984,
                39.06184005737305
              ],
              [
                -76.42338562011719,
                39.320335388183594
              ],
              [
                -76.3648910522461,
                38.997230529785156
              ],
              [
                -76.52203369140625,
                38.997230529785156
              ],
              [
                -76.44068908691406,
                38.80344009399414
              ],
              [
                -76.5191879272461,
                38.80344009399414
              ],
              [
                -76.25370788574219,
                38.157840728759766
              ],
              [
                -76.38411712646484,
                38.09331130981445
              ],
              [
                -76.17671966552734,
                37.7707405090332
              ],
              [
                -76.28179931640625,
                37.641746520996094
              ],
              [
                -76.35987091064453,
                37.641746520996094
              ],
              [
                -76.61973571777344,
                37.706241607666016
              ],
              [
                -76.67124938964844,
                37.835243225097656
              ],
              [
                -76.93163299560547,
                37.89975357055664
              ],
              [
                -77.48070526123047,
                38.28691864013672
              ],
              [
                -77.77517700195312,
                38.80344009399414
              ],
              [
                -77.6966781616211,
                38.80344009399414
              ],
              [
                -77.77919006347656,
                38.997230529785156
              ],
              [
                -77.5479736328125,
                39.19107437133789
              ],
              [
                -77.60382843017578,
                39.320335388183594
              ],
              [
                -78.0255126953125,
                39.38497543334961
              ],
              [
                -77.96920776367188,
                39.25570297241211
              ],
              [
                -78.2052230834961,
                39.25570297241211
              ],
              [
                -78.65528106689453,
                39.38497543334961
              ],
              [
                -78.77812957763672,
                39.1264533996582
              ],
              [
                -78.93537902832031,
                39.1264533996582
              ],
              [
                -78.95777893066406,
                38.997230529785156
              ],
              [
                -79.19349670410156,
                38.997230529785156
              ],
              [
                -79.39581298828125,
                38.738853454589844
              ],
              [
                -79.816162109375,
                38.80344009399414
              ],
              [
                -79.8340072631836,
                38.48057174682617
              ],
              [
                -80.06486511230469,
                38.28691864013672
              ],
              [
                -80.01021575927734,
                38.157840728759766
              ],
              [
                -80.31714630126953,
                37.7707405090332
              ],
              [
                -80.47339630126953,
                37.7707405090332
              ],
              [
                -80.49787139892578,
                37.641746520996094
              ],
              [
                -80.93949890136719,
                37.5772590637207
              ],
              [
                -81.04212188720703,
                37.44829177856445
              ],
              [
                -80.98897552490234,
                37.3193473815918
              ],
              [
                -82.23411560058594,
                37.12596130371094
              ],
              [
                -82.62162017822266,
                36.932613372802734
              ],
              [
                -82.6465835571289,
                36.80373764038086
              ],
              [
                -83.06048583984375,
                36.67487716674805
              ],
              [
                -83.08570861816406,
                36.5460319519043
              ],
              [
                -83.24110412597656,
                36.5460319519043
              ],
              [
                -83.39569091796875,
                36.3527946472168
              ],
              [
                -83.34375,
                36.2239875793457
              ],
              [
                -83.47303771972656,
                36.15959167480469
              ],
              [
                -83.42218780517578,
                35.837650299072266
              ],
              [
                -84.06924438476562,
                35.51579284667969
              ],
              [
                -84.45603942871094,
                35.51579284667969
              ],
              [
                -84.63727569580078,
                35.38706970214844
              ],
              [
                -85.28137969970703,
                35.45143127441406
              ],
              [
                -85.61683654785156,
                35.32271194458008
              ],
              [
                -85.56590270996094,
                35.194007873535156
              ],
              [
                -85.72161865234375,
                35.00096893310547
              ],
              [
                -85.2605209350586,
                34.80794906616211
              ],
              [
                -85.03189086914062,
                34.614952087402344
              ],
              [
                -84.98636627197266,
                34.2933349609375
              ],
              [
                -84.63006591796875,
                34.164703369140625
              ],
              [
                -84.58719635009766,
                33.84315490722656
              ],
              [
                -84.69338989257812,
                33.71455001831055
              ],
              [
                -84.169189453125,
                33.32876968383789
              ],
              [
                -84.25336456298828,
                33.13589859008789
              ],
              [
                -85.08317565917969,
                33.52165222167969
              ],
              [
                -85.07740783691406,
                33.71455001831055
              ],
              [
                -84.94757080078125,
                33.77885055541992
              ],
              [
                -84.9905776977539,
                34.10039138793945
              ],
              [
                -85.34684753417969,
                34.22901916503906
              ],
              [
                -85.41727447509766,
                34.614952087402344
              ],
              [
                -85.62120819091797,
                34.743614196777344
              ],
              [
                -85.77544403076172,
                34.743614196777344
              ],
              [
                -85.88926696777344,
                34.03607940673828
              ],
              [
                -87.27668762207031,
                33.84315490722656
              ],
              [
                -89.01921081542969,
                33.77885055541992
              ],
              [
                -89.55923461914062,
                33.5859489440918
              ],
              [
                -90.22525787353516,
                33.52165222167969
              ],
              [
                -90.25245666503906,
                33.393062591552734
              ],
              [
                -90.40587615966797,
                33.393062591552734
              ],
              [
                -90.4853286743164,
                33.20018768310547
              ],
              [
                -90.63864135742188,
                33.20018768310547
              ],
              [
                -90.79505920410156,
                33.00732421875
              ],
              [
                -90.72722625732422,
                31.78606605529785
              ],
              [
                -91.16429901123047,
                31.079113006591797
              ],
              [
                -91.03258514404297,
                30.69350814819336
              ],
              [
                -90.42758178710938,
                30.243623733520508
              ],
              [
                -90.2758560180664,
                30.243623733520508
              ],
              [
                -90.25492095947266,
                30.179353713989258
              ],
              [
                -89.64813232421875,
                30.179353713989258
              ],
              [
                -89.60676574707031,
                30.050809860229492
              ],
              [
                -89.28299713134766,
                29.986536026000977
              ],
              [
                -89.24226379394531,
                29.857990264892578
              ],
              [
                -89.56041717529297,
                29.665164947509766
              ],
              [
                -89.50047302246094,
                29.472333908081055
              ],
              [
                -88.98748016357422,
                29.279497146606445
              ],
              [
                -88.92931365966797,
                29.08665657043457
              ],
              [
                -89.21240234375,
                29.022375106811523
              ],
              [
                -89.42173767089844,
                29.21521759033203
              ],
              [
                -89.74383544921875,
                29.279497146606445
              ],
              [
                -89.87887573242188,
                29.472333908081055
              ],
              [
                -90.03023529052734,
                29.472333908081055
              ],
              [
                -89.95108032226562,
                29.21521759033203
              ],
              [
                -90.06319427490234,
                29.08665657043457
              ],
              [
                -90.50019073486328,
                29.279497146606445
              ],
              [
                -90.59233093261719,
                29.08665657043457
              ],
              [
                -90.81910705566406,
                29.08665657043457
              ],
              [
                -91.79771423339844,
                29.79371452331543
              ],
              [
                -92.00425720214844,
                29.729440689086914
              ],
              [
                -91.68072509765625,
                29.665164947509766
              ],
              [
                -91.69519805908203,
                29.472333908081055
              ],
              [
                -92.62387084960938,
                29.536611557006836
              ],
              [
                -93.21610260009766,
                29.729440689086914
              ],
              [
                -93.23706817626953,
                29.79371452331543
              ],
              [
                -93.26737976074219,
                30.115081787109375
              ],
              [
                -92.90961456298828,
                30.179353713989258
              ],
              [
                -92.69243621826172,
                30.436433792114258
              ],
              [
                -92.54061126708984,
                30.436433792114258
              ],
              [
                -92.32418060302734,
                30.69350814819336
              ],
              [
                -92.36830139160156,
                30.822044372558594
              ],
              [
                -92.02354431152344,
                31.143381118774414
              ],
              [
                -92.06864929199219,
                31.271915435791016
              ],
              [
                -91.74862670898438,
                31.65752601623535
              ],
              [
                -91.73567199707031,
                32.043148040771484
              ],
              [
                -91.60651397705078,
                32.107421875
              ],
              [
                -91.56798553466797,
                32.62162780761719
              ],
              [
                -91.49149322509766,
                32.62162780761719
              ],
              [
                -91.7117919921875,
                33.20018768310547
              ],
              [
                -91.91500854492188,
                33.32876968383789
              ],
              [
                -92.75792694091797,
                33.52165222167969
              ],
              [
                -94.1393814086914,
                33.52165222167969
              ],
              [
                -94.3447036743164,
                33.65024948120117
              ],
              [
                -94.37073516845703,
                33.71455001831055
              ],
              [
                -94.43973541259766,
                34.80794906616211
              ],
              [
                -94.36260223388672,
                34.80794906616211
              ],
              [
                -94.44482421875,
                35.00096893310547
              ],
              [
                -94.36762237548828,
                35.00096893310547
              ],
              [
                -94.48472595214844,
                35.45143127441406
              ],
              [
                -94.40738677978516,
                35.45143127441406
              ],
              [
                -94.81804656982422,
                36.5460319519043
              ],
              [
                -94.72164154052734,
                36.67487716674805
              ],
              [
                -94.78099060058594,
                36.80373764038086
              ],
              [
                -94.70320892333984,
                36.80373764038086
              ],
              [
                -94.7928695678711,
                36.9970588684082
              ],
              [
                -95.41567993164062,
                36.9970588684082
              ],
              [
                -95.33246612548828,
                37.96426773071289
              ],
              [
                -100.18028259277344,
                37.96426773071289
              ],
              [
                -101.01763916015625,
                38.22237777709961
              ],
              [
                -101.5318832397461,
                38.157840728759766
              ],
              [
                -102.02510070800781,
                38.351463317871094
              ],
              [
                -102.14762878417969,
                38.28691864013672
              ],
              [
                -102.37271881103516,
                38.416015625
              ],
              [
                -102.68614196777344,
                38.416015625
              ],
              [
                -102.8684310913086,
                38.60969924926758
              ],
              [
                -102.97343444824219,
                38.80344009399414
              ],
              [
                -102.77310180664062,
                38.8680305480957
              ],
              [
                -102.90799713134766,
                39.25570297241211
              ],
              [
                -103.41011047363281,
                39.449623107910156
              ],
              [
                -103.83057403564453,
                39.77294921875
              ],
              [
                -104.18340301513672,
                39.8376350402832
              ],
              [
                -104.18770599365234,
                39.70827102661133
              ],
              [
                -104.54471588134766,
                39.64360046386719
              ],
              [
                -104.49382019042969,
                38.997230529785156
              ],
              [
                -104.614990234375,
                38.93262481689453
              ],
              [
                -104.55078125,
                38.67427444458008
              ],
              [
                -104.62923431396484,
                38.67427444458008
              ],
              [
                -104.55853271484375,
                38.54513168334961
              ],
              [
                -104.63693237304688,
                38.54513168334961
              ],
              [
                -104.56666564941406,
                38.416015625
              ],
              [
                -104.65348052978516,
                38.28691864013672
              ],
              [
                -103.60101318359375,
                38.22237777709961
              ],
              [
                -103.73294067382812,
                38.028785705566406
              ],
              [
                -103.6648941040039,
                37.89975357055664
              ],
              [
                -103.83165740966797,
                37.7707405090332
              ],
              [
                -103.76435852050781,
                37.641746520996094
              ],
              [
                -103.89825439453125,
                37.44829177856445
              ],
              [
                -104.05426788330078,
                37.44829177856445
              ],
              [
                -104.11064147949219,
                37.254878997802734
              ],
              [
                -104.80083465576172,
                37.38381576538086
              ],
              [
                -104.9015884399414,
                37.12596130371094
              ],
              [
                -105.29106140136719,
                37.12596130371094
              ],
              [
                -105.068359375,
                37.44829177856445
              ],
              [
                -105.15007781982422,
                37.89975357055664
              ],
              [
                -105.41905975341797,
                37.96426773071289
              ],
              [
                -105.42835998535156,
                37.835243225097656
              ],
              [
                -105.58464813232422,
                37.835243225097656
              ],
              [
                -105.62834167480469,
                38.351463317871094
              ],
              [
                -105.85580444335938,
                38.48057174682617
              ],
              [
                -106.25900268554688,
                39.06184005737305
              ],
              [
                -106.42159271240234,
                38.93262481689453
              ],
              [
                -106.65198516845703,
                39.06184005737305
              ],
              [
                -107.06702423095703,
                39.64360046386719
              ],
              [
                -106.94486236572266,
                39.8376350402832
              ],
              [
                -106.78706359863281,
                39.8376350402832
              ],
              [
                -106.82538604736328,
                39.90232849121094
              ],
              [
                -106.23477172851562,
                39.8376350402832
              ],
              [
                -106.07215118408203,
                40.0964469909668
              ],
              [
                -106.30641174316406,
                40.355369567871094
              ],
              [
                -105.86956024169922,
                40.6791877746582
              ],
              [
                -106.02871704101562,
                40.93837356567383
              ],
              [
                -106.22669982910156,
                40.873565673828125
              ],
              [
                -106.186767578125,
                40.80876541137695
              ],
              [
                -106.62330627441406,
                40.873565673828125
              ],
              [
                -106.74613189697266,
                41.19768524169922
              ],
              [
                -106.58721160888672,
                41.19768524169922
              ],
              [
                -106.74835968017578,
                41.32738494873047
              ],
              [
                -106.47122192382812,
                41.39224624633789
              ],
              [
                -107.00457763671875,
                41.97637939453125
              ],
              [
                -106.88711547851562,
                42.041324615478516
              ],
              [
                -107.01419830322266,
                42.236209869384766
              ],
              [
                -106.77961730957031,
                42.36617660522461
              ],
              [
                -106.89061737060547,
                43.016544342041016
              ],
              [
                -106.57647705078125,
                43.146724700927734
              ],
              [
                -106.66407012939453,
                43.276947021484375
              ],
              [
                -106.50330352783203,
                43.276947021484375
              ],
              [
                -106.76000213623047,
                43.53750228881836
              ],
              [
                -106.48218536376953,
                43.6026611328125
              ],
              [
                -106.22554016113281,
                43.342071533203125
              ],
              [
                -105.5386962890625,
                43.276947021484375
              ],
              [
                -105.44586944580078,
                43.016544342041016
              ],
              [
                -104.51531219482422,
                42.82133865356445
              ],
              [
                -104.06417846679688,
                42.496177673339844
              ],
              [
                -103.09854888916016,
                42.236209869384766
              ],
              [
                -102.21595764160156,
                41.84651184082031
              ],
              [
                -101.57798767089844,
                41.71668243408203
              ],
              [
                -99.86553192138672,
                41.65177917480469
              ],
              [
                -99.90271759033203,
                41.97637939453125
              ],
              [
                -99.78270721435547,
                42.041324615478516
              ],
              [
                -99.86246490478516,
                42.43117141723633
              ],
              [
                -99.74269104003906,
                42.496177673339844
              ],
              [
                -99.82579040527344,
                42.88639831542969
              ],
              [
                -99.70620727539062,
                42.95146560668945
              ],
              [
                -99.79243469238281,
                43.342071533203125
              ],
              [
                -99.71202087402344,
                43.342071533203125
              ],
              [
                -99.87545013427734,
                43.472347259521484
              ],
              [
                -98.10501861572266,
                43.472347259521484
              ],
              [
                -97.9865493774414,
                43.6678352355957
              ],
              [
                -98.06897735595703,
                43.79821014404297
              ],
              [
                -97.87042236328125,
                43.99384307861328
              ],
              [
                -97.95609283447266,
                44.25482940673828
              ],
              [
                -98.77159118652344,
                44.5159797668457
              ],
              [
                -98.8564682006836,
                44.64661407470703
              ],
              [
                -98.74102783203125,
                44.842647552490234
              ],
              [
                -98.25428009033203,
                44.842647552490234
              ],
              [
                -98.72126007080078,
                45.431331634521484
              ],
              [
                -96.51988983154297,
                45.300437927246094
              ],
              [
                -96.60804748535156,
                45.56227111816406
              ],
              [
                -96.48761749267578,
                45.62776184082031
              ],
              [
                -96.53022766113281,
                45.693260192871094
              ],
              [
                -96.36714935302734,
                45.693260192871094
              ],
              [
                -96.3320541381836,
                45.889827728271484
              ],
              [
                -96.16877746582031,
                45.889827728271484
              ],
              [
                -96.1727294921875,
                46.02093505859375
              ],
              [
                -96.09102630615234,
                46.02093505859375
              ],
              [
                -96.0564193725586,
                46.21768569946289
              ],
              [
                -95.89281463623047,
                46.21768569946289
              ],
              [
                -95.89717102050781,
                46.348915100097656
              ],
              [
                -95.8153076171875,
                46.348915100097656
              ],
              [
                -96.01160430908203,
                47.13737487792969
              ],
              [
                -96.17615509033203,
                47.13737487792969
              ],
              [
                -96.11988067626953,
                46.808616638183594
              ],
              [
                -96.40432739257812,
                46.74290466308594
              ],
              [
                -96.31671905517578,
                46.61152267456055
              ],
              [
                -96.73259735107422,
                46.74290466308594
              ],
              [
                -97.0138931274414,
                47.4006233215332
              ],
              [
                -97.59066772460938,
                47.993770599365234
              ],
              [
                -97.4352798461914,
                48.1257438659668
              ],
              [
                -97.52861022949219,
                48.257774353027344
              ],
              [
                -97.37369537353516,
                48.38986587524414
              ],
              [
                -97.57508850097656,
                48.786521911621094
              ],
              [
                -97.49192810058594,
                48.786521911621094
              ],
              [
                -97.58783721923828,
                48.91886520385742
              ],
              [
                -97.50460815429688,
                48.91886520385742
              ],
              [
                -97.68436431884766,
                49.051273345947266
              ],
              [
                -95.18524932861328,
                49.051273345947266
              ],
              [
                -95.30485534667969,
                49.44889450073242
              ],
              [
                -95.10242462158203,
                49.51522445678711
              ],
              [
                -94.73258209228516,
                49.11750411987305
              ],
              [
                -94.81592559814453,
                49.11750411987305
              ],
              [
                -94.66462707519531,
                48.786521911621094
              ],
              [
                -93.90715789794922,
                48.654239654541016
              ],
              [
                -93.62672424316406,
                48.1257438659668
              ],
              [
                -93.40995788574219,
                47.92780685424805
              ],
              [
                -93.24457550048828,
                47.92780685424805
              ],
              [
                -93.1618881225586,
                47.92780685424805
              ],
              [
                -92.16963195800781,
                47.92780685424805
              ],
              [
                -92.56330871582031,
                48.38986587524414
              ],
              [
                -92.23155975341797,
                48.38986587524414
              ],
              [
                -91.63965606689453,
                48.1257438659668
              ]
            ]
          ],
          [
            [
              [
                -102.6787338256836,
                43.08163070678711
              ],
              [
                -102.759033203125,
                43.08163070678711
              ],
              [
                -103.01394653320312,
                43.472347259521484
              ],
              [
                -102.69205474853516,
                43.472347259521484
              ],
              [
                -102.47997283935547,
                43.146724700927734
              ],
              [
                -102.6787338256836,
                43.08163070678711
              ]
            ]
          ],
          [
            [
              [
                -99.84404754638672,
                45.03877639770508
              ],
              [
                -99.76282501220703,
                45.03877639770508
              ],
              [
                -99.50933837890625,
                44.77729415893555
              ],
              [
                -99.79071807861328,
                44.71194839477539
              ],
              [
                -100.04436492919922,
                44.973392486572266
              ],
              [
                -99.84404754638672,
                45.03877639770508
              ]
            ]
          ],
          [
            [
              [
                -85.59886932373047,
                45.82429504394531
              ],
              [
                -85.40239715576172,
                45.62776184082031
              ],
              [
                -85.64691925048828,
                45.62776184082031
              ],
              [
                -85.68048095703125,
                45.82429504394531
              ],
              [
                -85.59886932373047,
                45.82429504394531
              ]
            ]
          ],
          [
            [
              [
                -83.47079467773438,
                45.95537567138672
              ],
              [
                -83.71581268310547,
                45.95537567138672
              ],
              [
                -83.7479019165039,
                46.1520881652832
              ],
              [
                -83.66613006591797,
                46.1520881652832
              ],
              [
                -83.47079467773438,
                45.95537567138672
              ]
            ]
          ],
          [
            [
              [
                -89.1129150390625,
                48.059749603271484
              ],
              [
                -89.15582275390625,
                48.1257438659668
              ],
              [
                -88.90744018554688,
                48.1257438659668
              ],
              [
                -88.95036315917969,
                48.191749572753906
              ],
              [
                -88.8675308227539,
                48.191749572753906
              ],
              [
                -88.70187377929688,
                48.191749572753906
              ],
              [
                -88.6565170288086,
                47.993770599365234
              ],
              [
                -89.1502456665039,
                47.86185836791992
              ],
              [
                -89.23558044433594,
                47.993770599365234
              ],
              [
                -89.1129150390625,
                48.059749603271484
              ]
            ]
          ]
        ]
      }
    }
  ]
}
