{
  "type": "FeatureCollection",
  "features": [
    {
      "type": "Feature",
      "properties": {
        "Name": "British Colonial Empire",
        "FromYear": 1946,
        "ToYear": 1946,
        "Area": 1859352.3238532594,
        "Type": "POLITY",
        "Wikipedia": "British Empire",
        "Wikidata": "Q8680",
        "SeshatID": "gb_british_emp_2",
        "Components": "",
        "MemberOf": "(British Empire)",
        "displayYear": 1946,
        "sourceYear": 1946,
        "mappedTerritoryId": "cliopatria_british_colonial_empire"
      },
      "geometry": {
        "type": "MultiPolygon",
        "coordinates": [
          [
            [
              [
                -61.7105712890625,
                12.178865432739258
              ],
              [
                -61.714962005615234,
                12.24315357208252
              ],
              [
                -61.56843185424805,
                12.24315357208252
              ],
              [
                -61.551116943359375,
                11.986002922058105
              ],
              [
                -61.775146484375,
                12.050291061401367
              ],
              [
                -61.7105712890625,
                12.178865432739258
              ]
            ]
          ],
          [
            [
              [
                -61.464874267578125,
                15.457538604736328
              ],
              [
                -61.47107696533203,
                15.52182674407959
              ],
              [
                -61.48359680175781,
                15.650403022766113
              ],
              [
                -61.26287078857422,
                15.650403022766113
              ],
              [
                -61.14630889892578,
                15.200387001037598
              ],
              [
                -61.36689376831055,
                15.200387001037598
              ],
              [
                -61.464874267578125,
                15.457538604736328
              ]
            ]
          ],
          [
            [
              [
                -61.86532211303711,
                17.193313598632812
              ],
              [
                -61.64407730102539,
                17.193313598632812
              ],
              [
                -61.616119384765625,
                16.9361629486084
              ],
              [
                -61.763553619384766,
                16.9361629486084
              ],
              [
                -61.85826873779297,
                17.129026412963867
              ],
              [
                -61.86532211303711,
                17.193313598632812
              ]
            ]
          ],
          [
            [
              [
                -89.03401947021484,
                17.38617706298828
              ],
              [
                -89.16804504394531,
                17.77190399169922
              ],
              [
                -89.05091857910156,
                17.964767456054688
              ],
              [
                -88.75556182861328,
                17.964767456054688
              ],
              [
                -88.3945083618164,
                18.479066848754883
              ],
              [
                -88.2467041015625,
                18.479066848754883
              ],
              [
                -88.23637390136719,
                18.414779663085938
              ],
              [
                -88.07830810546875,
                18.350492477416992
              ],
              [
                -88.02729034423828,
                18.029054641723633
              ],
              [
                -88.18842315673828,
                17.643327713012695
              ],
              [
                -88.13533020019531,
                16.807586669921875
              ],
              [
                -88.20903015136719,
                16.807586669921875
              ],
              [
                -88.23552703857422,
                16.486146926879883
              ],
              [
                -88.30919647216797,
                16.486146926879883
              ],
              [
                -88.82465362548828,
                15.971842765808105
              ],
              [
                -88.81562042236328,
                15.907554626464844
              ],
              [
                -89.11003112792969,
                15.907554626464844
              ],
              [
                -89.10779571533203,
                17.38617706298828
              ],
              [
                -89.03401947021484,
                17.38617706298828
              ]
            ]
          ],
          [
            [
              [
                -64.89022827148438,
                17.836191177368164
              ],
              [
                -64.66875457763672,
                17.836191177368164
              ],
              [
                -64.57978820800781,
                17.707616806030273
              ],
              [
                -64.8674545288086,
                17.643327713012695
              ],
              [
                -64.88261413574219,
                17.77190399169922
              ],
              [
                -64.89022827148438,
                17.836191177368164
              ]
            ]
          ],
          [
            [
              [
                -77.36641693115234,
                17.836191177368164
              ],
              [
                -77.73553466796875,
                17.836191177368164
              ],
              [
                -78.07617950439453,
                18.157629013061523
              ],
              [
                -78.29776763916016,
                18.157629013061523
              ],
              [
                -78.3900146484375,
                18.286205291748047
              ],
              [
                -78.05752563476562,
                18.543354034423828
              ],
              [
                -77.01364135742188,
                18.479066848754883
              ],
              [
                -76.22962188720703,
                18.157629013061523
              ],
              [
                -76.12023162841797,
                17.90047836303711
              ],
              [
                -76.48053741455078,
                17.836191177368164
              ],
              [
                -76.55435943603516,
                17.836191177368164
              ],
              [
                -76.8585433959961,
                17.90047836303711
              ],
              [
                -77.07112121582031,
                17.836191177368164
              ],
              [
                -77.05337524414062,
                17.707616806030273
              ],
              [
                -77.2748031616211,
                17.707616806030273
              ],
              [
                -77.36641693115234,
                17.836191177368164
              ]
            ]
          ],
          [
            [
              [
                -72.93984985351562,
                21.050535202026367
              ],
              [
                -73.01407623291016,
                21.050535202026367
              ],
              [
                -73.0047378540039,
                20.986249923706055
              ],
              [
                -73.66329956054688,
                20.921964645385742
              ],
              [
                -73.6915512084961,
                21.114822387695312
              ],
              [
                -73.48774719238281,
                21.24339485168457
              ],
              [
                -72.9679946899414,
                21.24339485168457
              ],
              [
                -72.93984985351562,
                21.050535202026367
              ]
            ]
          ],
          [
            [
              [
                -72.15237426757812,
                21.7576847076416
              ],
              [
                -72.2171630859375,
                21.693397521972656
              ],
              [
                -72.32018280029297,
                21.88625717163086
              ],
              [
                -72.09717559814453,
                21.88625717163086
              ],
              [
                -72.07805633544922,
                21.7576847076416
              ],
              [
                -72.15237426757812,
                21.7576847076416
              ]
            ]
          ],
          [
            [
              [
                -72.82479095458984,
                22.271976470947266
              ],
              [
                -72.92898559570312,
                22.46483612060547
              ],
              [
                -72.6858901977539,
                22.33626365661621
              ],
              [
                -72.67601776123047,
                22.271976470947266
              ],
              [
                -72.82479095458984,
                22.271976470947266
              ]
            ]
          ],
          [
            [
              [
                -73.70353698730469,
                22.657697677612305
              ],
              [
                -73.6731185913086,
                22.46483612060547
              ],
              [
                -73.80182647705078,
                22.33626365661621
              ],
              [
                -73.876220703125,
                22.33626365661621
              ],
              [
                -74.15374755859375,
                22.20768928527832
              ],
              [
                -74.04518127441406,
                22.46483612060547
              ],
              [
                -73.89635467529297,
                22.46483612060547
              ],
              [
                -73.93710327148438,
                22.72198486328125
              ],
              [
                -73.70353698730469,
                22.657697677612305
              ]
            ]
          ],
          [
            [
              [
                -74.7445068359375,
                23.107707977294922
              ],
              [
                -74.71284484863281,
                22.914846420288086
              ],
              [
                -74.86180114746094,
                22.914846420288086
              ],
              [
                -74.87232208251953,
                22.97913360595703
              ],
              [
                -75.11701965332031,
                23.107707977294922
              ],
              [
                -75.17095184326172,
                23.429147720336914
              ],
              [
                -75.0218505859375,
                23.429147720336914
              ],
              [
                -74.97868347167969,
                23.171995162963867
              ],
              [
                -74.7445068359375,
                23.107707977294922
              ]
            ]
          ],
          [
            [
              [
                -77.40090942382812,
                23.814878463745117
              ],
              [
                -77.47551727294922,
                23.814878463745117
              ],
              [
                -77.76241302490234,
                23.75058937072754
              ],
              [
                -77.91895294189453,
                24.200613021850586
              ],
              [
                -77.85621643066406,
                24.264904022216797
              ],
              [
                -77.48284149169922,
                24.264904022216797
              ],
              [
                -77.40090942382812,
                23.814878463745117
              ]
            ]
          ],
          [
            [
              [
                -74.3756332397461,
                24.00774574279785
              ],
              [
                -74.51364135742188,
                23.943456649780273
              ],
              [
                -74.547607421875,
                24.136323928833008
              ],
              [
                -74.32363891601562,
                24.136323928833008
              ],
              [
                -74.3010025024414,
                24.00774574279785
              ],
              [
                -74.3756332397461,
                24.00774574279785
              ]
            ]
          ],
          [
            [
              [
                -75.43196105957031,
                24.07203483581543
              ],
              [
                -75.49004364013672,
                24.393482208251953
              ],
              [
                -75.56473541259766,
                24.393482208251953
              ],
              [
                -75.58840942382812,
                24.522062301635742
              ],
              [
                -75.35242462158203,
                24.457773208618164
              ],
              [
                -75.24260711669922,
                24.264904022216797
              ],
              [
                -75.28267669677734,
                24.07203483581543
              ],
              [
                -75.43196105957031,
                24.07203483581543
              ]
            ]
          ],
          [
            [
              [
                -78.09226989746094,
                24.329193115234375
              ],
              [
                -78.11650085449219,
                24.457773208618164
              ],
              [
                -78.35286712646484,
                24.522062301635742
              ],
              [
                -78.3899917602539,
                24.714935302734375
              ],
              [
                -78.2405014038086,
                24.714935302734375
              ],
              [
                -78.19078063964844,
                24.843517303466797
              ],
              [
                -78.20339965820312,
                24.907808303833008
              ],
              [
                -78.19271087646484,
                25.229267120361328
              ],
              [
                -77.8804702758789,
                25.164974212646484
              ],
              [
                -77.617919921875,
                24.586353302001953
              ],
              [
                -77.79352569580078,
                24.329193115234375
              ],
              [
                -78.09226989746094,
                24.329193115234375
              ]
            ]
          ],
          [
            [
              [
                -76.08506774902344,
                24.779226303100586
              ],
              [
                -76.23458099365234,
                24.779226303100586
              ],
              [
                -76.25920104980469,
                24.907808303833008
              ],
              [
                -76.04724884033203,
                24.97209930419922
              ],
              [
                -76.09732055664062,
                24.843517303466797
              ],
              [
                -76.08506774902344,
                24.779226303100586
              ]
            ]
          ],
          [
            [
              [
                -76.48439025878906,
                25.29355812072754
              ],
              [
                -76.5980224609375,
                25.48643684387207
              ],
              [
                -76.3475341796875,
                25.357851028442383
              ],
              [
                -76.33470916748047,
                25.29355812072754
              ],
              [
                -76.48439025878906,
                25.29355812072754
              ]
            ]
          ],
          [
            [
              [
                -76.93746948242188,
                26.386537551879883
              ],
              [
                -77.10681915283203,
                26.129364013671875
              ],
              [
                -77.06575012207031,
                25.936485290527344
              ],
              [
                -77.29061126708984,
                25.936485290527344
              ],
              [
                -77.331787109375,
                26.129364013671875
              ],
              [
                -77.17668914794922,
                26.450830459594727
              ],
              [
                -77.19087219238281,
                26.515121459960938
              ],
              [
                -77.63847351074219,
                26.836584091186523
              ],
              [
                -77.66790008544922,
                26.96516990661621
              ],
              [
                -77.35261535644531,
                26.900876998901367
              ],
              [
                -76.9656982421875,
                26.515121459960938
              ],
              [
                -76.93746948242188,
                26.386537551879883
              ]
            ]
          ],
          [
            [
              [
                -78.60027313232422,
                26.772293090820312
              ],
              [
                -77.98481750488281,
                26.70800018310547
              ],
              [
                -77.97029113769531,
                26.643707275390625
              ],
              [
                -78.16664123535156,
                26.515121459960938
              ],
              [
                -78.6776351928711,
                26.450830459594727
              ],
              [
                -78.79621124267578,
                26.643707275390625
              ],
              [
                -78.64604949951172,
                26.643707275390625
              ],
              [
                -78.60027313232422,
                26.772293090820312
              ]
            ]
          ],
          [
            [
              [
                -64.86115264892578,
                32.30024337768555
              ],
              [
                -64.64949798583984,
                32.36451721191406
              ],
              [
                -64.69085693359375,
                32.23596954345703
              ],
              [
                -64.67342376708984,
                32.171695709228516
              ],
              [
                -64.86115264892578,
                32.30024337768555
              ]
            ]
          ],
          [
            [
              [
                -61.98273468017578,
                57.97305679321289
              ],
              [
                -61.848304748535156,
                57.7653923034668
              ],
              [
                -62.02684020996094,
                57.7653923034668
              ],
              [
                -61.804664611816406,
                57.41988754272461
              ],
              [
                -61.89365768432617,
                57.41988754272461
              ],
              [
                -61.805519104003906,
                57.28189468383789
              ],
              [
                -61.4515380859375,
                57.14401626586914
              ],
              [
                -61.32142639160156,
                56.937416076660156
              ],
              [
                -61.455413818359375,
                56.86860656738281
              ],
              [
                -61.326393127441406,
                56.662349700927734
              ],
              [
                -61.679996490478516,
                56.662349700927734
              ],
              [
                -61.85482406616211,
                56.799827575683594
              ],
              [
                -61.768394470214844,
                56.662349700927734
              ],
              [
                -61.85679626464844,
                56.662349700927734
              ],
              [
                -61.77073287963867,
                56.524986267089844
              ],
              [
                -61.85902786254883,
                56.524986267089844
              ],
              [
                -61.688087463378906,
                56.25059127807617
              ],
              [
                -61.51192092895508,
                56.25059127807617
              ],
              [
                -61.38524627685547,
                56.04508590698242
              ],
              [
                -61.29731750488281,
                56.04508590698242
              ],
              [
                -61.335750579833984,
                56.25059127807617
              ],
              [
                -61.15958023071289,
                56.25059127807617
              ],
              [
                -60.94560241699219,
                56.04508590698242
              ],
              [
                -61.1214599609375,
                56.04508590698242
              ],
              [
                -61.12571716308594,
                55.90821838378906
              ],
              [
                -60.469635009765625,
                55.83982467651367
              ],
              [
                -60.31796646118164,
                55.29362487792969
              ],
              [
                -59.26954650878906,
                55.29362487792969
              ],
              [
                -58.684085845947266,
                54.88506317138672
              ],
              [
                -57.93907928466797,
                54.95309066772461
              ],
              [
                -57.91051483154297,
                54.74907684326172
              ],
              [
                -57.437557220458984,
                54.681121826171875
              ],
              [
                -57.32387924194336,
                54.47740173339844
              ],
              [
                -57.980018615722656,
                54.4095458984375
              ],
              [
                -57.942054748535156,
                54.341712951660156
              ],
              [
                -58.202091217041016,
                54.341712951660156
              ],
              [
                -58.164093017578125,
                54.27390670776367
              ],
              [
                -57.55767822265625,
                54.27390670776367
              ],
              [
                -57.124427795410156,
                53.799922943115234
              ],
              [
                -56.18907165527344,
                53.664710998535156
              ],
              [
                -55.909156799316406,
                53.462066650390625
              ],
              [
                -55.73207092285156,
                53.124786376953125
              ],
              [
                -56.04011535644531,
                53.057395935058594
              ],
              [
                -55.8492431640625,
                52.85536575317383
              ],
              [
                -55.985633850097656,
                52.78806686401367
              ],
              [
                -55.761634826660156,
                52.51908493041992
              ],
              [
                -55.676231384277344,
                52.18334197998047
              ],
              [
                -55.83022689819336,
                51.98215103149414
              ],
              [
                -56.00037384033203,
                51.98215103149414
              ],
              [
                -56.017974853515625,
                51.84812545776367
              ],
              [
                -56.86845779418945,
                51.51342010498047
              ],
              [
                -56.95323181152344,
                51.51342010498047
              ],
              [
                -57.05466079711914,
                51.71418380737305
              ],
              [
                -56.95284652709961,
                51.84812545776367
              ],
              [
                -57.021270751953125,
                51.98215103149414
              ],
              [
                -56.936195373535156,
                51.98215103149414
              ],
              [
                -57.004966735839844,
                52.11625671386719
              ],
              [
                -63.477256774902344,
                52.11625671386719
              ],
              [
                -63.7531852722168,
                52.4518928527832
              ],
              [
                -63.66780471801758,
                52.4518928527832
              ],
              [
                -63.736820220947266,
                52.720787048339844
              ],
              [
                -63.56570053100586,
                52.720787048339844
              ],
              [
                -63.55778121948242,
                52.85536575317383
              ],
              [
                -63.47213363647461,
                52.85536575317383
              ],
              [
                -63.50355911254883,
                53.057395935058594
              ],
              [
                -63.66807556152344,
                53.192195892333984
              ],
              [
                -63.92571258544922,
                53.192195892333984
              ],
              [
                -63.88615036010742,
                53.124786376953125
              ],
              [
                -64.06460571289062,
                52.99003219604492
              ],
              [
                -63.91579818725586,
                52.586299896240234
              ],
              [
                -64.00126647949219,
                52.586299896240234
              ],
              [
                -63.9239501953125,
                52.4518928527832
              ],
              [
                -64.05614471435547,
                52.38472366333008
              ],
              [
                -63.95021057128906,
                52.0491943359375
              ],
              [
                -64.16754150390625,
                51.98215103149414
              ],
              [
                -64.3588638305664,
                52.31757736206055
              ],
              [
                -64.60700225830078,
                52.4518928527832
              ],
              [
                -65.16552734375,
                52.38472366333008
              ],
              [
                -65.23731994628906,
                52.653533935546875
              ],
              [
                -65.77942657470703,
                52.99003219604492
              ],
              [
                -66.3796157836914,
                52.99003219604492
              ],
              [
                -66.54312133789062,
                53.25962829589844
              ],
              [
                -66.41236114501953,
                53.32708740234375
              ],
              [
                -66.49490356445312,
                53.462066650390625
              ],
              [
                -66.40884399414062,
                53.462066650390625
              ],
              [
                -66.61711120605469,
                53.799922943115234
              ],
              [
                -66.83181762695312,
                53.86756134033203
              ],
              [
                -67.30338287353516,
                54.74907684326172
              ],
              [
                -66.82502746582031,
                54.817054748535156
              ],
              [
                -67.13268280029297,
                55.29362487792969
              ],
              [
                -66.56385803222656,
                54.95309066772461
              ],
              [
                -66.2588119506836,
                55.021148681640625
              ],
              [
                -66.47776794433594,
                55.36180877685547
              ],
              [
                -66.39035034179688,
                55.36180877685547
              ],
              [
                -65.56257629394531,
                54.88506317138672
              ],
              [
                -64.16946411132812,
                54.88506317138672
              ],
              [
                -63.91151428222656,
                54.74907684326172
              ],
              [
                -63.56363296508789,
                54.74907684326172
              ],
              [
                -63.605281829833984,
                54.817054748535156
              ],
              [
                -63.385841369628906,
                54.88506317138672
              ],
              [
                -63.427574157714844,
                54.95309066772461
              ],
              [
                -63.253334045410156,
                54.95309066772461
              ],
              [
                -63.336944580078125,
                55.089229583740234
              ],
              [
                -63.068450927734375,
                55.36180877685547
              ],
              [
                -63.23558044433594,
                55.77145767211914
              ],
              [
                -63.889869689941406,
                56.387733459472656
              ],
              [
                -63.71321105957031,
                56.524986267089844
              ],
              [
                -63.935096740722656,
                56.86860656738281
              ],
              [
                -63.84653854370117,
                56.86860656738281
              ],
              [
                -63.93603515625,
                57.00625228881836
              ],
              [
                -63.803524017333984,
                57.07511901855469
              ],
              [
                -63.84846878051758,
                57.14401626586914
              ],
              [
                -63.75969314575195,
                57.14401626586914
              ],
              [
                -63.853424072265625,
                57.55800247192383
              ],
              [
                -63.764320373535156,
                57.55800247192383
              ],
              [
                -64.35834503173828,
                58.180992126464844
              ],
              [
                -64.14013671875,
                58.38920593261719
              ],
              [
                -64.1871337890625,
                58.45867156982422
              ],
              [
                -64.0074691772461,
                58.45867156982422
              ],
              [
                -64.01166534423828,
                58.59769821166992
              ],
              [
                -63.8317756652832,
                58.59769821166992
              ],
              [
                -63.926082611083984,
                58.73685073852539
              ],
              [
                -64.2388687133789,
                58.66725540161133
              ],
              [
                -64.88059997558594,
                58.94581604003906
              ],
              [
                -64.38159942626953,
                58.876129150390625
              ],
              [
                -64.38711547851562,
                59.015533447265625
              ],
              [
                -64.29682922363281,
                59.015533447265625
              ],
              [
                -64.79032135009766,
                59.85470962524414
              ],
              [
                -64.6993179321289,
                59.85470962524414
              ],
              [
                -64.75691223144531,
                60.065250396728516
              ],
              [
                -64.66572570800781,
                60.065250396728516
              ],
              [
                -64.76534271240234,
                60.20578384399414
              ],
              [
                -64.63262939453125,
                60.276100158691406
              ],
              [
                -64.91578674316406,
                60.416839599609375
              ],
              [
                -64.96621704101562,
                60.48725891113281
              ],
              [
                -65.01677703857422,
                60.557716369628906
              ],
              [
                -64.69156646728516,
                60.48725891113281
              ],
              [
                -64.43387603759766,
                59.99503707885742
              ],
              [
                -64.1113510131836,
                59.92485809326172
              ],
              [
                -63.96464920043945,
                59.714515686035156
              ],
              [
                -64.14640808105469,
                59.714515686035156
              ],
              [
                -64.09765625,
                59.64447021484375
              ],
              [
                -63.63220977783203,
                59.36461639404297
              ],
              [
                -63.48884963989258,
                59.15507125854492
              ],
              [
                -63.30803298950195,
                59.15507125854492
              ],
              [
                -62.9354362487793,
                58.73685073852539
              ],
              [
                -62.888851165771484,
                58.66725540161133
              ],
              [
                -63.022281646728516,
                58.59769821166992
              ],
              [
                -62.706172943115234,
                58.528167724609375
              ],
              [
                -62.6140022277832,
                58.38920593261719
              ],
              [
                -62.747535705566406,
                58.31977081298828
              ],
              [
                -62.475242614746094,
                58.042335510253906
              ],
              [
                -61.98273468017578,
                57.97305679321289
              ]
            ]
          ],
          [
            [
              [
                -37.327880859375,
                -54.41720962524414
              ],
              [
                -37.450950622558594,
                -54.28156280517578
              ],
              [
                -38.006614685058594,
                -54.14601516723633
              ],
              [
                -37.956111907958984,
                -54.010562896728516
              ],
              [
                -37.61033248901367,
                -54.010562896728516
              ],
              [
                -37.63536071777344,
                -54.078277587890625
              ],
              [
                -36.62197494506836,
                -54.14601516723633
              ],
              [
                -36.522586822509766,
                -54.3493766784668
              ],
              [
                -36.17584991455078,
                -54.3493766784668
              ],
              [
                -36.0759162902832,
                -54.55295181274414
              ],
              [
                -35.90225601196289,
                -54.55295181274414
              ],
              [
                -35.73964309692383,
                -54.824737548828125
              ],
              [
                -35.764278411865234,
                -54.89274597167969
              ],
              [
                -36.162445068359375,
                -55.02883529663086
              ],
              [
                -36.323909759521484,
                -54.756752014160156
              ],
              [
                -36.795555114746094,
                -54.6208610534668
              ],
              [
                -36.832401275634766,
                -54.485069274902344
              ],
              [
                -37.327880859375,
                -54.41720962524414
              ]
            ]
          ],
          [
            [
              [
                -61.00509262084961,
                -52.056766510009766
              ],
              [
                -61.090213775634766,
                -52.056766510009766
              ],
              [
                -61.05496597290039,
                -51.989723205566406
              ],
              [
                -61.22512435913086,
                -51.989723205566406
              ],
              [
                -61.11978530883789,
                -51.7887077331543
              ],
              [
                -60.814815521240234,
                -51.85569381713867
              ],
              [
                -61.00509262084961,
                -52.056766510009766
              ]
            ]
          ],
          [
            [
              [
                -59.13203048706055,
                -51.721744537353516
              ],
              [
                -59.23419189453125,
                -51.5878791809082
              ],
              [
                -59.01553726196289,
                -51.32038497924805
              ],
              [
                -58.338314056396484,
                -51.32038497924805
              ],
              [
                -58.371273040771484,
                -51.387229919433594
              ],
              [
                -57.811180114746094,
                -51.45409393310547
              ],
              [
                -57.891685485839844,
                -51.7887077331543
              ],
              [
                -58.5876579284668,
                -51.989723205566406
              ],
              [
                -58.65574264526367,
                -52.12383270263672
              ],
              [
                -58.99641036987305,
                -52.12383270263672
              ],
              [
                -59.06527328491211,
                -52.25802993774414
              ],
              [
                -59.15052795410156,
                -52.25802993774414
              ],
              [
                -59.561279296875,
                -52.392311096191406
              ],
              [
                -59.5263557434082,
                -52.32516098022461
              ],
              [
                -59.83256149291992,
                -52.25802993774414
              ],
              [
                -59.539920806884766,
                -51.85569381713867
              ],
              [
                -59.13203048706055,
                -51.721744537353516
              ]
            ]
          ],
          [
            [
              [
                -60.57333755493164,
                -51.387229919433594
              ],
              [
                -59.21821975708008,
                -51.387229919433594
              ],
              [
                -59.744285583496094,
                -51.922698974609375
              ],
              [
                -60.23898696899414,
                -52.056766510009766
              ],
              [
                -60.51459503173828,
                -52.25802993774414
              ],
              [
                -60.599849700927734,
                -52.25802993774414
              ],
              [
                -60.90541458129883,
                -52.190921783447266
              ],
              [
                -60.37120056152344,
                -51.65480041503906
              ],
              [
                -60.540931701660156,
                -51.65480041503906
              ],
              [
                -60.64177703857422,
                -51.52097702026367
              ],
              [
                -60.57333755493164,
                -51.387229919433594
              ]
            ]
          ],
          [
            [
              [
                57.67298126220703,
                -20.029216766357422
              ],
              [
                57.69823455810547,
                -20.350648880004883
              ],
              [
                57.62409973144531,
                -20.350648880004883
              ],
              [
                57.56508255004883,
                -20.543508529663086
              ],
              [
                57.194278717041016,
                -20.543508529663086
              ],
              [
                57.179283142089844,
                -20.350648880004883
              ],
              [
                57.44566345214844,
                -19.96493148803711
              ],
              [
                57.67298126220703,
                -20.029216766357422
              ]
            ]
          ],
          [
            [
              [
                104.12698364257812,
                2.728590965270996
              ],
              [
                103.98136138916016,
                2.728590965270996
              ],
              [
                104.06256103515625,
                2.921453714370728
              ],
              [
                104.20537567138672,
                2.857166290283203
              ],
              [
                104.19979858398438,
                2.728590965270996
              ],
              [
                104.12698364257812,
                2.728590965270996
              ]
            ]
          ],
          [
            [
              [
                102.34117889404297,
                6.200123310089111
              ],
              [
                102.40226745605469,
                6.007260322570801
              ],
              [
                103.16619873046875,
                5.364383697509766
              ],
              [
                103.36314392089844,
                4.978658199310303
              ],
              [
                103.40839385986328,
                4.464356899261475
              ],
              [
                103.48124694824219,
                4.464356899261475
              ],
              [
                103.36668395996094,
                3.628617763519287
              ],
              [
                103.4043960571289,
                2.857166290283203
              ],
              [
                103.82755279541016,
                2.535728216171265
              ],
              [
                103.96255493164062,
                2.27857780456543
              ],
              [
                103.95481872558594,
                2.085714817047119
              ],
              [
                104.23108673095703,
                1.699989318847656
              ],
              [
                104.14411163330078,
                1.314263939857483
              ],
              [
                103.27066040039062,
                1.314263939857483
              ],
              [
                103.27527618408203,
                1.442839026451111
              ],
              [
                103.06398010253906,
                1.635701775550842
              ],
              [
                102.63202667236328,
                1.76427698135376
              ],
              [
                102.35320281982422,
                2.085714817047119
              ],
              [
                101.9917221069336,
                2.150002479553223
              ],
              [
                101.71080780029297,
                2.407152891159058
              ],
              [
                101.71607971191406,
                2.535728216171265
              ],
              [
                101.42749786376953,
                2.600015640258789
              ],
              [
                101.2171630859375,
                2.7928786277771
              ],
              [
                101.23393249511719,
                3.178604364395142
              ],
              [
                100.81448364257812,
                3.564330101013184
              ],
              [
                100.48112487792969,
                4.207206249237061
              ],
              [
                100.5107650756836,
                4.785795211791992
              ],
              [
                100.23651123046875,
                5.10723352432251
              ],
              [
                100.2840347290039,
                5.942972660064697
              ],
              [
                100.0235824584961,
                6.457273483276367
              ],
              [
                100.027587890625,
                6.521561145782471
              ],
              [
                100.32742309570312,
                6.650136470794678
              ],
              [
                100.39224243164062,
                6.521561145782471
              ],
              [
                100.67993927001953,
                6.457273483276367
              ],
              [
                101.09375,
                6.071547985076904
              ],
              [
                101.00929260253906,
                5.878684997558594
              ],
              [
                101.06714630126953,
                5.62153434753418
              ],
              [
                101.51963806152344,
                5.878684997558594
              ],
              [
                101.59254455566406,
                5.878684997558594
              ],
              [
                101.65782928466797,
                5.750109672546387
              ],
              [
                101.87653350830078,
                5.750109672546387
              ],
              [
                102.0534896850586,
                6.264410972595215
              ],
              [
                102.12641143798828,
                6.264410972595215
              ],
              [
                102.34117889404297,
                6.200123310089111
              ]
            ]
          ],
          [
            [
              [
                114.05670166015625,
                4.657219886779785
              ],
              [
                114.27529907226562,
                4.657219886779785
              ],
              [
                114.73540496826172,
                5.042945861816406
              ],
              [
                115.09588623046875,
                4.978658199310303
              ],
              [
                115.16876220703125,
                4.978658199310303
              ],
              [
                115.28058624267578,
                4.400069236755371
              ],
              [
                114.98916625976562,
                4.400069236755371
              ],
              [
                114.94242858886719,
                4.850082874298096
              ],
              [
                114.71623229980469,
                4.721507549285889
              ],
              [
                114.70138549804688,
                4.464356899261475
              ],
              [
                114.77423858642578,
                4.464356899261475
              ],
              [
                114.75627136230469,
                4.142918586730957
              ],
              [
                114.46137237548828,
                4.078630924224854
              ],
              [
                114.04566192626953,
                4.464356899261475
              ],
              [
                114.05299377441406,
                4.592932224273682
              ],
              [
                114.05670166015625,
                4.657219886779785
              ]
            ]
          ],
          [
            [
              [
                -57.12480926513672,
                5.942972660064697
              ],
              [
                -57.19075012207031,
                5.62153434753418
              ],
              [
                -57.33391571044922,
                5.492959022521973
              ],
              [
                -57.325496673583984,
                5.042945861816406
              ],
              [
                -57.90628433227539,
                4.914370536804199
              ],
              [
                -57.90019607543945,
                4.528644561767578
              ],
              [
                -58.11433410644531,
                4.207206249237061
              ],
              [
                -58.11049270629883,
                3.885768175125122
              ],
              [
                -57.66859817504883,
                3.371467113494873
              ],
              [
                -57.303497314453125,
                3.242892026901245
              ],
              [
                -57.2280387878418,
                2.7928786277771
              ],
              [
                -56.93560791015625,
                2.471440553665161
              ],
              [
                -56.935001373291016,
                2.150002479553223
              ],
              [
                -56.71652603149414,
                1.892852187156677
              ],
              [
                -57.444496154785156,
                1.957139730453491
              ],
              [
                -57.59016799926758,
                1.76427698135376
              ],
              [
                -58.46406936645508,
                1.507126569747925
              ],
              [
                -58.90174102783203,
                1.185688734054565
              ],
              [
                -59.337852478027344,
                1.378551483154297
              ],
              [
                -59.77402114868164,
                1.76427698135376
              ],
              [
                -59.847206115722656,
                2.214290142059326
              ],
              [
                -60.06636047363281,
                2.471440553665161
              ],
              [
                -59.99802780151367,
                3.242892026901245
              ],
              [
                -59.85344696044922,
                3.371467113494873
              ],
              [
                -59.855873107910156,
                3.628617763519287
              ],
              [
                -59.63871765136719,
                3.757192850112915
              ],
              [
                -59.568077087402344,
                3.950055837631226
              ],
              [
                -59.715354919433594,
                4.078630924224854
              ],
              [
                -59.71883010864258,
                4.335781574249268
              ],
              [
                -60.15885543823242,
                4.528644561767578
              ],
              [
                -60.1619758605957,
                4.721507549285889
              ],
              [
                -60.018436431884766,
                4.850082874298096
              ],
              [
                -60.09724044799805,
                5.171521186828613
              ],
              [
                -60.6802864074707,
                5.171521186828613
              ],
              [
                -61.274417877197266,
                5.685822010040283
              ],
              [
                -61.35509490966797,
                6.007260322570801
              ],
              [
                -61.14131546020508,
                6.200123310089111
              ],
              [
                -61.15193176269531,
                6.585848808288574
              ],
              [
                -60.93876647949219,
                6.778711795806885
              ],
              [
                -60.64699935913086,
                6.778711795806885
              ],
              [
                -60.36103820800781,
                6.971574783325195
              ],
              [
                -60.36503982543945,
                7.100150108337402
              ],
              [
                -60.66523361206055,
                7.357300281524658
              ],
              [
                -60.67403030395508,
                7.614450931549072
              ],
              [
                -59.88985824584961,
                8.128751754760742
              ],
              [
                -59.82933807373047,
                8.450189590454102
              ],
              [
                -59.756317138671875,
                8.450189590454102
              ],
              [
                -59.31068801879883,
                8.25732707977295
              ],
              [
                -58.480377197265625,
                7.485875606536865
              ],
              [
                -58.46433639526367,
                6.971574783325195
              ],
              [
                -58.46244430541992,
                6.907287120819092
              ],
              [
                -57.800479888916016,
                6.714424133300781
              ],
              [
                -57.49858856201172,
                6.328698635101318
              ],
              [
                -57.27981948852539,
                6.328698635101318
              ],
              [
                -57.12627410888672,
                6.007260322570801
              ],
              [
                -57.12480926513672,
                5.942972660064697
              ]
            ]
          ],
          [
            [
              [
                99.6510238647461,
                6.328698635101318
              ],
              [
                99.58204650878906,
                6.392985820770264
              ],
              [
                99.88172912597656,
                6.521561145782471
              ],
              [
                99.8658676147461,
                6.264410972595215
              ],
              [
                99.64710235595703,
                6.264410972595215
              ],
              [
                99.6510238647461,
                6.328698635101318
              ]
            ]
          ],
          [
            [
              [
                -60.9390754699707,
                10.314528465270996
              ],
              [
                -60.99871063232422,
                10.057377815246582
              ],
              [
                -61.72983932495117,
                10.057377815246582
              ],
              [
                -61.666908264160156,
                10.250240325927734
              ],
              [
                -61.45097732543945,
                10.314528465270996
              ],
              [
                -61.45794677734375,
                10.443102836608887
              ],
              [
                -61.46147537231445,
                10.507390975952148
              ],
              [
                -61.61492156982422,
                10.635965347290039
              ],
              [
                -61.552730560302734,
                10.828827857971191
              ],
              [
                -60.89426803588867,
                10.828827857971191
              ],
              [
                -61.026161193847656,
                10.571678161621094
              ],
              [
                -60.9390754699707,
                10.314528465270996
              ]
            ]
          ],
          [
            [
              [
                98.3015365600586,
                10.764540672302246
              ],
              [
                98.08775329589844,
                10.828827857971191
              ],
              [
                98.09922790527344,
                10.957403182983398
              ],
              [
                98.24556732177734,
                10.957403182983398
              ],
              [
                98.30723571777344,
                10.828827857971191
              ],
              [
                98.3015365600586,
                10.764540672302246
              ]
            ]
          ],
          [
            [
              [
                -60.83597183227539,
                11.085978507995605
              ],
              [
                -60.70492935180664,
                11.343128204345703
              ],
              [
                -60.558536529541016,
                11.343128204345703
              ],
              [
                -60.616432189941406,
                11.085978507995605
              ],
              [
                -60.76279067993164,
                11.085978507995605
              ],
              [
                -60.83597183227539,
                11.085978507995605
              ]
            ]
          ],
          [
            [
              [
                98.44525909423828,
                11.535990715026855
              ],
              [
                98.30491638183594,
                11.6002779006958
              ],
              [
                98.32334899902344,
                11.793140411376953
              ],
              [
                98.61006927490234,
                11.728853225708008
              ],
              [
                98.51847076416016,
                11.535990715026855
              ],
              [
                98.44525909423828,
                11.535990715026855
              ]
            ]
          ],
          [
            [
              [
                98.26686096191406,
                12.69316577911377
              ],
              [
                98.48676300048828,
                12.69316577911377
              ],
              [
                98.46028900146484,
                12.436016082763672
              ],
              [
                98.24700164794922,
                12.500303268432617
              ],
              [
                98.26020050048828,
                12.628878593444824
              ],
              [
                98.26686096191406,
                12.69316577911377
              ]
            ]
          ],
          [
            [
              [
                -59.43791198730469,
                13.207467079162598
              ],
              [
                -59.36457061767578,
                13.207467079162598
              ],
              [
                -59.35515594482422,
                13.07889175415039
              ],
              [
                -59.57047653198242,
                13.014603614807129
              ],
              [
                -59.66753387451172,
                13.336042404174805
              ],
              [
                -59.52082824707031,
                13.336042404174805
              ],
              [
                -59.43791198730469,
                13.207467079162598
              ]
            ]
          ],
          [
            [
              [
                -61.193267822265625,
                13.143178939819336
              ],
              [
                -61.281307220458984,
                13.336042404174805
              ],
              [
                -61.066200256347656,
                13.40032958984375
              ],
              [
                -61.046592712402344,
                13.143178939819336
              ],
              [
                -61.18844223022461,
                13.07889175415039
              ],
              [
                -61.193267822265625,
                13.143178939819336
              ]
            ]
          ],
          [
            [
              [
                -60.813507080078125,
                13.914630889892578
              ],
              [
                -60.80828857421875,
                13.850343704223633
              ],
              [
                -60.79795837402344,
                13.721768379211426
              ],
              [
                -60.939613342285156,
                13.657480239868164
              ],
              [
                -61.04430389404297,
                14.043206214904785
              ],
              [
                -60.82405471801758,
                14.043206214904785
              ],
              [
                -60.813507080078125,
                13.914630889892578
              ]
            ]
          ],
          [
            [
              [
                114.31842803955078,
                22.59341049194336
              ],
              [
                114.6038818359375,
                22.529123306274414
              ],
              [
                114.5916519165039,
                22.46483612060547
              ],
              [
                114.5794677734375,
                22.400548934936523
              ],
              [
                114.56732177734375,
                22.33626365661621
              ],
              [
                114.53111267089844,
                22.143402099609375
              ],
              [
                113.99858856201172,
                22.079116821289062
              ],
              [
                113.9842300415039,
                22.400548934936523
              ],
              [
                113.99634552001953,
                22.46483612060547
              ],
              [
                114.31842803955078,
                22.59341049194336
              ]
            ]
          ],
          [
            [
              [
                35.22126770019531,
                33.13589859008789
              ],
              [
                35.44523620605469,
                33.07160949707031
              ],
              [
                35.7758674621582,
                33.32876968383789
              ],
              [
                35.910987854003906,
                33.13589859008789
              ],
              [
                35.798458099365234,
                32.75019073486328
              ],
              [
                36.098575592041016,
                32.685909271240234
              ],
              [
                36.45102310180664,
                32.36451721191406
              ],
              [
                36.82706832885742,
                32.30024337768555
              ],
              [
                37.399200439453125,
                32.685909271240234
              ],
              [
                37.79452896118164,
                32.81447219848633
              ],
              [
                37.967071533203125,
                33.00732421875
              ],
              [
                38.43995666503906,
                33.13589859008789
              ],
              [
                39.017581939697266,
                33.52165222167969
              ],
              [
                40.95730972290039,
                34.3576545715332
              ],
              [
                41.235023498535156,
                34.743614196777344
              ],
              [
                41.34703063964844,
                35.644527435302734
              ],
              [
                41.42443084716797,
                35.644527435302734
              ],
              [
                41.33546447753906,
                36.15959167480469
              ],
              [
                41.25789260864258,
                36.15959167480469
              ],
              [
                41.291316986083984,
                36.417205810546875
              ],
              [
                42.11130905151367,
                36.73930740356445
              ],
              [
                42.398048400878906,
                37.12596130371094
              ],
              [
                42.553836822509766,
                37.12596130371094
              ],
              [
                42.73701858520508,
                37.3193473815918
              ],
              [
                43.43867492675781,
                37.3193473815918
              ],
              [
                43.65373611450195,
                37.1904182434082
              ],
              [
                44.218299865722656,
                37.3193473815918
              ],
              [
                44.24853515625,
                36.9970588684082
              ],
              [
                44.482086181640625,
                36.9970588684082
              ],
              [
                44.74457931518555,
                37.1904182434082
              ],
              [
                44.8224983215332,
                37.1904182434082
              ],
              [
                44.85211181640625,
                36.8681755065918
              ],
              [
                45.056724548339844,
                36.67487716674805
              ],
              [
                45.09638595581055,
                36.417205810546875
              ],
              [
                45.37849426269531,
                36.2239875793457
              ],
              [
                45.41838836669922,
                35.9664192199707
              ],
              [
                45.65090560913086,
                35.9664192199707
              ],
              [
                45.78702163696289,
                35.837650299072266
              ],
              [
                46.25180435180664,
                35.837650299072266
              ],
              [
                46.059085845947266,
                35.58015823364258
              ],
              [
                46.1484375,
                35.12965774536133
              ],
              [
                45.812076568603516,
                34.93662643432617
              ],
              [
                45.68980026245117,
                34.614952087402344
              ],
              [
                45.535648345947266,
                34.614952087402344
              ],
              [
                45.50016784667969,
                34.3576545715332
              ],
              [
                45.64531326293945,
                34.2933349609375
              ],
              [
                45.43903350830078,
                33.90746307373047
              ],
              [
                45.59275817871094,
                33.90746307373047
              ],
              [
                46.137794494628906,
                33.393062591552734
              ],
              [
                46.231224060058594,
                32.94303894042969
              ],
              [
                46.682132720947266,
                32.878753662109375
              ],
              [
                46.945579528808594,
                32.557350158691406
              ],
              [
                47.31937026977539,
                32.493072509765625
              ],
              [
                47.599449157714844,
                32.30024337768555
              ],
              [
                47.58243942260742,
                32.171695709228516
              ],
              [
                47.98128890991211,
                31.7217960357666
              ],
              [
                47.79570007324219,
                31.464719772338867
              ],
              [
                47.738956451416016,
                31.014846801757812
              ],
              [
                48.103145599365234,
                30.886310577392578
              ],
              [
                48.04780960083008,
                30.436433792114258
              ],
              [
                48.27554702758789,
                30.436433792114258
              ],
              [
                48.41168975830078,
                30.307893753051758
              ],
              [
                48.38842010498047,
                30.115081787109375
              ],
              [
                48.6004753112793,
                29.986536026000977
              ],
              [
                48.592803955078125,
                29.922264099121094
              ],
              [
                48.36544418334961,
                29.922264099121094
              ],
              [
                48.40353012084961,
                29.600887298583984
              ],
              [
                47.8662223815918,
                29.536611557006836
              ],
              [
                47.85165023803711,
                29.40805435180664
              ],
              [
                48.078643798828125,
                29.40805435180664
              ],
              [
                48.21538543701172,
                29.279497146606445
              ],
              [
                48.3164176940918,
                28.829526901245117
              ],
              [
                47.8842887878418,
                29.022375106811523
              ],
              [
                47.650543212890625,
                28.958093643188477
              ],
              [
                47.64356231689453,
                28.893810272216797
              ],
              [
                46.764408111572266,
                29.150936126708984
              ],
              [
                46.45513916015625,
                29.08665657043457
              ],
              [
                46.46198272705078,
                29.150936126708984
              ],
              [
                45.67106628417969,
                29.536611557006836
              ],
              [
                45.4439811706543,
                29.536611557006836
              ],
              [
                44.96305847167969,
                29.279497146606445
              ],
              [
                44.956443786621094,
                29.21521759033203
              ],
              [
                44.50924301147461,
                29.279497146606445
              ],
              [
                43.95646667480469,
                29.79371452331543
              ],
              [
                43.52175521850586,
                29.986536026000977
              ],
              [
                43.32099914550781,
                30.243623733520508
              ],
              [
                43.16926956176758,
                30.243623733520508
              ],
              [
                42.968467712402344,
                30.500701904296875
              ],
              [
                42.816612243652344,
                30.500701904296875
              ],
              [
                41.97893524169922,
                31.20764923095703
              ],
              [
                41.168514251708984,
                31.464719772338867
              ],
              [
                40.82123565673828,
                31.78606605529785
              ],
              [
                40.38381576538086,
                31.978878021240234
              ],
              [
                39.55095291137695,
                32.043148040771484
              ],
              [
                39.33506774902344,
                32.171695709228516
              ],
              [
                38.85118865966797,
                31.91460609436035
              ],
              [
                37.13711929321289,
                31.528987884521484
              ],
              [
                37.125431060791016,
                31.40045166015625
              ],
              [
                37.61750793457031,
                30.950578689575195
              ],
              [
                37.60599136352539,
                30.822044372558594
              ],
              [
                38.38414001464844,
                30.179353713989258
              ],
              [
                38.29143142700195,
                29.986536026000977
              ],
              [
                36.02833557128906,
                29.150936126708984
              ],
              [
                34.908206939697266,
                29.34377670288086
              ],
              [
                34.91290283203125,
                29.40805435180664
              ],
              [
                34.80942916870117,
                30.050809860229492
              ],
              [
                34.667564392089844,
                30.179353713989258
              ],
              [
                34.682376861572266,
                30.372163772583008
              ],
              [
                34.54050064086914,
                30.500701904296875
              ],
              [
                34.43400573730469,
                31.079113006591797
              ],
              [
                34.2972412109375,
                31.271915435791016
              ],
              [
                34.30759811401367,
                31.40045166015625
              ],
              [
                34.63344955444336,
                31.65752601623535
              ],
              [
                34.57329559326172,
                31.8503360748291
              ],
              [
                34.81304168701172,
                31.978878021240234
              ],
              [
                34.758724212646484,
                32.23596954345703
              ],
              [
                34.846256256103516,
                32.36451721191406
              ],
              [
                34.85185623168945,
                32.428794860839844
              ],
              [
                34.863121032714844,
                32.557350158691406
              ],
              [
                35.021759033203125,
                32.62162780761719
              ],
              [
                35.05632781982422,
                33.00732421875
              ],
              [
                35.21538543701172,
                33.07160949707031
              ],
              [
                35.22126770019531,
                33.13589859008789
              ]
            ],
            [
              [
                34.84067153930664,
                32.30024337768555
              ],
              [
                34.91707229614258,
                32.30024337768555
              ],
              [
                34.922672271728516,
                32.36451721191406
              ],
              [
                34.846256256103516,
                32.36451721191406
              ],
              [
                34.84067153930664,
                32.30024337768555
              ]
            ]
          ],
          [
            [
              [
                -56.218162536621094,
                50.17946243286133
              ],
              [
                -56.1555290222168,
                50.04647445678711
              ],
              [
                -55.56839370727539,
                50.04647445678711
              ],
              [
                -55.506744384765625,
                49.91355895996094
              ],
              [
                -55.8865852355957,
                49.64793395996094
              ],
              [
                -55.74216842651367,
                49.51522445678711
              ],
              [
                -55.40789794921875,
                49.51522445678711
              ],
              [
                -55.234500885009766,
                49.316287994384766
              ],
              [
                -54.9841423034668,
                49.316287994384766
              ],
              [
                -54.96017074584961,
                49.44889450073242
              ],
              [
                -54.7095832824707,
                49.44889450073242
              ],
              [
                -54.76923370361328,
                49.58156967163086
              ],
              [
                -54.51841735839844,
                49.58156967163086
              ],
              [
                -54.45899200439453,
                49.44889450073242
              ],
              [
                -53.903682708740234,
                49.51522445678711
              ],
              [
                -53.48197555541992,
                49.316287994384766
              ],
              [
                -53.42416000366211,
                49.18375015258789
              ],
              [
                -53.590919494628906,
                49.18375015258789
              ],
              [
                -53.671207427978516,
                48.98506164550781
              ],
              [
                -53.83774185180664,
                48.98506164550781
              ],
              [
                -54.00135040283203,
                48.786521911621094
              ],
              [
                -53.80466842651367,
                48.52202224731445
              ],
              [
                -53.55563735961914,
                48.52202224731445
              ],
              [
                -53.52892303466797,
                48.654239654541016
              ],
              [
                -53.25159454345703,
                48.5881233215332
              ],
              [
                -53.22472381591797,
                48.72037124633789
              ],
              [
                -53.05848693847656,
                48.72037124633789
              ],
              [
                -52.9467658996582,
                48.455936431884766
              ],
              [
                -53.11271286010742,
                48.455936431884766
              ],
              [
                -53.084922790527344,
                48.38986587524414
              ],
              [
                -53.25080108642578,
                48.38986587524414
              ],
              [
                -53.4990348815918,
                48.191749572753906
              ],
              [
                -53.83035659790039,
                48.191749572753906
              ],
              [
                -53.63689041137695,
                47.92780685424805
              ],
              [
                -53.82990264892578,
                47.79592514038086
              ],
              [
                -53.58287811279297,
                47.598209381103516
              ],
              [
                -53.6373291015625,
                47.730003356933594
              ],
              [
                -53.49943161010742,
                47.79592514038086
              ],
              [
                -53.49898147583008,
                47.993770599365234
              ],
              [
                -53.333534240722656,
                47.993770599365234
              ],
              [
                -53.1677131652832,
                48.191749572753906
              ],
              [
                -52.91922378540039,
                48.191749572753906
              ],
              [
                -52.86445617675781,
                48.059749603271484
              ],
              [
                -53.22441482543945,
                47.730003356933594
              ],
              [
                -53.225852966308594,
                47.53233337402344
              ],
              [
                -53.06089782714844,
                47.53233337402344
              ],
              [
                -52.921104431152344,
                47.79592514038086
              ],
              [
                -52.7558708190918,
                47.79592514038086
              ],
              [
                -52.621849060058594,
                47.46647262573242
              ],
              [
                -52.70429229736328,
                47.46647262573242
              ],
              [
                -52.6805534362793,
                47.20316696166992
              ],
              [
                -52.8187255859375,
                47.13737487792969
              ],
              [
                -52.766056060791016,
                47.005828857421875
              ],
              [
                -52.9041633605957,
                46.94007873535156
              ],
              [
                -52.85176086425781,
                46.808616638183594
              ],
              [
                -53.019657135009766,
                46.61152267456055
              ],
              [
                -53.6756706237793,
                46.61152267456055
              ],
              [
                -53.75489044189453,
                46.808616638183594
              ],
              [
                -53.617156982421875,
                46.87434005737305
              ],
              [
                -53.67030334472656,
                47.005828857421875
              ],
              [
                -53.919097900390625,
                46.808616638183594
              ],
              [
                -54.24750900268555,
                46.808616638183594
              ],
              [
                -54.27264404296875,
                47.07159423828125
              ],
              [
                -53.913814544677734,
                47.4006233215332
              ],
              [
                -54.105350494384766,
                47.86185836791992
              ],
              [
                -54.49067687988281,
                47.4006233215332
              ],
              [
                -55.01252746582031,
                47.26897048950195
              ],
              [
                -55.012786865234375,
                47.07159423828125
              ],
              [
                -55.36927032470703,
                46.94007873535156
              ],
              [
                -55.34202194213867,
                46.87434005737305
              ],
              [
                -55.999114990234375,
                46.87434005737305
              ],
              [
                -56.08188247680664,
                47.07159423828125
              ],
              [
                -55.42422866821289,
                47.26897048950195
              ],
              [
                -55.28781509399414,
                47.53233337402344
              ],
              [
                -55.04037857055664,
                47.53233337402344
              ],
              [
                -55.09592819213867,
                47.664100646972656
              ],
              [
                -55.42612075805664,
                47.664100646972656
              ],
              [
                -55.37029266357422,
                47.53233337402344
              ],
              [
                -55.479591369628906,
                47.4006233215332
              ],
              [
                -55.837158203125,
                47.46647262573242
              ],
              [
                -55.8670654296875,
                47.730003356933594
              ],
              [
                -56.1973991394043,
                47.730003356933594
              ],
              [
                -56.22330093383789,
                47.598209381103516
              ],
              [
                -56.635868072509766,
                47.598209381103516
              ],
              [
                -56.60747146606445,
                47.53233337402344
              ],
              [
                -57.985111236572266,
                47.664100646972656
              ],
              [
                -59.358802795410156,
                47.598209381103516
              ],
              [
                -59.44792175292969,
                47.79592514038086
              ],
              [
                -59.36530685424805,
                47.79592514038086
              ],
              [
                -59.50775909423828,
                47.92780685424805
              ],
              [
                -59.34977722167969,
                48.1257438659668
              ],
              [
                -58.5889892578125,
                48.455936431884766
              ],
              [
                -59.200321197509766,
                48.52202224731445
              ],
              [
                -59.261634826660156,
                48.654239654541016
              ],
              [
                -58.90755081176758,
                48.786521911621094
              ],
              [
                -58.76313781738281,
                48.654239654541016
              ],
              [
                -58.771976470947266,
                48.852684020996094
              ],
              [
                -58.56254196166992,
                49.11750411987305
              ],
              [
                -58.14583969116211,
                49.11750411987305
              ],
              [
                -58.35353088378906,
                49.38258361816406
              ],
              [
                -58.27003860473633,
                49.38258361816406
              ],
              [
                -58.33275604248047,
                49.51522445678711
              ],
              [
                -57.94624710083008,
                49.58156967163086
              ],
              [
                -58.0726318359375,
                49.84712600708008
              ],
              [
                -57.67755889892578,
                50.2459831237793
              ],
              [
                -57.7421989440918,
                50.37908172607422
              ],
              [
                -57.53587341308594,
                50.64549255371094
              ],
              [
                -57.367401123046875,
                50.64549255371094
              ],
              [
                -57.432891845703125,
                50.77880859375
              ],
              [
                -57.12836837768555,
                50.84549331665039
              ],
              [
                -56.88615798950195,
                51.37968063354492
              ],
              [
                -56.580711364746094,
                51.44654083251953
              ],
              [
                -56.6141357421875,
                51.51342010498047
              ],
              [
                -56.2750358581543,
                51.51342010498047
              ],
              [
                -56.17214584350586,
                51.64724349975586
              ],
              [
                -55.460227966308594,
                51.580322265625
              ],
              [
                -55.53112030029297,
                51.37968063354492
              ],
              [
                -55.95457077026367,
                51.37968063354492
              ],
              [
                -55.97346115112305,
                51.24601745605469
              ],
              [
                -55.80424880981445,
                51.24601745605469
              ],
              [
                -55.70660400390625,
                51.04566955566406
              ],
              [
                -55.91518783569336,
                50.77880859375
              ],
              [
                -56.16813659667969,
                50.77880859375
              ],
              [
                -56.135948181152344,
                50.71213912963867
              ],
              [
                -56.22022247314453,
                50.71213912963867
              ],
              [
                -56.156089782714844,
                50.578861236572266
              ],
              [
                -56.60637283325195,
                50.11296081542969
              ],
              [
                -56.407161712646484,
                50.04647445678711
              ],
              [
                -56.38607406616211,
                50.17946243286133
              ],
              [
                -56.218162536621094,
                50.17946243286133
              ]
            ]
          ],
          [
            [
              [
                166.32522583007812,
                -50.586387634277344
              ],
              [
                166.3932647705078,
                -50.719669342041016
              ],
              [
                166.2168426513672,
                -50.786338806152344
              ],
              [
                166.2860870361328,
                -50.919734954833984
              ],
              [
                166.20167541503906,
                -50.919734954833984
              ],
              [
                166.0328826904297,
                -50.919734954833984
              ],
              [
                165.8115692138672,
                -50.653018951416016
              ],
              [
                166.1568145751953,
                -50.586387634277344
              ],
              [
                166.08114624023438,
                -50.519771575927734
              ],
              [
                166.32522583007812,
                -50.586387634277344
              ]
            ]
          ],
          [
            [
              [
                167.58734130859375,
                -47.07902526855469
              ],
              [
                167.5886993408203,
                -46.750328063964844
              ],
              [
                167.523681640625,
                -46.684627532958984
              ],
              [
                167.85183715820312,
                -46.684627532958984
              ],
              [
                168.2291717529297,
                -47.14480209350586
              ],
              [
                167.5385284423828,
                -47.276405334472656
              ],
              [
                167.4064178466797,
                -47.14480209350586
              ],
              [
                167.58734130859375,
                -47.07902526855469
              ]
            ]
          ],
          [
            [
              [
                174.2152557373047,
                -41.91877746582031
              ],
              [
                173.95541381835938,
                -41.98371505737305
              ],
              [
                173.93434143066406,
                -42.308528900146484
              ],
              [
                173.4749298095703,
                -42.50352096557617
              ],
              [
                173.47686767578125,
                -42.763633728027344
              ],
              [
                173.31655883789062,
                -42.763633728027344
              ],
              [
                173.33905029296875,
                -42.95881652832031
              ],
              [
                172.78126525878906,
                -43.21918487548828
              ],
              [
                172.84278869628906,
                -43.2843017578125
              ],
              [
                172.6820068359375,
                -43.2843017578125
              ],
              [
                172.83030700683594,
                -43.610023498535156
              ],
              [
                172.74977111816406,
                -43.610023498535156
              ],
              [
                172.97311401367188,
                -43.67519760131836
              ],
              [
                173.142822265625,
                -43.93598937988281
              ],
              [
                172.65867614746094,
                -43.93598937988281
              ],
              [
                172.4530029296875,
                -43.805572509765625
              ],
              [
                172.5154266357422,
                -43.87077713012695
              ],
              [
                172.2734375,
                -43.87077713012695
              ],
              [
                172.33590698242188,
                -43.93598937988281
              ],
              [
                172.1745147705078,
                -43.93598937988281
              ],
              [
                172.23704528808594,
                -44.0012092590332
              ],
              [
                171.815185546875,
                -44.066444396972656
              ],
              [
                171.87779235839844,
                -44.13168716430664
              ],
              [
                171.71621704101562,
                -44.13168716430664
              ],
              [
                171.7788848876953,
                -44.196937561035156
              ],
              [
                171.53643798828125,
                -44.196937561035156
              ],
              [
                171.59913635253906,
                -44.262203216552734
              ],
              [
                171.23944091796875,
                -44.392757415771484
              ],
              [
                171.1952667236328,
                -44.850032806396484
              ],
              [
                171.1141357421875,
                -44.850032806396484
              ],
              [
                171.17759704589844,
                -44.91539764404297
              ],
              [
                171.096435546875,
                -44.91539764404297
              ],
              [
                171.15997314453125,
                -44.980777740478516
              ],
              [
                171.0787811279297,
                -44.980777740478516
              ],
              [
                171.1424102783203,
                -45.046165466308594
              ],
              [
                171.06118774414062,
                -45.046165466308594
              ],
              [
                171.1248779296875,
                -45.11156463623047
              ],
              [
                170.8460235595703,
                -45.24239730834961
              ],
              [
                170.8064727783203,
                -45.700660705566406
              ],
              [
                170.64337158203125,
                -45.700660705566406
              ],
              [
                170.755615234375,
                -45.89723205566406
              ],
              [
                170.2318115234375,
                -46.02833938598633
              ],
              [
                170.2632598876953,
                -46.225093841552734
              ],
              [
                169.82080078125,
                -46.356327056884766
              ],
              [
                169.86964416503906,
                -46.48760986328125
              ],
              [
                169.7057647705078,
                -46.48760986328125
              ],
              [
                169.77130126953125,
                -46.55326843261719
              ],
              [
                168.81979370117188,
                -46.750328063964844
              ],
              [
                168.6068878173828,
                -46.61894226074219
              ],
              [
                168.1968536376953,
                -46.61894226074219
              ],
              [
                168.0841827392578,
                -46.42196273803711
              ],
              [
                167.67466735839844,
                -46.42196273803711
              ],
              [
                167.48184204101562,
                -46.225093841552734
              ],
              [
                167.21861267089844,
                -46.290706634521484
              ],
              [
                167.28274536132812,
                -46.356327056884766
              ],
              [
                166.64573669433594,
                -46.290706634521484
              ],
              [
                166.2652587890625,
                -45.89723205566406
              ],
              [
                166.44715881347656,
                -45.831695556640625
              ],
              [
                166.38426208496094,
                -45.766170501708984
              ],
              [
                166.7105712890625,
                -45.766170501708984
              ],
              [
                166.56015014648438,
                -45.438724517822266
              ],
              [
                166.7229766845703,
                -45.438724517822266
              ],
              [
                166.6796112060547,
                -45.30782699584961
              ],
              [
                166.98609924316406,
                -45.37327194213867
              ],
              [
                166.81832885742188,
                -45.11156463623047
              ],
              [
                167.1624298095703,
                -45.046165466308594
              ],
              [
                167.0384063720703,
                -44.91539764404297
              ],
              [
                167.3010711669922,
                -44.850032806396484
              ],
              [
                167.2392120361328,
                -44.78467559814453
              ],
              [
                167.4824981689453,
                -44.78467559814453
              ],
              [
                167.43994140625,
                -44.653995513916016
              ],
              [
                167.70230102539062,
                -44.58866882324219
              ],
              [
                167.66001892089844,
                -44.45804977416992
              ],
              [
                167.84127807617188,
                -44.392757415771484
              ],
              [
                167.79934692382812,
                -44.262203216552734
              ],
              [
                168.16171264648438,
                -44.13168716430664
              ],
              [
                168.10052490234375,
                -44.066444396972656
              ],
              [
                169.0665283203125,
                -43.805572509765625
              ],
              [
                169.0055389404297,
                -43.740379333496094
              ],
              [
                169.26693725585938,
                -43.67519760131836
              ],
              [
                169.20608520507812,
                -43.610023498535156
              ],
              [
                169.44769287109375,
                -43.610023498535156
              ],
              [
                169.38687133789062,
                -43.54486083984375
              ],
              [
                169.7483367919922,
                -43.4145622253418
              ],
              [
                169.687744140625,
                -43.34942626953125
              ],
              [
                170.12948608398438,
                -43.21918487548828
              ],
              [
                170.06910705566406,
                -43.15407943725586
              ],
              [
                170.24977111816406,
                -43.08898162841797
              ],
              [
                170.18959045410156,
                -43.023895263671875
              ],
              [
                170.43038940429688,
                -43.023895263671875
              ],
              [
                170.37026977539062,
                -42.95881652832031
              ],
              [
                170.81170654296875,
                -42.82868576049805
              ],
              [
                170.77220153808594,
                -42.69859313964844
              ],
              [
                171.0534210205078,
                -42.56853485107422
              ],
              [
                170.9939727783203,
                -42.50352096557617
              ],
              [
                171.07400512695312,
                -42.50352096557617
              ],
              [
                171.01467895507812,
                -42.438514709472656
              ],
              [
                171.0946807861328,
                -42.438514709472656
              ],
              [
                171.0354766845703,
                -42.37351608276367
              ],
              [
                171.11544799804688,
                -42.37351608276367
              ],
              [
                171.05638122558594,
                -42.308528900146484
              ],
              [
                171.13632202148438,
                -42.308528900146484
              ],
              [
                171.077392578125,
                -42.24354934692383
              ],
              [
                171.1573028564453,
                -42.24354934692383
              ],
              [
                171.2492218017578,
                -41.72401428222656
              ],
              [
                171.6694793701172,
                -41.65911102294922
              ],
              [
                171.61180114746094,
                -41.594215393066406
              ],
              [
                171.77105712890625,
                -41.594215393066406
              ],
              [
                171.7356719970703,
                -41.464447021484375
              ],
              [
                171.8948211669922,
                -41.464447021484375
              ],
              [
                171.88243103027344,
                -41.26985549926758
              ],
              [
                172.03012084960938,
                -41.07533645629883
              ],
              [
                171.9175262451172,
                -40.94569396972656
              ],
              [
                171.9968719482422,
                -40.94569396972656
              ],
              [
                171.98780822753906,
                -40.75128936767578
              ],
              [
                172.24923706054688,
                -40.68650436401367
              ],
              [
                172.1937713623047,
                -40.621726989746094
              ],
              [
                172.63754272460938,
                -40.492191314697266
              ],
              [
                172.748291015625,
                -40.621726989746094
              ],
              [
                172.6454620361328,
                -40.68650436401367
              ],
              [
                172.9158172607422,
                -40.81608581542969
              ],
              [
                173.08505249023438,
                -41.01051330566406
              ],
              [
                173.0056610107422,
                -41.01051330566406
              ],
              [
                173.0970001220703,
                -41.20500946044922
              ],
              [
                173.5613250732422,
                -41.01051330566406
              ],
              [
                173.5045623779297,
                -40.94569396972656
              ],
              [
                173.7426300048828,
                -40.94569396972656
              ],
              [
                173.8564910888672,
                -41.07533645629883
              ],
              [
                174.03759765625,
                -41.01051330566406
              ],
              [
                174.11697387695312,
                -41.01051330566406
              ],
              [
                174.26712036132812,
                -41.26985549926758
              ],
              [
                174.02865600585938,
                -41.26985549926758
              ],
              [
                174.1443328857422,
                -41.399574279785156
              ],
              [
                173.98524475097656,
                -41.399574279785156
              ],
              [
                174.2152557373047,
                -41.91877746582031
              ]
            ]
          ],
          [
            [
              [
                173.8219757080078,
                -40.94569396972656
              ],
              [
                173.7426300048828,
                -40.94569396972656
              ],
              [
                173.62950134277344,
                -40.81608581542969
              ],
              [
                173.70880126953125,
                -40.81608581542969
              ],
              [
                173.67562866210938,
                -40.68650436401367
              ],
              [
                173.9467010498047,
                -40.81608581542969
              ],
              [
                173.8219757080078,
                -40.94569396972656
              ]
            ]
          ],
          [
            [
              [
                175.0502471923828,
                -36.87545394897461
              ],
              [
                175.3167724609375,
                -37.133243560791016
              ],
              [
                175.19012451171875,
                -36.746585845947266
              ],
              [
                175.25259399414062,
                -36.61772918701172
              ],
              [
                175.53228759765625,
                -36.68215560913086
              ],
              [
                175.76708984375,
                -37.004337310791016
              ],
              [
                175.68922424316406,
                -37.004337310791016
              ],
              [
                175.91664123535156,
                -37.520057678222656
              ],
              [
                175.83860778808594,
                -37.520057678222656
              ],
              [
                176.06292724609375,
                -37.71352767944336
              ],
              [
                176.8858184814453,
                -37.9715576171875
              ],
              [
                177.2767791748047,
                -37.9715576171875
              ],
              [
                177.22689819335938,
                -37.907039642333984
              ],
              [
                177.48976135253906,
                -37.842533111572266
              ],
              [
                177.46873474121094,
                -37.71352767944336
              ],
              [
                177.83856201171875,
                -37.58454132080078
              ],
              [
                177.78941345214844,
                -37.520057678222656
              ],
              [
                178.17958068847656,
                -37.520057678222656
              ],
              [
                178.4557342529297,
                -37.77802658081055
              ],
              [
                178.2377166748047,
                -38.10060119628906
              ],
              [
                178.33920288085938,
                -38.22966766357422
              ],
              [
                178.1793212890625,
                -38.42330551147461
              ],
              [
                178.2557830810547,
                -38.61699295043945
              ],
              [
                177.78419494628906,
                -38.810733795166016
              ],
              [
                177.8890380859375,
                -38.93992233276367
              ],
              [
                177.78457641601562,
                -39.0045280456543
              ],
              [
                177.8932647705078,
                -39.32763671875
              ],
              [
                177.73587036132812,
                -39.32763671875
              ],
              [
                177.57594299316406,
                -39.133750915527344
              ],
              [
                177.10418701171875,
                -39.133750915527344
              ],
              [
                177.15716552734375,
                -39.1983757019043
              ],
              [
                176.89561462402344,
                -39.26300048828125
              ],
              [
                176.87347412109375,
                -39.521575927734375
              ],
              [
                176.79469299316406,
                -39.521575927734375
              ],
              [
                177.0359344482422,
                -39.715576171875
              ],
              [
                176.860595703125,
                -39.97433853149414
              ],
              [
                176.84561157226562,
                -40.23320770263672
              ],
              [
                176.58523559570312,
                -40.297943115234375
              ],
              [
                176.57313537597656,
                -40.55695343017578
              ],
              [
                176.31304931640625,
                -40.621726989746094
              ],
              [
                176.30369567871094,
                -40.88088607788086
              ],
              [
                176.14505004882812,
                -40.88088607788086
              ],
              [
                176.15928649902344,
                -41.07533645629883
              ],
              [
                176.00047302246094,
                -41.07533645629883
              ],
              [
                176.01588439941406,
                -41.26985549926758
              ],
              [
                175.7562713623047,
                -41.334712982177734
              ],
              [
                175.7938995361328,
                -41.464447021484375
              ],
              [
                175.4340057373047,
                -41.594215393066406
              ],
              [
                175.4930419921875,
                -41.65911102294922
              ],
              [
                175.17440795898438,
                -41.65911102294922
              ],
              [
                174.9981689453125,
                -41.464447021484375
              ],
              [
                174.54205322265625,
                -41.399574279785156
              ],
              [
                174.4261016845703,
                -41.26985549926758
              ],
              [
                174.70803833007812,
                -41.140167236328125
              ],
              [
                174.6505584716797,
                -41.07533645629883
              ],
              [
                174.8093719482422,
                -41.07533645629883
              ],
              [
                174.841552734375,
                -40.75128936767578
              ],
              [
                175.00010681152344,
                -40.75128936767578
              ],
              [
                174.9663543701172,
                -40.621726989746094
              ],
              [
                175.11483764648438,
                -40.427433013916016
              ],
              [
                174.97210693359375,
                -40.168479919433594
              ],
              [
                175.0511474609375,
                -40.168479919433594
              ],
              [
                174.6745147705078,
                -39.909637451171875
              ],
              [
                173.7754364013672,
                -39.586238861083984
              ],
              [
                173.51263427734375,
                -39.26300048828125
              ],
              [
                173.59130859375,
                -39.26300048828125
              ],
              [
                173.5660858154297,
                -39.133750915527344
              ],
              [
                173.7233428955078,
                -39.133750915527344
              ],
              [
                173.671630859375,
                -39.06913757324219
              ],
              [
                174.354248046875,
                -38.93992233276367
              ],
              [
                174.33010864257812,
                -38.810733795166016
              ],
              [
                174.46351623535156,
                -38.68156814575195
              ],
              [
                174.36212158203125,
                -38.552425384521484
              ],
              [
                174.4684600830078,
                -38.48786163330078
              ],
              [
                174.36802673339844,
                -38.3587532043457
              ],
              [
                174.4463653564453,
                -38.3587532043457
              ],
              [
                174.48219299316406,
                -38.10060119628906
              ],
              [
                174.638671875,
                -38.10060119628906
              ],
              [
                174.52017211914062,
                -37.842533111572266
              ],
              [
                174.6571044921875,
                -37.71352767944336
              ],
              [
                174.46401977539062,
                -37.45557403564453
              ],
              [
                174.57211303710938,
                -37.3911018371582
              ],
              [
                174.00904846191406,
                -36.61772918701172
              ],
              [
                174.08677673339844,
                -36.61772918701172
              ],
              [
                173.9949493408203,
                -36.4888916015625
              ],
              [
                174.27389526367188,
                -36.55331039428711
              ],
              [
                174.13661193847656,
                -36.360069274902344
              ],
              [
                174.21424865722656,
                -36.360069274902344
              ],
              [
                174.01351928710938,
                -36.2956657409668
              ],
              [
                174.1045684814453,
                -36.42448043823242
              ],
              [
                173.87159729003906,
                -36.42448043823242
              ],
              [
                172.96127319335938,
                -35.32998275756836
              ],
              [
                172.87489318847656,
                -35.20127487182617
              ],
              [
                173.02064514160156,
                -35.07257843017578
              ],
              [
                172.56918334960938,
                -34.62221908569336
              ],
              [
                172.5207061767578,
                -34.42924118041992
              ],
              [
                172.8287811279297,
                -34.42924118041992
              ],
              [
                173.12399291992188,
                -34.879554748535156
              ],
              [
                173.31288146972656,
                -34.815216064453125
              ],
              [
                173.39817810058594,
                -34.94389343261719
              ],
              [
                174.1883087158203,
                -35.20127487182617
              ],
              [
                174.55128479003906,
                -35.84492492675781
              ],
              [
                174.47381591796875,
                -35.84492492675781
              ],
              [
                174.39634704589844,
                -35.84492492675781
              ],
              [
                174.31887817382812,
                -35.84492492675781
              ],
              [
                174.80348205566406,
                -36.42448043823242
              ],
              [
                174.6163787841797,
                -36.4888916015625
              ],
              [
                174.6923065185547,
                -36.81101608276367
              ],
              [
                175.0502471923828,
                -36.87545394897461
              ]
            ]
          ],
          [
            [
              [
                178.00918579101562,
                -19.000627517700195
              ],
              [
                177.9911346435547,
                -18.93634033203125
              ],
              [
                178.2130126953125,
                -18.93634033203125
              ],
              [
                178.24917602539062,
                -19.06491470336914
              ],
              [
                177.9713592529297,
                -19.129201889038086
              ],
              [
                177.93521118164062,
                -19.000627517700195
              ],
              [
                178.00918579101562,
                -19.000627517700195
              ]
            ]
          ],
          [
            [
              [
                178.06678771972656,
                -17.329151153564453
              ],
              [
                178.4136505126953,
                -17.522014617919922
              ],
              [
                178.64535522460938,
                -18.100603103637695
              ],
              [
                178.1815643310547,
                -18.293466567993164
              ],
              [
                177.42507934570312,
                -18.22917938232422
              ],
              [
                177.35121154785156,
                -18.22917938232422
              ],
              [
                177.1858367919922,
                -18.164892196655273
              ],
              [
                177.13731384277344,
                -17.71487808227539
              ],
              [
                177.36343383789062,
                -17.457727432250977
              ],
              [
                177.8455047607422,
                -17.329151153564453
              ],
              [
                178.06678771972656,
                -17.329151153564453
              ]
            ]
          ],
          [
            [
              [
                179.08407592773438,
                -16.429121017456055
              ],
              [
                179.53408813476562,
                -16.171968460083008
              ],
              [
                179.82861328125,
                -16.171968460083008
              ],
              [
                179.86134338378906,
                -16.30054473876953
              ],
              [
                179.67335510253906,
                -16.429121017456055
              ],
              [
                179.83726501464844,
                -16.493408203125
              ],
              [
                179.83055114746094,
                -16.750560760498047
              ],
              [
                179.2010040283203,
                -16.879135131835938
              ],
              [
                179.09359741210938,
                -16.750560760498047
              ],
              [
                178.92306518554688,
                -16.943424224853516
              ],
              [
                178.775634765625,
                -16.943424224853516
              ],
              [
                178.79258728027344,
                -17.00771141052246
              ],
              [
                178.3901824951172,
                -16.879135131835938
              ],
              [
                178.33995056152344,
                -16.68627166748047
              ],
              [
                178.74879455566406,
                -16.557695388793945
              ],
              [
                178.7894287109375,
                -16.429121017456055
              ],
              [
                179.08407592773438,
                -16.429121017456055
              ]
            ]
          ],
          [
            [
              [
                160.12142944335938,
                -11.543251991271973
              ],
              [
                160.19464111328125,
                -11.543251991271973
              ],
              [
                160.46246337890625,
                -11.864689826965332
              ],
              [
                160.2427520751953,
                -11.864689826965332
              ],
              [
                160.22332763671875,
                -11.736114501953125
              ],
              [
                160.0672607421875,
                -11.67182731628418
              ],
              [
                160.12142944335938,
                -11.543251991271973
              ]
            ]
          ],
          [
            [
              [
                165.77349853515625,
                -10.643227577209473
              ],
              [
                165.84664916992188,
                -10.643227577209473
              ],
              [
                166.0660858154297,
                -10.643227577209473
              ],
              [
                166.084228515625,
                -10.771801948547363
              ],
              [
                165.66358947753906,
                -10.90037727355957
              ],
              [
                165.63619995117188,
                -10.707514762878418
              ],
              [
                165.77349853515625,
                -10.643227577209473
              ]
            ]
          ],
          [
            [
              [
                162.1891326904297,
                -10.643227577209473
              ],
              [
                162.2978973388672,
                -10.90037727355957
              ],
              [
                161.70359802246094,
                -10.836090087890625
              ],
              [
                161.4576416015625,
                -10.643227577209473
              ],
              [
                161.44891357421875,
                -10.578939437866211
              ],
              [
                161.12210083007812,
                -10.321789741516113
              ],
              [
                161.1053009033203,
                -10.193214416503906
              ],
              [
                161.3977813720703,
                -10.193214416503906
              ],
              [
                161.94361877441406,
                -10.45036506652832
              ],
              [
                162.1891326904297,
                -10.643227577209473
              ]
            ]
          ],
          [
            [
              [
                160.50514221191406,
                -9.486052513122559
              ],
              [
                160.67478942871094,
                -9.678915023803711
              ],
              [
                160.70681762695312,
                -9.936064720153809
              ],
              [
                160.49563598632812,
                -10.000351905822754
              ],
              [
                160.2601318359375,
                -9.871777534484863
              ],
              [
                159.89462280273438,
                -9.871777534484863
              ],
              [
                159.82151794433594,
                -9.871777534484863
              ],
              [
                159.4244384765625,
                -9.61462688446045
              ],
              [
                159.45169067382812,
                -9.228901863098145
              ],
              [
                159.67088317871094,
                -9.228901863098145
              ],
              [
                159.83975219726562,
                -9.421764373779297
              ],
              [
                160.50514221191406,
                -9.486052513122559
              ]
            ]
          ],
          [
            [
              [
                160.86126708984375,
                -8.778888702392578
              ],
              [
                161.19015502929688,
                -9.100326538085938
              ],
              [
                161.22816467285156,
                -9.421764373779297
              ],
              [
                161.46298217773438,
                -9.550339698791504
              ],
              [
                161.49476623535156,
                -9.807489395141602
              ],
              [
                161.34056091308594,
                -9.743202209472656
              ],
              [
                161.2674560546875,
                -9.743202209472656
              ],
              [
                160.605712890625,
                -9.100326538085938
              ],
              [
                160.4401397705078,
                -8.264588356018066
              ],
              [
                160.8189239501953,
                -8.393163681030273
              ],
              [
                160.9271240234375,
                -8.714601516723633
              ],
              [
                160.86126708984375,
                -8.778888702392578
              ]
            ]
          ],
          [
            [
              [
                157.17478942871094,
                -8.457450866699219
              ],
              [
                157.1680145263672,
                -8.393163681030273
              ],
              [
                157.31405639648438,
                -8.393163681030273
              ],
              [
                157.26840209960938,
                -8.650314331054688
              ],
              [
                157.12234497070312,
                -8.650314331054688
              ],
              [
                157.1017608642578,
                -8.457450866699219
              ],
              [
                157.17478942871094,
                -8.457450866699219
              ]
            ]
          ],
          [
            [
              [
                156.84942626953125,
                -8.13601303100586
              ],
              [
                156.75701904296875,
                -7.943150520324707
              ],
              [
                156.81732177734375,
                -7.8145751953125
              ],
              [
                157.0363006591797,
                -7.8145751953125
              ],
              [
                157.13491821289062,
                -8.071725845336914
              ],
              [
                157.2679901123047,
                -7.943150520324707
              ],
              [
                157.49342346191406,
                -8.007437705993652
              ],
              [
                157.8388214111328,
                -8.52173900604248
              ],
              [
                157.98487854003906,
                -8.52173900604248
              ],
              [
                157.9468231201172,
                -8.84317684173584
              ],
              [
                157.8007354736328,
                -8.84317684173584
              ],
              [
                157.7135772705078,
                -8.714601516723633
              ],
              [
                157.70660400390625,
                -8.650314331054688
              ],
              [
                157.3938446044922,
                -8.457450866699219
              ],
              [
                157.38034057617188,
                -8.328875541687012
              ],
              [
                157.08828735351562,
                -8.328875541687012
              ],
              [
                157.0749969482422,
                -8.200301170349121
              ],
              [
                156.84942626953125,
                -8.13601303100586
              ]
            ]
          ],
          [
            [
              [
                159.31185913085938,
                -7.943150520324707
              ],
              [
                159.7100372314453,
                -8.264588356018066
              ],
              [
                159.7374725341797,
                -8.52173900604248
              ],
              [
                159.28553771972656,
                -8.393163681030273
              ],
              [
                159.2787322998047,
                -8.328875541687012
              ],
              [
                158.5819091796875,
                -7.943150520324707
              ],
              [
                158.32501220703125,
                -7.557425022125244
              ],
              [
                158.61691284179688,
                -7.557425022125244
              ],
              [
                158.86102294921875,
                -7.8145751953125
              ],
              [
                159.31185913085938,
                -7.943150520324707
              ]
            ]
          ],
          [
            [
              [
                156.37313842773438,
                -7.750287532806396
              ],
              [
                156.36692810058594,
                -7.685999870300293
              ],
              [
                156.35464477539062,
                -7.557425022125244
              ],
              [
                156.57357788085938,
                -7.557425022125244
              ],
              [
                156.6840362548828,
                -7.943150520324707
              ],
              [
                156.54444885253906,
                -8.007437705993652
              ],
              [
                156.37313842773438,
                -7.750287532806396
              ]
            ]
          ],
          [
            [
              [
                155.80819702148438,
                -7.171699047088623
              ],
              [
                155.58932495117188,
                -7.171699047088623
              ],
              [
                155.57215881347656,
                -6.978836059570312
              ],
              [
                155.7180633544922,
                -6.978836059570312
              ],
              [
                155.80242919921875,
                -7.10741138458252
              ],
              [
                155.80819702148438,
                -7.171699047088623
              ]
            ]
          ],
          [
            [
              [
                157.0426788330078,
                -7.10741138458252
              ],
              [
                157.35214233398438,
                -7.30027437210083
              ],
              [
                157.3641357421875,
                -7.428849697113037
              ],
              [
                156.99928283691406,
                -7.428849697113037
              ],
              [
                156.9143524169922,
                -7.30027437210083
              ],
              [
                156.7684326171875,
                -7.30027437210083
              ],
              [
                156.6779022216797,
                -7.10741138458252
              ],
              [
                156.6049346923828,
                -7.10741138458252
              ],
              [
                156.36895751953125,
                -6.914548873901367
              ],
              [
                156.26840209960938,
                -6.59311056137085
              ],
              [
                156.78988647460938,
                -6.721685886383057
              ],
              [
                157.02548217773438,
                -6.914548873901367
              ],
              [
                157.0426788330078,
                -7.10741138458252
              ]
            ]
          ],
          [
            [
              [
                119.13690185546875,
                5.492959022521973
              ],
              [
                119.2742691040039,
                5.364383697509766
              ],
              [
                119.26185607910156,
                5.171521186828613
              ],
              [
                118.80848693847656,
                4.914370536804199
              ],
              [
                118.15660095214844,
                4.978658199310303
              ],
              [
                118.14480590820312,
                4.785795211791992
              ],
              [
                118.50140380859375,
                4.657219886779785
              ],
              [
                118.5553970336914,
                4.335781574249268
              ],
              [
                117.60829162597656,
                4.335781574249268
              ],
              [
                117.52452087402344,
                4.142918586730957
              ],
              [
                117.45167541503906,
                4.142918586730957
              ],
              [
                117.1711654663086,
                4.335781574249268
              ],
              [
                115.78693389892578,
                4.335781574249268
              ],
              [
                115.62692260742188,
                4.078630924224854
              ],
              [
                115.4847640991211,
                4.142918586730957
              ],
              [
                115.59825897216797,
                4.850082874298096
              ],
              [
                115.39128875732422,
                5.042945861816406
              ],
              [
                115.39522552490234,
                5.10723352432251
              ],
              [
                115.4720687866211,
                5.171521186828613
              ],
              [
                115.26142883300781,
                5.300096035003662
              ],
              [
                115.3465347290039,
                5.492959022521973
              ],
              [
                115.5006103515625,
                5.62153434753418
              ],
              [
                115.79219818115234,
                5.62153434753418
              ],
              [
                116.04978942871094,
                6.200123310089111
              ],
              [
                116.35498809814453,
                6.392985820770264
              ],
              [
                116.69381713867188,
                7.035862445831299
              ],
              [
                116.8397216796875,
                7.035862445831299
              ],
              [
                116.82048797607422,
                6.778711795806885
              ],
              [
                116.8934326171875,
                6.778711795806885
              ],
              [
                116.90299224853516,
                6.907287120819092
              ],
              [
                117.2044906616211,
                7.035862445831299
              ],
              [
                117.25814056396484,
                6.778711795806885
              ],
              [
                117.74519348144531,
                6.457273483276367
              ],
              [
                117.63619232177734,
                5.942972660064697
              ],
              [
                117.70909881591797,
                5.942972660064697
              ],
              [
                118.00959777832031,
                6.071547985076904
              ],
              [
                118.06488800048828,
                5.81439733505249
              ],
              [
                118.36087799072266,
                5.878684997558594
              ],
              [
                118.562255859375,
                5.62153434753418
              ],
              [
                119.13690185546875,
                5.492959022521973
              ]
            ]
          ],
          [
            [
              [
                117.01039123535156,
                7.357300281524658
              ],
              [
                117.22929382324219,
                7.357300281524658
              ],
              [
                117.21431732177734,
                7.164437294006348
              ],
              [
                116.99051666259766,
                7.100150108337402
              ],
              [
                117.00537872314453,
                7.293012619018555
              ],
              [
                117.01039123535156,
                7.357300281524658
              ]
            ]
          ]
        ]
      }
    }
  ]
}
