{
  "type": "FeatureCollection",
  "features": [
    {
      "type": "Feature",
      "properties": {
        "Name": "Russian Federation",
        "FromYear": 2000,
        "ToYear": 2005,
        "Area": 16908693.371531468,
        "Type": "POLITY",
        "Wikipedia": "Russia",
        "Wikidata": "Q159",
        "SeshatID": "ru_russian_federation",
        "Components": "",
        "MemberOf": "(Russian Federation)",
        "displayYear": 2001,
        "sourceYear": 2001,
        "mappedTerritoryId": "cliopatria_russian_federation"
      },
      "geometry": {
        "type": "MultiPolygon",
        "coordinates": [
          [
            [
              [
                20.004362106323242,
                54.613189697265625
              ],
              [
                19.83608627319336,
                54.681121826171875
              ],
              [
                19.950855255126953,
                55.021148681640625
              ],
              [
                20.654220581054688,
                55.089229583740234
              ],
              [
                20.72932243347168,
                54.95309066772461
              ],
              [
                20.990678787231445,
                54.95309066772461
              ],
              [
                21.109216690063477,
                55.29362487792969
              ],
              [
                21.196584701538086,
                55.29362487792969
              ],
              [
                21.458690643310547,
                55.29362487792969
              ],
              [
                21.788057327270508,
                55.089229583740234
              ],
              [
                22.573020935058594,
                55.089229583740234
              ],
              [
                22.812959671020508,
                54.88506317138672
              ],
              [
                22.71874237060547,
                54.817054748535156
              ],
              [
                22.67630386352539,
                54.4095458984375
              ],
              [
                22.14923095703125,
                54.341712951660156
              ],
              [
                22.06255340576172,
                54.341712951660156
              ],
              [
                20.415653228759766,
                54.341712951660156
              ],
              [
                19.819725036621094,
                54.47740173339844
              ],
              [
                19.82516098022461,
                54.545284271240234
              ],
              [
                20.004362106323242,
                54.613189697265625
              ]
            ]
          ],
          [
            [
              [
                35.555599212646484,
                65.22367095947266
              ],
              [
                35.65161895751953,
                65.22367095947266
              ],
              [
                36.13170623779297,
                65.22367095947266
              ],
              [
                36.09128952026367,
                65.07727813720703
              ],
              [
                35.49639892578125,
                65.004150390625
              ],
              [
                35.4595832824707,
                65.22367095947266
              ],
              [
                35.555599212646484,
                65.22367095947266
              ]
            ]
          ],
          [
            [
              [
                48.61397171020508,
                69.5640869140625
              ],
              [
                49.52073669433594,
                69.5640869140625
              ],
              [
                49.48503494262695,
                69.487548828125
              ],
              [
                50.31840515136719,
                69.33467864990234
              ],
              [
                50.210609436035156,
                69.10584259033203
              ],
              [
                50.01017761230469,
                69.10584259033203
              ],
              [
                49.70427703857422,
                68.87757110595703
              ],
              [
                48.83641815185547,
                68.7257080078125
              ],
              [
                48.73664093017578,
                68.7257080078125
              ],
              [
                48.3375244140625,
                68.7257080078125
              ],
              [
                48.37113952636719,
                68.8016128540039
              ],
              [
                48.10503005981445,
                68.87757110595703
              ],
              [
                48.242610931396484,
                69.41107940673828
              ],
              [
                48.61397171020508,
                69.5640869140625
              ]
            ]
          ],
          [
            [
              [
                64.41603088378906,
                75.70527648925781
              ],
              [
                63.651329040527344,
                75.70527648925781
              ],
              [
                63.29273223876953,
                75.53797912597656
              ],
              [
                62.420989990234375,
                75.53797912597656
              ],
              [
                61.67510986328125,
                75.28799438476562
              ],
              [
                61.240867614746094,
                75.28799438476562
              ],
              [
                60.958534240722656,
                75.20491790771484
              ],
              [
                60.82958984375,
                75.03912353515625
              ],
              [
                60.505104064941406,
                75.03912353515625
              ],
              [
                60.147029876708984,
                74.70895385742188
              ],
              [
                59.22560501098633,
                74.62670135498047
              ],
              [
                58.999141693115234,
                74.46253967285156
              ],
              [
                58.78461456298828,
                74.46253967285156
              ],
              [
                58.61021423339844,
                74.2171401977539
              ],
              [
                58.396427154541016,
                74.2171401977539
              ],
              [
                57.90266799926758,
                73.8103256225586
              ],
              [
                57.421539306640625,
                73.56752014160156
              ],
              [
                57.20966339111328,
                73.56752014160156
              ],
              [
                56.945796966552734,
                73.32563781738281
              ],
              [
                56.73461151123047,
                73.32563781738281
              ],
              [
                56.36997985839844,
                73.08467102050781
              ],
              [
                55.948974609375,
                73.08467102050781
              ],
              [
                55.8989372253418,
                73.00454711914062
              ],
              [
                56.319496154785156,
                73.00454711914062
              ],
              [
                56.2194938659668,
                72.84458923339844
              ],
              [
                55.750732421875,
                72.76475524902344
              ],
              [
                55.605289459228516,
                72.52581787109375
              ],
              [
                55.50080871582031,
                72.52581787109375
              ],
              [
                55.40553283691406,
                72.36699676513672
              ],
              [
                55.566646575927734,
                72.2877197265625
              ],
              [
                55.4260368347168,
                72.05043029785156
              ],
              [
                55.52988052368164,
                72.05043029785156
              ],
              [
                55.48344802856445,
                71.97151184082031
              ],
              [
                55.587188720703125,
                71.97151184082031
              ],
              [
                55.656005859375,
                71.73527526855469
              ],
              [
                55.86287307739258,
                71.73527526855469
              ],
              [
                55.81695556640625,
                71.65669250488281
              ],
              [
                55.9202880859375,
                71.65669250488281
              ],
              [
                55.87451934814453,
                71.57820129394531
              ],
              [
                55.97774887084961,
                71.57820129394531
              ],
              [
                55.932125091552734,
                71.49979400634766
              ],
              [
                56.035255432128906,
                71.49979400634766
              ],
              [
                56.10518264770508,
                71.26505279541016
              ],
              [
                56.47113037109375,
                71.18696594238281
              ],
              [
                56.425987243652344,
                71.10896301269531
              ],
              [
                56.73388671875,
                71.10896301269531
              ],
              [
                56.68867874145508,
                71.0310287475586
              ],
              [
                57.6223258972168,
                70.87539672851562
              ],
              [
                57.48642349243164,
                70.64251708984375
              ],
              [
                56.46590805053711,
                70.64251708984375
              ],
              [
                56.51003646850586,
                70.7200698852539
              ],
              [
                56.40789031982422,
                70.7200698852539
              ],
              [
                56.32002639770508,
                70.5650405883789
              ],
              [
                55.912200927734375,
                70.5650405883789
              ],
              [
                55.955650329589844,
                70.64251708984375
              ],
              [
                55.28426742553711,
                70.7200698852539
              ],
              [
                55.09654998779297,
                70.5650405883789
              ],
              [
                54.79068374633789,
                70.5650405883789
              ],
              [
                54.83308029174805,
                70.64251708984375
              ],
              [
                54.42487335205078,
                70.64251708984375
              ],
              [
                54.46709060668945,
                70.7200698852539
              ],
              [
                53.85420608520508,
                70.7200698852539
              ],
              [
                53.89604187011719,
                70.79769897460938
              ],
              [
                53.48706817626953,
                70.79769897460938
              ],
              [
                53.59465789794922,
                71.18696594238281
              ],
              [
                53.38919448852539,
                71.18696594238281
              ],
              [
                53.37129592895508,
                71.34321594238281
              ],
              [
                53.165435791015625,
                71.34321594238281
              ],
              [
                53.250755310058594,
                71.49979400634766
              ],
              [
                53.00192642211914,
                71.42146301269531
              ],
              [
                52.95957565307617,
                71.34321594238281
              ],
              [
                53.18373489379883,
                71.18696594238281
              ],
              [
                53.09996032714844,
                71.0310287475586
              ],
              [
                52.853511810302734,
                70.95317840576172
              ],
              [
                52.83384323120117,
                71.10896301269531
              ],
              [
                52.628578186035156,
                71.10896301269531
              ],
              [
                52.67007827758789,
                71.18696594238281
              ],
              [
                52.19763946533203,
                71.26505279541016
              ],
              [
                52.42572021484375,
                71.49979400634766
              ],
              [
                51.497554779052734,
                71.49979400634766
              ],
              [
                51.415225982666016,
                71.73527526855469
              ],
              [
                51.31179428100586,
                71.73527526855469
              ],
              [
                51.353458404541016,
                71.81393432617188
              ],
              [
                51.24992370605469,
                71.81393432617188
              ],
              [
                51.565372467041016,
                72.20853424072266
              ],
              [
                52.1897087097168,
                72.20853424072266
              ],
              [
                52.14620590209961,
                72.12944030761719
              ],
              [
                52.25015640258789,
                72.12944030761719
              ],
              [
                52.7703857421875,
                72.68501281738281
              ],
              [
                52.246891021728516,
                72.68501281738281
              ],
              [
                52.337528228759766,
                72.84458923339844
              ],
              [
                53.06016540527344,
                73.00454711914062
              ],
              [
                53.250099182128906,
                73.32563781738281
              ],
              [
                54.14402770996094,
                73.40616607666016
              ],
              [
                54.24342346191406,
                73.56752014160156
              ],
              [
                53.657310485839844,
                73.64835357666016
              ],
              [
                53.70151901245117,
                73.89147186279297
              ],
              [
                54.49802017211914,
                73.97272491455078
              ],
              [
                55.02938461303711,
                74.298828125
              ],
              [
                55.24341583251953,
                74.298828125
              ],
              [
                55.625999450683594,
                74.70895385742188
              ],
              [
                56.113460540771484,
                74.79132080078125
              ],
              [
                56.28678894042969,
                75.03912353515625
              ],
              [
                55.74597930908203,
                75.03912353515625
              ],
              [
                56.089473724365234,
                75.3711929321289
              ],
              [
                56.19816970825195,
                75.3711929321289
              ],
              [
                56.13852310180664,
                75.28799438476562
              ],
              [
                56.46420669555664,
                75.28799438476562
              ],
              [
                56.40461349487305,
                75.20491790771484
              ],
              [
                56.72989273071289,
                75.20491790771484
              ],
              [
                56.91124725341797,
                75.45452117919922
              ],
              [
                57.56423568725586,
                75.45452117919922
              ],
              [
                57.68906784057617,
                75.6215591430664
              ],
              [
                57.90727615356445,
                75.6215591430664
              ],
              [
                58.143890380859375,
                75.78911590576172
              ],
              [
                58.5814208984375,
                75.78911590576172
              ],
              [
                59.32687759399414,
                76.04146575927734
              ],
              [
                60.2053337097168,
                76.04146575927734
              ],
              [
                60.452430725097656,
                76.21038818359375
              ],
              [
                60.93330001831055,
                76.1258544921875
              ],
              [
                61.25392532348633,
                76.37987518310547
              ],
              [
                63.057289123535156,
                76.29505920410156
              ],
              [
                63.13047790527344,
                76.37987518310547
              ],
              [
                64.23432922363281,
                76.37987518310547
              ],
              [
                65.34791564941406,
                76.63520812988281
              ],
              [
                65.90205383300781,
                76.63520812988281
              ],
              [
                66.25065612792969,
                76.89189147949219
              ],
              [
                66.96963500976562,
                77.06378936767578
              ],
              [
                68.75502014160156,
                77.06378936767578
              ],
              [
                68.6710205078125,
                76.9777603149414
              ],
              [
                69.14395141601562,
                76.89189147949219
              ],
              [
                68.9770736694336,
                76.72061920166016
              ],
              [
                69.08805084228516,
                76.72061920166016
              ],
              [
                69.03369140625,
                76.5499496459961
              ],
              [
                67.82874298095703,
                76.21038818359375
              ],
              [
                67.7186508178711,
                76.21038818359375
              ],
              [
                66.38843536376953,
                75.95721435546875
              ],
              [
                65.8401107788086,
                75.95721435546875
              ],
              [
                65.76544952392578,
                75.87310028076172
              ],
              [
                64.48810577392578,
                75.78911590576172
              ],
              [
                64.41603088378906,
                75.70527648925781
              ]
            ]
          ],
          [
            [
              [
                51.37214660644531,
                80.09414672851562
              ],
              [
                51.489463806152344,
                80.09414672851562
              ],
              [
                51.35318374633789,
                79.90962982177734
              ],
              [
                50.65147018432617,
                79.90962982177734
              ],
              [
                50.97053146362305,
                80.186767578125
              ],
              [
                51.440521240234375,
                80.186767578125
              ],
              [
                51.37214660644531,
                80.09414672851562
              ]
            ]
          ],
          [
            [
              [
                59.26913070678711,
                80.00177764892578
              ],
              [
                59.43033981323242,
                80.186767578125
              ],
              [
                59.54783630371094,
                80.186767578125
              ],
              [
                59.66533660888672,
                80.186767578125
              ],
              [
                60.25282287597656,
                80.186767578125
              ],
              [
                59.890724182128906,
                79.90962982177734
              ],
              [
                59.30596160888672,
                79.90962982177734
              ],
              [
                59.38626480102539,
                80.00177764892578
              ],
              [
                59.26913070678711,
                80.00177764892578
              ]
            ]
          ],
          [
            [
              [
                49.9643669128418,
                80.09414672851562
              ],
              [
                50.097042083740234,
                80.2796630859375
              ],
              [
                50.16386032104492,
                80.37286376953125
              ],
              [
                50.517452239990234,
                80.37286376953125
              ],
              [
                50.4500846862793,
                80.2796630859375
              ],
              [
                50.56776428222656,
                80.2796630859375
              ],
              [
                50.43362808227539,
                80.09414672851562
              ],
              [
                49.9643669128418,
                80.09414672851562
              ]
            ]
          ],
          [
            [
              [
                47.633941650390625,
                80.46641540527344
              ],
              [
                47.57084274291992,
                80.37286376953125
              ],
              [
                47.68870544433594,
                80.37286376953125
              ],
              [
                47.5631103515625,
                80.186767578125
              ],
              [
                47.445613861083984,
                80.186767578125
              ],
              [
                47.32811737060547,
                80.186767578125
              ],
              [
                47.09312057495117,
                80.186767578125
              ],
              [
                47.155033111572266,
                80.2796630859375
              ],
              [
                47.037349700927734,
                80.2796630859375
              ],
              [
                47.1617431640625,
                80.46641540527344
              ],
              [
                47.633941650390625,
                80.46641540527344
              ]
            ]
          ],
          [
            [
              [
                53.935523986816406,
                80.37286376953125
              ],
              [
                53.790470123291016,
                80.186767578125
              ],
              [
                53.20298385620117,
                80.186767578125
              ],
              [
                53.08548355102539,
                80.186767578125
              ],
              [
                52.732994079589844,
                80.186767578125
              ],
              [
                52.946163177490234,
                80.46641540527344
              ],
              [
                53.890560150146484,
                80.46641540527344
              ],
              [
                53.817657470703125,
                80.37286376953125
              ],
              [
                53.935523986816406,
                80.37286376953125
              ]
            ]
          ],
          [
            [
              [
                54.524845123291016,
                80.37286376953125
              ],
              [
                54.59885787963867,
                80.46641540527344
              ],
              [
                54.7169075012207,
                80.46641540527344
              ],
              [
                54.64270782470703,
                80.37286376953125
              ],
              [
                54.524845123291016,
                80.37286376953125
              ]
            ]
          ],
          [
            [
              [
                57.9838752746582,
                80.56034851074219
              ],
              [
                58.307430267333984,
                80.94046783447266
              ],
              [
                58.902381896972656,
                80.94046783447266
              ],
              [
                58.737640380859375,
                80.74945831298828
              ],
              [
                58.22034454345703,
                80.56034851074219
              ],
              [
                59.04799270629883,
                80.56034851074219
              ],
              [
                58.88582992553711,
                80.37286376953125
              ],
              [
                58.17641830444336,
                80.09414672851562
              ],
              [
                57.58984375,
                80.09414672851562
              ],
              [
                57.66788101196289,
                80.186767578125
              ],
              [
                57.432884216308594,
                80.186767578125
              ],
              [
                57.3552131652832,
                80.09414672851562
              ],
              [
                56.88595199584961,
                80.09414672851562
              ],
              [
                56.809329986572266,
                80.00177764892578
              ],
              [
                56.106529235839844,
                80.00177764892578
              ],
              [
                56.182064056396484,
                80.09414672851562
              ],
              [
                56.06474685668945,
                80.09414672851562
              ],
              [
                56.369598388671875,
                80.46641540527344
              ],
              [
                57.9838752746582,
                80.56034851074219
              ]
            ]
          ],
          [
            [
              [
                54.59885787963867,
                80.46641540527344
              ],
              [
                54.36275863647461,
                80.46641540527344
              ],
              [
                54.629730224609375,
                80.65467834472656
              ],
              [
                54.74815368652344,
                80.65467834472656
              ],
              [
                54.59885787963867,
                80.46641540527344
              ]
            ]
          ],
          [
            [
              [
                48.66920471191406,
                80.94046783447266
              ],
              [
                48.60293960571289,
                80.84471130371094
              ],
              [
                48.72174072265625,
                80.84471130371094
              ],
              [
                48.590187072753906,
                80.65467834472656
              ],
              [
                49.41914367675781,
                80.65467834472656
              ],
              [
                49.434539794921875,
                80.84471130371094
              ],
              [
                49.62112808227539,
                80.94046783447266
              ],
              [
                50.64287185668945,
                81.03675842285156
              ],
              [
                50.57305145263672,
                80.94046783447266
              ],
              [
                50.930023193359375,
                80.94046783447266
              ],
              [
                50.46712875366211,
                80.46641540527344
              ],
              [
                49.10308074951172,
                80.37286376953125
              ],
              [
                48.973079681396484,
                80.186767578125
              ],
              [
                48.67390060424805,
                80.09414672851562
              ],
              [
                47.85269546508789,
                80.09414672851562
              ],
              [
                48.04229736328125,
                80.37286376953125
              ],
              [
                48.16016387939453,
                80.37286376953125
              ],
              [
                48.224185943603516,
                80.46641540527344
              ],
              [
                48.34223556518555,
                80.46641540527344
              ],
              [
                48.47176742553711,
                80.65467834472656
              ],
              [
                48.234920501708984,
                80.65467834472656
              ],
              [
                48.43122482299805,
                80.94046783447266
              ],
              [
                48.66920471191406,
                80.94046783447266
              ]
            ]
          ],
          [
            [
              [
                47.53374099731445,
                80.84471130371094
              ],
              [
                47.22445297241211,
                80.56034851074219
              ],
              [
                47.10622024536133,
                80.56034851074219
              ],
              [
                45.98124694824219,
                80.46641540527344
              ],
              [
                46.04209899902344,
                80.56034851074219
              ],
              [
                45.923866271972656,
                80.56034851074219
              ],
              [
                46.04631423950195,
                80.74945831298828
              ],
              [
                47.53374099731445,
                80.84471130371094
              ]
            ]
          ],
          [
            [
              [
                51.71739959716797,
                80.56034851074219
              ],
              [
                50.771514892578125,
                80.56034851074219
              ],
              [
                50.840213775634766,
                80.65467834472656
              ],
              [
                50.978939056396484,
                80.84471130371094
              ],
              [
                51.8105354309082,
                80.84471130371094
              ],
              [
                51.739620208740234,
                80.74945831298828
              ],
              [
                51.85823059082031,
                80.74945831298828
              ],
              [
                51.71739959716797,
                80.56034851074219
              ]
            ]
          ],
          [
            [
              [
                47.94408416748047,
                80.74945831298828
              ],
              [
                47.82547378540039,
                80.74945831298828
              ],
              [
                47.76123046875,
                80.65467834472656
              ],
              [
                47.52438735961914,
                80.65467834472656
              ],
              [
                47.836273193359375,
                80.94046783447266
              ],
              [
                48.07425308227539,
                80.94046783447266
              ],
              [
                47.94408416748047,
                80.74945831298828
              ]
            ]
          ],
          [
            [
              [
                59.4026985168457,
                80.56034851074219
              ],
              [
                59.77012634277344,
                80.84471130371094
              ],
              [
                60.44926071166992,
                80.94046783447266
              ],
              [
                60.621395111083984,
                81.13362121582031
              ],
              [
                61.9041633605957,
                81.23108673095703
              ],
              [
                61.81515121459961,
                81.13362121582031
              ],
              [
                61.93452835083008,
                81.13362121582031
              ],
              [
                61.75815200805664,
                80.94046783447266
              ],
              [
                62.591087341308594,
                80.94046783447266
              ],
              [
                62.502525329589844,
                80.84471130371094
              ],
              [
                62.6213264465332,
                80.84471130371094
              ],
              [
                62.44561004638672,
                80.65467834472656
              ],
              [
                61.91792297363281,
                80.46641540527344
              ],
              [
                60.064476013183594,
                80.37286376953125
              ],
              [
                59.94660949707031,
                80.37286376953125
              ],
              [
                59.8287467956543,
                80.37286376953125
              ],
              [
                59.91108322143555,
                80.46641540527344
              ],
              [
                59.43888473510742,
                80.46641540527344
              ],
              [
                59.52093505859375,
                80.56034851074219
              ],
              [
                59.4026985168457,
                80.56034851074219
              ]
            ]
          ],
          [
            [
              [
                54.89933395385742,
                80.84471130371094
              ],
              [
                55.13011932373047,
                81.13362121582031
              ],
              [
                56.682003021240234,
                81.13362121582031
              ],
              [
                56.92593002319336,
                81.42796325683594
              ],
              [
                57.285823822021484,
                81.42796325683594
              ],
              [
                57.57352828979492,
                81.62763214111328
              ],
              [
                58.29571533203125,
                81.62763214111328
              ],
              [
                58.210262298583984,
                81.52743530273438
              ],
              [
                58.33042526245117,
                81.52743530273438
              ],
              [
                57.87575912475586,
                81.13362121582031
              ],
              [
                56.8013801574707,
                81.13362121582031
              ],
              [
                56.72117233276367,
                81.03675842285156
              ],
              [
                58.06945037841797,
                80.94046783447266
              ],
              [
                57.8271369934082,
                80.65467834472656
              ],
              [
                57.59029006958008,
                80.65467834472656
              ],
              [
                57.47187042236328,
                80.65467834472656
              ],
              [
                55.85563659667969,
                80.56034851074219
              ],
              [
                55.932376861572266,
                80.65467834472656
              ],
              [
                55.81395721435547,
                80.65467834472656
              ],
              [
                55.96853256225586,
                80.84471130371094
              ],
              [
                54.89933395385742,
                80.84471130371094
              ]
            ]
          ],
          [
            [
              [
                60.14389419555664,
                81.13362121582031
              ],
              [
                59.90514373779297,
                81.13362121582031
              ],
              [
                60.19740295410156,
                81.32919311523438
              ],
              [
                60.317169189453125,
                81.32919311523438
              ],
              [
                60.14389419555664,
                81.13362121582031
              ]
            ]
          ],
          [
            [
              [
                63.807472229003906,
                81.72859954833984
              ],
              [
                63.40399169921875,
                81.42796325683594
              ],
              [
                63.01679992675781,
                81.52743530273438
              ],
              [
                62.896636962890625,
                81.52743530273438
              ],
              [
                62.656307220458984,
                81.52743530273438
              ],
              [
                63.05833053588867,
                81.83036804199219
              ],
              [
                63.782958984375,
                81.83036804199219
              ],
              [
                63.68690490722656,
                81.72859954833984
              ],
              [
                63.807472229003906,
                81.72859954833984
              ]
            ]
          ],
          [
            [
              [
                58.79886245727539,
                81.9329605102539
              ],
              [
                59.64570999145508,
                81.9329605102539
              ],
              [
                59.55595397949219,
                81.83036804199219
              ],
              [
                59.67672348022461,
                81.83036804199219
              ],
              [
                59.499359130859375,
                81.62763214111328
              ],
              [
                59.258628845214844,
                81.62763214111328
              ],
              [
                59.13826370239258,
                81.62763214111328
              ],
              [
                58.84535598754883,
                81.42796325683594
              ],
              [
                58.60542678833008,
                81.42796325683594
              ],
              [
                58.77717208862305,
                81.62763214111328
              ],
              [
                58.416080474853516,
                81.62763214111328
              ],
              [
                58.79886245727539,
                81.9329605102539
              ]
            ]
          ],
          [
            [
              [
                108.93309783935547,
                53.93522644042969
              ],
              [
                109.01948547363281,
                53.93522644042969
              ],
              [
                109.10588073730469,
                53.93522644042969
              ],
              [
                108.8687973022461,
                53.52959060668945
              ],
              [
                108.52436065673828,
                53.52959060668945
              ],
              [
                108.59855651855469,
                53.732303619384766
              ],
              [
                108.93309783935547,
                53.93522644042969
              ]
            ]
          ],
          [
            [
              [
                137.17779541015625,
                55.089229583740234
              ],
              [
                137.1053466796875,
                55.021148681640625
              ],
              [
                136.87399291992188,
                54.88506317138672
              ],
              [
                136.52572631835938,
                54.88506317138672
              ],
              [
                136.90135192871094,
                55.15733337402344
              ],
              [
                137.25042724609375,
                55.15733337402344
              ],
              [
                137.17779541015625,
                55.089229583740234
              ]
            ]
          ],
          [
            [
              [
                107.58711242675781,
                77.06378936767578
              ],
              [
                107.1536865234375,
                76.72061920166016
              ],
              [
                106.6649169921875,
                76.5499496459961
              ],
              [
                107.90618133544922,
                76.63520812988281
              ],
              [
                108.17769622802734,
                76.8061752319336
              ],
              [
                109.62237548828125,
                76.8061752319336
              ],
              [
                109.76139068603516,
                76.89189147949219
              ],
              [
                110.31779479980469,
                76.89189147949219
              ],
              [
                110.17802429199219,
                76.8061752319336
              ],
              [
                112.06721496582031,
                76.8061752319336
              ],
              [
                111.9257583618164,
                76.72061920166016
              ],
              [
                112.36967468261719,
                76.72061920166016
              ],
              [
                112.19892120361328,
                76.5499496459961
              ],
              [
                112.86299896240234,
                76.5499496459961
              ],
              [
                112.72259521484375,
                76.46484375
              ],
              [
                113.02464294433594,
                76.37987518310547
              ],
              [
                112.88546752929688,
                76.29505920410156
              ],
              [
                113.29768371582031,
                76.21038818359375
              ],
              [
                113.65714263916016,
                76.29505920410156
              ],
              [
                113.51787567138672,
                76.21038818359375
              ],
              [
                113.7380599975586,
                76.21038818359375
              ],
              [
                113.59942626953125,
                76.1258544921875
              ],
              [
                113.7093734741211,
                76.1258544921875
              ],
              [
                113.57152557373047,
                76.04146575927734
              ],
              [
                113.7911376953125,
                76.04146575927734
              ],
              [
                113.6539306640625,
                75.95721435546875
              ],
              [
                114.09259033203125,
                75.95721435546875
              ],
              [
                113.92923736572266,
                75.78911590576172
              ],
              [
                114.03861999511719,
                75.78911590576172
              ],
              [
                113.76908874511719,
                75.6215591430664
              ],
              [
                113.87818908691406,
                75.6215591430664
              ],
              [
                113.72098541259766,
                75.45452117919922
              ],
              [
                113.82981872558594,
                75.45452117919922
              ],
              [
                113.30802917480469,
                75.12195587158203
              ],
              [
                111.81595611572266,
                74.70895385742188
              ],
              [
                110.49813842773438,
                74.54456329345703
              ],
              [
                110.0459213256836,
                74.38063049316406
              ],
              [
                109.91873168945312,
                74.2171401977539
              ],
              [
                109.4743423461914,
                74.05409240722656
              ],
              [
                108.72106170654297,
                73.97272491455078
              ],
              [
                108.06300354003906,
                73.64835357666016
              ],
              [
                107.42667388916016,
                73.64835357666016
              ],
              [
                106.57369232177734,
                73.32563781738281
              ],
              [
                106.15132904052734,
                73.32563781738281
              ],
              [
                105.52774047851562,
                72.92451477050781
              ],
              [
                105.94547271728516,
                73.00454711914062
              ],
              [
                106.15178680419922,
                73.2452163696289
              ],
              [
                107.83942413330078,
                73.2452163696289
              ],
              [
                108.15972900390625,
                73.40616607666016
              ],
              [
                110.39618682861328,
                73.64835357666016
              ],
              [
                110.72867584228516,
                73.8103256225586
              ],
              [
                109.33564758300781,
                73.64835357666016
              ],
              [
                109.67981719970703,
                73.97272491455078
              ],
              [
                110.12310028076172,
                74.13555908203125
              ],
              [
                110.65695190429688,
                74.13555908203125
              ],
              [
                110.54084014892578,
                74.05409240722656
              ],
              [
                111.06468963623047,
                73.97272491455078
              ],
              [
                111.29757690429688,
                74.13555908203125
              ],
              [
                111.61788177490234,
                74.13555908203125
              ],
              [
                111.73590850830078,
                74.2171401977539
              ],
              [
                111.41522979736328,
                74.2171401977539
              ],
              [
                112.12361907958984,
                74.62670135498047
              ],
              [
                113.3062973022461,
                74.62670135498047
              ],
              [
                113.1828842163086,
                74.54456329345703
              ],
              [
                113.61244201660156,
                74.54456329345703
              ],
              [
                112.89913177490234,
                74.13555908203125
              ],
              [
                111.72465515136719,
                74.13555908203125
              ],
              [
                111.48148345947266,
                73.89147186279297
              ],
              [
                112.004150390625,
                73.8103256225586
              ],
              [
                111.8891372680664,
                73.72928619384766
              ],
              [
                112.52616882324219,
                73.72928619384766
              ],
              [
                112.99376678466797,
                74.05409240722656
              ],
              [
                113.20706939697266,
                74.05409240722656
              ],
              [
                113.08872985839844,
                73.97272491455078
              ],
              [
                113.40831756591797,
                73.97272491455078
              ],
              [
                113.2904281616211,
                73.89147186279297
              ],
              [
                113.59849548339844,
                73.8103256225586
              ],
              [
                113.35638427734375,
                73.56752014160156
              ],
              [
                114.437255859375,
                73.72928619384766
              ],
              [
                117.09153747558594,
                73.72928619384766
              ],
              [
                116.9715347290039,
                73.64835357666016
              ],
              [
                117.2896957397461,
                73.64835357666016
              ],
              [
                117.4100570678711,
                73.72928619384766
              ],
              [
                118.89645385742188,
                73.72928619384766
              ],
              [
                118.39991760253906,
                73.32563781738281
              ],
              [
                118.80906677246094,
                73.2452163696289
              ],
              [
                118.6910171508789,
                73.1648941040039
              ],
              [
                120.28575134277344,
                73.2452163696289
              ],
              [
                120.15247344970703,
                73.08467102050781
              ],
              [
                120.67872619628906,
                73.08467102050781
              ],
              [
                120.55989837646484,
                73.00454711914062
              ],
              [
                122.78376007080078,
                73.08467102050781
              ],
              [
                122.6626968383789,
                73.00454711914062
              ],
              [
                123.083251953125,
                73.00454711914062
              ],
              [
                123.32704162597656,
                73.1648941040039
              ],
              [
                123.22167205810547,
                73.1648941040039
              ],
              [
                123.36270141601562,
                73.32563781738281
              ],
              [
                123.15151977539062,
                73.32563781738281
              ],
              [
                123.27566528320312,
                73.40616607666016
              ],
              [
                123.06425476074219,
                73.40616607666016
              ],
              [
                123.31448364257812,
                73.56752014160156
              ],
              [
                123.20854949951172,
                73.56752014160156
              ],
              [
                123.46183013916016,
                73.72928619384766
              ],
              [
                124.014892578125,
                73.8103256225586
              ],
              [
                125.37291717529297,
                73.72928619384766
              ],
              [
                125.24374389648438,
                73.64835357666016
              ],
              [
                126.00994873046875,
                73.72928619384766
              ],
              [
                125.85697937011719,
                73.56752014160156
              ],
              [
                126.51639556884766,
                73.64835357666016
              ],
              [
                126.25778198242188,
                73.48678588867188
              ],
              [
                126.7868881225586,
                73.48678588867188
              ],
              [
                127.04666137695312,
                73.64835357666016
              ],
              [
                128.0816650390625,
                73.56752014160156
              ],
              [
                127.95092010498047,
                73.48678588867188
              ],
              [
                128.4552459716797,
                73.40616607666016
              ],
              [
                128.32550048828125,
                73.32563781738281
              ],
              [
                128.95904541015625,
                73.32563781738281
              ],
              [
                128.80596923828125,
                73.1648941040039
              ],
              [
                129.1220703125,
                73.1648941040039
              ],
              [
                128.7390594482422,
                72.92451477050781
              ],
              [
                129.05413818359375,
                72.92451477050781
              ],
              [
                128.9276885986328,
                72.84458923339844
              ],
              [
                129.2212371826172,
                72.76475524902344
              ],
              [
                128.74281311035156,
                72.52581787109375
              ],
              [
                129.47418212890625,
                72.52581787109375
              ],
              [
                129.33148193359375,
                72.36699676513672
              ],
              [
                129.644287109375,
                72.36699676513672
              ],
              [
                129.15695190429688,
                72.05043029785156
              ],
              [
                129.36463928222656,
                72.05043029785156
              ],
              [
                129.24427795410156,
                71.97151184082031
              ],
              [
                129.45175170898438,
                71.97151184082031
              ],
              [
                129.3318328857422,
                71.8926773071289
              ],
              [
                129.4354705810547,
                71.8926773071289
              ],
              [
                128.87254333496094,
                71.65669250488281
              ],
              [
                129.38919067382812,
                71.65669250488281
              ],
              [
                129.27137756347656,
                71.57820129394531
              ],
              [
                129.4778289794922,
                71.57820129394531
              ],
              [
                129.36041259765625,
                71.49979400634766
              ],
              [
                129.4635467529297,
                71.49979400634766
              ],
              [
                129.34661865234375,
                71.42146301269531
              ],
              [
                129.55267333984375,
                71.42146301269531
              ],
              [
                129.43614196777344,
                71.34321594238281
              ],
              [
                130.0399932861328,
                71.26505279541016
              ],
              [
                129.92391967773438,
                71.18696594238281
              ],
              [
                130.2321014404297,
                71.18696594238281
              ],
              [
                130.1162872314453,
                71.10896301269531
              ],
              [
                130.32156372070312,
                71.10896301269531
              ],
              [
                130.2061004638672,
                71.0310287475586
              ],
              [
                130.61624145507812,
                71.0310287475586
              ],
              [
                130.50094604492188,
                70.95317840576172
              ],
              [
                131.1025848388672,
                70.87539672851562
              ],
              [
                130.98768615722656,
                70.79769897460938
              ],
              [
                131.19216918945312,
                70.79769897460938
              ],
              [
                131.89093017578125,
                71.26505279541016
              ],
              [
                131.78810119628906,
                71.26505279541016
              ],
              [
                131.93865966796875,
                71.49979400634766
              ],
              [
                131.8355255126953,
                71.49979400634766
              ],
              [
                132.4602813720703,
                71.97151184082031
              ],
              [
                132.87525939941406,
                71.97151184082031
              ],
              [
                132.75192260742188,
                71.8926773071289
              ],
              [
                132.95919799804688,
                71.8926773071289
              ],
              [
                132.8363037109375,
                71.81393432617188
              ],
              [
                133.14691162109375,
                71.81393432617188
              ],
              [
                133.02438354492188,
                71.73527526855469
              ],
              [
                133.2312469482422,
                71.73527526855469
              ],
              [
                133.10914611816406,
                71.65669250488281
              ],
              [
                133.6070556640625,
                71.57820129394531
              ],
              [
                133.485595703125,
                71.49979400634766
              ],
              [
                134.72315979003906,
                71.49979400634766
              ],
              [
                135.71365356445312,
                71.73527526855469
              ],
              [
                136.33425903320312,
                71.73527526855469
              ],
              [
                136.20909118652344,
                71.65669250488281
              ],
              [
                137.01365661621094,
                71.57820129394531
              ],
              [
                136.8888702392578,
                71.49979400634766
              ],
              [
                137.24241638183594,
                71.65669250488281
              ],
              [
                138.48239135742188,
                71.65669250488281
              ],
              [
                138.60980224609375,
                71.73527526855469
              ],
              [
                139.02352905273438,
                71.73527526855469
              ],
              [
                138.89572143554688,
                71.65669250488281
              ],
              [
                139.10238647460938,
                71.65669250488281
              ],
              [
                138.97503662109375,
                71.57820129394531
              ],
              [
                139.69764709472656,
                71.57820129394531
              ],
              [
                139.82571411132812,
                71.65669250488281
              ],
              [
                139.5406951904297,
                71.73527526855469
              ],
              [
                139.66969299316406,
                71.81393432617188
              ],
              [
                139.3590850830078,
                71.81393432617188
              ],
              [
                139.5147705078125,
                71.97151184082031
              ],
              [
                139.41102600097656,
                71.97151184082031
              ],
              [
                139.8048553466797,
                72.20853424072266
              ],
              [
                139.0491485595703,
                72.12944030761719
              ],
              [
                139.18051147460938,
                72.20853424072266
              ],
              [
                138.972412109375,
                72.20853424072266
              ],
              [
                139.1042938232422,
                72.2877197265625
              ],
              [
                139.00013732910156,
                72.2877197265625
              ],
              [
                139.639404296875,
                72.6053695678711
              ],
              [
                140.23585510253906,
                72.52581787109375
              ],
              [
                140.68531799316406,
                72.6053695678711
              ],
              [
                140.82212829589844,
                72.68501281738281
              ],
              [
                140.61273193359375,
                72.68501281738281
              ],
              [
                140.7501220703125,
                72.76475524902344
              ],
              [
                140.64532470703125,
                72.76475524902344
              ],
              [
                140.92236328125,
                72.92451477050781
              ],
              [
                141.3424835205078,
                72.92451477050781
              ],
              [
                141.20309448242188,
                72.84458923339844
              ],
              [
                146.05706787109375,
                72.68501281738281
              ],
              [
                145.91482543945312,
                72.6053695678711
              ],
              [
                146.81822204589844,
                72.52581787109375
              ],
              [
                146.63995361328125,
                72.36699676513672
              ],
              [
                146.84848022460938,
                72.36699676513672
              ],
              [
                146.5336151123047,
                72.12944030761719
              ],
              [
                147.4071807861328,
                72.44635772705078
              ],
              [
                149.62461853027344,
                72.2877197265625
              ],
              [
                149.4820556640625,
                72.20853424072266
              ],
              [
                149.89828491210938,
                72.20853424072266
              ],
              [
                149.75608825683594,
                72.12944030761719
              ],
              [
                150.0679473876953,
                72.12944030761719
              ],
              [
                149.9262237548828,
                72.05043029785156
              ],
              [
                150.1339111328125,
                72.05043029785156
              ],
              [
                149.9927520751953,
                71.97151184082031
              ],
              [
                150.0964813232422,
                71.97151184082031
              ],
              [
                149.81622314453125,
                71.81393432617188
              ],
              [
                148.95315551757812,
                71.73527526855469
              ],
              [
                150.09092712402344,
                71.73527526855469
              ],
              [
                149.91746520996094,
                71.57820129394531
              ],
              [
                150.74330139160156,
                71.57820129394531
              ],
              [
                150.57064819335938,
                71.42146301269531
              ],
              [
                151.8070068359375,
                71.42146301269531
              ],
              [
                151.6688995361328,
                71.34321594238281
              ],
              [
                152.0806121826172,
                71.34321594238281
              ],
              [
                151.9427947998047,
                71.26505279541016
              ],
              [
                152.21656799316406,
                71.18696594238281
              ],
              [
                152.0127716064453,
                70.95317840576172
              ],
              [
                152.6273956298828,
                70.95317840576172
              ],
              [
                152.49168395996094,
                70.87539672851562
              ],
              [
                153.20806884765625,
                70.87539672851562
              ],
              [
                155.50396728515625,
                71.18696594238281
              ],
              [
                157.25039672851562,
                71.18696594238281
              ],
              [
                157.10870361328125,
                71.10896301269531
              ],
              [
                158.2376708984375,
                71.10896301269531
              ],
              [
                158.09556579589844,
                71.0310287475586
              ],
              [
                159.3882598876953,
                70.95317840576172
              ],
              [
                159.2461395263672,
                70.87539672851562
              ],
              [
                159.65548706054688,
                70.87539672851562
              ],
              [
                159.51364135742188,
                70.79769897460938
              ],
              [
                159.82037353515625,
                70.79769897460938
              ],
              [
                159.67886352539062,
                70.7200698852539
              ],
              [
                160.1503143310547,
                70.64251708984375
              ],
              [
                159.97119140625,
                70.48763275146484
              ],
              [
                160.17491149902344,
                70.48763275146484
              ],
              [
                159.92349243164062,
                70.17870330810547
              ],
              [
                160.12646484375,
                70.17870330810547
              ],
              [
                159.78009033203125,
                69.8708724975586
              ],
              [
                161.022705078125,
                69.71734619140625
              ],
              [
                160.88644409179688,
                69.64068603515625
              ],
              [
                164.39227294921875,
                69.79407501220703
              ],
              [
                164.2525634765625,
                69.71734619140625
              ],
              [
                166.89659118652344,
                69.5640869140625
              ],
              [
                168.20126342773438,
                70.10164642333984
              ],
              [
                169.0124053955078,
                70.10164642333984
              ],
              [
                168.8667449951172,
                70.024658203125
              ],
              [
                169.63253784179688,
                69.9477310180664
              ],
              [
                169.4434814453125,
                69.79407501220703
              ],
              [
                169.5445098876953,
                69.79407501220703
              ],
              [
                169.11312866210938,
                69.5640869140625
              ],
              [
                168.34878540039062,
                69.64068603515625
              ],
              [
                168.20635986328125,
                69.5640869140625
              ],
              [
                168.40786743164062,
                69.5640869140625
              ],
              [
                168.26583862304688,
                69.487548828125
              ],
              [
                168.3665008544922,
                69.487548828125
              ],
              [
                168.22491455078125,
                69.41107940673828
              ],
              [
                168.42605590820312,
                69.41107940673828
              ],
              [
                168.28485107421875,
                69.33467864990234
              ],
              [
                169.34890747070312,
                69.25833129882812
              ],
              [
                169.2077178955078,
                69.18205261230469
              ],
              [
                169.50863647460938,
                69.18205261230469
              ],
              [
                169.3677215576172,
                69.10584259033203
              ],
              [
                169.6278533935547,
                69.0296859741211
              ],
              [
                169.44793701171875,
                68.87757110595703
              ],
              [
                170.4474639892578,
                68.87757110595703
              ],
              [
                170.8709716796875,
                69.10584259033203
              ],
              [
                170.770751953125,
                69.10584259033203
              ],
              [
                170.9552001953125,
                69.25833129882812
              ],
              [
                170.65402221679688,
                69.25833129882812
              ],
              [
                170.7969207763672,
                69.33467864990234
              ],
              [
                170.53807067871094,
                69.41107940673828
              ],
              [
                170.6817169189453,
                69.487548828125
              ],
              [
                170.4803924560547,
                69.487548828125
              ],
              [
                170.62440490722656,
                69.5640869140625
              ],
              [
                169.96224975585938,
                69.64068603515625
              ],
              [
                170.4983673095703,
                69.8708724975586
              ],
              [
                170.39724731445312,
                69.8708724975586
              ],
              [
                170.5434112548828,
                69.9477310180664
              ],
              [
                170.3409881591797,
                69.9477310180664
              ],
              [
                170.6809539794922,
                70.17870330810547
              ],
              [
                171.7972869873047,
                70.17870330810547
              ],
              [
                171.64862060546875,
                70.10164642333984
              ],
              [
                172.86532592773438,
                70.10164642333984
              ],
              [
                172.7161407470703,
                70.024658203125
              ],
              [
                173.121337890625,
                70.024658203125
              ],
              [
                172.97238159179688,
                69.9477310180664
              ],
              [
                173.1748046875,
                69.9477310180664
              ],
              [
                173.02626037597656,
                69.8708724975586
              ],
              [
                176.31224060058594,
                69.9477310180664
              ],
              [
                176.1608428955078,
                69.8708724975586
              ],
              [
                177.8279571533203,
                69.64068603515625
              ],
              [
                177.67703247070312,
                69.5640869140625
              ],
              [
                178.8860626220703,
                69.5640869140625
              ],
              [
                178.73464965820312,
                69.487548828125
              ],
              [
                178.98611450195312,
                69.41107940673828
              ],
              [
                178.83551025390625,
                69.33467864990234
              ],
              [
                179.5388946533203,
                69.33467864990234
              ],
              [
                179.3882598876953,
                69.25833129882812
              ],
              [
                179.78982543945312,
                69.25833129882812
              ],
              [
                179.639404296875,
                69.18205261230469
              ],
              [
                180.0,
                69.10584259033203
              ],
              [
                180.0,
                65.07727813720703
              ],
              [
                178.73532104492188,
                64.63926696777344
              ],
              [
                177.52679443359375,
                64.71215057373047
              ],
              [
                177.33596801757812,
                64.49365234375
              ],
              [
                177.5902862548828,
                64.4209213256836
              ],
              [
                177.46380615234375,
                64.34822845458984
              ],
              [
                177.84437561035156,
                64.34822845458984
              ],
              [
                177.7179718017578,
                64.27558898925781
              ],
              [
                178.44720458984375,
                64.4209213256836
              ],
              [
                178.32008361816406,
                64.34822845458984
              ],
              [
                178.51036071777344,
                64.34822845458984
              ],
              [
                178.3834686279297,
                64.27558898925781
              ],
              [
                178.5736083984375,
                64.27558898925781
              ],
              [
                178.44692993164062,
                64.20299530029297
              ],
              [
                178.7003173828125,
                64.13044738769531
              ],
              [
                178.54296875,
                63.98548889160156
              ],
              [
                178.8909454345703,
                63.91307830810547
              ],
              [
                178.57955932617188,
                63.623897552490234
              ],
              [
                179.0214385986328,
                63.55171203613281
              ],
              [
                178.8970489501953,
                63.479576110839844
              ],
              [
                179.14993286132812,
                63.4074821472168
              ],
              [
                179.02597045898438,
                63.33543014526367
              ],
              [
                179.40260314941406,
                63.33543014526367
              ],
              [
                179.27871704101562,
                63.263427734375
              ],
              [
                179.46690368652344,
                63.263427734375
              ],
              [
                179.25575256347656,
                62.9758415222168
              ],
              [
                179.6957550048828,
                62.904052734375
              ],
              [
                179.57321166992188,
                62.83230972290039
              ],
              [
                179.7605743408203,
                62.83230972290039
              ],
              [
                179.51625061035156,
                62.68894577026367
              ],
              [
                179.6097869873047,
                62.68894577026367
              ],
              [
                179.00460815429688,
                62.331268310546875
              ],
              [
                178.56529235839844,
                62.4027214050293
              ],
              [
                178.6855926513672,
                62.474212646484375
              ],
              [
                178.1255340576172,
                62.474212646484375
              ],
              [
                178.24575805664062,
                62.54574966430664
              ],
              [
                177.05764770507812,
                62.61732482910156
              ],
              [
                174.55413818359375,
                61.832237243652344
              ],
              [
                173.58316040039062,
                61.69001388549805
              ],
              [
                173.12901306152344,
                61.40604019165039
              ],
              [
                172.8519287109375,
                61.40604019165039
              ],
              [
                172.4230194091797,
                61.193458557128906
              ],
              [
                172.070556640625,
                60.91054153442383
              ],
              [
                171.48287963867188,
                60.76930236816406
              ],
              [
                171.15518188476562,
                60.557716369628906
              ],
              [
                170.68035888671875,
                60.48725891113281
              ],
              [
                170.52369689941406,
                60.20578384399414
              ],
              [
                170.61500549316406,
                60.20578384399414
              ],
              [
                170.27923583984375,
                59.92485809326172
              ],
              [
                170.0060577392578,
                59.92485809326172
              ],
              [
                170.11219787597656,
                59.99503707885742
              ],
              [
                169.85391235351562,
                60.065250396728516
              ],
              [
                169.9604034423828,
                60.135501861572266
              ],
              [
                169.7779083251953,
                60.135501861572266
              ],
              [
                169.8845672607422,
                60.20578384399414
              ],
              [
                169.70196533203125,
                60.20578384399414
              ],
              [
                169.8087921142578,
                60.276100158691406
              ],
              [
                169.62606811523438,
                60.276100158691406
              ],
              [
                169.7330780029297,
                60.34645080566406
              ],
              [
                169.5502166748047,
                60.34645080566406
              ],
              [
                169.6573944091797,
                60.416839599609375
              ],
              [
                169.47442626953125,
                60.416839599609375
              ],
              [
                169.58177185058594,
                60.48725891113281
              ],
              [
                168.95652770996094,
                60.557716369628906
              ],
              [
                169.06398010253906,
                60.628211975097656
              ],
              [
                168.42227172851562,
                60.628211975097656
              ],
              [
                166.99029541015625,
                60.34645080566406
              ],
              [
                166.06607055664062,
                59.78459548950195
              ],
              [
                165.88418579101562,
                59.78459548950195
              ],
              [
                166.01174926757812,
                59.99503707885742
              ],
              [
                165.92062377929688,
                59.99503707885742
              ],
              [
                166.12820434570312,
                60.135501861572266
              ],
              [
                166.03697204589844,
                60.135501861572266
              ],
              [
                166.1944580078125,
                60.48725891113281
              ],
              [
                165.41070556640625,
                60.20578384399414
              ],
              [
                164.79290771484375,
                59.78459548950195
              ],
              [
                164.4513397216797,
                59.92485809326172
              ],
              [
                164.56536865234375,
                60.065250396728516
              ],
              [
                163.64259338378906,
                59.99503707885742
              ],
              [
                163.21714782714844,
                59.574459075927734
              ],
              [
                163.39866638183594,
                59.574459075927734
              ],
              [
                163.27935791015625,
                59.36461639404297
              ],
              [
                163.3699493408203,
                59.36461639404297
              ],
              [
                163.170654296875,
                59.22488784790039
              ],
              [
                163.26112365722656,
                59.22488784790039
              ],
              [
                162.3843231201172,
                58.66725540161133
              ],
              [
                162.47433471679688,
                58.66725540161133
              ],
              [
                162.1837158203125,
                58.45867156982422
              ],
              [
                162.27354431152344,
                58.45867156982422
              ],
              [
                162.0810089111328,
                58.31977081298828
              ],
              [
                162.1707305908203,
                58.31977081298828
              ],
              [
                161.97914123535156,
                58.180992126464844
              ],
              [
                162.06874084472656,
                58.180992126464844
              ],
              [
                161.9675750732422,
                58.042335510253906
              ],
              [
                162.23033142089844,
                57.97305679321289
              ],
              [
                162.1353759765625,
                57.903804779052734
              ],
              [
                162.40350341796875,
                57.903804779052734
              ],
              [
                162.59400939941406,
                58.042335510253906
              ],
              [
                162.86248779296875,
                58.042335510253906
              ],
              [
                162.76693725585938,
                57.97305679321289
              ],
              [
                163.1246795654297,
                57.97305679321289
              ],
              [
                163.02915954589844,
                57.903804779052734
              ],
              [
                163.3805389404297,
                57.8345832824707
              ],
              [
                162.71458435058594,
                57.28189468383789
              ],
              [
                162.89234924316406,
                57.28189468383789
              ],
              [
                162.7989959716797,
                57.21294021606445
              ],
              [
                162.8878173828125,
                57.21294021606445
              ],
              [
                162.7788543701172,
                56.86860656738281
              ],
              [
                163.30630493164062,
                56.799827575683594
              ],
              [
                163.21409606933594,
                56.731075286865234
              ],
              [
                163.39100646972656,
                56.731075286865234
              ],
              [
                163.29547119140625,
                56.59365463256836
              ],
              [
                163.47216796875,
                56.59365463256836
              ],
              [
                163.3804473876953,
                56.524986267089844
              ],
              [
                163.46873474121094,
                56.524986267089844
              ],
              [
                163.37722778320312,
                56.45634460449219
              ],
              [
                163.46234130859375,
                56.387733459472656
              ],
              [
                163.0092315673828,
                56.04508590698242
              ],
              [
                162.56959533691406,
                56.04508590698242
              ],
              [
                162.65945434570312,
                56.11355972290039
              ],
              [
                162.48348999023438,
                56.11355972290039
              ],
              [
                162.57566833496094,
                56.25059127807617
              ],
              [
                162.48757934570312,
                56.25059127807617
              ],
              [
                162.75953674316406,
                56.45634460449219
              ],
              [
                162.58303833007812,
                56.45634460449219
              ],
              [
                161.9527130126953,
                55.97663879394531
              ],
              [
                162.04058837890625,
                55.97663879394531
              ],
              [
                161.77330017089844,
                55.70311737060547
              ],
              [
                161.8609619140625,
                55.70311737060547
              ],
              [
                161.77273559570312,
                55.63479995727539
              ],
              [
                161.8603515625,
                55.63479995727539
              ],
              [
                161.77232360839844,
                55.56651306152344
              ],
              [
                161.85989379882812,
                55.56651306152344
              ],
              [
                161.7723388671875,
                55.225467681884766
              ],
              [
                161.9469757080078,
                55.225467681884766
              ],
              [
                161.8600311279297,
                55.15733337402344
              ],
              [
                162.03457641601562,
                55.15733337402344
              ],
              [
                161.94776916503906,
                55.089229583740234
              ],
              [
                162.12220764160156,
                55.089229583740234
              ],
              [
                162.03553771972656,
                55.021148681640625
              ],
              [
                162.2098846435547,
                55.021148681640625
              ],
              [
                162.1233673095703,
                54.95309066772461
              ],
              [
                162.2112274169922,
                54.88506317138672
              ],
              [
                161.69801330566406,
                54.47740173339844
              ],
              [
                160.7410430908203,
                54.545284271240234
              ],
              [
                160.0619659423828,
                54.20612335205078
              ],
              [
                159.89620971679688,
                54.07062530517578
              ],
              [
                159.986572265625,
                54.00291442871094
              ],
              [
                159.8264923095703,
                53.799922943115234
              ],
              [
                159.9127960205078,
                53.799922943115234
              ],
              [
                159.85081481933594,
                53.462066650390625
              ],
              [
                160.02294921875,
                53.462066650390625
              ],
              [
                159.94215393066406,
                53.39456558227539
              ],
              [
                160.1141815185547,
                53.39456558227539
              ],
              [
                160.03355407714844,
                53.32708740234375
              ],
              [
                160.125,
                53.25962829589844
              ],
              [
                159.96478271484375,
                53.124786376953125
              ],
              [
                159.707275390625,
                53.124786376953125
              ],
              [
                159.78713989257812,
                53.192195892333984
              ],
              [
                159.52354431152344,
                53.25962829589844
              ],
              [
                158.77664184570312,
                52.99003219604492
              ],
              [
                158.4711151123047,
                52.653533935546875
              ],
              [
                158.55662536621094,
                52.653533935546875
              ],
              [
                158.4871826171875,
                52.51908493041992
              ],
              [
                158.58921813964844,
                52.38472366333008
              ],
              [
                158.2175750732422,
                51.98215103149414
              ],
              [
                158.30264282226562,
                51.98215103149414
              ],
              [
                156.77682495117188,
                50.97892379760742
              ],
              [
                156.60794067382812,
                50.97892379760742
              ],
              [
                156.66671752929688,
                51.112430572509766
              ],
              [
                156.49766540527344,
                51.112430572509766
              ],
              [
                156.55711364746094,
                51.24601745605469
              ],
              [
                156.3878936767578,
                51.24601745605469
              ],
              [
                156.41250610351562,
                51.580322265625
              ],
              [
                156.32769775390625,
                51.580322265625
              ],
              [
                156.40101623535156,
                51.64724349975586
              ],
              [
                156.31614685058594,
                51.64724349975586
              ],
              [
                156.38966369628906,
                51.71418380737305
              ],
              [
                156.3047637939453,
                51.71418380737305
              ],
              [
                156.3784942626953,
                51.78114318847656
              ],
              [
                156.29354858398438,
                51.78114318847656
              ],
              [
                156.3674774169922,
                51.84812545776367
              ],
              [
                156.28248596191406,
                51.84812545776367
              ],
              [
                156.35662841796875,
                51.91512680053711
              ],
              [
                156.27159118652344,
                51.91512680053711
              ],
              [
                156.34593200683594,
                51.98215103149414
              ],
              [
                156.26084899902344,
                51.98215103149414
              ],
              [
                156.33538818359375,
                52.0491943359375
              ],
              [
                156.25027465820312,
                52.0491943359375
              ],
              [
                156.3250274658203,
                52.11625671386719
              ],
              [
                156.2398681640625,
                52.11625671386719
              ],
              [
                156.31480407714844,
                52.18334197998047
              ],
              [
                156.22959899902344,
                52.18334197998047
              ],
              [
                156.30474853515625,
                52.250450134277344
              ],
              [
                156.21949768066406,
                52.250450134277344
              ],
              [
                156.29486083984375,
                52.31757736206055
              ],
              [
                156.20956420898438,
                52.31757736206055
              ],
              [
                156.2851104736328,
                52.38472366333008
              ],
              [
                156.11444091796875,
                52.38472366333008
              ],
              [
                156.17135620117188,
                52.586299896240234
              ],
              [
                156.0004119873047,
                52.586299896240234
              ],
              [
                156.07667541503906,
                52.653533935546875
              ],
              [
                155.9056396484375,
                52.653533935546875
              ],
              [
                155.9471893310547,
                52.99003219604492
              ],
              [
                155.8614501953125,
                52.99003219604492
              ],
              [
                155.9388427734375,
                53.057395935058594
              ],
              [
                155.85305786132812,
                53.057395935058594
              ],
              [
                155.93064880371094,
                53.124786376953125
              ],
              [
                155.84481811523438,
                53.124786376953125
              ],
              [
                155.922607421875,
                53.192195892333984
              ],
              [
                155.83673095703125,
                53.192195892333984
              ],
              [
                155.9147186279297,
                53.25962829589844
              ],
              [
                155.82879638671875,
                53.25962829589844
              ],
              [
                155.90696716308594,
                53.32708740234375
              ],
              [
                155.8209991455078,
                53.32708740234375
              ],
              [
                155.8993682861328,
                53.39456558227539
              ],
              [
                155.8133544921875,
                53.39456558227539
              ],
              [
                155.8919219970703,
                53.462066650390625
              ],
              [
                155.8058624267578,
                53.462066650390625
              ],
              [
                155.88461303710938,
                53.52959060668945
              ],
              [
                155.7985076904297,
                53.52959060668945
              ],
              [
                155.87745666503906,
                53.597137451171875
              ],
              [
                155.79129028320312,
                53.597137451171875
              ],
              [
                155.8704376220703,
                53.664710998535156
              ],
              [
                155.78424072265625,
                53.664710998535156
              ],
              [
                155.86355590820312,
                53.732303619384766
              ],
              [
                155.77731323242188,
                53.732303619384766
              ],
              [
                155.85682678222656,
                53.799922943115234
              ],
              [
                155.77053833007812,
                53.799922943115234
              ],
              [
                155.85025024414062,
                53.86756134033203
              ],
              [
                155.67755126953125,
                53.86756134033203
              ],
              [
                155.7328338623047,
                54.20612335205078
              ],
              [
                155.64625549316406,
                54.20612335205078
              ],
              [
                155.72705078125,
                54.27390670776367
              ],
              [
                155.5537872314453,
                54.27390670776367
              ],
              [
                155.61325073242188,
                54.613189697265625
              ],
              [
                155.52638244628906,
                54.613189697265625
              ],
              [
                155.6082305908203,
                54.681121826171875
              ],
              [
                155.43438720703125,
                54.681121826171875
              ],
              [
                155.49790954589844,
                55.021148681640625
              ],
              [
                155.41073608398438,
                55.021148681640625
              ],
              [
                155.49362182617188,
                55.089229583740234
              ],
              [
                155.40640258789062,
                55.089229583740234
              ],
              [
                155.4894561767578,
                55.15733337402344
              ],
              [
                155.40219116210938,
                55.15733337402344
              ],
              [
                155.48544311523438,
                55.225467681884766
              ],
              [
                155.3981170654297,
                55.225467681884766
              ],
              [
                155.48153686523438,
                55.29362487792969
              ],
              [
                155.3941650390625,
                55.29362487792969
              ],
              [
                155.56161499023438,
                55.430015563964844
              ],
              [
                155.47064208984375,
                55.498252868652344
              ],
              [
                155.55484008789062,
                55.56651306152344
              ],
              [
                155.46726989746094,
                55.56651306152344
              ],
              [
                155.548583984375,
                55.70311737060547
              ],
              [
                155.46092224121094,
                55.70311737060547
              ],
              [
                155.63064575195312,
                55.83982467651367
              ],
              [
                155.5402069091797,
                55.90821838378906
              ],
              [
                155.62554931640625,
                55.97663879394531
              ],
              [
                155.5376739501953,
                55.97663879394531
              ],
              [
                155.6232147216797,
                56.04508590698242
              ],
              [
                155.5352783203125,
                56.04508590698242
              ],
              [
                155.7069549560547,
                56.182064056396484
              ],
              [
                155.61697387695312,
                56.25059127807617
              ],
              [
                155.7032928466797,
                56.319149017333984
              ],
              [
                155.6151580810547,
                56.319149017333984
              ],
              [
                155.78842163085938,
                56.45634460449219
              ],
              [
                155.69882202148438,
                56.524986267089844
              ],
              [
                156.84922790527344,
                57.35087585449219
              ],
              [
                156.7602996826172,
                57.35087585449219
              ],
              [
                156.94064331054688,
                57.488929748535156
              ],
              [
                156.76254272460938,
                57.488929748535156
              ],
              [
                156.85450744628906,
                57.62710189819336
              ],
              [
                156.67774963378906,
                57.696231842041016
              ],
              [
                156.8620147705078,
                57.903804779052734
              ],
              [
                157.3958740234375,
                57.8345832824707
              ],
              [
                157.67202758789062,
                58.042335510253906
              ],
              [
                158.39501953125,
                58.180992126464844
              ],
              [
                159.22915649414062,
                58.59769821166992
              ],
              [
                159.6112518310547,
                58.876129150390625
              ],
              [
                159.5269775390625,
                58.94581604003906
              ],
              [
                160.50228881835938,
                59.64447021484375
              ],
              [
                160.87393188476562,
                59.714515686035156
              ],
              [
                161.5660858154297,
                60.135501861572266
              ],
              [
                161.99412536621094,
                60.557716369628906
              ],
              [
                162.6585693359375,
                60.69873809814453
              ],
              [
                163.0622100830078,
                60.91054153442383
              ],
              [
                163.33798217773438,
                60.91054153442383
              ],
              [
                163.23353576660156,
                60.83990478515625
              ],
              [
                163.3253936767578,
                60.83990478515625
              ],
              [
                163.62667846679688,
                60.9812126159668
              ],
              [
                163.35072326660156,
                60.9812126159668
              ],
              [
                163.8784637451172,
                61.335140228271484
              ],
              [
                163.78616333007812,
                61.335140228271484
              ],
              [
                163.89251708984375,
                61.40604019165039
              ],
              [
                163.6154327392578,
                61.40604019165039
              ],
              [
                163.7361602783203,
                61.547950744628906
              ],
              [
                163.6436767578125,
                61.547950744628906
              ],
              [
                163.8578338623047,
                61.69001388549805
              ],
              [
                163.7652130126953,
                61.69001388549805
              ],
              [
                163.98045349121094,
                61.832237243652344
              ],
              [
                163.8876953125,
                61.832237243652344
              ],
              [
                164.01112365722656,
                61.97461700439453
              ],
              [
                163.8253631591797,
                61.97461700439453
              ],
              [
                163.949462890625,
                62.117156982421875
              ],
              [
                163.85646057128906,
                62.117156982421875
              ],
              [
                164.2005615234375,
                62.4027214050293
              ],
              [
                164.6077880859375,
                62.54574966430664
              ],
              [
                164.51437377929688,
                62.54574966430664
              ],
              [
                164.62510681152344,
                62.61732482910156
              ],
              [
                164.4381561279297,
                62.61732482910156
              ],
              [
                164.549072265625,
                62.68894577026367
              ],
              [
                163.30003356933594,
                62.54574966430664
              ],
              [
                163.1904754638672,
                62.474212646484375
              ],
              [
                163.47052001953125,
                62.474212646484375
              ],
              [
                163.14308166503906,
                62.259857177734375
              ],
              [
                163.23623657226562,
                62.259857177734375
              ],
              [
                163.06753540039062,
                61.90340805053711
              ],
              [
                163.42393493652344,
                61.832237243652344
              ],
              [
                162.9962158203125,
                61.547950744628906
              ],
              [
                162.7324676513672,
                61.618961334228516
              ],
              [
                162.8389892578125,
                61.69001388549805
              ],
              [
                162.26968383789062,
                61.618961334228516
              ],
              [
                160.74266052246094,
                60.76930236816406
              ],
              [
                160.1717529296875,
                60.628211975097656
              ],
              [
                159.9884033203125,
                60.628211975097656
              ],
              [
                160.23402404785156,
                61.05192565917969
              ],
              [
                159.6713409423828,
                60.9812126159668
              ],
              [
                159.8172149658203,
                61.335140228271484
              ],
              [
                159.7248992919922,
                61.335140228271484
              ],
              [
                160.24557495117188,
                61.69001388549805
              ],
              [
                160.1529541015625,
                61.69001388549805
              ],
              [
                160.28302001953125,
                61.90340805053711
              ],
              [
                159.68984985351562,
                61.69001388549805
              ],
              [
                159.31935119628906,
                61.69001388549805
              ],
              [
                159.42372131347656,
                61.7611083984375
              ],
              [
                159.15736389160156,
                61.832237243652344
              ],
              [
                159.2620391845703,
                61.90340805053711
              ],
              [
                158.9835968017578,
                61.90340805053711
              ],
              [
                157.09642028808594,
                61.69001388549805
              ],
              [
                155.48977661132812,
                60.557716369628906
              ],
              [
                154.83067321777344,
                60.34645080566406
              ],
              [
                154.53536987304688,
                60.065250396728516
              ],
              [
                154.6265411376953,
                60.065250396728516
              ],
              [
                154.2480926513672,
                59.85470962524414
              ],
              [
                154.42141723632812,
                59.714515686035156
              ],
              [
                154.13734436035156,
                59.504478454589844
              ],
              [
                154.96221923828125,
                59.64447021484375
              ],
              [
                154.8671112060547,
                59.574459075927734
              ],
              [
                155.22152709960938,
                59.434532165527344
              ],
              [
                155.12295532226562,
                59.294734954833984
              ],
              [
                155.21348571777344,
                59.294734954833984
              ],
              [
                154.9347686767578,
                59.15507125854492
              ],
              [
                154.39547729492188,
                59.22488784790039
              ],
              [
                154.20863342285156,
                59.08528518676758
              ],
              [
                153.7568817138672,
                59.08528518676758
              ],
              [
                153.84988403320312,
                59.15507125854492
              ],
              [
                153.40036010742188,
                59.22488784790039
              ],
              [
                153.0341033935547,
                59.08528518676758
              ],
              [
                152.8481903076172,
                58.876129150390625
              ],
              [
                152.48886108398438,
                58.94581604003906
              ],
              [
                152.58065795898438,
                59.015533447265625
              ],
              [
                152.21949768066406,
                59.015533447265625
              ],
              [
                152.03662109375,
                58.876129150390625
              ],
              [
                151.2250518798828,
                58.876129150390625
              ],
              [
                151.3158416748047,
                58.94581604003906
              ],
              [
                151.04571533203125,
                59.015533447265625
              ],
              [
                151.22808837890625,
                59.15507125854492
              ],
              [
                152.0451202392578,
                59.294734954833984
              ],
              [
                151.59249877929688,
                59.294734954833984
              ],
              [
                151.68467712402344,
                59.36461639404297
              ],
              [
                151.32559204101562,
                59.504478454589844
              ],
              [
                151.41818237304688,
                59.574459075927734
              ],
              [
                150.32786560058594,
                59.504478454589844
              ],
              [
                150.4197998046875,
                59.574459075927734
              ],
              [
                149.4239501953125,
                59.78459548950195
              ],
              [
                149.1503448486328,
                59.714515686035156
              ],
              [
                148.96734619140625,
                59.504478454589844
              ],
              [
                148.7859344482422,
                59.504478454589844
              ],
              [
                148.6952667236328,
                59.434532165527344
              ],
              [
                148.96719360351562,
                59.434532165527344
              ],
              [
                148.6056671142578,
                59.22488784790039
              ],
              [
                148.3342742919922,
                59.22488784790039
              ],
              [
                148.4241485595703,
                59.294734954833984
              ],
              [
                148.2430877685547,
                59.294734954833984
              ],
              [
                148.33309936523438,
                59.36461639404297
              ],
              [
                146.43084716796875,
                59.36461639404297
              ],
              [
                146.2556915283203,
                59.15507125854492
              ],
              [
                145.80364990234375,
                59.15507125854492
              ],
              [
                145.89169311523438,
                59.22488784790039
              ],
              [
                145.70840454101562,
                59.294734954833984
              ],
              [
                145.7967529296875,
                59.36461639404297
              ],
              [
                145.52500915527344,
                59.36461639404297
              ],
              [
                145.61341857910156,
                59.434532165527344
              ],
              [
                145.06956481933594,
                59.434532165527344
              ],
              [
                143.07925415039062,
                59.36461639404297
              ],
              [
                142.0166778564453,
                59.015533447265625
              ],
              [
                141.76815795898438,
                58.73685073852539
              ],
              [
                140.90098571777344,
                58.38920593261719
              ],
              [
                140.3434295654297,
                57.7653923034668
              ],
              [
                139.99501037597656,
                57.696231842041016
              ],
              [
                139.5063018798828,
                57.35087585449219
              ],
              [
                138.66893005371094,
                57.00625228881836
              ],
              [
                138.0637969970703,
                56.387733459472656
              ],
              [
                137.4349822998047,
                55.97663879394531
              ],
              [
                135.20361328125,
                54.95309066772461
              ],
              [
                135.2907257080078,
                54.95309066772461
              ],
              [
                135.23583984375,
                54.817054748535156
              ],
              [
                135.40988159179688,
                54.817054748535156
              ],
              [
                135.33908081054688,
                54.74907684326172
              ],
              [
                135.6869659423828,
                54.74907684326172
              ],
              [
                135.6161651611328,
                54.681121826171875
              ],
              [
                136.9199981689453,
                54.681121826171875
              ],
              [
                136.84866333007812,
                54.613189697265625
              ],
              [
                136.95118713378906,
                54.545284271240234
              ],
              [
                136.809326171875,
                54.4095458984375
              ],
              [
                136.9120635986328,
                54.341712951660156
              ],
              [
                136.6818084716797,
                53.86756134033203
              ],
              [
                137.0271759033203,
                53.86756134033203
              ],
              [
                137.15016174316406,
                54.07062530517578
              ],
              [
                136.97718811035156,
                54.07062530517578
              ],
              [
                137.2587890625,
                54.341712951660156
              ],
              [
                137.6921844482422,
                54.341712951660156
              ],
              [
                137.32313537597656,
                54.07062530517578
              ],
              [
                137.85813903808594,
                54.00291442871094
              ],
              [
                137.2677001953125,
                53.597137451171875
              ],
              [
                138.09605407714844,
                53.732303619384766
              ],
              [
                138.37677001953125,
                54.00291442871094
              ],
              [
                138.6204376220703,
                54.07062530517578
              ],
              [
                138.51837158203125,
                54.138362884521484
              ],
              [
                138.73233032226562,
                54.341712951660156
              ],
              [
                140.0325164794922,
                54.341712951660156
              ],
              [
                139.96026611328125,
                54.27390670776367
              ],
              [
                140.13352966308594,
                54.27390670776367
              ],
              [
                140.07598876953125,
                54.138362884521484
              ],
              [
                140.2490692138672,
                54.138362884521484
              ],
              [
                140.20689392089844,
                53.93522644042969
              ],
              [
                140.58224487304688,
                53.799922943115234
              ],
              [
                140.5110626220703,
                53.732303619384766
              ],
              [
                140.76980590820312,
                53.732303619384766
              ],
              [
                140.69869995117188,
                53.664710998535156
              ],
              [
                140.87110900878906,
                53.664710998535156
              ],
              [
                140.80010986328125,
                53.597137451171875
              ],
              [
                140.98765563964844,
                53.52959060668945
              ],
              [
                140.91696166992188,
                53.462066650390625
              ],
              [
                141.46395874023438,
                53.32708740234375
              ],
              [
                141.1139678955078,
                52.99003219604492
              ],
              [
                141.3017120361328,
                52.92268753051758
              ],
              [
                141.23243713378906,
                52.85536575317383
              ],
              [
                141.3512420654297,
                52.720787048339844
              ],
              [
                141.1456756591797,
                52.51908493041992
              ],
              [
                141.23109436035156,
                52.51908493041992
              ],
              [
                141.19793701171875,
                52.31757736206055
              ],
              [
                141.55662536621094,
                52.250450134277344
              ],
              [
                141.3546142578125,
                52.0491943359375
              ],
              [
                141.45787048339844,
                51.98215103149414
              ],
              [
                140.95657348632812,
                51.64724349975586
              ],
              [
                140.82566833496094,
                51.51342010498047
              ],
              [
                140.93002319335938,
                51.44654083251953
              ],
              [
                140.65115356445312,
                51.24601745605469
              ],
              [
                140.77642822265625,
                51.112430572509766
              ],
              [
                140.48045349121094,
                50.71213912963867
              ],
              [
                140.56472778320312,
                50.71213912963867
              ],
              [
                140.4396209716797,
                50.578861236572266
              ],
              [
                140.54571533203125,
                50.51224899291992
              ],
              [
                140.42181396484375,
                50.37908172607422
              ],
              [
                140.50588989257812,
                50.37908172607422
              ],
              [
                140.48951721191406,
                50.17946243286133
              ],
              [
                140.74139404296875,
                50.17946243286133
              ],
              [
                140.43783569335938,
                49.84712600708008
              ],
              [
                140.5929718017578,
                49.64793395996094
              ],
              [
                140.38092041015625,
                49.316287994384766
              ],
              [
                140.46437072753906,
                49.316287994384766
              ],
              [
                140.2825469970703,
                48.91886520385742
              ],
              [
                140.36578369140625,
                48.91886520385742
              ],
              [
                140.19395446777344,
                48.72037124633789
              ],
              [
                140.27706909179688,
                48.72037124633789
              ],
              [
                140.16339111328125,
                48.5881233215332
              ],
              [
                140.24642944335938,
                48.5881233215332
              ],
              [
                140.02110290527344,
                48.323814392089844
              ],
              [
                139.35755920410156,
                47.92780685424805
              ],
              [
                138.8994903564453,
                47.26897048950195
              ],
              [
                138.62857055664062,
                47.13737487792969
              ],
              [
                138.41775512695312,
                46.87434005737305
              ],
              [
                138.49989318847656,
                46.87434005737305
              ],
              [
                138.34307861328125,
                46.677207946777344
              ],
              [
                138.42510986328125,
                46.677207946777344
              ],
              [
                137.8590850830078,
                45.95537567138672
              ],
              [
                136.71914672851562,
                45.10417556762695
              ],
              [
                136.1484375,
                44.45067596435547
              ],
              [
                135.986572265625,
                44.45067596435547
              ],
              [
                135.1095733642578,
                43.472347259521484
              ],
              [
                134.22183227539062,
                43.016544342041016
              ],
              [
                133.2723388671875,
                42.691246032714844
              ],
              [
                132.95187377929688,
                42.691246032714844
              ],
              [
                132.99696350097656,
                42.75628662109375
              ],
              [
                132.5611114501953,
                42.82133865356445
              ],
              [
                132.60623168945312,
                42.88639831542969
              ],
              [
                132.20521545410156,
                42.88639831542969
              ],
              [
                132.27102661132812,
                43.211830139160156
              ],
              [
                132.0999298095703,
                43.08163070678711
              ],
              [
                131.77874755859375,
                43.08163070678711
              ],
              [
                131.9146728515625,
                43.276947021484375
              ],
              [
                131.75390625,
                43.276947021484375
              ],
              [
                131.22511291503906,
                42.62621307373047
              ],
              [
                130.90475463867188,
                42.62621307373047
              ],
              [
                130.7727508544922,
                42.43117141723633
              ],
              [
                130.49652099609375,
                42.496177673339844
              ],
              [
                130.54042053222656,
                42.56119155883789
              ],
              [
                130.5484161376953,
                42.691246032714844
              ],
              [
                130.46829223632812,
                42.691246032714844
              ],
              [
                130.55673217773438,
                42.82133865356445
              ],
              [
                131.0021514892578,
                42.88639831542969
              ],
              [
                131.2716064453125,
                43.276947021484375
              ],
              [
                131.1560516357422,
                43.342071533203125
              ],
              [
                131.27944946289062,
                43.86341094970703
              ],
              [
                131.16409301757812,
                43.92862319946289
              ],
              [
                131.22174072265625,
                44.12431716918945
              ],
              [
                131.14096069335938,
                44.12431716918945
              ],
              [
                131.24566650390625,
                44.38538360595703
              ],
              [
                131.0616912841797,
                44.58129119873047
              ],
              [
                131.07415771484375,
                44.71194839477539
              ],
              [
                130.9120330810547,
                44.71194839477539
              ],
              [
                131.0526580810547,
                44.908016204833984
              ],
              [
                131.34326171875,
                44.973392486572266
              ],
              [
                131.69520568847656,
                45.23500442504883
              ],
              [
                132.73779296875,
                45.10417556762695
              ],
              [
                132.6899871826172,
                45.03877639770508
              ],
              [
                132.98153686523438,
                45.10417556762695
              ],
              [
                133.9088897705078,
                46.348915100097656
              ],
              [
                133.8270263671875,
                46.348915100097656
              ],
              [
                133.9267578125,
                46.480194091796875
              ],
              [
                133.84481811523438,
                46.480194091796875
              ],
              [
                134.04556274414062,
                46.74290466308594
              ],
              [
                133.96348571777344,
                46.74290466308594
              ],
              [
                134.0645294189453,
                46.87434005737305
              ],
              [
                133.98239135742188,
                46.87434005737305
              ],
              [
                134.18588256835938,
                47.13737487792969
              ],
              [
                134.10360717773438,
                47.13737487792969
              ],
              [
                134.36082458496094,
                47.46647262573242
              ],
              [
                134.6819610595703,
                47.664100646972656
              ],
              [
                134.50894165039062,
                47.86185836791992
              ],
              [
                134.6378936767578,
                48.1257438659668
              ],
              [
                134.49606323242188,
                48.257774353027344
              ],
              [
                134.5203399658203,
                48.38986587524414
              ],
              [
                134.18858337402344,
                48.38986587524414
              ],
              [
                133.5615692138672,
                48.1257438659668
              ],
              [
                133.06478881835938,
                48.1257438659668
              ],
              [
                132.1229705810547,
                47.664100646972656
              ],
              [
                130.8529510498047,
                47.730003356933594
              ],
              [
                130.90383911132812,
                47.79592514038086
              ],
              [
                130.62425231933594,
                47.86185836791992
              ],
              [
                130.73609924316406,
                48.323814392089844
              ],
              [
                130.49945068359375,
                48.654239654541016
              ],
              [
                130.57476806640625,
                48.852684020996094
              ],
              [
                130.04530334472656,
                48.91886520385742
              ],
              [
                130.09837341308594,
                48.98506164550781
              ],
              [
                129.8184051513672,
                49.051273345947266
              ],
              [
                129.81198120117188,
                49.2500114440918
              ],
              [
                129.448486328125,
                49.316287994384766
              ],
              [
                129.50225830078125,
                49.38258361816406
              ],
              [
                129.0847930908203,
                49.38258361816406
              ],
              [
                129.13856506347656,
                49.44889450073242
              ],
              [
                128.69113159179688,
                49.51522445678711
              ],
              [
                128.74505615234375,
                49.58156967163086
              ],
              [
                128.0225830078125,
                49.51522445678711
              ],
              [
                128.0762176513672,
                49.58156967163086
              ],
              [
                127.82539367675781,
                49.58156967163086
              ],
              [
                127.87909698486328,
                49.64793395996094
              ],
              [
                127.48477172851562,
                49.78071212768555
              ],
              [
                127.47991180419922,
                49.98000717163086
              ],
              [
                127.39607238769531,
                49.98000717163086
              ],
              [
                127.50540161132812,
                50.11296081542969
              ],
              [
                127.36357116699219,
                50.2459831237793
              ],
              [
                127.41883850097656,
                50.312522888183594
              ],
              [
                127.25077056884766,
                50.312522888183594
              ],
              [
                127.27764892578125,
                50.445655822753906
              ],
              [
                127.19352722167969,
                50.445655822753906
              ],
              [
                127.30517578125,
                50.578861236572266
              ],
              [
                127.1648178100586,
                50.71213912963867
              ],
              [
                127.19348907470703,
                50.84549331665039
              ],
              [
                127.02477264404297,
                50.84549331665039
              ],
              [
                127.0265121459961,
                51.04566955566406
              ],
              [
                126.85755157470703,
                51.04566955566406
              ],
              [
                126.77974700927734,
                51.44654083251953
              ],
              [
                126.69501495361328,
                51.44654083251953
              ],
              [
                126.75310516357422,
                51.51342010498047
              ],
              [
                126.6683349609375,
                51.51342010498047
              ],
              [
                126.72657775878906,
                51.580322265625
              ],
              [
                126.64176177978516,
                51.580322265625
              ],
              [
                126.7001724243164,
                51.64724349975586
              ],
              [
                126.61531066894531,
                51.64724349975586
              ],
              [
                126.67387390136719,
                51.71418380737305
              ],
              [
                126.5889663696289,
                51.71418380737305
              ],
              [
                126.64768981933594,
                51.78114318847656
              ],
              [
                126.562744140625,
                51.78114318847656
              ],
              [
                126.62161254882812,
                51.84812545776367
              ],
              [
                126.4516372680664,
                51.84812545776367
              ],
              [
                126.40771484375,
                52.18334197998047
              ],
              [
                126.322509765625,
                52.18334197998047
              ],
              [
                126.38225555419922,
                52.250450134277344
              ],
              [
                126.29701232910156,
                52.250450134277344
              ],
              [
                126.3569107055664,
                52.31757736206055
              ],
              [
                126.27162170410156,
                52.31757736206055
              ],
              [
                126.33167266845703,
                52.38472366333008
              ],
              [
                126.246337890625,
                52.38472366333008
              ],
              [
                126.3065414428711,
                52.4518928527832
              ],
              [
                126.02523803710938,
                52.51908493041992
              ],
              [
                126.06075286865234,
                52.653533935546875
              ],
              [
                125.88972473144531,
                52.653533935546875
              ],
              [
                125.90101623535156,
                52.85536575317383
              ],
              [
                125.61939239501953,
                52.92268753051758
              ],
              [
                125.65613555908203,
                53.057395935058594
              ],
              [
                125.48456573486328,
                53.057395935058594
              ],
              [
                125.54598236083984,
                53.124786376953125
              ],
              [
                124.4052963256836,
                53.192195892333984
              ],
              [
                124.4664535522461,
                53.25962829589844
              ],
              [
                124.18391418457031,
                53.32708740234375
              ],
              [
                124.2452621459961,
                53.39456558227539
              ],
              [
                123.79042053222656,
                53.462066650390625
              ],
              [
                123.85186004638672,
                53.52959060668945
              ],
              [
                121.89703369140625,
                53.462066650390625
              ],
              [
                120.85763549804688,
                53.25962829589844
              ],
              [
                120.0767822265625,
                52.85536575317383
              ],
              [
                119.90364074707031,
                52.653533935546875
              ],
              [
                120.53005981445312,
                52.586299896240234
              ],
              [
                120.5005874633789,
                52.4518928527832
              ],
              [
                120.6705551147461,
                52.250450134277344
              ],
              [
                120.55712127685547,
                52.11625671386719
              ],
              [
                120.6709213256836,
                52.0491943359375
              ],
              [
                120.19185638427734,
                51.78114318847656
              ],
              [
                119.64573669433594,
                51.112430572509766
              ],
              [
                119.73025512695312,
                51.112430572509766
              ],
              [
                119.15091705322266,
                50.37908172607422
              ],
              [
                119.23499298095703,
                50.37908172607422
              ],
              [
                119.28163146972656,
                50.11296081542969
              ],
              [
                118.5428695678711,
                49.91355895996094
              ],
              [
                117.82736206054688,
                49.51522445678711
              ],
              [
                116.68476867675781,
                49.78071212768555
              ],
              [
                116.56632232666016,
                49.84712600708008
              ],
              [
                116.6155014038086,
                49.91355895996094
              ],
              [
                116.4478988647461,
                49.91355895996094
              ],
              [
                116.49718475341797,
                49.98000717163086
              ],
              [
                115.3585205078125,
                49.91355895996094
              ],
              [
                115.40729522705078,
                49.98000717163086
              ],
              [
                115.00191497802734,
                50.11296081542969
              ],
              [
                115.05101013183594,
                50.17946243286133
              ],
              [
                114.79914093017578,
                50.17946243286133
              ],
              [
                114.84830474853516,
                50.2459831237793
              ],
              [
                114.00835418701172,
                50.2459831237793
              ],
              [
                113.26355743408203,
                49.91355895996094
              ],
              [
                112.72975158691406,
                49.51522445678711
              ],
              [
                111.2176284790039,
                49.38258361816406
              ],
              [
                110.74810791015625,
                49.18375015258789
              ],
              [
                108.58506774902344,
                49.316287994384766
              ],
              [
                108.62938690185547,
                49.38258361816406
              ],
              [
                108.37891387939453,
                49.38258361816406
              ],
              [
                108.42328643798828,
                49.44889450073242
              ],
              [
                108.21710968017578,
                49.51522445678711
              ],
              [
                108.26168823242188,
                49.58156967163086
              ],
              [
                107.97184753417969,
                49.64793395996094
              ],
              [
                107.90045166015625,
                49.91355895996094
              ],
              [
                107.73284912109375,
                49.91355895996094
              ],
              [
                107.778076171875,
                49.98000717163086
              ],
              [
                107.27505493164062,
                49.98000717163086
              ],
              [
                107.32022094726562,
                50.04647445678711
              ],
              [
                106.78478240966797,
                50.2459831237793
              ],
              [
                106.83031463623047,
                50.312522888183594
              ],
              [
                106.41014099121094,
                50.312522888183594
              ],
              [
                106.45564270019531,
                50.37908172607422
              ],
              [
                104.90313720703125,
                50.445655822753906
              ],
              [
                104.05284118652344,
                50.17946243286133
              ],
              [
                103.2972412109375,
                50.17946243286133
              ],
              [
                103.34098052978516,
                50.2459831237793
              ],
              [
                103.1729965209961,
                50.2459831237793
              ],
              [
                103.2168197631836,
                50.312522888183594
              ],
              [
                102.88067626953125,
                50.312522888183594
              ],
              [
                102.92450714111328,
                50.37908172607422
              ],
              [
                102.75635528564453,
                50.37908172607422
              ],
              [
                102.8002700805664,
                50.445655822753906
              ],
              [
                102.2992172241211,
                50.578861236572266
              ],
              [
                102.30332946777344,
                50.71213912963867
              ],
              [
                102.21905517578125,
                50.71213912963867
              ],
              [
                102.30792999267578,
                50.84549331665039
              ],
              [
                102.06499481201172,
                51.112430572509766
              ],
              [
                102.15538024902344,
                51.24601745605469
              ],
              [
                101.99232482910156,
                51.37968063354492
              ],
              [
                102.03794860839844,
                51.44654083251953
              ],
              [
                101.86848449707031,
                51.44654083251953
              ],
              [
                101.91417694091797,
                51.51342010498047
              ],
              [
                101.27536010742188,
                51.44654083251953
              ],
              [
                101.32075500488281,
                51.51342010498047
              ],
              [
                100.94223022460938,
                51.580322265625
              ],
              [
                100.98772430419922,
                51.64724349975586
              ],
              [
                100.73314666748047,
                51.64724349975586
              ],
              [
                100.77867889404297,
                51.71418380737305
              ],
              [
                100.09945678710938,
                51.71418380737305
              ],
              [
                100.1447982788086,
                51.78114318847656
              ],
              [
                99.38562774658203,
                51.91512680053711
              ],
              [
                99.43099212646484,
                51.98215103149414
              ],
              [
                99.2608413696289,
                51.98215103149414
              ],
              [
                99.3062744140625,
                52.0491943359375
              ],
              [
                98.92605590820312,
                52.11625671386719
              ],
              [
                98.7904052734375,
                51.91512680053711
              ],
              [
                98.14327239990234,
                51.580322265625
              ],
              [
                97.83885192871094,
                51.112430572509766
              ],
              [
                97.92337799072266,
                51.112430572509766
              ],
              [
                97.8789291381836,
                50.77880859375
              ],
              [
                97.96324920654297,
                50.77880859375
              ],
              [
                97.96308135986328,
                50.64549255371094
              ],
              [
                98.13154602050781,
                50.64549255371094
              ],
              [
                98.13166809082031,
                50.51224899291992
              ],
              [
                98.30039978027344,
                50.37908172607422
              ],
              [
                98.1347885131836,
                50.11296081542969
              ],
              [
                97.42894744873047,
                49.78071212768555
              ],
              [
                97.01034545898438,
                49.78071212768555
              ],
              [
                96.92283630371094,
                49.91355895996094
              ],
              [
                96.4200439453125,
                49.91355895996094
              ],
              [
                96.46000671386719,
                49.98000717163086
              ],
              [
                94.86709594726562,
                49.98000717163086
              ],
              [
                94.90646362304688,
                50.04647445678711
              ],
              [
                94.39796447753906,
                50.17946243286133
              ],
              [
                94.3931655883789,
                50.312522888183594
              ],
              [
                94.22509765625,
                50.312522888183594
              ],
              [
                94.13228607177734,
                50.578861236572266
              ],
              [
                93.12194061279297,
                50.578861236572266
              ],
              [
                93.16165161132812,
                50.64549255371094
              ],
              [
                92.86439514160156,
                50.71213912963867
              ],
              [
                92.90422821044922,
                50.77880859375
              ],
              [
                92.52729034423828,
                50.71213912963867
              ],
              [
                92.56696319580078,
                50.77880859375
              ],
              [
                92.26934814453125,
                50.84549331665039
              ],
              [
                90.45205688476562,
                50.17946243286133
              ],
              [
                90.20018768310547,
                50.17946243286133
              ],
              [
                89.63236236572266,
                49.91355895996094
              ],
              [
                89.60647583007812,
                49.71431350708008
              ],
              [
                89.48654174804688,
                49.64793395996094
              ],
              [
                88.9966049194336,
                49.51522445678711
              ],
              [
                88.32806396484375,
                49.51522445678711
              ],
              [
                87.78443908691406,
                49.11750411987305
              ],
              [
                87.33345031738281,
                49.051273345947266
              ],
              [
                87.36772918701172,
                49.11750411987305
              ],
              [
                87.15199279785156,
                49.18375015258789
              ],
              [
                87.05401611328125,
                49.316287994384766
              ],
              [
                86.8871078491211,
                49.316287994384766
              ],
              [
                86.9216079711914,
                49.38258361816406
              ],
              [
                86.75463104248047,
                49.38258361816406
              ],
              [
                86.60783386230469,
                49.58156967163086
              ],
              [
                86.62894439697266,
                49.78071212768555
              ],
              [
                86.15531158447266,
                49.51522445678711
              ],
              [
                85.13705444335938,
                49.64793395996094
              ],
              [
                84.82704162597656,
                50.17946243286133
              ],
              [
                84.49121856689453,
                50.17946243286133
              ],
              [
                84.39302062988281,
                50.312522888183594
              ],
              [
                84.2249526977539,
                50.312522888183594
              ],
              [
                83.8692626953125,
                50.912200927734375
              ],
              [
                83.6160659790039,
                50.912200927734375
              ],
              [
                83.65176391601562,
                50.97892379760742
              ],
              [
                82.97624206542969,
                50.97892379760742
              ],
              [
                82.16131591796875,
                50.71213912963867
              ],
              [
                81.57138061523438,
                50.71213912963867
              ],
              [
                81.37187957763672,
                50.97892379760742
              ],
              [
                81.11856079101562,
                50.97892379760742
              ],
              [
                80.95416259765625,
                51.31283950805664
              ],
              [
                80.61557006835938,
                51.31283950805664
              ],
              [
                80.46162414550781,
                51.17921447753906
              ],
              [
                80.47730255126953,
                51.04566955566406
              ],
              [
                80.12181854248047,
                50.84549331665039
              ],
              [
                79.70003509521484,
                50.84549331665039
              ],
              [
                78.8279037475586,
                52.11625671386719
              ],
              [
                78.65757751464844,
                52.11625671386719
              ],
              [
                77.7962875366211,
                53.39456558227539
              ],
              [
                76.9448013305664,
                53.732303619384766
              ],
              [
                76.9315185546875,
                53.86756134033203
              ],
              [
                76.29994201660156,
                54.138362884521484
              ],
              [
                76.8436050415039,
                54.341712951660156
              ],
              [
                76.83136749267578,
                54.47740173339844
              ],
              [
                75.52112579345703,
                54.138362884521484
              ],
              [
                74.3388671875,
                53.52959060668945
              ],
              [
                73.80513000488281,
                53.664710998535156
              ],
              [
                73.35749053955078,
                53.462066650390625
              ],
              [
                73.39166259765625,
                53.52959060668945
              ],
              [
                73.16747283935547,
                53.597137451171875
              ],
              [
                73.23605346679688,
                53.732303619384766
              ],
              [
                73.5640869140625,
                53.86756134033203
              ],
              [
                73.66879272460938,
                54.07062530517578
              ],
              [
                73.16692352294922,
                53.93522644042969
              ],
              [
                73.06338500976562,
                54.07062530517578
              ],
              [
                72.89041137695312,
                54.07062530517578
              ],
              [
                72.92508697509766,
                54.138362884521484
              ],
              [
                72.57894897460938,
                54.138362884521484
              ],
              [
                72.47579193115234,
                53.93522644042969
              ],
              [
                72.30300903320312,
                53.93522644042969
              ],
              [
                72.40587615966797,
                54.138362884521484
              ],
              [
                72.24962615966797,
                54.341712951660156
              ],
              [
                71.19438934326172,
                54.138362884521484
              ],
              [
                71.22821807861328,
                54.20612335205078
              ],
              [
                71.00224304199219,
                54.27390670776367
              ],
              [
                71.1909408569336,
                54.47740173339844
              ],
              [
                71.10417175292969,
                54.47740173339844
              ],
              [
                71.20697784423828,
                54.681121826171875
              ],
              [
                71.0494613647461,
                54.88506317138672
              ],
              [
                70.87532043457031,
                54.88506317138672
              ],
              [
                70.92667388916016,
                55.15733337402344
              ],
              [
                70.82173156738281,
                55.29362487792969
              ],
              [
                70.38489532470703,
                55.29362487792969
              ],
              [
                70.05399322509766,
                55.15733337402344
              ],
              [
                69.94805145263672,
                55.29362487792969
              ],
              [
                69.7733154296875,
                55.29362487792969
              ],
              [
                69.80765533447266,
                55.36180877685547
              ],
              [
                68.79246520996094,
                55.430015563964844
              ],
              [
                67.94778442382812,
                54.95309066772461
              ],
              [
                66.7509536743164,
                54.817054748535156
              ],
              [
                66.42626953125,
                54.681121826171875
              ],
              [
                65.64397430419922,
                54.681121826171875
              ],
              [
                65.0859146118164,
                54.4095458984375
              ],
              [
                63.17603302001953,
                54.20612335205078
              ],
              [
                62.56956100463867,
                54.00291442871094
              ],
              [
                61.1865348815918,
                54.00291442871094
              ],
              [
                60.96087646484375,
                53.664710998535156
              ],
              [
                61.536376953125,
                53.597137451171875
              ],
              [
                61.16764450073242,
                53.32708740234375
              ],
              [
                61.56991195678711,
                53.25962829589844
              ],
              [
                61.542415618896484,
                53.192195892333984
              ],
              [
                61.971805572509766,
                53.192195892333984
              ],
              [
                61.97488784790039,
                52.99003219604492
              ],
              [
                61.031734466552734,
                52.99003219604492
              ],
              [
                60.64142990112305,
                52.653533935546875
              ],
              [
                60.81245803833008,
                52.653533935546875
              ],
              [
                60.98952102661133,
                52.4518928527832
              ],
              [
                60.93696594238281,
                52.31757736206055
              ],
              [
                60.262657165527344,
                52.11625671386719
              ],
              [
                60.016117095947266,
                51.91512680053711
              ],
              [
                60.534996032714844,
                51.71418380737305
              ],
              [
                60.50972366333008,
                51.64724349975586
              ],
              [
                60.764305114746094,
                51.64724349975586
              ],
              [
                60.88331985473633,
                51.51342010498047
              ],
              [
                61.451229095458984,
                51.44654083251953
              ],
              [
                61.569766998291016,
                51.31283950805664
              ],
              [
                61.369693756103516,
                50.77880859375
              ],
              [
                60.89940643310547,
                50.64549255371094
              ],
              [
                60.39399337768555,
                50.64549255371094
              ],
              [
                60.1290168762207,
                50.84549331665039
              ],
              [
                59.96030044555664,
                50.84549331665039
              ],
              [
                59.78065490722656,
                50.578861236572266
              ],
              [
                59.50458908081055,
                50.51224899291992
              ],
              [
                59.38316345214844,
                50.64549255371094
              ],
              [
                58.67155075073242,
                50.77880859375
              ],
              [
                58.451236724853516,
                51.112430572509766
              ],
              [
                57.775054931640625,
                51.112430572509766
              ],
              [
                57.6212158203125,
                50.912200927734375
              ],
              [
                57.28361892700195,
                50.912200927734375
              ],
              [
                57.098873138427734,
                51.112430572509766
              ],
              [
                56.760780334472656,
                51.112430572509766
              ],
              [
                56.400123596191406,
                51.04566955566406
              ],
              [
                55.65509033203125,
                50.578861236572266
              ],
              [
                54.89883041381836,
                50.84549331665039
              ],
              [
                54.79497528076172,
                51.04566955566406
              ],
              [
                54.541534423828125,
                51.04566955566406
              ],
              [
                54.49845886230469,
                50.912200927734375
              ],
              [
                54.645755767822266,
                50.84549331665039
              ],
              [
                54.66596984863281,
                50.64549255371094
              ],
              [
                54.39216232299805,
                50.578861236572266
              ],
              [
                54.45570373535156,
                50.77880859375
              ],
              [
                54.20360565185547,
                51.04566955566406
              ],
              [
                54.034645080566406,
                51.04566955566406
              ],
              [
                53.866798400878906,
                51.31283950805664
              ],
              [
                53.31693649291992,
                51.44654083251953
              ],
              [
                53.3383903503418,
                51.51342010498047
              ],
              [
                52.49064636230469,
                51.51342010498047
              ],
              [
                52.2357292175293,
                51.78114318847656
              ],
              [
                51.72767639160156,
                51.51342010498047
              ],
              [
                51.38857650756836,
                51.51342010498047
              ],
              [
                51.195743560791016,
                51.71418380737305
              ],
              [
                50.68633270263672,
                51.71418380737305
              ],
              [
                50.416099548339844,
                51.37968063354492
              ],
              [
                49.40729904174805,
                51.112430572509766
              ],
              [
                49.246856689453125,
                50.84549331665039
              ],
              [
                48.937950134277344,
                50.64549255371094
              ],
              [
                48.68524169921875,
                50.64549255371094
              ],
              [
                48.63040542602539,
                50.445655822753906
              ],
              [
                48.71451950073242,
                50.445655822753906
              ],
              [
                48.6782341003418,
                50.312522888183594
              ],
              [
                48.85813522338867,
                50.04647445678711
              ],
              [
                48.46969223022461,
                49.84712600708008
              ],
              [
                48.23587417602539,
                49.91355895996094
              ],
              [
                47.78925704956055,
                50.445655822753906
              ],
              [
                47.45280075073242,
                50.445655822753906
              ],
              [
                47.16351318359375,
                49.98000717163086
              ],
              [
                46.861488342285156,
                49.78071212768555
              ],
              [
                46.7622184753418,
                49.38258361816406
              ],
              [
                46.97987365722656,
                49.2500114440918
              ],
              [
                46.931095123291016,
                49.051273345947266
              ],
              [
                46.63325881958008,
                48.852684020996094
              ],
              [
                46.53889465332031,
                48.455936431884766
              ],
              [
                47.13966369628906,
                48.191749572753906
              ],
              [
                47.12923049926758,
                47.79592514038086
              ],
              [
                47.95541000366211,
                47.79592514038086
              ],
              [
                48.15589904785156,
                47.598209381103516
              ],
              [
                48.320926666259766,
                47.598209381103516
              ],
              [
                48.58762741088867,
                47.33478927612305
              ],
              [
                48.67380905151367,
                47.005828857421875
              ],
              [
                48.95556640625,
                46.808616638183594
              ],
              [
                48.52961349487305,
                46.74290466308594
              ],
              [
                48.498844146728516,
                46.61152267456055
              ],
              [
                49.092689514160156,
                46.348915100097656
              ],
              [
                49.077232360839844,
                46.283294677734375
              ],
              [
                48.88288497924805,
                46.1520881652832
              ],
              [
                48.6375732421875,
                46.1520881652832
              ],
              [
                48.59209442138672,
                45.95537567138672
              ],
              [
                48.34708023071289,
                45.95537567138672
              ],
              [
                48.05744171142578,
                45.75876998901367
              ],
              [
                47.47183609008789,
                45.693260192871094
              ],
              [
                47.48066329956055,
                45.36587905883789
              ],
              [
                47.332332611083984,
                45.431331634521484
              ],
              [
                47.04105758666992,
                44.842647552490234
              ],
              [
                46.688507080078125,
                44.71194839477539
              ],
              [
                46.63267517089844,
                44.45067596435547
              ],
              [
                47.00926971435547,
                44.32010269165039
              ],
              [
                47.34308624267578,
                43.99384307861328
              ],
              [
                47.33984375,
                43.6026611328125
              ],
              [
                47.459136962890625,
                43.407203674316406
              ],
              [
                47.376399993896484,
                43.016544342041016
              ],
              [
                47.656158447265625,
                42.82133865356445
              ],
              [
                47.68162155151367,
                42.56119155883789
              ],
              [
                47.9608268737793,
                42.36617660522461
              ],
              [
                47.933658599853516,
                42.236209869384766
              ],
              [
                48.39771270751953,
                41.781593322753906
              ],
              [
                48.47742462158203,
                41.781593322753906
              ],
              [
                47.89371109008789,
                41.26253128051758
              ],
              [
                47.5628776550293,
                41.19768524169922
              ],
              [
                47.27063751220703,
                41.32738494873047
              ],
              [
                46.7366943359375,
                41.84651184082031
              ],
              [
                46.41773986816406,
                41.84651184082031
              ],
              [
                46.29668426513672,
                42.041324615478516
              ],
              [
                45.75059127807617,
                42.10627746582031
              ],
              [
                45.66733932495117,
                42.496177673339844
              ],
              [
                45.84031295776367,
                42.56119155883789
              ],
              [
                45.97249221801758,
                42.82133865356445
              ],
              [
                46.42658615112305,
                43.08163070678711
              ],
              [
                46.3998908996582,
                43.342071533203125
              ],
              [
                46.31947708129883,
                43.342071533203125
              ],
              [
                46.481163024902344,
                43.73301696777344
              ],
              [
                46.333553314208984,
                43.79821014404297
              ],
              [
                46.36079788208008,
                43.92862319946289
              ],
              [
                46.226646423339844,
                44.05907440185547
              ],
              [
                45.71529006958008,
                43.92862319946289
              ],
              [
                45.41914749145508,
                44.05907440185547
              ],
              [
                45.231163024902344,
                43.92862319946289
              ],
              [
                44.734012603759766,
                43.86341094970703
              ],
              [
                44.682186126708984,
                43.6026611328125
              ],
              [
                44.965370178222656,
                43.407203674316406
              ],
              [
                44.926666259765625,
                43.211830139160156
              ],
              [
                45.007022857666016,
                43.211830139160156
              ],
              [
                44.83738327026367,
                42.75628662109375
              ],
              [
                44.75723648071289,
                42.75628662109375
              ],
              [
                44.18382263183594,
                42.691246032714844
              ],
              [
                44.10371017456055,
                42.691246032714844
              ],
              [
                44.09136962890625,
                42.62621307373047
              ],
              [
                44.01128387451172,
                42.62621307373047
              ],
              [
                43.93119812011719,
                42.62621307373047
              ],
              [
                43.65967559814453,
                42.88639831542969
              ],
              [
                43.419063568115234,
                42.88639831542969
              ],
              [
                42.98605728149414,
                43.146724700927734
              ],
              [
                42.435707092285156,
                43.211830139160156
              ],
              [
                41.792877197265625,
                43.211830139160156
              ],
              [
                40.72456741333008,
                43.53750228881836
              ],
              [
                40.161033630371094,
                43.53750228881836
              ],
              [
                40.058284759521484,
                43.407203674316406
              ],
              [
                39.977840423583984,
                43.407203674316406
              ],
              [
                39.06172180175781,
                44.18956756591797
              ],
              [
                38.21527862548828,
                44.45067596435547
              ],
              [
                38.014862060546875,
                44.71194839477539
              ],
              [
                37.52848815917969,
                44.71194839477539
              ],
              [
                37.10390090942383,
                45.10417556762695
              ],
              [
                36.778892517089844,
                45.10417556762695
              ],
              [
                36.74873733520508,
                45.431331634521484
              ],
              [
                36.911563873291016,
                45.431331634521484
              ],
              [
                36.972293853759766,
                45.300437927246094
              ],
              [
                37.704429626464844,
                45.300437927246094
              ],
              [
                37.747013092041016,
                45.56227111816406
              ],
              [
                37.59468460083008,
                45.62776184082031
              ],
              [
                37.7577018737793,
                45.62776184082031
              ],
              [
                37.89311981201172,
                45.95537567138672
              ],
              [
                38.334564208984375,
                46.1520881652832
              ],
              [
                38.36785888671875,
                46.348915100097656
              ],
              [
                37.89856719970703,
                46.480194091796875
              ],
              [
                37.83858108520508,
                46.61152267456055
              ],
              [
                38.494598388671875,
                46.61152267456055
              ],
              [
                38.62202453613281,
                46.87434005737305
              ],
              [
                38.78630065917969,
                46.87434005737305
              ],
              [
                38.89152145385742,
                47.005828857421875
              ],
              [
                39.2203369140625,
                47.005828857421875
              ],
              [
                39.26741409301758,
                47.26897048950195
              ],
              [
                38.949764251708984,
                47.33478927612305
              ],
              [
                38.6794548034668,
                47.20316696166992
              ],
              [
                38.267921447753906,
                47.20316696166992
              ],
              [
                38.18561553955078,
                47.20316696166992
              ],
              [
                38.2427864074707,
                47.53233337402344
              ],
              [
                38.52522659301758,
                47.730003356933594
              ],
              [
                38.690391540527344,
                47.730003356933594
              ],
              [
                38.796695709228516,
                47.86185836791992
              ],
              [
                39.52838134765625,
                47.79592514038086
              ],
              [
                39.9209098815918,
                48.1257438659668
              ],
              [
                39.90098571777344,
                48.455936431884766
              ],
              [
                39.67728805541992,
                48.5881233215332
              ],
              [
                39.81145095825195,
                48.852684020996094
              ],
              [
                39.7282600402832,
                48.852684020996094
              ],
              [
                39.766963958740234,
                49.051273345947266
              ],
              [
                40.04314041137695,
                49.18375015258789
              ],
              [
                40.096256256103516,
                49.44889450073242
              ],
              [
                39.955909729003906,
                49.58156967163086
              ],
              [
                39.62148666381836,
                49.58156967163086
              ],
              [
                39.172367095947266,
                49.84712600708008
              ],
              [
                38.6698112487793,
                49.84712600708008
              ],
              [
                38.457420349121094,
                50.04647445678711
              ],
              [
                37.8575439453125,
                49.98000717163086
              ],
              [
                37.63133239746094,
                50.11296081542969
              ],
              [
                37.65684127807617,
                50.2459831237793
              ],
              [
                37.44314956665039,
                50.445655822753906
              ],
              [
                36.396915435791016,
                50.2459831237793
              ],
              [
                36.18143081665039,
                50.445655822753906
              ],
              [
                35.42439651489258,
                50.445655822753906
              ],
              [
                35.472293853759766,
                50.71213912963867
              ],
              [
                35.13511657714844,
                51.17921447753906
              ],
              [
                34.45860290527344,
                51.17921447753906
              ],
              [
                34.22846221923828,
                51.31283950805664
              ],
              [
                34.21529006958008,
                51.71418380737305
              ],
              [
                34.33665084838867,
                51.91512680053711
              ],
              [
                33.89899444580078,
                52.31757736206055
              ],
              [
                32.36371612548828,
                52.31757736206055
              ],
              [
                31.97787094116211,
                52.0491943359375
              ],
              [
                31.659305572509766,
                52.18334197998047
              ],
              [
                31.502992630004883,
                52.78806686401367
              ],
              [
                31.279556274414062,
                52.99003219604492
              ],
              [
                31.313270568847656,
                53.192195892333984
              ],
              [
                32.16032028198242,
                53.124786376953125
              ],
              [
                32.62548828125,
                53.32708740234375
              ],
              [
                32.64968490600586,
                53.462066650390625
              ],
              [
                32.27937698364258,
                53.799922943115234
              ],
              [
                31.847888946533203,
                53.799922943115234
              ],
              [
                31.797195434570312,
                54.00291442871094
              ],
              [
                31.573381423950195,
                54.20612335205078
              ],
              [
                31.2387638092041,
                54.27390670776367
              ],
              [
                30.863496780395508,
                54.613189697265625
              ],
              [
                30.886892318725586,
                54.74907684326172
              ],
              [
                30.7999210357666,
                54.74907684326172
              ],
              [
                30.96984100341797,
                55.225467681884766
              ],
              [
                30.882522583007812,
                55.225467681884766
              ],
              [
                30.93046760559082,
                55.498252868652344
              ],
              [
                30.376745223999023,
                55.83982467651367
              ],
              [
                29.39994239807129,
                55.77145767211914
              ],
              [
                29.42254638671875,
                55.90821838378906
              ],
              [
                29.18149185180664,
                56.04508590698242
              ],
              [
                28.730878829956055,
                55.97663879394531
              ],
              [
                28.576887130737305,
                56.11355972290039
              ],
              [
                28.14765167236328,
                56.182064056396484
              ],
              [
                28.123947143554688,
                56.59365463256836
              ],
              [
                27.646713256835938,
                56.937416076660156
              ],
              [
                27.800064086914062,
                57.35087585449219
              ],
              [
                27.30889129638672,
                57.62710189819336
              ],
              [
                27.698341369628906,
                57.8345832824707
              ],
              [
                27.72037696838379,
                57.97305679321289
              ],
              [
                27.809812545776367,
                57.97305679321289
              ],
              [
                27.977479934692383,
                57.903804779052734
              ],
              [
                28.01117706298828,
                58.11164855957031
              ],
              [
                27.921630859375,
                58.11164855957031
              ],
              [
                27.94413948059082,
                58.2503662109375
              ],
              [
                27.753662109375,
                58.180992126464844
              ],
              [
                27.664058685302734,
                58.180992126464844
              ],
              [
                27.484853744506836,
                58.180992126464844
              ],
              [
                27.54010581970215,
                58.528167724609375
              ],
              [
                27.629993438720703,
                58.528167724609375
              ],
              [
                27.719879150390625,
                58.528167724609375
              ],
              [
                27.79935646057129,
                59.015533447265625
              ],
              [
                27.720489501953125,
                59.08528518676758
              ],
              [
                27.731943130493164,
                59.15507125854492
              ],
              [
                28.026525497436523,
                59.294734954833984
              ],
              [
                28.061809539794922,
                59.504478454589844
              ],
              [
                27.88040542602539,
                59.504478454589844
              ],
              [
                27.892114639282227,
                59.574459075927734
              ],
              [
                27.927438735961914,
                59.78459548950195
              ],
              [
                28.291200637817383,
                59.78459548950195
              ],
              [
                28.406457901000977,
                59.92485809326172
              ],
              [
                28.849285125732422,
                59.85470962524414
              ],
              [
                29.160364151000977,
                60.065250396728516
              ],
              [
                29.14763641357422,
                59.99503707885742
              ],
              [
                29.94129180908203,
                59.85470962524414
              ],
              [
                30.136613845825195,
                59.92485809326172
              ],
              [
                30.16336441040039,
                60.065250396728516
              ],
              [
                29.967727661132812,
                59.99503707885742
              ],
              [
                29.99431037902832,
                60.135501861572266
              ],
              [
                29.65558433532715,
                60.276100158691406
              ],
              [
                28.990642547607422,
                60.135501861572266
              ],
              [
                28.492643356323242,
                60.416839599609375
              ],
              [
                28.54265594482422,
                60.69873809814453
              ],
              [
                28.059526443481445,
                60.557716369628906
              ],
              [
                27.96791648864746,
                60.557716369628906
              ],
              [
                27.99224853515625,
                60.69873809814453
              ],
              [
                28.304771423339844,
                60.91054153442383
              ],
              [
                28.488615036010742,
                60.91054153442383
              ],
              [
                29.31673812866211,
                61.40604019165039
              ],
              [
                29.501466751098633,
                61.40604019165039
              ],
              [
                31.217166900634766,
                62.54574966430664
              ],
              [
                31.496828079223633,
                62.9758415222168
              ],
              [
                31.183259963989258,
                63.263427734375
              ],
              [
                30.99508285522461,
                63.263427734375
              ],
              [
                30.93169403076172,
                63.4074821472168
              ],
              [
                30.048580169677734,
                63.69612503051758
              ],
              [
                30.078414916992188,
                63.84071350097656
              ],
              [
                30.50291633605957,
                64.05794525146484
              ],
              [
                30.549240112304688,
                64.27558898925781
              ],
              [
                29.928970336914062,
                64.49365234375
              ],
              [
                30.085460662841797,
                64.78507995605469
              ],
              [
                29.622629165649414,
                64.8580551147461
              ],
              [
                29.794553756713867,
                65.22367095947266
              ],
              [
                29.617761611938477,
                65.29694366455078
              ],
              [
                29.663768768310547,
                65.51705932617188
              ],
              [
                29.99983024597168,
                65.73763275146484
              ],
              [
                30.0314884185791,
                65.88493347167969
              ],
              [
                29.0543212890625,
                66.77322387695312
              ],
              [
                29.132892608642578,
                67.14566802978516
              ],
              [
                29.59016990661621,
                67.44463348388672
              ],
              [
                29.7868709564209,
                67.44463348388672
              ],
              [
                29.935470581054688,
                67.66946411132812
              ],
              [
                29.607641220092773,
                67.97005462646484
              ],
              [
                29.4097843170166,
                67.97005462646484
              ],
              [
                29.34401512145996,
                68.1207046508789
              ],
              [
                28.765607833862305,
                68.19611358642578
              ],
              [
                28.781841278076172,
                68.27159118652344
              ],
              [
                28.583311080932617,
                68.27159118652344
              ],
              [
                28.416759490966797,
                68.42272186279297
              ],
              [
                28.63077163696289,
                68.95359802246094
              ],
              [
                28.847667694091797,
                69.0296859741211
              ],
              [
                29.165199279785156,
                69.10584259033203
              ],
              [
                29.317562103271484,
                69.33467864990234
              ],
              [
                29.938522338867188,
                69.41107940673828
              ],
              [
                30.194869995117188,
                69.64068603515625
              ],
              [
                30.68014907836914,
                69.5640869140625
              ],
              [
                30.919960021972656,
                69.71734619140625
              ],
              [
                30.958600997924805,
                69.8708724975586
              ],
              [
                31.059717178344727,
                69.8708724975586
              ],
              [
                31.545385360717773,
                69.79407501220703
              ],
              [
                31.90928077697754,
                70.024658203125
              ],
              [
                32.31447982788086,
                70.024658203125
              ],
              [
                32.475337982177734,
                69.8708724975586
              ],
              [
                32.980918884277344,
                69.8708724975586
              ],
              [
                32.95972442626953,
                69.79407501220703
              ],
              [
                33.06074905395508,
                69.79407501220703
              ],
              [
                32.89668655395508,
                69.5640869140625
              ],
              [
                33.47982406616211,
                69.487548828125
              ],
              [
                33.43734359741211,
                69.33467864990234
              ],
              [
                34.46426010131836,
                69.41107940673828
              ],
              [
                34.442169189453125,
                69.33467864990234
              ],
              [
                34.84409713745117,
                69.33467864990234
              ],
              [
                34.82174301147461,
                69.25833129882812
              ],
              [
                36.12685775756836,
                69.25833129882812
              ],
              [
                36.10344314575195,
                69.18205261230469
              ],
              [
                36.30405044555664,
                69.18205261230469
              ],
              [
                36.28055191040039,
                69.10584259033203
              ],
              [
                37.96049880981445,
                68.7257080078125
              ],
              [
                38.01121139526367,
                68.57408905029297
              ],
              [
                38.21042251586914,
                68.57408905029297
              ],
              [
                38.18586349487305,
                68.49837493896484
              ],
              [
                38.38490295410156,
                68.49837493896484
              ],
              [
                38.36026382446289,
                68.42272186279297
              ],
              [
                38.931819915771484,
                68.34712219238281
              ],
              [
                38.906864166259766,
                68.27159118652344
              ],
              [
                39.477081298828125,
                68.19611358642578
              ],
              [
                39.451805114746094,
                68.1207046508789
              ],
              [
                39.97298049926758,
                68.19611358642578
              ],
              [
                39.94728469848633,
                68.1207046508789
              ],
              [
                40.145477294921875,
                68.1207046508789
              ],
              [
                40.26614761352539,
                67.89481353759766
              ],
              [
                40.66152572631836,
                67.89481353759766
              ],
              [
                40.63554382324219,
                67.81964111328125
              ],
              [
                41.004371643066406,
                67.74452209472656
              ],
              [
                41.02471923828125,
                67.51952362060547
              ],
              [
                41.12314987182617,
                67.51952362060547
              ],
              [
                41.07123565673828,
                67.36980438232422
              ],
              [
                41.3399772644043,
                67.29503631591797
              ],
              [
                41.288124084472656,
                67.14566802978516
              ],
              [
                41.38615036010742,
                67.14566802978516
              ],
              [
                41.03715515136719,
                66.69890594482422
              ],
              [
                39.79555892944336,
                66.18017578125
              ],
              [
                38.70561981201172,
                66.10628509521484
              ],
              [
                38.68277359008789,
                66.0324478149414
              ],
              [
                38.00484085083008,
                66.0324478149414
              ],
              [
                38.02715301513672,
                66.10628509521484
              ],
              [
                37.44560623168945,
                66.10628509521484
              ],
              [
                37.46752166748047,
                66.18017578125
              ],
              [
                36.42164611816406,
                66.25411987304688
              ],
              [
                36.44285583496094,
                66.32811737060547
              ],
              [
                35.56844711303711,
                66.32811737060547
              ],
              [
                35.58902359008789,
                66.40216064453125
              ],
              [
                35.20008850097656,
                66.40216064453125
              ],
              [
                35.220420837402344,
                66.47626495361328
              ],
              [
                34.92848587036133,
                66.47626495361328
              ],
              [
                34.94865036010742,
                66.55042266845703
              ],
              [
                34.26691818237305,
                66.55042266845703
              ],
              [
                34.11125946044922,
                66.69890594482422
              ],
              [
                33.7210693359375,
                66.69890594482422
              ],
              [
                33.740413665771484,
                66.77322387695312
              ],
              [
                33.05702209472656,
                66.77322387695312
              ],
              [
                32.741058349609375,
                67.0710678100586
              ],
              [
                32.545166015625,
                67.0710678100586
              ],
              [
                32.508087158203125,
                66.92203521728516
              ],
              [
                32.88046646118164,
                66.84760284423828
              ],
              [
                33.0008430480957,
                66.55042266845703
              ],
              [
                33.68257522583008,
                66.55042266845703
              ],
              [
                33.62532043457031,
                66.32811737060547
              ],
              [
                34.382991790771484,
                66.25411987304688
              ],
              [
                34.36347961425781,
                66.18017578125
              ],
              [
                34.55747985839844,
                66.18017578125
              ],
              [
                34.866214752197266,
                65.88493347167969
              ],
              [
                34.67220687866211,
                65.51705932617188
              ],
              [
                34.441368103027344,
                65.3702621459961
              ],
              [
                34.78746032714844,
                65.22367095947266
              ],
              [
                34.73003005981445,
                65.004150390625
              ],
              [
                34.90244674682617,
                64.93107604980469
              ],
              [
                34.845245361328125,
                64.71215057373047
              ],
              [
                34.94075012207031,
                64.71215057373047
              ],
              [
                34.9791145324707,
                64.49365234375
              ],
              [
                35.817100524902344,
                64.4209213256836
              ],
              [
                35.96824264526367,
                64.27558898925781
              ],
              [
                36.253456115722656,
                64.27558898925781
              ],
              [
                36.553855895996094,
                63.98548889160156
              ],
              [
                37.3864631652832,
                63.91307830810547
              ],
              [
                37.880855560302734,
                63.98548889160156
              ],
              [
                37.89069366455078,
                64.34822845458984
              ],
              [
                37.530948638916016,
                64.4209213256836
              ],
              [
                37.12955856323242,
                64.34822845458984
              ],
              [
                36.9801139831543,
                64.49365234375
              ],
              [
                36.78954315185547,
                64.49365234375
              ],
              [
                36.73489761352539,
                64.63926696777344
              ],
              [
                36.544036865234375,
                64.63926696777344
              ],
              [
                36.318058013916016,
                64.8580551147461
              ],
              [
                36.358558654785156,
                65.004150390625
              ],
              [
                36.64594650268555,
                65.004150390625
              ],
              [
                36.687129974365234,
                65.15044403076172
              ],
              [
                36.920738220214844,
                65.29694366455078
              ],
              [
                37.209014892578125,
                65.29694366455078
              ],
              [
                37.187896728515625,
                65.22367095947266
              ],
              [
                37.475948333740234,
                65.22367095947266
              ],
              [
                37.454673767089844,
                65.15044403076172
              ],
              [
                38.15700149536133,
                64.93107604980469
              ],
              [
                38.20941162109375,
                64.78507995605469
              ],
              [
                38.90058135986328,
                64.8580551147461
              ],
              [
                38.87844467163086,
                64.78507995605469
              ],
              [
                39.42938995361328,
                64.71215057373047
              ],
              [
                39.40694808959961,
                64.63926696777344
              ],
              [
                40.193416595458984,
                64.71215057373047
              ],
              [
                40.23966598510742,
                64.8580551147461
              ],
              [
                40.07144546508789,
                64.93107604980469
              ],
              [
                40.11780548095703,
                65.07727813720703
              ],
              [
                39.92606735229492,
                65.07727813720703
              ],
              [
                39.87638473510742,
                65.22367095947266
              ],
              [
                39.68435287475586,
                65.22367095947266
              ],
              [
                39.538185119628906,
                65.3702621459961
              ],
              [
                39.60750961303711,
                65.59053039550781
              ],
              [
                40.25718307495117,
                65.8112564086914
              ],
              [
                40.401878356933594,
                65.95866394042969
              ],
              [
                41.444580078125,
                66.18017578125
              ],
              [
                41.96076583862305,
                66.55042266845703
              ],
              [
                43.4919548034668,
                66.47626495361328
              ],
              [
                43.464988708496094,
                66.40216064453125
              ],
              [
                43.659454345703125,
                66.40216064453125
              ],
              [
                43.605472564697266,
                66.25411987304688
              ],
              [
                43.966617584228516,
                66.18017578125
              ],
              [
                44.13097381591797,
                66.6246337890625
              ],
              [
                44.35377883911133,
                66.69890594482422
              ],
              [
                44.38174057006836,
                66.77322387695312
              ],
              [
                44.284114837646484,
                66.77322387695312
              ],
              [
                44.36833190917969,
                66.99652099609375
              ],
              [
                44.102760314941406,
                67.0710678100586
              ],
              [
                44.13087844848633,
                67.14566802978516
              ],
              [
                43.73877716064453,
                67.14566802978516
              ],
              [
                43.69647979736328,
                67.29503631591797
              ],
              [
                43.59829330444336,
                67.29503631591797
              ],
              [
                43.83753967285156,
                67.66946411132812
              ],
              [
                43.93613815307617,
                67.66946411132812
              ],
              [
                44.167903900146484,
                68.27159118652344
              ],
              [
                43.729759216308594,
                68.42272186279297
              ],
              [
                43.75901412963867,
                68.49837493896484
              ],
              [
                43.460453033447266,
                68.49837493896484
              ],
              [
                43.44834899902344,
                68.7257080078125
              ],
              [
                44.216636657714844,
                68.64987182617188
              ],
              [
                44.18680953979492,
                68.57408905029297
              ],
              [
                45.612335205078125,
                68.64987182617188
              ],
              [
                45.581302642822266,
                68.57408905029297
              ],
              [
                45.88011932373047,
                68.57408905029297
              ],
              [
                45.91733169555664,
                68.42272186279297
              ],
              [
                46.1161994934082,
                68.42272186279297
              ],
              [
                46.08501052856445,
                68.34712219238281
              ],
              [
                46.45099639892578,
                68.27159118652344
              ],
              [
                46.48761749267578,
                68.1207046508789
              ],
              [
                46.68581008911133,
                68.1207046508789
              ],
              [
                46.660003662109375,
                67.81964111328125
              ],
              [
                45.34624099731445,
                67.74452209472656
              ],
              [
                45.286834716796875,
                67.5944595336914
              ],
              [
                45.08980941772461,
                67.5944595336914
              ],
              [
                44.932804107666016,
                67.44463348388672
              ],
              [
                45.198524475097656,
                67.36980438232422
              ],
              [
                45.16929244995117,
                67.29503631591797
              ],
              [
                45.56204605102539,
                67.29503631591797
              ],
              [
                45.806949615478516,
                66.92203521728516
              ],
              [
                47.37152099609375,
                66.92203521728516
              ],
              [
                47.597896575927734,
                66.99652099609375
              ],
              [
                47.62880325317383,
                67.0710678100586
              ],
              [
                47.53085708618164,
                67.0710678100586
              ],
              [
                47.816524505615234,
                67.51952362060547
              ],
              [
                47.71809387207031,
                67.51952362060547
              ],
              [
                47.78139114379883,
                67.66946411132812
              ],
              [
                48.70132064819336,
                67.74452209472656
              ],
              [
                48.70079040527344,
                67.97005462646484
              ],
              [
                49.29436111450195,
                67.97005462646484
              ],
              [
                50.82497787475586,
                68.49837493896484
              ],
              [
                51.52162170410156,
                68.49837493896484
              ],
              [
                51.892967224121094,
                68.64987182617188
              ],
              [
                52.25493240356445,
                68.57408905029297
              ],
              [
                52.465641021728516,
                68.8016128540039
              ],
              [
                53.27893829345703,
                69.0296859741211
              ],
              [
                54.04103469848633,
                68.95359802246094
              ],
              [
                53.78712844848633,
                68.64987182617188
              ],
              [
                53.9482421875,
                68.57408905029297
              ],
              [
                53.872135162353516,
                68.42272186279297
              ],
              [
                53.30027389526367,
                68.27159118652344
              ],
              [
                54.72844696044922,
                68.34712219238281
              ],
              [
                54.68998336791992,
                68.27159118652344
              ],
              [
                54.789249420166016,
                68.27159118652344
              ],
              [
                55.04391098022461,
                68.57408905029297
              ],
              [
                55.621395111083984,
                68.7257080078125
              ],
              [
                57.176673889160156,
                68.64987182617188
              ],
              [
                57.842567443847656,
                68.95359802246094
              ],
              [
                58.200279235839844,
                68.87757110595703
              ],
              [
                58.38547134399414,
                69.0296859741211
              ],
              [
                59.086368560791016,
                69.0296859741211
              ],
              [
                59.043052673339844,
                68.95359802246094
              ],
              [
                59.399715423583984,
                68.87757110595703
              ],
              [
                59.127777099609375,
                68.57408905029297
              ],
              [
                59.22738265991211,
                68.57408905029297
              ],
              [
                59.24163055419922,
                68.42272186279297
              ],
              [
                59.73880386352539,
                68.42272186279297
              ],
              [
                59.76868438720703,
                68.64987182617188
              ],
              [
                59.95558166503906,
                68.8016128540039
              ],
              [
                60.69910430908203,
                68.87757110595703
              ],
              [
                60.833534240722656,
                69.10584259033203
              ],
              [
                60.733314514160156,
                69.10584259033203
              ],
              [
                60.77838897705078,
                69.18205261230469
              ],
              [
                60.477474212646484,
                69.18205261230469
              ],
              [
                60.41181564331055,
                69.41107940673828
              ],
              [
                60.05451202392578,
                69.487548828125
              ],
              [
                60.089622497558594,
                69.71734619140625
              ],
              [
                59.48402404785156,
                69.71734619140625
              ],
              [
                59.52910232543945,
                69.79407501220703
              ],
              [
                59.32705307006836,
                69.79407501220703
              ],
              [
                59.372135162353516,
                69.8708724975586
              ],
              [
                59.06878662109375,
                69.8708724975586
              ],
              [
                59.11377716064453,
                69.9477310180664
              ],
              [
                58.765438079833984,
                69.8708724975586
              ],
              [
                58.81015396118164,
                69.9477310180664
              ],
              [
                58.44985580444336,
                70.024658203125
              ],
              [
                58.437992095947266,
                70.17870330810547
              ],
              [
                58.33650588989258,
                70.17870330810547
              ],
              [
                58.61920928955078,
                70.48763275146484
              ],
              [
                59.072845458984375,
                70.5650405883789
              ],
              [
                59.02665328979492,
                70.48763275146484
              ],
              [
                59.332237243652344,
                70.48763275146484
              ],
              [
                59.28596878051758,
                70.41029357910156
              ],
              [
                59.489501953125,
                70.41029357910156
              ],
              [
                59.44325256347656,
                70.3330307006836
              ],
              [
                59.74827194213867,
                70.3330307006836
              ],
              [
                59.70194625854492,
                70.2558364868164
              ],
              [
                59.90510177612305,
                70.2558364868164
              ],
              [
                59.85879135131836,
                70.17870330810547
              ],
              [
                60.163246154785156,
                70.17870330810547
              ],
              [
                60.116851806640625,
                70.10164642333984
              ],
              [
                60.475852966308594,
                70.024658203125
              ],
              [
                60.539344787597656,
                69.79407501220703
              ],
              [
                60.83430862426758,
                69.9477310180664
              ],
              [
                61.239139556884766,
                69.9477310180664
              ],
              [
                61.19221878051758,
                69.8708724975586
              ],
              [
                62.00114440917969,
                69.8708724975586
              ],
              [
                61.95368194580078,
                69.79407501220703
              ],
              [
                63.925079345703125,
                69.71734619140625
              ],
              [
                63.87618637084961,
                69.64068603515625
              ],
              [
                64.4320068359375,
                69.5640869140625
              ],
              [
                64.38296508789062,
                69.487548828125
              ],
              [
                64.78561401367188,
                69.487548828125
              ],
              [
                64.73640441894531,
                69.41107940673828
              ],
              [
                64.93755340576172,
                69.41107940673828
              ],
              [
                64.88836669921875,
                69.33467864990234
              ],
              [
                65.39077758789062,
                69.33467864990234
              ],
              [
                65.34133911132812,
                69.25833129882812
              ],
              [
                66.24520874023438,
                69.10584259033203
              ],
              [
                66.19547271728516,
                69.0296859741211
              ],
              [
                67.2959976196289,
                68.87757110595703
              ],
              [
                67.24578857421875,
                68.8016128540039
              ],
              [
                67.74408721923828,
                68.64987182617188
              ],
              [
                67.69393157958984,
                68.57408905029297
              ],
              [
                67.99275207519531,
                68.57408905029297
              ],
              [
                67.94252014160156,
                68.49837493896484
              ],
              [
                68.14156341552734,
                68.49837493896484
              ],
              [
                68.09134674072266,
                68.42272186279297
              ],
              [
                68.29022216796875,
                68.42272186279297
              ],
              [
                68.24002075195312,
                68.34712219238281
              ],
              [
                68.48780822753906,
                68.27159118652344
              ],
              [
                68.53964233398438,
                68.49837493896484
              ],
              [
                68.63916778564453,
                68.49837493896484
              ],
              [
                68.94705200195312,
                68.95359802246094
              ],
              [
                68.59539031982422,
                68.87757110595703
              ],
              [
                68.64693450927734,
                68.95359802246094
              ],
              [
                68.34680938720703,
                68.95359802246094
              ],
              [
                68.39828491210938,
                69.0296859741211
              ],
              [
                68.04910278320312,
                69.10584259033203
              ],
              [
                68.00332641601562,
                69.33467864990234
              ],
              [
                67.90283966064453,
                69.33467864990234
              ],
              [
                68.00678253173828,
                69.487548828125
              ],
              [
                66.59893035888672,
                69.64068603515625
              ],
              [
                66.80875396728516,
                70.10164642333984
              ],
              [
                67.1657485961914,
                70.17870330810547
              ],
              [
                67.015625,
                70.2558364868164
              ],
              [
                67.12200927734375,
                70.41029357910156
              ],
              [
                67.0202407836914,
                70.41029357910156
              ],
              [
                67.18770599365234,
                70.79769897460938
              ],
              [
                66.5742416381836,
                70.79769897460938
              ],
              [
                66.63455200195312,
                71.0310287475586
              ],
              [
                66.53201293945312,
                71.0310287475586
              ],
              [
                67.01390838623047,
                71.42146301269531
              ],
              [
                67.68890380859375,
                71.49979400634766
              ],
              [
                68.33336639404297,
                71.81393432617188
              ],
              [
                69.01949310302734,
                72.84458923339844
              ],
              [
                69.35682678222656,
                73.00454711914062
              ],
              [
                69.67224884033203,
                73.00454711914062
              ],
              [
                69.9609146118164,
                73.48678588867188
              ],
              [
                70.13400268554688,
                73.56752014160156
              ],
              [
                71.29931640625,
                73.56752014160156
              ],
              [
                71.16267395019531,
                73.40616607666016
              ],
              [
                71.41179656982422,
                73.32563781738281
              ],
              [
                71.10520935058594,
                73.08467102050781
              ],
              [
                70.05269622802734,
                73.08467102050781
              ],
              [
                69.71299743652344,
                72.92451477050781
              ],
              [
                71.7750473022461,
                73.00454711914062
              ],
              [
                71.70853424072266,
                72.92451477050781
              ],
              [
                72.44373321533203,
                72.92451477050781
              ],
              [
                72.37686920166016,
                72.84458923339844
              ],
              [
                72.93927001953125,
                72.76475524902344
              ],
              [
                72.8448486328125,
                72.52581787109375
              ],
              [
                72.94933319091797,
                72.52581787109375
              ],
              [
                72.81827545166016,
                72.36699676513672
              ],
              [
                72.92253875732422,
                72.36699676513672
              ],
              [
                72.6645278930664,
                72.05043029785156
              ],
              [
                72.56068420410156,
                72.05043029785156
              ],
              [
                72.24671173095703,
                71.65669250488281
              ],
              [
                71.8140869140625,
                71.49979400634766
              ],
              [
                72.06233978271484,
                71.42146301269531
              ],
              [
                72.00151824951172,
                71.34321594238281
              ],
              [
                72.20738220214844,
                71.34321594238281
              ],
              [
                72.14666748046875,
                71.26505279541016
              ],
              [
                72.55799102783203,
                71.26505279541016
              ],
              [
                72.4971923828125,
                71.18696594238281
              ],
              [
                72.70265197753906,
                71.18696594238281
              ],
              [
                72.64196014404297,
                71.10896301269531
              ],
              [
                72.88916778564453,
                71.0310287475586
              ],
              [
                72.69210815429688,
                70.64251708984375
              ],
              [
                72.8369369506836,
                70.5650405883789
              ],
              [
                72.50088500976562,
                70.2558364868164
              ],
              [
                72.60246276855469,
                70.2558364868164
              ],
              [
                72.54447937011719,
                70.17870330810547
              ],
              [
                72.64596557617188,
                70.17870330810547
              ],
              [
                72.58812713623047,
                70.10164642333984
              ],
              [
                72.77680969238281,
                69.9477310180664
              ],
              [
                72.6053237915039,
                69.71734619140625
              ],
              [
                72.70625305175781,
                69.71734619140625
              ],
              [
                72.59290313720703,
                69.5640869140625
              ],
              [
                72.69364929199219,
                69.5640869140625
              ],
              [
                72.58101654052734,
                69.41107940673828
              ],
              [
                72.68158721923828,
                69.41107940673828
              ],
              [
                72.4586181640625,
                69.10584259033203
              ],
              [
                72.55883026123047,
                69.10584259033203
              ],
              [
                72.5035400390625,
                69.0296859741211
              ],
              [
                73.6259536743164,
                68.64987182617188
              ],
              [
                73.09920501708984,
                68.19611358642578
              ],
              [
                73.24353790283203,
                68.1207046508789
              ],
              [
                73.02936553955078,
                67.81964111328125
              ],
              [
                73.12812805175781,
                67.81964111328125
              ],
              [
                73.07498168945312,
                67.74452209472656
              ],
              [
                72.72624206542969,
                67.66946411132812
              ],
              [
                72.41897583007812,
                67.36980438232422
              ],
              [
                72.02140045166016,
                67.22032165527344
              ],
              [
                71.86856842041016,
                66.99652099609375
              ],
              [
                71.52460479736328,
                66.92203521728516
              ],
              [
                71.47441101074219,
                66.84760284423828
              ],
              [
                71.61963653564453,
                66.77322387695312
              ],
              [
                71.51976776123047,
                66.6246337890625
              ],
              [
                71.03241729736328,
                66.6246337890625
              ],
              [
                70.39883422851562,
                66.40216064453125
              ],
              [
                72.09921264648438,
                66.32811737060547
              ],
              [
                72.29635620117188,
                66.47626495361328
              ],
              [
                72.19904327392578,
                66.47626495361328
              ],
              [
                72.29951477050781,
                66.6246337890625
              ],
              [
                73.4803237915039,
                66.92203521728516
              ],
              [
                73.99942016601562,
                67.51952362060547
              ],
              [
                74.65384674072266,
                67.74452209472656
              ],
              [
                74.76298522949219,
                67.89481353759766
              ],
              [
                74.53178405761719,
                68.1207046508789
              ],
              [
                74.58690643310547,
                68.19611358642578
              ],
              [
                74.3885498046875,
                68.19611358642578
              ],
              [
                74.39971160888672,
                68.34712219238281
              ],
              [
                74.20101165771484,
                68.34712219238281
              ],
              [
                74.32379913330078,
                68.64987182617188
              ],
              [
                74.59256744384766,
                68.87757110595703
              ],
              [
                76.46726989746094,
                69.10584259033203
              ],
              [
                76.40853881835938,
                69.0296859741211
              ],
              [
                76.75020599365234,
                68.95359802246094
              ],
              [
                76.73304748535156,
                68.8016128540039
              ],
              [
                77.07389068603516,
                68.7257080078125
              ],
              [
                77.0155029296875,
                68.64987182617188
              ],
              [
                77.31458282470703,
                68.64987182617188
              ],
              [
                77.25614929199219,
                68.57408905029297
              ],
              [
                77.39698028564453,
                68.49837493896484
              ],
              [
                77.24919128417969,
                68.04534912109375
              ],
              [
                77.87696075439453,
                68.34712219238281
              ],
              [
                77.69554138183594,
                68.49837493896484
              ],
              [
                77.75418090820312,
                68.57408905029297
              ],
              [
                77.65457153320312,
                68.57408905029297
              ],
              [
                77.71334838867188,
                68.64987182617188
              ],
              [
                77.61365509033203,
                68.64987182617188
              ],
              [
                77.67256927490234,
                68.7257080078125
              ],
              [
                77.57279205322266,
                68.7257080078125
              ],
              [
                77.59115600585938,
                68.87757110595703
              ],
              [
                76.5674819946289,
                69.10584259033203
              ],
              [
                76.62652587890625,
                69.18205261230469
              ],
              [
                75.48107147216797,
                69.25833129882812
              ],
              [
                74.96401977539062,
                69.10584259033203
              ],
              [
                73.66120910644531,
                69.10584259033203
              ],
              [
                73.78787994384766,
                69.41107940673828
              ],
              [
                73.41278839111328,
                69.71734619140625
              ],
              [
                73.7198257446289,
                70.2558364868164
              ],
              [
                74.04214477539062,
                70.41029357910156
              ],
              [
                74.22288513183594,
                70.64251708984375
              ],
              [
                73.97723388671875,
                70.7200698852539
              ],
              [
                73.99675750732422,
                70.87539672851562
              ],
              [
                73.79207611083984,
                70.87539672851562
              ],
              [
                73.8531494140625,
                70.95317840576172
              ],
              [
                73.64827728271484,
                70.95317840576172
              ],
              [
                73.66828918457031,
                71.10896301269531
              ],
              [
                73.46302032470703,
                71.10896301269531
              ],
              [
                73.52450561523438,
                71.18696594238281
              ],
              [
                73.31903839111328,
                71.18696594238281
              ],
              [
                73.38063049316406,
                71.26505279541016
              ],
              [
                72.8865737915039,
                71.42146301269531
              ],
              [
                73.44659423828125,
                71.73527526855469
              ],
              [
                73.63835906982422,
                71.97151184082031
              ],
              [
                74.42991638183594,
                72.05043029785156
              ],
              [
                74.87391662597656,
                72.20853424072266
              ],
              [
                75.00789642333984,
                72.36699676513672
              ],
              [
                74.83000946044922,
                72.52581787109375
              ],
              [
                74.8980712890625,
                72.6053695678711
              ],
              [
                74.7934799194336,
                72.6053695678711
              ],
              [
                74.82581329345703,
                72.76475524902344
              ],
              [
                74.72100830078125,
                72.76475524902344
              ],
              [
                74.8593978881836,
                72.92451477050781
              ],
              [
                75.38453674316406,
                72.92451477050781
              ],
              [
                75.3145751953125,
                72.84458923339844
              ],
              [
                75.66427612304688,
                72.76475524902344
              ],
              [
                75.59473419189453,
                72.68501281738281
              ],
              [
                75.69943237304688,
                72.68501281738281
              ],
              [
                75.63020324707031,
                72.6053695678711
              ],
              [
                75.77034759521484,
                72.52581787109375
              ],
              [
                75.27027893066406,
                71.81393432617188
              ],
              [
                75.37381744384766,
                71.81393432617188
              ],
              [
                75.30840301513672,
                71.73527526855469
              ],
              [
                75.4883041381836,
                71.57820129394531
              ],
              [
                75.398193359375,
                71.34321594238281
              ],
              [
                77.18534088134766,
                71.26505279541016
              ],
              [
                77.25092315673828,
                71.34321594238281
              ],
              [
                76.94213104248047,
                71.34321594238281
              ],
              [
                77.00774383544922,
                71.42146301269531
              ],
              [
                76.59562683105469,
                71.42146301269531
              ],
              [
                76.66117858886719,
                71.49979400634766
              ],
              [
                76.1455307006836,
                71.49979400634766
              ],
              [
                76.17332458496094,
                71.65669250488281
              ],
              [
                75.96665954589844,
                71.65669250488281
              ],
              [
                75.9577865600586,
                71.8926773071289
              ],
              [
                75.85414123535156,
                71.8926773071289
              ],
              [
                76.09146118164062,
                72.05043029785156
              ],
              [
                76.6786117553711,
                72.12944030761719
              ],
              [
                77.23377227783203,
                72.05043029785156
              ],
              [
                77.37126159667969,
                72.20853424072266
              ],
              [
                76.71146392822266,
                72.2877197265625
              ],
              [
                76.84984588623047,
                72.44635772705078
              ],
              [
                77.47931671142578,
                72.68501281738281
              ],
              [
                78.31690216064453,
                72.68501281738281
              ],
              [
                78.24495697021484,
                72.6053695678711
              ],
              [
                78.45413970947266,
                72.6053695678711
              ],
              [
                78.31109619140625,
                72.44635772705078
              ],
              [
                79.66796875,
                72.44635772705078
              ],
              [
                79.59568786621094,
                72.36699676513672
              ],
              [
                80.01275634765625,
                72.36699676513672
              ],
              [
                79.94047546386719,
                72.2877197265625
              ],
              [
                80.56544494628906,
                72.2877197265625
              ],
              [
                80.4929428100586,
                72.20853424072266
              ],
              [
                80.80510711669922,
                72.20853424072266
              ],
              [
                80.7645492553711,
                72.05043029785156
              ],
              [
                81.07608795166016,
                72.05043029785156
              ],
              [
                81.00406646728516,
                71.97151184082031
              ],
              [
                81.45064544677734,
                71.8926773071289
              ],
              [
                81.37890625,
                71.81393432617188
              ],
              [
                82.5177993774414,
                71.81393432617188
              ],
              [
                82.5602035522461,
                71.97151184082031
              ],
              [
                82.21839141845703,
                72.05043029785156
              ],
              [
                82.26189422607422,
                72.20853424072266
              ],
              [
                82.05377960205078,
                72.20853424072266
              ],
              [
                82.12786865234375,
                72.2877197265625
              ],
              [
                80.74263763427734,
                72.36699676513672
              ],
              [
                80.81608581542969,
                72.44635772705078
              ],
              [
                80.4720458984375,
                72.52581787109375
              ],
              [
                80.66539764404297,
                72.84458923339844
              ],
              [
                80.53093719482422,
                72.92451477050781
              ],
              [
                80.60678100585938,
                73.00454711914062
              ],
              [
                80.50164794921875,
                73.00454711914062
              ],
              [
                80.54918670654297,
                73.1648941040039
              ],
              [
                80.12773132324219,
                73.1648941040039
              ],
              [
                80.28146362304688,
                73.32563781738281
              ],
              [
                80.17587280273438,
                73.32563781738281
              ],
              [
                80.59501647949219,
                73.64835357666016
              ],
              [
                80.8870620727539,
                73.72928619384766
              ],
              [
                83.9660415649414,
                73.72928619384766
              ],
              [
                84.0499496459961,
                73.8103256225586
              ],
              [
                85.53800201416016,
                73.8103256225586
              ],
              [
                85.9239501953125,
                73.97272491455078
              ],
              [
                86.90105438232422,
                73.89147186279297
              ],
              [
                87.06066131591797,
                74.13555908203125
              ],
              [
                86.74034881591797,
                74.13555908203125
              ],
              [
                86.82989501953125,
                74.2171401977539
              ],
              [
                86.72300720214844,
                74.2171401977539
              ],
              [
                86.99512481689453,
                74.46253967285156
              ],
              [
                86.6161117553711,
                74.2171401977539
              ],
              [
                86.08164978027344,
                74.2171401977539
              ],
              [
                86.33541870117188,
                74.54456329345703
              ],
              [
                85.7821273803711,
                74.62670135498047
              ],
              [
                86.05934143066406,
                74.8738021850586
              ],
              [
                86.59884643554688,
                74.8738021850586
              ],
              [
                86.50511169433594,
                74.79132080078125
              ],
              [
                86.62734985351562,
                74.70895385742188
              ],
              [
                86.44281005859375,
                74.54456329345703
              ],
              [
                86.5501937866211,
                74.54456329345703
              ],
              [
                87.31751251220703,
                75.12195587158203
              ],
              [
                88.17362976074219,
                75.20491790771484
              ],
              [
                89.00907135009766,
                75.53797912597656
              ],
              [
                89.88080596923828,
                75.53797912597656
              ],
              [
                90.0882797241211,
                75.70527648925781
              ],
              [
                91.07147216796875,
                75.70527648925781
              ],
              [
                91.17756652832031,
                75.78911590576172
              ],
              [
                92.59954833984375,
                75.78911590576172
              ],
              [
                93.14869689941406,
                76.1258544921875
              ],
              [
                93.7009048461914,
                76.21038818359375
              ],
              [
                93.14630889892578,
                75.87310028076172
              ],
              [
                93.58440399169922,
                75.87310028076172
              ],
              [
                94.14128112792969,
                76.21038818359375
              ],
              [
                95.68260192871094,
                76.21038818359375
              ],
              [
                95.9149169921875,
                76.37987518310547
              ],
              [
                96.7979965209961,
                76.37987518310547
              ],
              [
                96.2220230102539,
                76.04146575927734
              ],
              [
                97.6495132446289,
                76.04146575927734
              ],
              [
                98.33387756347656,
                76.29505920410156
              ],
              [
                99.10555267333984,
                76.29505920410156
              ],
              [
                99.22647857666016,
                76.37987518310547
              ],
              [
                98.89531707763672,
                76.37987518310547
              ],
              [
                99.0166015625,
                76.46484375
              ],
              [
                98.90606689453125,
                76.46484375
              ],
              [
                99.15070343017578,
                76.63520812988281
              ],
              [
                99.37236022949219,
                76.63520812988281
              ],
              [
                99.24935150146484,
                76.5499496459961
              ],
              [
                100.79887390136719,
                76.5499496459961
              ],
              [
                101.16084289550781,
                76.72061920166016
              ],
              [
                101.04986572265625,
                76.72061920166016
              ],
              [
                101.17656707763672,
                76.8061752319336
              ],
              [
                100.95430755615234,
                76.8061752319336
              ],
              [
                101.08149719238281,
                76.89189147949219
              ],
              [
                100.97021484375,
                76.89189147949219
              ],
              [
                101.48629760742188,
                77.23632049560547
              ],
              [
                103.41226959228516,
                77.75786590576172
              ],
              [
                105.10496520996094,
                77.75786590576172
              ],
              [
                104.96610260009766,
                77.67052459716797
              ],
              [
                106.29086303710938,
                77.58334350585938
              ],
              [
                105.9873046875,
                77.32283020019531
              ],
              [
                105.15528106689453,
                77.14997863769531
              ],
              [
                105.26702117919922,
                77.14997863769531
              ],
              [
                106.07402801513672,
                77.23632049560547
              ],
              [
                105.80172729492188,
                77.06378936767578
              ],
              [
                107.50183868408203,
                77.14997863769531
              ],
              [
                107.36393737792969,
                77.06378936767578
              ],
              [
                107.58711242675781,
                77.06378936767578
              ]
            ],
            [
              [
                104.91266632080078,
                51.91512680053711
              ],
              [
                103.84477996826172,
                51.84812545776367
              ],
              [
                103.5715560913086,
                51.580322265625
              ],
              [
                104.11831665039062,
                51.51342010498047
              ],
              [
                104.07151794433594,
                51.44654083251953
              ],
              [
                104.8341064453125,
                51.44654083251953
              ],
              [
                105.73986053466797,
                51.64724349975586
              ],
              [
                106.00601196289062,
                51.78114318847656
              ],
              [
                106.39828491210938,
                52.31757736206055
              ],
              [
                106.82475280761719,
                52.31757736206055
              ],
              [
                107.33287048339844,
                52.653533935546875
              ],
              [
                107.89716339111328,
                52.720787048339844
              ],
              [
                108.43193817138672,
                53.192195892333984
              ],
              [
                108.82823944091797,
                53.25962829589844
              ],
              [
                109.6395263671875,
                54.27390670776367
              ],
              [
                109.55289459228516,
                54.27390670776367
              ],
              [
                109.66371154785156,
                54.4095458984375
              ],
              [
                109.54580688476562,
                54.47740173339844
              ],
              [
                109.60151672363281,
                54.545284271240234
              ],
              [
                109.51469421386719,
                54.545284271240234
              ],
              [
                109.73892974853516,
                54.817054748535156
              ],
              [
                109.65190887451172,
                54.817054748535156
              ],
              [
                109.76487731933594,
                54.95309066772461
              ],
              [
                109.6777572631836,
                54.95309066772461
              ],
              [
                109.84825134277344,
                55.15733337402344
              ],
              [
                109.76097869873047,
                55.15733337402344
              ],
              [
                109.98802185058594,
                55.83982467651367
              ],
              [
                109.31562805175781,
                55.77145767211914
              ],
              [
                108.97113800048828,
                55.36180877685547
              ],
              [
                109.0890121459961,
                55.29362487792969
              ],
              [
                108.91907501220703,
                55.089229583740234
              ],
              [
                109.00629425048828,
                55.089229583740234
              ],
              [
                108.28556823730469,
                54.20612335205078
              ],
              [
                108.23123168945312,
                54.138362884521484
              ],
              [
                106.85198211669922,
                53.25962829589844
              ],
              [
                106.49324798583984,
                52.78806686401367
              ],
              [
                105.91455841064453,
                52.586299896240234
              ],
              [
                105.3983383178711,
                52.11625671386719
              ],
              [
                104.91266632080078,
                51.91512680053711
              ]
            ],
            [
              [
                33.9593620300293,
                61.90340805053711
              ],
              [
                34.22079849243164,
                61.832237243652344
              ],
              [
                34.203834533691406,
                61.7611083984375
              ],
              [
                35.26313781738281,
                61.547950744628906
              ],
              [
                35.41282653808594,
                61.40604019165039
              ],
              [
                35.198909759521484,
                60.91054153442383
              ],
              [
                35.56659698486328,
                60.91054153442383
              ],
              [
                35.895484924316406,
                61.12267303466797
              ],
              [
                36.079708099365234,
                61.12267303466797
              ],
              [
                36.22460174560547,
                61.69001388549805
              ],
              [
                36.13197708129883,
                61.69001388549805
              ],
              [
                36.16858673095703,
                61.832237243652344
              ],
              [
                36.01963424682617,
                61.97461700439453
              ],
              [
                35.83386993408203,
                61.97461700439453
              ],
              [
                35.7773551940918,
                62.117156982421875
              ],
              [
                35.591331481933594,
                62.117156982421875
              ],
              [
                35.29104995727539,
                62.4027214050293
              ],
              [
                35.27009582519531,
                62.68894577026367
              ],
              [
                35.36363983154297,
                62.68894577026367
              ],
              [
                35.41863250732422,
                62.904052734375
              ],
              [
                35.26778793334961,
                63.047672271728516
              ],
              [
                34.11767578125,
                63.33543014526367
              ],
              [
                34.047306060791016,
                63.047672271728516
              ],
              [
                34.76240158081055,
                62.904052734375
              ],
              [
                34.989463806152344,
                62.68894577026367
              ],
              [
                34.88248062133789,
                62.259857177734375
              ],
              [
                34.62055206298828,
                62.331268310546875
              ],
              [
                34.469024658203125,
                62.474212646484375
              ],
              [
                34.50411605834961,
                62.61732482910156
              ],
              [
                34.41063690185547,
                62.61732482910156
              ],
              [
                34.428192138671875,
                62.68894577026367
              ],
              [
                34.147560119628906,
                62.68894577026367
              ],
              [
                34.01948928833008,
                62.54574966430664
              ],
              [
                33.90019607543945,
                62.045867919921875
              ],
              [
                33.99314498901367,
                62.045867919921875
              ],
              [
                33.9593620300293,
                61.90340805053711
              ]
            ],
            [
              [
                31.819162368774414,
                60.135501861572266
              ],
              [
                31.86298179626465,
                60.34645080566406
              ],
              [
                32.090389251708984,
                60.557716369628906
              ],
              [
                32.165489196777344,
                60.91054153442383
              ],
              [
                31.889724731445312,
                60.91054153442383
              ],
              [
                31.9196834564209,
                61.05192565917969
              ],
              [
                31.827634811401367,
                61.05192565917969
              ],
              [
                31.78046417236328,
                61.264278411865234
              ],
              [
                31.086288452148438,
                61.47697448730469
              ],
              [
                31.023086547851562,
                61.618961334228516
              ],
              [
                30.560298919677734,
                61.618961334228516
              ],
              [
                30.439285278320312,
                61.47697448730469
              ],
              [
                30.161998748779297,
                61.47697448730469
              ],
              [
                30.041784286499023,
                61.335140228271484
              ],
              [
                29.857181549072266,
                61.335140228271484
              ],
              [
                29.802587509155273,
                61.05192565917969
              ],
              [
                30.207590103149414,
                60.76930236816406
              ],
              [
                30.28156852722168,
                60.20578384399414
              ],
              [
                30.372873306274414,
                60.20578384399414
              ],
              [
                30.359281539916992,
                60.135501861572266
              ],
              [
                30.43691062927246,
                60.065250396728516
              ],
              [
                30.38283348083496,
                59.78459548950195
              ],
              [
                30.837535858154297,
                59.78459548950195
              ],
              [
                31.103300094604492,
                60.20578384399414
              ],
              [
                31.819162368774414,
                60.135501861572266
              ]
            ]
          ],
          [
            [
              [
                78.56703186035156,
                72.84458923339844
              ],
              [
                78.46212005615234,
                72.84458923339844
              ],
              [
                78.609130859375,
                73.00454711914062
              ],
              [
                79.17945098876953,
                73.1648941040039
              ],
              [
                79.66053009033203,
                73.00454711914062
              ],
              [
                79.58567810058594,
                72.92451477050781
              ],
              [
                79.51129913330078,
                72.84458923339844
              ],
              [
                79.3638916015625,
                72.68501281738281
              ],
              [
                78.73570251464844,
                72.68501281738281
              ],
              [
                78.80852508544922,
                72.76475524902344
              ],
              [
                78.49409484863281,
                72.76475524902344
              ],
              [
                78.56703186035156,
                72.84458923339844
              ]
            ]
          ],
          [
            [
              [
                74.64879608154297,
                73.1648941040039
              ],
              [
                74.75415802001953,
                73.1648941040039
              ],
              [
                74.58014678955078,
                72.84458923339844
              ],
              [
                74.0191650390625,
                72.92451477050781
              ],
              [
                74.08811950683594,
                73.00454711914062
              ],
              [
                73.98297882080078,
                73.00454711914062
              ],
              [
                74.1219711303711,
                73.1648941040039
              ],
              [
                74.4030990600586,
                73.2452163696289
              ],
              [
                74.71952819824219,
                73.2452163696289
              ],
              [
                74.64879608154297,
                73.1648941040039
              ]
            ]
          ],
          [
            [
              [
                75.61048126220703,
                73.64835357666016
              ],
              [
                76.03469848632812,
                73.64835357666016
              ],
              [
                75.70802307128906,
                73.40616607666016
              ],
              [
                75.39090728759766,
                73.40616607666016
              ],
              [
                75.53680419921875,
                73.56752014160156
              ],
              [
                75.61048126220703,
                73.64835357666016
              ]
            ]
          ],
          [
            [
              [
                135.61224365234375,
                74.298828125
              ],
              [
                136.32122802734375,
                74.2171401977539
              ],
              [
                136.42813110351562,
                74.2171401977539
              ],
              [
                136.06190490722656,
                73.89147186279297
              ],
              [
                135.56626892089844,
                73.97272491455078
              ],
              [
                135.7100372314453,
                74.05409240722656
              ],
              [
                135.283447265625,
                74.05409240722656
              ],
              [
                135.61224365234375,
                74.298828125
              ]
            ]
          ],
          [
            [
              [
                84.54669952392578,
                74.38063049316406
              ],
              [
                84.42078399658203,
                74.46253967285156
              ],
              [
                84.5097885131836,
                74.54456329345703
              ],
              [
                84.9219970703125,
                74.62670135498047
              ],
              [
                84.65383911132812,
                74.38063049316406
              ],
              [
                84.54669952392578,
                74.38063049316406
              ]
            ]
          ],
          [
            [
              [
                79.56985473632812,
                74.54456329345703
              ],
              [
                79.24768829345703,
                74.54456329345703
              ],
              [
                79.52287292480469,
                74.70895385742188
              ],
              [
                79.6305160522461,
                74.70895385742188
              ],
              [
                79.56985473632812,
                74.54456329345703
              ]
            ]
          ],
          [
            [
              [
                85.41193389892578,
                74.8738021850586
              ],
              [
                85.51983642578125,
                74.8738021850586
              ],
              [
                85.62773895263672,
                74.8738021850586
              ],
              [
                85.44327545166016,
                74.70895385742188
              ],
              [
                85.1203384399414,
                74.70895385742188
              ],
              [
                85.41193389892578,
                74.8738021850586
              ]
            ]
          ],
          [
            [
              [
                81.75879669189453,
                75.28799438476562
              ],
              [
                81.9423599243164,
                75.45452117919922
              ],
              [
                82.03514862060547,
                75.53797912597656
              ],
              [
                82.36205291748047,
                75.53797912597656
              ],
              [
                82.26885223388672,
                75.45452117919922
              ],
              [
                82.377685546875,
                75.45452117919922
              ],
              [
                82.19303894042969,
                75.28799438476562
              ],
              [
                81.75879669189453,
                75.28799438476562
              ]
            ]
          ],
          [
            [
              [
                136.3538360595703,
                75.6215591430664
              ],
              [
                135.87176513671875,
                75.3711929321289
              ],
              [
                135.3282928466797,
                75.3711929321289
              ],
              [
                135.6964569091797,
                75.78911590576172
              ],
              [
                135.5870819091797,
                75.78911590576172
              ],
              [
                136.1352081298828,
                75.95721435546875
              ],
              [
                135.96995544433594,
                75.87310028076172
              ],
              [
                136.1890106201172,
                75.87310028076172
              ],
              [
                136.0246124267578,
                75.78911590576172
              ],
              [
                136.1339874267578,
                75.78911590576172
              ],
              [
                136.24337768554688,
                75.78911590576172
              ],
              [
                136.35276794433594,
                75.78911590576172
              ],
              [
                136.18907165527344,
                75.70527648925781
              ],
              [
                136.40756225585938,
                75.70527648925781
              ],
              [
                136.24473571777344,
                75.6215591430664
              ],
              [
                136.3538360595703,
                75.6215591430664
              ]
            ]
          ],
          [
            [
              [
                97.1375503540039,
                76.46484375
              ],
              [
                97.35861206054688,
                76.46484375
              ],
              [
                97.00373077392578,
                76.21038818359375
              ],
              [
                96.5571517944336,
                76.1258544921875
              ],
              [
                97.01876831054688,
                76.37987518310547
              ],
              [
                97.1375503540039,
                76.46484375
              ]
            ]
          ],
          [
            [
              [
                97.84268951416016,
                76.8061752319336
              ],
              [
                97.70993041992188,
                76.63520812988281
              ],
              [
                97.58914947509766,
                76.5499496459961
              ],
              [
                97.36779022216797,
                76.5499496459961
              ],
              [
                97.48827362060547,
                76.63520812988281
              ],
              [
                97.37744140625,
                76.63520812988281
              ],
              [
                97.62042999267578,
                76.8061752319336
              ],
              [
                97.84268951416016,
                76.8061752319336
              ]
            ]
          ],
          [
            [
              [
                95.52639770507812,
                76.9777603149414
              ],
              [
                96.0033950805664,
                77.23632049560547
              ],
              [
                96.91109466552734,
                77.32283020019531
              ],
              [
                96.41786193847656,
                76.9777603149414
              ],
              [
                95.63783264160156,
                76.9777603149414
              ],
              [
                95.52639770507812,
                76.9777603149414
              ]
            ]
          ],
          [
            [
              [
                89.5115737915039,
                77.14997863769531
              ],
              [
                89.17635345458984,
                77.14997863769531
              ],
              [
                89.51825714111328,
                77.40950012207031
              ],
              [
                89.96709442138672,
                77.40950012207031
              ],
              [
                89.6233139038086,
                77.14997863769531
              ],
              [
                89.5115737915039,
                77.14997863769531
              ]
            ]
          ],
          [
            [
              [
                104.70230865478516,
                78.28560638427734
              ],
              [
                101.49176788330078,
                78.19720458984375
              ],
              [
                100.7662353515625,
                78.02094268798828
              ],
              [
                99.40624237060547,
                78.02094268798828
              ],
              [
                100.76900482177734,
                78.90962219238281
              ],
              [
                101.11404418945312,
                78.90962219238281
              ],
              [
                101.28047180175781,
                79.08963012695312
              ],
              [
                101.16511535644531,
                79.08963012695312
              ],
              [
                101.4488296508789,
                79.27043151855469
              ],
              [
                101.96720886230469,
                79.4520263671875
              ],
              [
                102.43144226074219,
                79.4520263671875
              ],
              [
                102.28694152832031,
                79.36112976074219
              ],
              [
                102.51870727539062,
                79.36112976074219
              ],
              [
                102.92528533935547,
                79.54313659667969
              ],
              [
                103.27399444580078,
                79.54313659667969
              ],
              [
                103.12779998779297,
                79.4520263671875
              ],
              [
                103.592041015625,
                79.4520263671875
              ],
              [
                102.72421264648438,
                78.90962219238281
              ],
              [
                103.87867736816406,
                79.27043151855469
              ],
              [
                104.57291412353516,
                79.27043151855469
              ],
              [
                104.42601776123047,
                79.179931640625
              ],
              [
                104.77261352539062,
                79.179931640625
              ],
              [
                104.6258544921875,
                79.08963012695312
              ],
              [
                105.17089080810547,
                78.99952697753906
              ],
              [
                105.02445983886719,
                78.90962219238281
              ],
              [
                105.82954406738281,
                78.90962219238281
              ],
              [
                105.68260955810547,
                78.81990814208984
              ],
              [
                105.99506378173828,
                78.73038482666016
              ],
              [
                105.67284393310547,
                78.46295928955078
              ],
              [
                104.70230865478516,
                78.28560638427734
              ]
            ]
          ],
          [
            [
              [
                99.02693939208984,
                80.186767578125
              ],
              [
                99.9669189453125,
                80.186767578125
              ],
              [
                99.8232421875,
                80.09414672851562
              ],
              [
                100.50010681152344,
                80.00177764892578
              ],
              [
                100.01937866210938,
                79.54313659667969
              ],
              [
                100.13561248779297,
                79.54313659667969
              ],
              [
                99.99420166015625,
                79.4520263671875
              ],
              [
                100.11026000976562,
                79.4520263671875
              ],
              [
                99.80472564697266,
                79.179931640625
              ],
              [
                100.26686096191406,
                79.179931640625
              ],
              [
                100.12689208984375,
                79.08963012695312
              ],
              [
                100.35760498046875,
                79.08963012695312
              ],
              [
                99.82573699951172,
                78.81990814208984
              ],
              [
                97.5289306640625,
                78.81990814208984
              ],
              [
                97.6636734008789,
                78.90962219238281
              ],
              [
                95.8409194946289,
                78.99952697753906
              ],
              [
                95.9739990234375,
                79.08963012695312
              ],
              [
                94.82041931152344,
                79.08963012695312
              ],
              [
                94.95237731933594,
                79.179931640625
              ],
              [
                94.60578155517578,
                79.179931640625
              ],
              [
                94.7378158569336,
                79.27043151855469
              ],
              [
                94.40691375732422,
                79.36112976074219
              ],
              [
                94.53942108154297,
                79.4520263671875
              ],
              [
                93.26277160644531,
                79.4520263671875
              ],
              [
                93.6578369140625,
                79.72595977783203
              ],
              [
                94.49124908447266,
                79.81768798828125
              ],
              [
                94.77870178222656,
                80.09414672851562
              ],
              [
                94.30944061279297,
                80.09414672851562
              ],
              [
                93.54124450683594,
                79.72595977783203
              ],
              [
                93.07486724853516,
                79.72595977783203
              ],
              [
                92.94351959228516,
                79.63444519042969
              ],
              [
                92.12862396240234,
                79.63444519042969
              ],
              [
                92.38934326171875,
                79.81768798828125
              ],
              [
                91.45516967773438,
                79.81768798828125
              ],
              [
                91.58487701416016,
                79.90962982177734
              ],
              [
                91.3509750366211,
                79.90962982177734
              ],
              [
                91.6246109008789,
                80.186767578125
              ],
              [
                92.78434753417969,
                80.09414672851562
              ],
              [
                93.18439483642578,
                80.37286376953125
              ],
              [
                92.5950698852539,
                80.37286376953125
              ],
              [
                93.54850006103516,
                81.03675842285156
              ],
              [
                95.62296295166016,
                81.23108673095703
              ],
              [
                95.76801300048828,
                81.32919311523438
              ],
              [
                96.72614288330078,
                81.32919311523438
              ],
              [
                96.57952880859375,
                81.23108673095703
              ],
              [
                96.93824005126953,
                81.23108673095703
              ],
              [
                96.79218292236328,
                81.13362121582031
              ],
              [
                97.03093719482422,
                81.13362121582031
              ],
              [
                96.88560485839844,
                81.03675842285156
              ],
              [
                97.24315643310547,
                81.03675842285156
              ],
              [
                97.09831237792969,
                80.94046783447266
              ],
              [
                98.05023193359375,
                80.94046783447266
              ],
              [
                97.73548889160156,
                80.65467834472656
              ],
              [
                97.35626220703125,
                80.56034851074219
              ],
              [
                97.59272766113281,
                80.56034851074219
              ],
              [
                97.45079803466797,
                80.46641540527344
              ],
              [
                97.80494689941406,
                80.46641540527344
              ],
              [
                97.66324615478516,
                80.37286376953125
              ],
              [
                97.52227020263672,
                80.2796630859375
              ],
              [
                98.55694580078125,
                80.186767578125
              ],
              [
                98.27456665039062,
                80.00177764892578
              ],
              [
                98.62596893310547,
                80.00177764892578
              ],
              [
                99.02693939208984,
                80.186767578125
              ]
            ]
          ],
          [
            [
              [
                80.56010437011719,
                80.84471130371094
              ],
              [
                80.4413070678711,
                80.84471130371094
              ],
              [
                80.32476043701172,
                80.74945831298828
              ],
              [
                79.13865661621094,
                80.74945831298828
              ],
              [
                79.48499298095703,
                81.03675842285156
              ],
              [
                80.7959976196289,
                81.03675842285156
              ],
              [
                80.56010437011719,
                80.84471130371094
              ]
            ]
          ],
          [
            [
              [
                65.73040771484375,
                81.23108673095703
              ],
              [
                65.63516998291016,
                81.13362121582031
              ],
              [
                65.87391662597656,
                81.13362121582031
              ],
              [
                65.7790298461914,
                81.03675842285156
              ],
              [
                65.89820861816406,
                81.03675842285156
              ],
              [
                65.71012115478516,
                80.84471130371094
              ],
              [
                65.35372161865234,
                80.84471130371094
              ],
              [
                65.26122283935547,
                80.74945831298828
              ],
              [
                62.9193000793457,
                80.65467834472656
              ],
              [
                63.00762176513672,
                80.74945831298828
              ],
              [
                62.88901138305664,
                80.74945831298828
              ],
              [
                63.27619934082031,
                81.03675842285156
              ],
              [
                64.34883880615234,
                81.03675842285156
              ],
              [
                64.53470611572266,
                81.23108673095703
              ],
              [
                65.73040771484375,
                81.23108673095703
              ]
            ]
          ],
          [
            [
              [
                90.21139526367188,
                81.03675842285156
              ],
              [
                90.73783111572266,
                81.32919311523438
              ],
              [
                91.81572723388672,
                81.32919311523438
              ],
              [
                91.93549346923828,
                81.32919311523438
              ],
              [
                91.64158630371094,
                81.03675842285156
              ],
              [
                91.26778411865234,
                80.94046783447266
              ],
              [
                90.31585693359375,
                80.94046783447266
              ],
              [
                90.44976043701172,
                81.03675842285156
              ],
              [
                90.21139526367188,
                81.03675842285156
              ]
            ]
          ],
          [
            [
              [
                146.73692321777344,
                43.92862319946289
              ],
              [
                146.97898864746094,
                43.92862319946289
              ],
              [
                146.74276733398438,
                43.73301696777344
              ],
              [
                146.5009765625,
                43.73301696777344
              ],
              [
                146.68502807617188,
                43.86341094970703
              ],
              [
                146.73692321777344,
                43.92862319946289
              ]
            ]
          ],
          [
            [
              [
                146.0750732421875,
                44.5159797668457
              ],
              [
                146.12754821777344,
                44.58129119873047
              ],
              [
                146.50831604003906,
                44.45067596435547
              ],
              [
                145.73956298828125,
                43.99384307861328
              ],
              [
                145.5338134765625,
                43.73301696777344
              ],
              [
                145.29202270507812,
                43.73301696777344
              ],
              [
                146.0750732421875,
                44.5159797668457
              ]
            ]
          ],
          [
            [
              [
                148.63677978515625,
                45.56227111816406
              ],
              [
                148.9626922607422,
                45.56227111816406
              ],
              [
                148.79893493652344,
                45.36587905883789
              ],
              [
                147.60867309570312,
                44.908016204833984
              ],
              [
                147.12765502929688,
                44.5159797668457
              ],
              [
                146.7794647216797,
                44.38538360595703
              ],
              [
                146.85653686523438,
                44.58129119873047
              ],
              [
                146.90939331054688,
                44.64661407470703
              ],
              [
                147.44444274902344,
                45.10417556762695
              ],
              [
                147.7957763671875,
                45.23500442504883
              ],
              [
                147.87646484375,
                45.431331634521484
              ],
              [
                148.17510986328125,
                45.300437927246094
              ],
              [
                148.63677978515625,
                45.56227111816406
              ]
            ]
          ],
          [
            [
              [
                150.30816650390625,
                46.283294677734375
              ],
              [
                150.55368041992188,
                46.283294677734375
              ],
              [
                150.49732971191406,
                46.21768569946289
              ],
              [
                149.80625915527344,
                45.693260192871094
              ],
              [
                149.3700714111328,
                45.56227111816406
              ],
              [
                149.50894165039062,
                45.82429504394531
              ],
              [
                149.8945770263672,
                46.08650588989258
              ],
              [
                150.30816650390625,
                46.283294677734375
              ]
            ]
          ],
          [
            [
              [
                152.0389404296875,
                47.13737487792969
              ],
              [
                152.34446716308594,
                47.20316696166992
              ],
              [
                151.83023071289062,
                46.808616638183594
              ],
              [
                151.58392333984375,
                46.808616638183594
              ],
              [
                151.9566650390625,
                47.13737487792969
              ],
              [
                152.0389404296875,
                47.13737487792969
              ]
            ]
          ],
          [
            [
              [
                144.46795654296875,
                48.852684020996094
              ],
              [
                144.384765625,
                48.852684020996094
              ],
              [
                144.58677673339844,
                48.98506164550781
              ],
              [
                144.6700439453125,
                48.98506164550781
              ],
              [
                144.61048889160156,
                48.91886520385742
              ],
              [
                144.741455078125,
                48.786521911621094
              ],
              [
                144.62351989746094,
                48.654239654541016
              ],
              [
                144.45736694335938,
                48.654239654541016
              ],
              [
                144.46795654296875,
                48.852684020996094
              ]
            ]
          ],
          [
            [
              [
                154.73495483398438,
                49.316287994384766
              ],
              [
                154.41970825195312,
                49.2500114440918
              ],
              [
                154.81243896484375,
                49.64793395996094
              ],
              [
                154.89608764648438,
                49.64793395996094
              ],
              [
                154.73495483398438,
                49.316287994384766
              ]
            ]
          ],
          [
            [
              [
                143.33486938476562,
                52.653533935546875
              ],
              [
                143.43621826171875,
                52.586299896240234
              ],
              [
                143.0911102294922,
                52.250450134277344
              ],
              [
                143.19317626953125,
                52.18334197998047
              ],
              [
                143.07427978515625,
                51.98215103149414
              ],
              [
                143.2444305419922,
                51.98215103149414
              ],
              [
                143.19430541992188,
                51.84812545776367
              ],
              [
                143.36428833007812,
                51.84812545776367
              ],
              [
                143.2298126220703,
                51.71418380737305
              ],
              [
                143.39962768554688,
                51.71418380737305
              ],
              [
                143.3507080078125,
                51.580322265625
              ],
              [
                143.5203399658203,
                51.580322265625
              ],
              [
                143.40574645996094,
                51.37968063354492
              ],
              [
                143.57513427734375,
                51.37968063354492
              ],
              [
                143.509033203125,
                51.31283950805664
              ],
              [
                143.5936737060547,
                51.31283950805664
              ],
              [
                143.52777099609375,
                51.24601745605469
              ],
              [
                143.6123809814453,
                51.24601745605469
              ],
              [
                143.54664611816406,
                51.17921447753906
              ],
              [
                143.63121032714844,
                51.17921447753906
              ],
              [
                143.565673828125,
                51.112430572509766
              ],
              [
                143.65020751953125,
                51.112430572509766
              ],
              [
                143.58485412597656,
                51.04566955566406
              ],
              [
                143.66934204101562,
                51.04566955566406
              ],
              [
                143.60418701171875,
                50.97892379760742
              ],
              [
                143.68861389160156,
                50.97892379760742
              ],
              [
                143.70301818847656,
                50.64549255371094
              ],
              [
                143.87149047851562,
                50.64549255371094
              ],
              [
                143.80743408203125,
                50.578861236572266
              ],
              [
                143.89163208007812,
                50.578861236572266
              ],
              [
                143.8277587890625,
                50.51224899291992
              ],
              [
                143.9119110107422,
                50.51224899291992
              ],
              [
                143.84823608398438,
                50.445655822753906
              ],
              [
                143.93235778808594,
                50.445655822753906
              ],
              [
                143.86888122558594,
                50.37908172607422
              ],
              [
                143.95294189453125,
                50.37908172607422
              ],
              [
                143.88966369628906,
                50.312522888183594
              ],
              [
                143.97369384765625,
                50.312522888183594
              ],
              [
                143.9105987548828,
                50.2459831237793
              ],
              [
                143.99459838867188,
                50.2459831237793
              ],
              [
                143.93170166015625,
                50.17946243286133
              ],
              [
                144.01565551757812,
                50.17946243286133
              ],
              [
                143.95294189453125,
                50.11296081542969
              ],
              [
                144.036865234375,
                50.11296081542969
              ],
              [
                143.97434997558594,
                50.04647445678711
              ],
              [
                144.0582275390625,
                50.04647445678711
              ],
              [
                143.99591064453125,
                49.98000717163086
              ],
              [
                144.07974243164062,
                49.98000717163086
              ],
              [
                144.0176239013672,
                49.91355895996094
              ],
              [
                144.10142517089844,
                49.91355895996094
              ],
              [
                144.0395050048828,
                49.84712600708008
              ],
              [
                144.12326049804688,
                49.84712600708008
              ],
              [
                144.0615234375,
                49.78071212768555
              ],
              [
                144.14524841308594,
                49.78071212768555
              ],
              [
                144.0836944580078,
                49.71431350708008
              ],
              [
                144.16737365722656,
                49.71431350708008
              ],
              [
                144.10601806640625,
                49.64793395996094
              ],
              [
                144.18966674804688,
                49.64793395996094
              ],
              [
                144.2429656982422,
                49.2500114440918
              ],
              [
                144.4330291748047,
                49.18375015258789
              ],
              [
                144.14666748046875,
                49.051273345947266
              ],
              [
                144.20635986328125,
                49.11750411987305
              ],
              [
                143.93275451660156,
                49.18375015258789
              ],
              [
                143.99270629882812,
                49.2500114440918
              ],
              [
                143.36183166503906,
                49.38258361816406
              ],
              [
                142.9562530517578,
                49.11750411987305
              ],
              [
                143.0395965576172,
                49.11750411987305
              ],
              [
                142.8872833251953,
                48.852684020996094
              ],
              [
                142.97048950195312,
                48.852684020996094
              ],
              [
                142.6482391357422,
                48.38986587524414
              ],
              [
                142.73117065429688,
                48.38986587524414
              ],
              [
                142.49972534179688,
                47.92780685424805
              ],
              [
                142.58241271972656,
                47.92780685424805
              ],
              [
                142.63351440429688,
                47.598209381103516
              ],
              [
                142.7985382080078,
                47.598209381103516
              ],
              [
                142.74302673339844,
                47.53233337402344
              ],
              [
                142.90797424316406,
                47.53233337402344
              ],
              [
                142.87966918945312,
                47.4006233215332
              ],
              [
                143.04449462890625,
                47.4006233215332
              ],
              [
                143.0995330810547,
                46.87434005737305
              ],
              [
                143.51022338867188,
                46.87434005737305
              ],
              [
                143.48350524902344,
                46.74290466308594
              ],
              [
                143.6490936279297,
                46.54585266113281
              ],
              [
                143.54127502441406,
                46.414546966552734
              ],
              [
                143.62318420410156,
                46.414546966552734
              ],
              [
                143.4622802734375,
                46.21768569946289
              ],
              [
                143.29867553710938,
                46.21768569946289
              ],
              [
                143.37747192382812,
                46.414546966552734
              ],
              [
                143.18544006347656,
                46.480194091796875
              ],
              [
                143.23924255371094,
                46.54585266113281
              ],
              [
                142.66546630859375,
                46.54585266113281
              ],
              [
                142.69094848632812,
                46.677207946777344
              ],
              [
                142.52688598632812,
                46.677207946777344
              ],
              [
                142.0535430908203,
                45.889827728271484
              ],
              [
                141.8902587890625,
                45.889827728271484
              ],
              [
                141.7394256591797,
                46.414546966552734
              ],
              [
                141.65753173828125,
                46.414546966552734
              ],
              [
                142.00173950195312,
                47.13737487792969
              ],
              [
                141.808349609375,
                47.4006233215332
              ],
              [
                141.89089965820312,
                47.598209381103516
              ],
              [
                141.80838012695312,
                47.598209381103516
              ],
              [
                142.08627319335938,
                47.92780685424805
              ],
              [
                142.0035858154297,
                47.92780685424805
              ],
              [
                142.14590454101562,
                48.191749572753906
              ],
              [
                142.0107421875,
                48.323814392089844
              ],
              [
                142.0676727294922,
                48.38986587524414
              ],
              [
                141.90179443359375,
                48.38986587524414
              ],
              [
                141.8310089111328,
                48.786521911621094
              ],
              [
                141.7478485107422,
                48.786521911621094
              ],
              [
                141.99072265625,
                49.2500114440918
              ],
              [
                141.9073028564453,
                49.2500114440918
              ],
              [
                142.00209045410156,
                49.44889450073242
              ],
              [
                141.91856384277344,
                49.44889450073242
              ],
              [
                142.0902557373047,
                49.91355895996094
              ],
              [
                141.9613037109375,
                50.04647445678711
              ],
              [
                142.0846710205078,
                50.17946243286133
              ],
              [
                141.93515014648438,
                50.37908172607422
              ],
              [
                141.95513916015625,
                50.578861236572266
              ],
              [
                141.87094116210938,
                50.578861236572266
              ],
              [
                142.148681640625,
                51.04566955566406
              ],
              [
                142.00485229492188,
                51.24601745605469
              ],
              [
                142.0315399169922,
                51.44654083251953
              ],
              [
                141.75819396972656,
                51.51342010498047
              ],
              [
                141.80517578125,
                51.64724349975586
              ],
              [
                141.6354522705078,
                51.64724349975586
              ],
              [
                141.6829833984375,
                51.78114318847656
              ],
              [
                141.51309204101562,
                51.78114318847656
              ],
              [
                141.54293823242188,
                51.98215103149414
              ],
              [
                141.45787048339844,
                51.98215103149414
              ],
              [
                141.64187622070312,
                52.250450134277344
              ],
              [
                141.53912353515625,
                52.31757736206055
              ],
              [
                141.84823608398438,
                52.78806686401367
              ],
              [
                141.73019409179688,
                52.92268753051758
              ],
              [
                141.78404235839844,
                53.057395935058594
              ],
              [
                141.69825744628906,
                53.057395935058594
              ],
              [
                141.75270080566406,
                53.192195892333984
              ],
              [
                141.6668243408203,
                53.192195892333984
              ],
              [
                141.80783081054688,
                53.32708740234375
              ],
              [
                141.72186279296875,
                53.32708740234375
              ],
              [
                142.0924530029297,
                53.597137451171875
              ],
              [
                142.36541748046875,
                53.52959060668945
              ],
              [
                142.29396057128906,
                53.462066650390625
              ],
              [
                142.53762817382812,
                53.52959060668945
              ],
              [
                142.4370880126953,
                53.597137451171875
              ],
              [
                142.65338134765625,
                53.799922943115234
              ],
              [
                142.5394744873047,
                53.93522644042969
              ],
              [
                142.61228942871094,
                54.00291442871094
              ],
              [
                142.4394073486328,
                54.00291442871094
              ],
              [
                142.49896240234375,
                54.138362884521484
              ],
              [
                142.31253051757812,
                54.20612335205078
              ],
              [
                142.69412231445312,
                54.47740173339844
              ],
              [
                142.86767578125,
                54.47740173339844
              ],
              [
                142.8062286376953,
                54.341712951660156
              ],
              [
                143.07896423339844,
                54.27390670776367
              ],
              [
                142.88504028320312,
                53.93522644042969
              ],
              [
                143.0712890625,
                53.86756134033203
              ],
              [
                143.04017639160156,
                53.597137451171875
              ],
              [
                143.21249389648438,
                53.597137451171875
              ],
              [
                143.14039611816406,
                53.52959060668945
              ],
              [
                143.24066162109375,
                53.462066650390625
              ],
              [
                143.0260772705078,
                53.25962829589844
              ],
              [
                143.1120147705078,
                53.25962829589844
              ],
              [
                143.05580139160156,
                53.124786376953125
              ],
              [
                143.14163208007812,
                53.124786376953125
              ],
              [
                143.0860137939453,
                52.99003219604492
              ],
              [
                143.34324645996094,
                52.99003219604492
              ],
              [
                143.30352783203125,
                52.78806686401367
              ],
              [
                143.47474670410156,
                52.78806686401367
              ],
              [
                143.33486938476562,
                52.653533935546875
              ]
            ]
          ],
          [
            [
              [
                155.08193969726562,
                50.2459831237793
              ],
              [
                155.2189483642578,
                50.37908172607422
              ],
              [
                155.54017639160156,
                50.445655822753906
              ],
              [
                155.74871826171875,
                50.64549255371094
              ],
              [
                155.8187255859375,
                50.71213912963867
              ],
              [
                156.5366668701172,
                50.912200927734375
              ],
              [
                155.83790588378906,
                50.2459831237793
              ],
              [
                155.1299591064453,
                50.04647445678711
              ],
              [
                155.1659393310547,
                50.2459831237793
              ],
              [
                155.08193969726562,
                50.2459831237793
              ]
            ]
          ],
          [
            [
              [
                167.77548217773438,
                54.613189697265625
              ],
              [
                167.2574462890625,
                54.74907684326172
              ],
              [
                167.4376220703125,
                54.95309066772461
              ],
              [
                167.87074279785156,
                54.88506317138672
              ],
              [
                167.78138732910156,
                54.817054748535156
              ],
              [
                167.95542907714844,
                54.817054748535156
              ],
              [
                167.86624145507812,
                54.74907684326172
              ],
              [
                168.03807067871094,
                54.681121826171875
              ],
              [
                167.68699645996094,
                54.545284271240234
              ],
              [
                167.77548217773438,
                54.613189697265625
              ]
            ]
          ],
          [
            [
              [
                138.1513671875,
                55.021148681640625
              ],
              [
                137.63052368164062,
                54.613189697265625
              ],
              [
                137.73260498046875,
                54.545284271240234
              ],
              [
                137.58987426757812,
                54.4095458984375
              ],
              [
                137.4164276123047,
                54.4095458984375
              ],
              [
                137.5436553955078,
                54.613189697265625
              ],
              [
                137.3546142578125,
                54.681121826171875
              ],
              [
                137.41134643554688,
                54.817054748535156
              ],
              [
                137.15028381347656,
                54.817054748535156
              ],
              [
                137.22227478027344,
                54.88506317138672
              ],
              [
                137.1352081298828,
                54.88506317138672
              ],
              [
                137.49790954589844,
                55.225467681884766
              ],
              [
                138.02182006835938,
                55.225467681884766
              ],
              [
                137.96275329589844,
                55.089229583740234
              ],
              [
                138.1513671875,
                55.021148681640625
              ]
            ]
          ],
          [
            [
              [
                165.9704132080078,
                55.430015563964844
              ],
              [
                166.32028198242188,
                55.430015563964844
              ],
              [
                166.2234344482422,
                55.15733337402344
              ],
              [
                166.39797973632812,
                55.15733337402344
              ],
              [
                166.30868530273438,
                55.089229583740234
              ],
              [
                166.48312377929688,
                55.089229583740234
              ],
              [
                166.3939666748047,
                55.021148681640625
              ],
              [
                166.5683135986328,
                55.021148681640625
              ],
              [
                166.47930908203125,
                54.95309066772461
              ],
              [
                166.65354919433594,
                54.95309066772461
              ],
              [
                166.564697265625,
                54.88506317138672
              ],
              [
                166.73715209960938,
                54.817054748535156
              ],
              [
                166.3865509033203,
                54.681121826171875
              ],
              [
                166.47470092773438,
                54.74907684326172
              ],
              [
                166.2137908935547,
                54.74907684326172
              ],
              [
                166.3020477294922,
                54.817054748535156
              ],
              [
                166.0422821044922,
                54.88506317138672
              ],
              [
                165.95521545410156,
                54.88506317138672
              ],
              [
                166.04530334472656,
                55.021148681640625
              ],
              [
                165.78536987304688,
                55.089229583740234
              ],
              [
                165.87628173828125,
                55.225467681884766
              ],
              [
                165.70362854003906,
                55.29362487792969
              ],
              [
                165.9704132080078,
                55.430015563964844
              ]
            ]
          ],
          [
            [
              [
                163.5387420654297,
                58.528167724609375
              ],
              [
                163.26907348632812,
                58.528167724609375
              ],
              [
                163.75927734375,
                58.876129150390625
              ],
              [
                163.66909790039062,
                58.876129150390625
              ],
              [
                163.7766571044922,
                59.015533447265625
              ],
              [
                163.68637084960938,
                59.015533447265625
              ],
              [
                164.25624084472656,
                59.22488784790039
              ],
              [
                164.34671020507812,
                59.22488784790039
              ],
              [
                164.80908203125,
                59.294734954833984
              ],
              [
                164.68907165527344,
                59.08528518676758
              ],
              [
                164.7794189453125,
                59.08528518676758
              ],
              [
                164.4806671142578,
                58.876129150390625
              ],
              [
                163.5387420654297,
                58.528167724609375
              ]
            ]
          ],
          [
            [
              [
                140.37037658691406,
                73.56752014160156
              ],
              [
                141.10574340820312,
                73.97272491455078
              ],
              [
                142.70367431640625,
                73.97272491455078
              ],
              [
                142.55284118652344,
                73.89147186279297
              ],
              [
                142.97848510742188,
                73.89147186279297
              ],
              [
                142.8281707763672,
                73.8103256225586
              ],
              [
                143.1470489501953,
                73.8103256225586
              ],
              [
                142.9973907470703,
                73.72928619384766
              ],
              [
                143.4850311279297,
                73.64835357666016
              ],
              [
                143.3366241455078,
                73.56752014160156
              ],
              [
                143.61245727539062,
                73.48678588867188
              ],
              [
                143.425048828125,
                73.32563781738281
              ],
              [
                143.27981567382812,
                73.2452163696289
              ],
              [
                140.99644470214844,
                73.32563781738281
              ],
              [
                141.13995361328125,
                73.40616607666016
              ],
              [
                139.51817321777344,
                73.32563781738281
              ],
              [
                140.0525665283203,
                73.56752014160156
              ],
              [
                140.37037658691406,
                73.56752014160156
              ]
            ]
          ],
          [
            [
              [
                141.23829650878906,
                74.2171401977539
              ],
              [
                140.89268493652344,
                73.97272491455078
              ],
              [
                140.10543823242188,
                73.89147186279297
              ],
              [
                140.25352478027344,
                73.97272491455078
              ],
              [
                139.82740783691406,
                73.97272491455078
              ],
              [
                140.0188446044922,
                74.13555908203125
              ],
              [
                139.91207885742188,
                74.13555908203125
              ],
              [
                140.36642456054688,
                74.38063049316406
              ],
              [
                140.90213012695312,
                74.38063049316406
              ],
              [
                141.00926208496094,
                74.38063049316406
              ],
              [
                141.1164093017578,
                74.38063049316406
              ],
              [
                140.96304321289062,
                74.298828125
              ],
              [
                141.17706298828125,
                74.298828125
              ],
              [
                141.02452087402344,
                74.2171401977539
              ],
              [
                141.23829650878906,
                74.2171401977539
              ]
            ]
          ],
          [
            [
              [
                150.09046936035156,
                74.79132080078125
              ],
              [
                147.93502807617188,
                74.79132080078125
              ],
              [
                148.1023712158203,
                74.8738021850586
              ],
              [
                147.34706115722656,
                74.8738021850586
              ],
              [
                147.51470947265625,
                74.95640563964844
              ],
              [
                146.9745635986328,
                74.95640563964844
              ],
              [
                147.14280700683594,
                75.03912353515625
              ],
              [
                146.60198974609375,
                75.03912353515625
              ],
              [
                146.7708282470703,
                75.12195587158203
              ],
              [
                146.12106323242188,
                75.12195587158203
              ],
              [
                146.29034423828125,
                75.20491790771484
              ],
              [
                146.073486328125,
                75.20491790771484
              ],
              [
                146.43495178222656,
                75.53797912597656
              ],
              [
                146.32598876953125,
                75.53797912597656
              ],
              [
                146.6764678955078,
                75.70527648925781
              ],
              [
                147.15524291992188,
                75.6215591430664
              ],
              [
                146.91441345214844,
                75.45452117919922
              ],
              [
                148.6143035888672,
                75.53797912597656
              ],
              [
                148.43804931640625,
                75.45452117919922
              ],
              [
                148.91519165039062,
                75.3711929321289
              ],
              [
                148.74061584472656,
                75.28799438476562
              ],
              [
                149.56736755371094,
                75.3711929321289
              ],
              [
                149.6760711669922,
                75.3711929321289
              ],
              [
                150.69471740722656,
                75.28799438476562
              ],
              [
                150.51898193359375,
                75.20491790771484
              ],
              [
                151.16954040527344,
                75.20491790771484
              ],
              [
                150.75564575195312,
                74.95640563964844
              ],
              [
                150.09046936035156,
                74.79132080078125
              ]
            ]
          ],
          [
            [
              [
                142.715087890625,
                75.95721435546875
              ],
              [
                142.41595458984375,
                75.70527648925781
              ],
              [
                142.52520751953125,
                75.70527648925781
              ],
              [
                142.294189453125,
                75.53797912597656
              ],
              [
                142.5121307373047,
                75.53797912597656
              ],
              [
                142.34352111816406,
                75.45452117919922
              ],
              [
                142.56117248535156,
                75.45452117919922
              ],
              [
                143.5924072265625,
                75.95721435546875
              ],
              [
                144.4697265625,
                75.95721435546875
              ],
              [
                144.2937469482422,
                75.87310028076172
              ],
              [
                145.10340881347656,
                75.78911590576172
              ],
              [
                144.92855834960938,
                75.70527648925781
              ],
              [
                145.5840301513672,
                75.70527648925781
              ],
              [
                145.0642852783203,
                75.45452117919922
              ],
              [
                145.17311096191406,
                75.45452117919922
              ],
              [
                145.00216674804688,
                75.3711929321289
              ],
              [
                145.2195587158203,
                75.3711929321289
              ],
              [
                144.88079833984375,
                75.20491790771484
              ],
              [
                144.33059692382812,
                75.03912353515625
              ],
              [
                143.78977966308594,
                75.03912353515625
              ],
              [
                143.46263122558594,
                74.8738021850586
              ],
              [
                143.03102111816406,
                74.8738021850586
              ],
              [
                143.3571319580078,
                75.03912353515625
              ],
              [
                142.7073211669922,
                74.8738021850586
              ],
              [
                141.95201110839844,
                74.8738021850586
              ],
              [
                142.1673583984375,
                75.03912353515625
              ],
              [
                141.73471069335938,
                75.03912353515625
              ],
              [
                140.28323364257812,
                74.79132080078125
              ],
              [
                139.74436950683594,
                74.79132080078125
              ],
              [
                139.9019012451172,
                74.8738021850586
              ],
              [
                139.68609619140625,
                74.8738021850586
              ],
              [
                139.21771240234375,
                74.62670135498047
              ],
              [
                138.57261657714844,
                74.62670135498047
              ],
              [
                138.7268524169922,
                74.70895385742188
              ],
              [
                137.8044891357422,
                74.79132080078125
              ],
              [
                137.95968627929688,
                74.8738021850586
              ],
              [
                137.63597106933594,
                74.8738021850586
              ],
              [
                137.79193115234375,
                74.95640563964844
              ],
              [
                137.46783447265625,
                74.95640563964844
              ],
              [
                137.6245574951172,
                75.03912353515625
              ],
              [
                137.19190979003906,
                75.03912353515625
              ],
              [
                137.34925842285156,
                75.12195587158203
              ],
              [
                136.9160919189453,
                75.12195587158203
              ],
              [
                137.07406616210938,
                75.20491790771484
              ],
              [
                136.8572235107422,
                75.20491790771484
              ],
              [
                137.22845458984375,
                75.45452117919922
              ],
              [
                137.01080322265625,
                75.45452117919922
              ],
              [
                137.2266845703125,
                75.6215591430664
              ],
              [
                137.0084686279297,
                75.6215591430664
              ],
              [
                138.00836181640625,
                76.1258544921875
              ],
              [
                138.79171752929688,
                76.29505920410156
              ],
              [
                139.5001220703125,
                76.21038818359375
              ],
              [
                139.3277587890625,
                76.1258544921875
              ],
              [
                140.097412109375,
                76.1258544921875
              ],
              [
                139.92520141601562,
                76.04146575927734
              ],
              [
                140.25462341308594,
                76.04146575927734
              ],
              [
                140.0831298828125,
                75.95721435546875
              ],
              [
                140.30245971679688,
                75.95721435546875
              ],
              [
                140.13185119628906,
                75.87310028076172
              ],
              [
                140.7889862060547,
                75.87310028076172
              ],
              [
                141.19691467285156,
                76.1258544921875
              ],
              [
                141.9221954345703,
                76.21038818359375
              ],
              [
                142.03228759765625,
                76.21038818359375
              ],
              [
                142.1423797607422,
                76.21038818359375
              ],
              [
                141.96656799316406,
                76.1258544921875
              ],
              [
                142.29641723632812,
                76.1258544921875
              ],
              [
                142.121337890625,
                76.04146575927734
              ],
              [
                142.715087890625,
                75.95721435546875
              ]
            ]
          ],
          [
            [
              [
                149.6288604736328,
                76.8061752319336
              ],
              [
                149.24533081054688,
                76.63520812988281
              ],
              [
                149.13450622558594,
                76.63520812988281
              ],
              [
                148.69119262695312,
                76.63520812988281
              ],
              [
                149.07321166992188,
                76.8061752319336
              ],
              [
                149.18434143066406,
                76.8061752319336
              ],
              [
                148.99258422851562,
                76.72061920166016
              ],
              [
                149.6288604736328,
                76.8061752319336
              ]
            ]
          ],
          [
            [
              [
                149.71115112304688,
                76.89189147949219
              ],
              [
                149.18434143066406,
                76.8061752319336
              ],
              [
                149.48858642578125,
                76.89189147949219
              ],
              [
                149.59986877441406,
                76.89189147949219
              ],
              [
                149.71115112304688,
                76.89189147949219
              ]
            ]
          ]
        ]
      }
    }
  ]
}
