{
  "type": "FeatureCollection",
  "features": [
    {
      "type": "Feature",
      "properties": {
        "Name": "Russian Empire",
        "FromYear": 1799,
        "ToYear": 1802,
        "Area": 16718994.473858152,
        "Type": "POLITY",
        "Wikipedia": "Russian Empire",
        "Wikidata": "Q34266",
        "SeshatID": "ru_romanov_dyn_2",
        "Components": "",
        "MemberOf": "",
        "displayYear": 1800,
        "sourceYear": 1800,
        "mappedTerritoryId": "russian_empire"
      },
      "geometry": {
        "type": "MultiPolygon",
        "coordinates": [
          [
            [
              [
                36.37263107299805,
                45.10417556762695
              ],
              [
                35.87525939941406,
                45.03877639770508
              ],
              [
                35.732418060302734,
                45.169586181640625
              ],
              [
                35.40727996826172,
                45.169586181640625
              ],
              [
                35.297096252441406,
                44.973392486572266
              ],
              [
                34.376285552978516,
                44.77729415893555
              ],
              [
                33.92564392089844,
                44.45067596435547
              ],
              [
                33.52096176147461,
                44.45067596435547
              ],
              [
                33.46652603149414,
                44.64661407470703
              ],
              [
                33.54755401611328,
                44.64661407470703
              ],
              [
                33.61005401611328,
                45.10417556762695
              ],
              [
                32.92236328125,
                45.431331634521484
              ],
              [
                32.59671401977539,
                45.431331634521484
              ],
              [
                33.03901290893555,
                45.693260192871094
              ],
              [
                33.70957565307617,
                45.82429504394531
              ],
              [
                33.73704528808594,
                46.02093505859375
              ],
              [
                34.15492630004883,
                46.08650588989258
              ],
              [
                34.544586181640625,
                45.95537567138672
              ],
              [
                34.74187088012695,
                45.62776184082031
              ],
              [
                34.82337951660156,
                45.62776184082031
              ],
              [
                34.98639678955078,
                45.62776184082031
              ],
              [
                35.01994323730469,
                45.300437927246094
              ],
              [
                36.42308807373047,
                45.431331634521484
              ],
              [
                36.37263107299805,
                45.10417556762695
              ]
            ]
          ],
          [
            [
              [
                -169.19277954101562,
                53.057395935058594
              ],
              [
                -169.28834533691406,
                53.124786376953125
              ],
              [
                -169.12657165527344,
                53.192195892333984
              ],
              [
                -169.2225799560547,
                53.25962829589844
              ],
              [
                -169.0507354736328,
                53.25962829589844
              ],
              [
                -169.1469268798828,
                53.32708740234375
              ],
              [
                -168.631103515625,
                53.32708740234375
              ],
              [
                -168.7592315673828,
                53.597137451171875
              ],
              [
                -168.5869140625,
                53.597137451171875
              ],
              [
                -168.69522094726562,
                53.732303619384766
              ],
              [
                -168.26397705078125,
                53.732303619384766
              ],
              [
                -167.6189422607422,
                53.462066650390625
              ],
              [
                -167.78114318847656,
                53.39456558227539
              ],
              [
                -167.68544006347656,
                53.32708740234375
              ],
              [
                -168.2972412109375,
                53.39456558227539
              ],
              [
                -168.1914825439453,
                53.25962829589844
              ],
              [
                -168.53518676757812,
                53.25962829589844
              ],
              [
                -168.43954467773438,
                53.192195892333984
              ],
              [
                -168.61129760742188,
                53.192195892333984
              ],
              [
                -168.50648498535156,
                53.057395935058594
              ],
              [
                -168.76385498046875,
                53.057395935058594
              ],
              [
                -168.66880798339844,
                52.99003219604492
              ],
              [
                -168.75454711914062,
                52.99003219604492
              ],
              [
                -168.6597442626953,
                52.92268753051758
              ],
              [
                -169.2504425048828,
                52.85536575317383
              ],
              [
                -169.5359344482422,
                53.057395935058594
              ],
              [
                -169.19277954101562,
                53.057395935058594
              ]
            ]
          ],
          [
            [
              [
                -166.39730834960938,
                53.93522644042969
              ],
              [
                -166.09796142578125,
                53.664710998535156
              ],
              [
                -166.6151885986328,
                53.664710998535156
              ],
              [
                -166.5191650390625,
                53.597137451171875
              ],
              [
                -166.68177795410156,
                53.52959060668945
              ],
              [
                -166.4908905029297,
                53.39456558227539
              ],
              [
                -167.093017578125,
                53.39456558227539
              ],
              [
                -167.3706512451172,
                53.52959060668945
              ],
              [
                -167.2845458984375,
                53.52959060668945
              ],
              [
                -167.40147399902344,
                53.732303619384766
              ],
              [
                -167.49842834472656,
                53.799922943115234
              ],
              [
                -167.2502899169922,
                53.86756134033203
              ],
              [
                -167.4452362060547,
                54.00291442871094
              ],
              [
                -166.76475524902344,
                54.07062530517578
              ],
              [
                -166.39730834960938,
                53.93522644042969
              ]
            ]
          ],
          [
            [
              [
                -166.11729431152344,
                54.341712951660156
              ],
              [
                -165.94393920898438,
                54.341712951660156
              ],
              [
                -166.04214477539062,
                54.4095458984375
              ],
              [
                -165.78196716308594,
                54.4095458984375
              ],
              [
                -165.39141845703125,
                54.138362884521484
              ],
              [
                -165.4779510498047,
                54.138362884521484
              ],
              [
                -165.38096618652344,
                54.07062530517578
              ],
              [
                -166.0622100830078,
                54.00291442871094
              ],
              [
                -166.46401977539062,
                54.341712951660156
              ],
              [
                -166.019287109375,
                54.27390670776367
              ],
              [
                -166.11729431152344,
                54.341712951660156
              ]
            ]
          ],
          [
            [
              [
                -164.7862091064453,
                54.681121826171875
              ],
              [
                -164.90887451171875,
                54.88506317138672
              ],
              [
                -164.4855499267578,
                54.95309066772461
              ],
              [
                -164.58489990234375,
                55.021148681640625
              ],
              [
                -164.42288208007812,
                55.089229583740234
              ],
              [
                -164.52264404296875,
                55.15733337402344
              ],
              [
                -164.34811401367188,
                55.15733337402344
              ],
              [
                -164.4480438232422,
                55.225467681884766
              ],
              [
                -163.5626983642578,
                55.15733337402344
              ],
              [
                -163.08041381835938,
                54.88506317138672
              ],
              [
                -163.42869567871094,
                54.88506317138672
              ],
              [
                -163.22161865234375,
                54.681121826171875
              ],
              [
                -164.24241638183594,
                54.545284271240234
              ],
              [
                -164.32923889160156,
                54.545284271240234
              ],
              [
                -164.49188232421875,
                54.47740173339844
              ],
              [
                -164.39431762695312,
                54.4095458984375
              ],
              [
                -164.74122619628906,
                54.4095458984375
              ],
              [
                -165.13389587402344,
                54.681121826171875
              ],
              [
                -164.7862091064453,
                54.681121826171875
              ]
            ]
          ],
          [
            [
              [
                -135.1407012939453,
                56.662349700927734
              ],
              [
                -135.57899475097656,
                57.07511901855469
              ],
              [
                -135.93394470214844,
                57.00625228881836
              ],
              [
                -136.1114959716797,
                57.14401626586914
              ],
              [
                -136.02297973632812,
                57.21294021606445
              ],
              [
                -136.1122589111328,
                57.28189468383789
              ],
              [
                -135.93447875976562,
                57.28189468383789
              ],
              [
                -136.02389526367188,
                57.35087585449219
              ],
              [
                -135.757080078125,
                57.35087585449219
              ],
              [
                -135.93630981445312,
                57.488929748535156
              ],
              [
                -135.3134765625,
                57.55800247192383
              ],
              [
                -134.95663452148438,
                57.35087585449219
              ],
              [
                -135.0455780029297,
                57.35087585449219
              ],
              [
                -134.6060791015625,
                56.86860656738281
              ],
              [
                -134.69464111328125,
                56.86860656738281
              ],
              [
                -134.60736083984375,
                56.799827575683594
              ],
              [
                -134.69586181640625,
                56.799827575683594
              ],
              [
                -134.6087646484375,
                56.731075286865234
              ],
              [
                -134.69869995117188,
                56.662349700927734
              ],
              [
                -134.5254669189453,
                56.524986267089844
              ],
              [
                -134.61375427246094,
                56.524986267089844
              ],
              [
                -134.53416442871094,
                56.25059127807617
              ],
              [
                -134.80076599121094,
                56.182064056396484
              ],
              [
                -134.88650512695312,
                56.25059127807617
              ],
              [
                -135.1451416015625,
                56.45634460449219
              ],
              [
                -135.05523681640625,
                56.524986267089844
              ],
              [
                -135.22909545898438,
                56.662349700927734
              ],
              [
                -135.1407012939453,
                56.662349700927734
              ]
            ]
          ],
          [
            [
              [
                -153.766845703125,
                57.07511901855469
              ],
              [
                -153.55795288085938,
                56.86860656738281
              ],
              [
                -154.0893096923828,
                56.86860656738281
              ],
              [
                -154.45440673828125,
                56.937416076660156
              ],
              [
                -154.75428771972656,
                57.14401626586914
              ],
              [
                -154.66551208496094,
                57.14401626586914
              ],
              [
                -154.99244689941406,
                57.488929748535156
              ],
              [
                -154.66123962402344,
                57.62710189819336
              ],
              [
                -154.76319885253906,
                57.696231842041016
              ],
              [
                -153.94798278808594,
                57.62710189819336
              ],
              [
                -154.04949951171875,
                57.696231842041016
              ],
              [
                -153.87106323242188,
                57.696231842041016
              ],
              [
                -154.17694091796875,
                57.903804779052734
              ],
              [
                -153.832275390625,
                57.97305679321289
              ],
              [
                -153.53875732421875,
                57.8345832824707
              ],
              [
                -153.7558135986328,
                58.042335510253906
              ],
              [
                -152.5802001953125,
                57.97305679321289
              ],
              [
                -152.15380859375,
                57.55800247192383
              ],
              [
                -152.32102966308594,
                57.488929748535156
              ],
              [
                -152.22122192382812,
                57.41988754272461
              ],
              [
                -152.7551727294922,
                57.41988754272461
              ],
              [
                -152.55572509765625,
                57.28189468383789
              ],
              [
                -153.00015258789062,
                57.28189468383789
              ],
              [
                -153.0890350341797,
                57.28189468383789
              ],
              [
                -152.9893798828125,
                57.21294021606445
              ],
              [
                -153.2451171875,
                57.14401626586914
              ],
              [
                -153.1354217529297,
                57.00625228881836
              ],
              [
                -153.766845703125,
                57.07511901855469
              ]
            ]
          ],
          [
            [
              [
                22.252349853515625,
                58.66725540161133
              ],
              [
                23.23394203186035,
                58.59769821166992
              ],
              [
                23.119043350219727,
                58.38920593261719
              ],
              [
                22.287872314453125,
                58.180992126464844
              ],
              [
                22.078466415405273,
                57.903804779052734
              ],
              [
                21.899707794189453,
                57.903804779052734
              ],
              [
                22.01906394958496,
                58.180992126464844
              ],
              [
                21.929460525512695,
                58.180992126464844
              ],
              [
                21.847291946411133,
                58.2503662109375
              ],
              [
                21.877241134643555,
                58.528167724609375
              ],
              [
                22.146902084350586,
                58.528167724609375
              ],
              [
                22.252349853515625,
                58.66725540161133
              ]
            ]
          ],
          [
            [
              [
                22.488330841064453,
                59.15507125854492
              ],
              [
                22.841659545898438,
                59.08528518676758
              ],
              [
                22.898815155029297,
                58.80647277832031
              ],
              [
                22.710458755493164,
                58.73685073852539
              ],
              [
                22.620399475097656,
                58.73685073852539
              ],
              [
                22.350223541259766,
                58.73685073852539
              ],
              [
                22.36603355407715,
                58.876129150390625
              ],
              [
                22.185684204101562,
                58.876129150390625
              ],
              [
                22.201353073120117,
                59.015533447265625
              ],
              [
                22.488330841064453,
                59.15507125854492
              ]
            ]
          ],
          [
            [
              [
                -139.38087463378906,
                59.574459075927734
              ],
              [
                -139.0817413330078,
                59.294734954833984
              ],
              [
                -139.54115295410156,
                59.36461639404297
              ],
              [
                -139.92544555664062,
                59.574459075927734
              ],
              [
                -139.7514190673828,
                59.64447021484375
              ],
              [
                -139.84994506835938,
                59.714515686035156
              ],
              [
                -139.66818237304688,
                59.714515686035156
              ],
              [
                -139.87396240234375,
                59.92485809326172
              ],
              [
                -139.78289794921875,
                59.92485809326172
              ],
              [
                -139.88226318359375,
                59.99503707885742
              ],
              [
                -139.5177764892578,
                59.99503707885742
              ],
              [
                -139.22122192382812,
                59.78459548950195
              ],
              [
                -139.40309143066406,
                59.78459548950195
              ],
              [
                -139.19935607910156,
                59.574459075927734
              ],
              [
                -139.38087463378906,
                59.574459075927734
              ]
            ]
          ],
          [
            [
              [
                -150.92237854003906,
                59.64447021484375
              ],
              [
                -151.10401916503906,
                59.64447021484375
              ],
              [
                -150.99830627441406,
                59.574459075927734
              ],
              [
                -151.34640502929688,
                59.504478454589844
              ],
              [
                -151.73976135253906,
                59.64447021484375
              ],
              [
                -152.07611083984375,
                59.92485809326172
              ],
              [
                -151.6958770751953,
                59.85470962524414
              ],
              [
                -151.8029327392578,
                59.92485809326172
              ],
              [
                -151.43869018554688,
                59.92485809326172
              ],
              [
                -151.54579162597656,
                59.99503707885742
              ],
              [
                -151.4546661376953,
                59.99503707885742
              ],
              [
                -151.36354064941406,
                59.99503707885742
              ],
              [
                -151.07444763183594,
                59.92485809326172
              ],
              [
                -150.84649658203125,
                59.714515686035156
              ],
              [
                -151.02825927734375,
                59.714515686035156
              ],
              [
                -150.92237854003906,
                59.64447021484375
              ]
            ]
          ],
          [
            [
              [
                -151.8029327392578,
                59.92485809326172
              ],
              [
                -151.8939971923828,
                59.92485809326172
              ],
              [
                -152.0013885498047,
                59.99503707885742
              ],
              [
                -151.9102783203125,
                59.99503707885742
              ],
              [
                -151.8029327392578,
                59.92485809326172
              ]
            ]
          ],
          [
            [
              [
                -146.14303588867188,
                60.34645080566406
              ],
              [
                -146.3258819580078,
                60.34645080566406
              ],
              [
                -146.4173126220703,
                60.34645080566406
              ],
              [
                -146.60015869140625,
                60.34645080566406
              ],
              [
                -146.82498168945312,
                60.557716369628906
              ],
              [
                -146.4585418701172,
                60.557716369628906
              ],
              [
                -146.14303588867188,
                60.34645080566406
              ]
            ]
          ],
          [
            [
              [
                -149.7649688720703,
                60.9812126159668
              ],
              [
                -150.40696716308594,
                61.335140228271484
              ],
              [
                -150.0377655029297,
                61.335140228271484
              ],
              [
                -150.14842224121094,
                61.40604019165039
              ],
              [
                -149.9636993408203,
                61.40604019165039
              ],
              [
                -150.0745391845703,
                61.47697448730469
              ],
              [
                -149.98211669921875,
                61.47697448730469
              ],
              [
                -149.44573974609375,
                61.547950744628906
              ],
              [
                -148.89561462402344,
                61.193458557128906
              ],
              [
                -149.61549377441406,
                61.12267303466797
              ],
              [
                -149.489013671875,
                60.9812126159668
              ],
              [
                -149.7649688720703,
                60.9812126159668
              ]
            ]
          ],
          [
            [
              [
                35.555599212646484,
                65.22367095947266
              ],
              [
                35.65161895751953,
                65.22367095947266
              ],
              [
                36.13170623779297,
                65.22367095947266
              ],
              [
                36.09128952026367,
                65.07727813720703
              ],
              [
                35.49639892578125,
                65.004150390625
              ],
              [
                35.4595832824707,
                65.22367095947266
              ],
              [
                35.555599212646484,
                65.22367095947266
              ]
            ]
          ],
          [
            [
              [
                48.242610931396484,
                69.41107940673828
              ],
              [
                48.61397171020508,
                69.5640869140625
              ],
              [
                49.52073669433594,
                69.5640869140625
              ],
              [
                49.48503494262695,
                69.487548828125
              ],
              [
                50.31840515136719,
                69.33467864990234
              ],
              [
                50.210609436035156,
                69.10584259033203
              ],
              [
                50.01017761230469,
                69.10584259033203
              ],
              [
                49.70427703857422,
                68.87757110595703
              ],
              [
                48.83641815185547,
                68.7257080078125
              ],
              [
                48.73664093017578,
                68.7257080078125
              ],
              [
                48.3375244140625,
                68.7257080078125
              ],
              [
                48.37113952636719,
                68.8016128540039
              ],
              [
                48.10503005981445,
                68.87757110595703
              ],
              [
                48.242610931396484,
                69.41107940673828
              ]
            ]
          ],
          [
            [
              [
                78.49409484863281,
                72.76475524902344
              ],
              [
                78.56703186035156,
                72.84458923339844
              ],
              [
                78.46212005615234,
                72.84458923339844
              ],
              [
                78.609130859375,
                73.00454711914062
              ],
              [
                79.17945098876953,
                73.1648941040039
              ],
              [
                79.66053009033203,
                73.00454711914062
              ],
              [
                79.58567810058594,
                72.92451477050781
              ],
              [
                79.51129913330078,
                72.84458923339844
              ],
              [
                79.3638916015625,
                72.68501281738281
              ],
              [
                78.73570251464844,
                72.68501281738281
              ],
              [
                78.80852508544922,
                72.76475524902344
              ],
              [
                78.49409484863281,
                72.76475524902344
              ]
            ]
          ],
          [
            [
              [
                74.71952819824219,
                73.2452163696289
              ],
              [
                74.64879608154297,
                73.1648941040039
              ],
              [
                74.75415802001953,
                73.1648941040039
              ],
              [
                74.58014678955078,
                72.84458923339844
              ],
              [
                74.0191650390625,
                72.92451477050781
              ],
              [
                74.08811950683594,
                73.00454711914062
              ],
              [
                73.98297882080078,
                73.00454711914062
              ],
              [
                74.1219711303711,
                73.1648941040039
              ],
              [
                74.4030990600586,
                73.2452163696289
              ],
              [
                74.71952819824219,
                73.2452163696289
              ]
            ]
          ],
          [
            [
              [
                75.61048126220703,
                73.64835357666016
              ],
              [
                76.03469848632812,
                73.64835357666016
              ],
              [
                75.70802307128906,
                73.40616607666016
              ],
              [
                75.39090728759766,
                73.40616607666016
              ],
              [
                75.53680419921875,
                73.56752014160156
              ],
              [
                75.61048126220703,
                73.64835357666016
              ]
            ]
          ],
          [
            [
              [
                81.75879669189453,
                75.28799438476562
              ],
              [
                81.9423599243164,
                75.45452117919922
              ],
              [
                82.03514862060547,
                75.53797912597656
              ],
              [
                82.36205291748047,
                75.53797912597656
              ],
              [
                82.26885223388672,
                75.45452117919922
              ],
              [
                82.377685546875,
                75.45452117919922
              ],
              [
                82.19303894042969,
                75.28799438476562
              ],
              [
                81.75879669189453,
                75.28799438476562
              ]
            ]
          ],
          [
            [
              [
                155.1659393310547,
                50.2459831237793
              ],
              [
                155.08193969726562,
                50.2459831237793
              ],
              [
                155.2189483642578,
                50.37908172607422
              ],
              [
                155.54017639160156,
                50.445655822753906
              ],
              [
                155.74871826171875,
                50.64549255371094
              ],
              [
                155.8187255859375,
                50.71213912963867
              ],
              [
                156.5366668701172,
                50.912200927734375
              ],
              [
                155.83790588378906,
                50.2459831237793
              ],
              [
                155.1299591064453,
                50.04647445678711
              ],
              [
                155.1659393310547,
                50.2459831237793
              ]
            ]
          ],
          [
            [
              [
                179.14337158203125,
                51.64724349975586
              ],
              [
                179.0586395263672,
                51.580322265625
              ],
              [
                179.31309509277344,
                51.580322265625
              ],
              [
                179.1449432373047,
                51.37968063354492
              ],
              [
                178.97555541992188,
                51.37968063354492
              ],
              [
                179.05950927734375,
                51.44654083251953
              ],
              [
                178.80531311035156,
                51.44654083251953
              ],
              [
                178.88941955566406,
                51.51342010498047
              ],
              [
                178.63455200195312,
                51.580322265625
              ],
              [
                179.14337158203125,
                51.64724349975586
              ]
            ]
          ],
          [
            [
              [
                179.65521240234375,
                51.91512680053711
              ],
              [
                179.56924438476562,
                51.84812545776367
              ],
              [
                179.40011596679688,
                51.91512680053711
              ],
              [
                179.5726318359375,
                52.0491943359375
              ],
              [
                179.82798767089844,
                52.0491943359375
              ],
              [
                179.65521240234375,
                51.91512680053711
              ]
            ]
          ],
          [
            [
              [
                177.5294189453125,
                51.91512680053711
              ],
              [
                177.1051025390625,
                51.78114318847656
              ],
              [
                177.35955810546875,
                52.0491943359375
              ],
              [
                177.7006072998047,
                52.11625671386719
              ],
              [
                177.61459350585938,
                51.98215103149414
              ],
              [
                177.5294189453125,
                51.91512680053711
              ]
            ]
          ],
          [
            [
              [
                173.437255859375,
                52.4518928527832
              ],
              [
                173.52218627929688,
                52.51908493041992
              ],
              [
                173.77877807617188,
                52.4518928527832
              ],
              [
                173.4387969970703,
                52.31757736206055
              ],
              [
                173.5232696533203,
                52.38472366333008
              ],
              [
                173.35260009765625,
                52.38472366333008
              ],
              [
                173.437255859375,
                52.4518928527832
              ]
            ]
          ],
          [
            [
              [
                172.92547607421875,
                53.124786376953125
              ],
              [
                173.35264587402344,
                52.99003219604492
              ],
              [
                172.8373565673828,
                52.78806686401367
              ],
              [
                172.7517547607422,
                52.78806686401367
              ],
              [
                172.58055114746094,
                52.78806686401367
              ],
              [
                172.75204467773438,
                52.92268753051758
              ],
              [
                172.58065795898438,
                52.92268753051758
              ],
              [
                172.92547607421875,
                53.124786376953125
              ]
            ]
          ],
          [
            [
              [
                108.59855651855469,
                53.732303619384766
              ],
              [
                108.93309783935547,
                53.93522644042969
              ],
              [
                109.01948547363281,
                53.93522644042969
              ],
              [
                109.10588073730469,
                53.93522644042969
              ],
              [
                108.8687973022461,
                53.52959060668945
              ],
              [
                108.52436065673828,
                53.52959060668945
              ],
              [
                108.59855651855469,
                53.732303619384766
              ]
            ]
          ],
          [
            [
              [
                167.68699645996094,
                54.545284271240234
              ],
              [
                167.77548217773438,
                54.613189697265625
              ],
              [
                167.2574462890625,
                54.74907684326172
              ],
              [
                167.4376220703125,
                54.95309066772461
              ],
              [
                167.87074279785156,
                54.88506317138672
              ],
              [
                167.78138732910156,
                54.817054748535156
              ],
              [
                167.95542907714844,
                54.817054748535156
              ],
              [
                167.86624145507812,
                54.74907684326172
              ],
              [
                168.03807067871094,
                54.681121826171875
              ],
              [
                167.68699645996094,
                54.545284271240234
              ]
            ]
          ],
          [
            [
              [
                138.1513671875,
                55.021148681640625
              ],
              [
                137.63052368164062,
                54.613189697265625
              ],
              [
                137.73260498046875,
                54.545284271240234
              ],
              [
                137.58987426757812,
                54.4095458984375
              ],
              [
                137.4164276123047,
                54.4095458984375
              ],
              [
                137.5436553955078,
                54.613189697265625
              ],
              [
                137.3546142578125,
                54.681121826171875
              ],
              [
                137.41134643554688,
                54.817054748535156
              ],
              [
                137.15028381347656,
                54.817054748535156
              ],
              [
                137.22227478027344,
                54.88506317138672
              ],
              [
                137.1352081298828,
                54.88506317138672
              ],
              [
                137.49790954589844,
                55.225467681884766
              ],
              [
                138.02182006835938,
                55.225467681884766
              ],
              [
                137.96275329589844,
                55.089229583740234
              ],
              [
                138.1513671875,
                55.021148681640625
              ]
            ]
          ],
          [
            [
              [
                137.17779541015625,
                55.089229583740234
              ],
              [
                137.1053466796875,
                55.021148681640625
              ],
              [
                136.87399291992188,
                54.88506317138672
              ],
              [
                136.52572631835938,
                54.88506317138672
              ],
              [
                136.90135192871094,
                55.15733337402344
              ],
              [
                137.25042724609375,
                55.15733337402344
              ],
              [
                137.17779541015625,
                55.089229583740234
              ]
            ]
          ],
          [
            [
              [
                165.70362854003906,
                55.29362487792969
              ],
              [
                165.9704132080078,
                55.430015563964844
              ],
              [
                166.32028198242188,
                55.430015563964844
              ],
              [
                166.2234344482422,
                55.15733337402344
              ],
              [
                166.39797973632812,
                55.15733337402344
              ],
              [
                166.30868530273438,
                55.089229583740234
              ],
              [
                166.48312377929688,
                55.089229583740234
              ],
              [
                166.3939666748047,
                55.021148681640625
              ],
              [
                166.5683135986328,
                55.021148681640625
              ],
              [
                166.47930908203125,
                54.95309066772461
              ],
              [
                166.65354919433594,
                54.95309066772461
              ],
              [
                166.564697265625,
                54.88506317138672
              ],
              [
                166.73715209960938,
                54.817054748535156
              ],
              [
                166.3865509033203,
                54.681121826171875
              ],
              [
                166.47470092773438,
                54.74907684326172
              ],
              [
                166.2137908935547,
                54.74907684326172
              ],
              [
                166.3020477294922,
                54.817054748535156
              ],
              [
                166.0422821044922,
                54.88506317138672
              ],
              [
                165.95521545410156,
                54.88506317138672
              ],
              [
                166.04530334472656,
                55.021148681640625
              ],
              [
                165.78536987304688,
                55.089229583740234
              ],
              [
                165.87628173828125,
                55.225467681884766
              ],
              [
                165.70362854003906,
                55.29362487792969
              ]
            ]
          ],
          [
            [
              [
                164.4806671142578,
                58.876129150390625
              ],
              [
                163.5387420654297,
                58.528167724609375
              ],
              [
                163.26907348632812,
                58.528167724609375
              ],
              [
                163.75927734375,
                58.876129150390625
              ],
              [
                163.66909790039062,
                58.876129150390625
              ],
              [
                163.7766571044922,
                59.015533447265625
              ],
              [
                163.68637084960938,
                59.015533447265625
              ],
              [
                164.25624084472656,
                59.22488784790039
              ],
              [
                164.34671020507812,
                59.22488784790039
              ],
              [
                164.80908203125,
                59.294734954833984
              ],
              [
                164.68907165527344,
                59.08528518676758
              ],
              [
                164.7794189453125,
                59.08528518676758
              ],
              [
                164.4806671142578,
                58.876129150390625
              ]
            ]
          ],
          [
            [
              [
                107.36393737792969,
                77.06378936767578
              ],
              [
                107.58711242675781,
                77.06378936767578
              ],
              [
                107.1536865234375,
                76.72061920166016
              ],
              [
                106.6649169921875,
                76.5499496459961
              ],
              [
                107.90618133544922,
                76.63520812988281
              ],
              [
                108.17769622802734,
                76.8061752319336
              ],
              [
                109.62237548828125,
                76.8061752319336
              ],
              [
                109.76139068603516,
                76.89189147949219
              ],
              [
                110.31779479980469,
                76.89189147949219
              ],
              [
                110.17802429199219,
                76.8061752319336
              ],
              [
                112.06721496582031,
                76.8061752319336
              ],
              [
                111.9257583618164,
                76.72061920166016
              ],
              [
                112.36967468261719,
                76.72061920166016
              ],
              [
                112.19892120361328,
                76.5499496459961
              ],
              [
                112.86299896240234,
                76.5499496459961
              ],
              [
                112.72259521484375,
                76.46484375
              ],
              [
                113.02464294433594,
                76.37987518310547
              ],
              [
                112.88546752929688,
                76.29505920410156
              ],
              [
                113.29768371582031,
                76.21038818359375
              ],
              [
                113.65714263916016,
                76.29505920410156
              ],
              [
                113.51787567138672,
                76.21038818359375
              ],
              [
                113.7380599975586,
                76.21038818359375
              ],
              [
                113.59942626953125,
                76.1258544921875
              ],
              [
                113.7093734741211,
                76.1258544921875
              ],
              [
                113.57152557373047,
                76.04146575927734
              ],
              [
                113.7911376953125,
                76.04146575927734
              ],
              [
                113.6539306640625,
                75.95721435546875
              ],
              [
                114.09259033203125,
                75.95721435546875
              ],
              [
                113.92923736572266,
                75.78911590576172
              ],
              [
                114.03861999511719,
                75.78911590576172
              ],
              [
                113.76908874511719,
                75.6215591430664
              ],
              [
                113.87818908691406,
                75.6215591430664
              ],
              [
                113.72098541259766,
                75.45452117919922
              ],
              [
                113.82981872558594,
                75.45452117919922
              ],
              [
                113.30802917480469,
                75.12195587158203
              ],
              [
                111.81595611572266,
                74.70895385742188
              ],
              [
                110.49813842773438,
                74.54456329345703
              ],
              [
                110.0459213256836,
                74.38063049316406
              ],
              [
                109.91873168945312,
                74.2171401977539
              ],
              [
                109.4743423461914,
                74.05409240722656
              ],
              [
                108.72106170654297,
                73.97272491455078
              ],
              [
                108.06300354003906,
                73.64835357666016
              ],
              [
                107.42667388916016,
                73.64835357666016
              ],
              [
                106.57369232177734,
                73.32563781738281
              ],
              [
                106.15132904052734,
                73.32563781738281
              ],
              [
                105.52774047851562,
                72.92451477050781
              ],
              [
                105.94547271728516,
                73.00454711914062
              ],
              [
                106.15178680419922,
                73.2452163696289
              ],
              [
                107.83942413330078,
                73.2452163696289
              ],
              [
                108.15972900390625,
                73.40616607666016
              ],
              [
                110.39618682861328,
                73.64835357666016
              ],
              [
                111.29757690429688,
                74.13555908203125
              ],
              [
                111.72465515136719,
                74.13555908203125
              ],
              [
                111.48148345947266,
                73.89147186279297
              ],
              [
                112.004150390625,
                73.8103256225586
              ],
              [
                111.8891372680664,
                73.72928619384766
              ],
              [
                112.52616882324219,
                73.72928619384766
              ],
              [
                112.99376678466797,
                74.05409240722656
              ],
              [
                113.20706939697266,
                74.05409240722656
              ],
              [
                113.08872985839844,
                73.97272491455078
              ],
              [
                113.40831756591797,
                73.97272491455078
              ],
              [
                113.2904281616211,
                73.89147186279297
              ],
              [
                113.59849548339844,
                73.8103256225586
              ],
              [
                113.35638427734375,
                73.56752014160156
              ],
              [
                114.437255859375,
                73.72928619384766
              ],
              [
                117.09153747558594,
                73.72928619384766
              ],
              [
                116.9715347290039,
                73.64835357666016
              ],
              [
                117.2896957397461,
                73.64835357666016
              ],
              [
                117.4100570678711,
                73.72928619384766
              ],
              [
                118.89645385742188,
                73.72928619384766
              ],
              [
                118.39991760253906,
                73.32563781738281
              ],
              [
                118.80906677246094,
                73.2452163696289
              ],
              [
                118.6910171508789,
                73.1648941040039
              ],
              [
                120.28575134277344,
                73.2452163696289
              ],
              [
                120.15247344970703,
                73.08467102050781
              ],
              [
                120.67872619628906,
                73.08467102050781
              ],
              [
                120.55989837646484,
                73.00454711914062
              ],
              [
                122.78376007080078,
                73.08467102050781
              ],
              [
                122.6626968383789,
                73.00454711914062
              ],
              [
                123.083251953125,
                73.00454711914062
              ],
              [
                123.32704162597656,
                73.1648941040039
              ],
              [
                123.22167205810547,
                73.1648941040039
              ],
              [
                123.36270141601562,
                73.32563781738281
              ],
              [
                123.06425476074219,
                73.40616607666016
              ],
              [
                123.46183013916016,
                73.72928619384766
              ],
              [
                125.07778930664062,
                73.8103256225586
              ],
              [
                124.94823455810547,
                73.72928619384766
              ],
              [
                125.66796112060547,
                73.64835357666016
              ],
              [
                126.00994873046875,
                73.72928619384766
              ],
              [
                125.85697937011719,
                73.56752014160156
              ],
              [
                126.51639556884766,
                73.64835357666016
              ],
              [
                126.25778198242188,
                73.48678588867188
              ],
              [
                127.57693481445312,
                73.64835357666016
              ],
              [
                127.44603729248047,
                73.56752014160156
              ],
              [
                128.0816650390625,
                73.56752014160156
              ],
              [
                127.95092010498047,
                73.48678588867188
              ],
              [
                128.4552459716797,
                73.40616607666016
              ],
              [
                128.32550048828125,
                73.32563781738281
              ],
              [
                128.95904541015625,
                73.32563781738281
              ],
              [
                128.80596923828125,
                73.1648941040039
              ],
              [
                129.1220703125,
                73.1648941040039
              ],
              [
                128.7390594482422,
                72.92451477050781
              ],
              [
                129.05413818359375,
                72.92451477050781
              ],
              [
                128.9276885986328,
                72.84458923339844
              ],
              [
                129.2212371826172,
                72.76475524902344
              ],
              [
                128.74281311035156,
                72.52581787109375
              ],
              [
                129.47418212890625,
                72.52581787109375
              ],
              [
                129.33148193359375,
                72.36699676513672
              ],
              [
                129.644287109375,
                72.36699676513672
              ],
              [
                129.52142333984375,
                72.2877197265625
              ],
              [
                129.62557983398438,
                72.2877197265625
              ],
              [
                129.15695190429688,
                72.05043029785156
              ],
              [
                128.3105926513672,
                71.97151184082031
              ],
              [
                128.8136444091797,
                71.8926773071289
              ],
              [
                128.6948699951172,
                71.81393432617188
              ],
              [
                129.1090087890625,
                71.81393432617188
              ],
              [
                128.87254333496094,
                71.65669250488281
              ],
              [
                129.38919067382812,
                71.65669250488281
              ],
              [
                129.27137756347656,
                71.57820129394531
              ],
              [
                129.4778289794922,
                71.57820129394531
              ],
              [
                129.36041259765625,
                71.49979400634766
              ],
              [
                129.4635467529297,
                71.49979400634766
              ],
              [
                129.34661865234375,
                71.42146301269531
              ],
              [
                129.55267333984375,
                71.42146301269531
              ],
              [
                129.43614196777344,
                71.34321594238281
              ],
              [
                130.0399932861328,
                71.26505279541016
              ],
              [
                129.92391967773438,
                71.18696594238281
              ],
              [
                130.2321014404297,
                71.18696594238281
              ],
              [
                130.1162872314453,
                71.10896301269531
              ],
              [
                130.32156372070312,
                71.10896301269531
              ],
              [
                130.2061004638672,
                71.0310287475586
              ],
              [
                130.61624145507812,
                71.0310287475586
              ],
              [
                130.50094604492188,
                70.95317840576172
              ],
              [
                131.1025848388672,
                70.87539672851562
              ],
              [
                130.98768615722656,
                70.79769897460938
              ],
              [
                131.19216918945312,
                70.79769897460938
              ],
              [
                131.89093017578125,
                71.26505279541016
              ],
              [
                131.78810119628906,
                71.26505279541016
              ],
              [
                131.93865966796875,
                71.49979400634766
              ],
              [
                131.8355255126953,
                71.49979400634766
              ],
              [
                132.4602813720703,
                71.97151184082031
              ],
              [
                132.87525939941406,
                71.97151184082031
              ],
              [
                132.75192260742188,
                71.8926773071289
              ],
              [
                132.95919799804688,
                71.8926773071289
              ],
              [
                132.8363037109375,
                71.81393432617188
              ],
              [
                133.14691162109375,
                71.81393432617188
              ],
              [
                133.02438354492188,
                71.73527526855469
              ],
              [
                133.2312469482422,
                71.73527526855469
              ],
              [
                133.10914611816406,
                71.65669250488281
              ],
              [
                133.6070556640625,
                71.57820129394531
              ],
              [
                133.485595703125,
                71.49979400634766
              ],
              [
                134.72315979003906,
                71.49979400634766
              ],
              [
                135.71365356445312,
                71.73527526855469
              ],
              [
                136.33425903320312,
                71.73527526855469
              ],
              [
                136.20909118652344,
                71.65669250488281
              ],
              [
                136.7257537841797,
                71.65669250488281
              ],
              [
                136.60073852539062,
                71.57820129394531
              ],
              [
                137.01365661621094,
                71.57820129394531
              ],
              [
                136.8888702392578,
                71.49979400634766
              ],
              [
                137.40452575683594,
                71.49979400634766
              ],
              [
                137.27987670898438,
                71.42146301269531
              ],
              [
                137.48593139648438,
                71.42146301269531
              ],
              [
                137.36170959472656,
                71.34321594238281
              ],
              [
                137.77342224121094,
                71.34321594238281
              ],
              [
                137.920166015625,
                71.49979400634766
              ],
              [
                137.81704711914062,
                71.49979400634766
              ],
              [
                138.06906127929688,
                71.65669250488281
              ],
              [
                138.60980224609375,
                71.73527526855469
              ],
              [
                139.02352905273438,
                71.73527526855469
              ],
              [
                138.89572143554688,
                71.65669250488281
              ],
              [
                139.10238647460938,
                71.65669250488281
              ],
              [
                138.97503662109375,
                71.57820129394531
              ],
              [
                139.69764709472656,
                71.57820129394531
              ],
              [
                139.82571411132812,
                71.65669250488281
              ],
              [
                139.5406951904297,
                71.73527526855469
              ],
              [
                139.66969299316406,
                71.81393432617188
              ],
              [
                139.3590850830078,
                71.81393432617188
              ],
              [
                139.5147705078125,
                71.97151184082031
              ],
              [
                139.41102600097656,
                71.97151184082031
              ],
              [
                139.8048553466797,
                72.20853424072266
              ],
              [
                139.0491485595703,
                72.12944030761719
              ],
              [
                139.18051147460938,
                72.20853424072266
              ],
              [
                138.972412109375,
                72.20853424072266
              ],
              [
                139.1042938232422,
                72.2877197265625
              ],
              [
                139.00013732910156,
                72.2877197265625
              ],
              [
                139.639404296875,
                72.6053695678711
              ],
              [
                140.23585510253906,
                72.52581787109375
              ],
              [
                140.68531799316406,
                72.6053695678711
              ],
              [
                140.82212829589844,
                72.68501281738281
              ],
              [
                140.61273193359375,
                72.68501281738281
              ],
              [
                140.7501220703125,
                72.76475524902344
              ],
              [
                140.64532470703125,
                72.76475524902344
              ],
              [
                140.92236328125,
                72.92451477050781
              ],
              [
                141.3424835205078,
                72.92451477050781
              ],
              [
                141.20309448242188,
                72.84458923339844
              ],
              [
                146.05706787109375,
                72.68501281738281
              ],
              [
                145.91482543945312,
                72.6053695678711
              ],
              [
                146.81822204589844,
                72.52581787109375
              ],
              [
                146.49977111816406,
                72.2877197265625
              ],
              [
                145.8748016357422,
                72.2877197265625
              ],
              [
                145.59805297851562,
                72.12944030761719
              ],
              [
                146.01385498046875,
                72.12944030761719
              ],
              [
                145.6031494140625,
                71.8926773071289
              ],
              [
                145.18858337402344,
                71.8926773071289
              ],
              [
                145.05355834960938,
                71.81393432617188
              ],
              [
                145.26063537597656,
                71.81393432617188
              ],
              [
                145.12611389160156,
                71.73527526855469
              ],
              [
                145.88185119628906,
                71.81393432617188
              ],
              [
                147.4071807861328,
                72.44635772705078
              ],
              [
                149.62461853027344,
                72.2877197265625
              ],
              [
                149.4820556640625,
                72.20853424072266
              ],
              [
                149.89828491210938,
                72.20853424072266
              ],
              [
                149.75608825683594,
                72.12944030761719
              ],
              [
                150.0679473876953,
                72.12944030761719
              ],
              [
                149.9262237548828,
                72.05043029785156
              ],
              [
                150.1339111328125,
                72.05043029785156
              ],
              [
                149.9927520751953,
                71.97151184082031
              ],
              [
                150.0964813232422,
                71.97151184082031
              ],
              [
                149.81622314453125,
                71.81393432617188
              ],
              [
                148.95315551757812,
                71.73527526855469
              ],
              [
                150.09092712402344,
                71.73527526855469
              ],
              [
                149.91746520996094,
                71.57820129394531
              ],
              [
                150.74330139160156,
                71.57820129394531
              ],
              [
                150.57064819335938,
                71.42146301269531
              ],
              [
                151.8070068359375,
                71.42146301269531
              ],
              [
                151.6688995361328,
                71.34321594238281
              ],
              [
                152.0806121826172,
                71.34321594238281
              ],
              [
                151.9427947998047,
                71.26505279541016
              ],
              [
                152.21656799316406,
                71.18696594238281
              ],
              [
                152.0127716064453,
                70.95317840576172
              ],
              [
                152.6273956298828,
                70.95317840576172
              ],
              [
                152.49168395996094,
                70.87539672851562
              ],
              [
                153.20806884765625,
                70.87539672851562
              ],
              [
                155.50396728515625,
                71.18696594238281
              ],
              [
                157.25039672851562,
                71.18696594238281
              ],
              [
                157.10870361328125,
                71.10896301269531
              ],
              [
                158.2376708984375,
                71.10896301269531
              ],
              [
                158.09556579589844,
                71.0310287475586
              ],
              [
                159.3882598876953,
                70.95317840576172
              ],
              [
                159.2461395263672,
                70.87539672851562
              ],
              [
                159.65548706054688,
                70.87539672851562
              ],
              [
                159.51364135742188,
                70.79769897460938
              ],
              [
                159.82037353515625,
                70.79769897460938
              ],
              [
                159.67886352539062,
                70.7200698852539
              ],
              [
                160.1503143310547,
                70.64251708984375
              ],
              [
                159.97119140625,
                70.48763275146484
              ],
              [
                160.17491149902344,
                70.48763275146484
              ],
              [
                159.92349243164062,
                70.17870330810547
              ],
              [
                160.12646484375,
                70.17870330810547
              ],
              [
                159.78009033203125,
                69.8708724975586
              ],
              [
                161.022705078125,
                69.71734619140625
              ],
              [
                160.88644409179688,
                69.64068603515625
              ],
              [
                164.39227294921875,
                69.79407501220703
              ],
              [
                164.2525634765625,
                69.71734619140625
              ],
              [
                166.89659118652344,
                69.5640869140625
              ],
              [
                168.20126342773438,
                70.10164642333984
              ],
              [
                169.0124053955078,
                70.10164642333984
              ],
              [
                168.8667449951172,
                70.024658203125
              ],
              [
                169.63253784179688,
                69.9477310180664
              ],
              [
                169.4434814453125,
                69.79407501220703
              ],
              [
                169.5445098876953,
                69.79407501220703
              ],
              [
                169.11312866210938,
                69.5640869140625
              ],
              [
                168.34878540039062,
                69.64068603515625
              ],
              [
                168.20635986328125,
                69.5640869140625
              ],
              [
                168.40786743164062,
                69.5640869140625
              ],
              [
                168.26583862304688,
                69.487548828125
              ],
              [
                168.3665008544922,
                69.487548828125
              ],
              [
                168.22491455078125,
                69.41107940673828
              ],
              [
                168.42605590820312,
                69.41107940673828
              ],
              [
                168.28485107421875,
                69.33467864990234
              ],
              [
                169.34890747070312,
                69.25833129882812
              ],
              [
                169.2077178955078,
                69.18205261230469
              ],
              [
                169.50863647460938,
                69.18205261230469
              ],
              [
                169.3677215576172,
                69.10584259033203
              ],
              [
                169.6278533935547,
                69.0296859741211
              ],
              [
                169.44793701171875,
                68.87757110595703
              ],
              [
                170.4474639892578,
                68.87757110595703
              ],
              [
                170.8709716796875,
                69.10584259033203
              ],
              [
                170.770751953125,
                69.10584259033203
              ],
              [
                170.9552001953125,
                69.25833129882812
              ],
              [
                170.65402221679688,
                69.25833129882812
              ],
              [
                170.7969207763672,
                69.33467864990234
              ],
              [
                170.53807067871094,
                69.41107940673828
              ],
              [
                170.6817169189453,
                69.487548828125
              ],
              [
                170.4803924560547,
                69.487548828125
              ],
              [
                170.62440490722656,
                69.5640869140625
              ],
              [
                169.96224975585938,
                69.64068603515625
              ],
              [
                170.4983673095703,
                69.8708724975586
              ],
              [
                170.39724731445312,
                69.8708724975586
              ],
              [
                170.5434112548828,
                69.9477310180664
              ],
              [
                170.3409881591797,
                69.9477310180664
              ],
              [
                170.6809539794922,
                70.17870330810547
              ],
              [
                171.7972869873047,
                70.17870330810547
              ],
              [
                171.64862060546875,
                70.10164642333984
              ],
              [
                172.86532592773438,
                70.10164642333984
              ],
              [
                172.7161407470703,
                70.024658203125
              ],
              [
                173.121337890625,
                70.024658203125
              ],
              [
                172.97238159179688,
                69.9477310180664
              ],
              [
                173.1748046875,
                69.9477310180664
              ],
              [
                173.02626037597656,
                69.8708724975586
              ],
              [
                176.31224060058594,
                69.9477310180664
              ],
              [
                176.1608428955078,
                69.8708724975586
              ],
              [
                177.8279571533203,
                69.64068603515625
              ],
              [
                177.67703247070312,
                69.5640869140625
              ],
              [
                178.8860626220703,
                69.5640869140625
              ],
              [
                178.73464965820312,
                69.487548828125
              ],
              [
                178.98611450195312,
                69.41107940673828
              ],
              [
                178.83551025390625,
                69.33467864990234
              ],
              [
                179.5388946533203,
                69.33467864990234
              ],
              [
                179.3882598876953,
                69.25833129882812
              ],
              [
                179.78982543945312,
                69.25833129882812
              ],
              [
                179.639404296875,
                69.18205261230469
              ],
              [
                180.0,
                69.10584259033203
              ],
              [
                180.0,
                65.07727813720703
              ],
              [
                178.73532104492188,
                64.63926696777344
              ],
              [
                177.52679443359375,
                64.71215057373047
              ],
              [
                177.33596801757812,
                64.49365234375
              ],
              [
                177.5902862548828,
                64.4209213256836
              ],
              [
                177.46380615234375,
                64.34822845458984
              ],
              [
                177.84437561035156,
                64.34822845458984
              ],
              [
                177.7179718017578,
                64.27558898925781
              ],
              [
                178.44720458984375,
                64.4209213256836
              ],
              [
                178.32008361816406,
                64.34822845458984
              ],
              [
                178.51036071777344,
                64.34822845458984
              ],
              [
                178.3834686279297,
                64.27558898925781
              ],
              [
                178.5736083984375,
                64.27558898925781
              ],
              [
                178.44692993164062,
                64.20299530029297
              ],
              [
                178.7003173828125,
                64.13044738769531
              ],
              [
                178.54296875,
                63.98548889160156
              ],
              [
                178.8909454345703,
                63.91307830810547
              ],
              [
                178.57955932617188,
                63.623897552490234
              ],
              [
                179.0214385986328,
                63.55171203613281
              ],
              [
                178.8970489501953,
                63.479576110839844
              ],
              [
                179.14993286132812,
                63.4074821472168
              ],
              [
                179.02597045898438,
                63.33543014526367
              ],
              [
                179.40260314941406,
                63.33543014526367
              ],
              [
                179.27871704101562,
                63.263427734375
              ],
              [
                179.46690368652344,
                63.263427734375
              ],
              [
                179.25575256347656,
                62.9758415222168
              ],
              [
                179.6957550048828,
                62.904052734375
              ],
              [
                179.57321166992188,
                62.83230972290039
              ],
              [
                179.7605743408203,
                62.83230972290039
              ],
              [
                179.51625061035156,
                62.68894577026367
              ],
              [
                179.6097869873047,
                62.68894577026367
              ],
              [
                179.00460815429688,
                62.331268310546875
              ],
              [
                178.56529235839844,
                62.4027214050293
              ],
              [
                178.6855926513672,
                62.474212646484375
              ],
              [
                178.1255340576172,
                62.474212646484375
              ],
              [
                178.24575805664062,
                62.54574966430664
              ],
              [
                177.05764770507812,
                62.61732482910156
              ],
              [
                174.55413818359375,
                61.832237243652344
              ],
              [
                173.58316040039062,
                61.69001388549805
              ],
              [
                173.12901306152344,
                61.40604019165039
              ],
              [
                172.8519287109375,
                61.40604019165039
              ],
              [
                172.4230194091797,
                61.193458557128906
              ],
              [
                172.070556640625,
                60.91054153442383
              ],
              [
                171.48287963867188,
                60.76930236816406
              ],
              [
                171.15518188476562,
                60.557716369628906
              ],
              [
                170.68035888671875,
                60.48725891113281
              ],
              [
                170.52369689941406,
                60.20578384399414
              ],
              [
                170.61500549316406,
                60.20578384399414
              ],
              [
                170.27923583984375,
                59.92485809326172
              ],
              [
                170.0060577392578,
                59.92485809326172
              ],
              [
                170.11219787597656,
                59.99503707885742
              ],
              [
                169.85391235351562,
                60.065250396728516
              ],
              [
                169.9604034423828,
                60.135501861572266
              ],
              [
                169.7779083251953,
                60.135501861572266
              ],
              [
                169.8845672607422,
                60.20578384399414
              ],
              [
                169.70196533203125,
                60.20578384399414
              ],
              [
                169.8087921142578,
                60.276100158691406
              ],
              [
                169.62606811523438,
                60.276100158691406
              ],
              [
                169.7330780029297,
                60.34645080566406
              ],
              [
                169.5502166748047,
                60.34645080566406
              ],
              [
                169.6573944091797,
                60.416839599609375
              ],
              [
                169.47442626953125,
                60.416839599609375
              ],
              [
                169.58177185058594,
                60.48725891113281
              ],
              [
                168.95652770996094,
                60.557716369628906
              ],
              [
                169.06398010253906,
                60.628211975097656
              ],
              [
                168.42227172851562,
                60.628211975097656
              ],
              [
                166.99029541015625,
                60.34645080566406
              ],
              [
                166.06607055664062,
                59.78459548950195
              ],
              [
                165.88418579101562,
                59.78459548950195
              ],
              [
                166.01174926757812,
                59.99503707885742
              ],
              [
                165.92062377929688,
                59.99503707885742
              ],
              [
                166.12820434570312,
                60.135501861572266
              ],
              [
                166.03697204589844,
                60.135501861572266
              ],
              [
                166.1944580078125,
                60.48725891113281
              ],
              [
                165.41070556640625,
                60.20578384399414
              ],
              [
                164.79290771484375,
                59.78459548950195
              ],
              [
                164.4513397216797,
                59.92485809326172
              ],
              [
                164.56536865234375,
                60.065250396728516
              ],
              [
                163.64259338378906,
                59.99503707885742
              ],
              [
                163.21714782714844,
                59.574459075927734
              ],
              [
                163.39866638183594,
                59.574459075927734
              ],
              [
                163.27935791015625,
                59.36461639404297
              ],
              [
                163.3699493408203,
                59.36461639404297
              ],
              [
                163.170654296875,
                59.22488784790039
              ],
              [
                163.26112365722656,
                59.22488784790039
              ],
              [
                162.3843231201172,
                58.66725540161133
              ],
              [
                162.47433471679688,
                58.66725540161133
              ],
              [
                162.1837158203125,
                58.45867156982422
              ],
              [
                162.27354431152344,
                58.45867156982422
              ],
              [
                162.0810089111328,
                58.31977081298828
              ],
              [
                162.1707305908203,
                58.31977081298828
              ],
              [
                161.97914123535156,
                58.180992126464844
              ],
              [
                162.06874084472656,
                58.180992126464844
              ],
              [
                161.9675750732422,
                58.042335510253906
              ],
              [
                162.23033142089844,
                57.97305679321289
              ],
              [
                162.1353759765625,
                57.903804779052734
              ],
              [
                162.40350341796875,
                57.903804779052734
              ],
              [
                162.59400939941406,
                58.042335510253906
              ],
              [
                162.86248779296875,
                58.042335510253906
              ],
              [
                162.76693725585938,
                57.97305679321289
              ],
              [
                163.1246795654297,
                57.97305679321289
              ],
              [
                163.02915954589844,
                57.903804779052734
              ],
              [
                163.3805389404297,
                57.8345832824707
              ],
              [
                162.71458435058594,
                57.28189468383789
              ],
              [
                162.89234924316406,
                57.28189468383789
              ],
              [
                162.7989959716797,
                57.21294021606445
              ],
              [
                162.8878173828125,
                57.21294021606445
              ],
              [
                162.7788543701172,
                56.86860656738281
              ],
              [
                163.30630493164062,
                56.799827575683594
              ],
              [
                163.21409606933594,
                56.731075286865234
              ],
              [
                163.39100646972656,
                56.731075286865234
              ],
              [
                163.29547119140625,
                56.59365463256836
              ],
              [
                163.47216796875,
                56.59365463256836
              ],
              [
                163.3804473876953,
                56.524986267089844
              ],
              [
                163.46873474121094,
                56.524986267089844
              ],
              [
                163.37722778320312,
                56.45634460449219
              ],
              [
                163.46234130859375,
                56.387733459472656
              ],
              [
                163.0092315673828,
                56.04508590698242
              ],
              [
                162.56959533691406,
                56.04508590698242
              ],
              [
                162.65945434570312,
                56.11355972290039
              ],
              [
                162.48348999023438,
                56.11355972290039
              ],
              [
                162.57566833496094,
                56.25059127807617
              ],
              [
                162.48757934570312,
                56.25059127807617
              ],
              [
                162.75953674316406,
                56.45634460449219
              ],
              [
                162.58303833007812,
                56.45634460449219
              ],
              [
                161.9527130126953,
                55.97663879394531
              ],
              [
                162.04058837890625,
                55.97663879394531
              ],
              [
                161.77330017089844,
                55.70311737060547
              ],
              [
                161.8609619140625,
                55.70311737060547
              ],
              [
                161.77273559570312,
                55.63479995727539
              ],
              [
                161.8603515625,
                55.63479995727539
              ],
              [
                161.77232360839844,
                55.56651306152344
              ],
              [
                161.85989379882812,
                55.56651306152344
              ],
              [
                161.7723388671875,
                55.225467681884766
              ],
              [
                161.9469757080078,
                55.225467681884766
              ],
              [
                161.8600311279297,
                55.15733337402344
              ],
              [
                162.03457641601562,
                55.15733337402344
              ],
              [
                161.94776916503906,
                55.089229583740234
              ],
              [
                162.12220764160156,
                55.089229583740234
              ],
              [
                162.03553771972656,
                55.021148681640625
              ],
              [
                162.2098846435547,
                55.021148681640625
              ],
              [
                162.1233673095703,
                54.95309066772461
              ],
              [
                162.2112274169922,
                54.88506317138672
              ],
              [
                161.69801330566406,
                54.47740173339844
              ],
              [
                160.7410430908203,
                54.545284271240234
              ],
              [
                160.0619659423828,
                54.20612335205078
              ],
              [
                159.89620971679688,
                54.07062530517578
              ],
              [
                159.986572265625,
                54.00291442871094
              ],
              [
                159.8264923095703,
                53.799922943115234
              ],
              [
                159.9127960205078,
                53.799922943115234
              ],
              [
                159.85081481933594,
                53.462066650390625
              ],
              [
                160.02294921875,
                53.462066650390625
              ],
              [
                159.94215393066406,
                53.39456558227539
              ],
              [
                160.1141815185547,
                53.39456558227539
              ],
              [
                160.03355407714844,
                53.32708740234375
              ],
              [
                160.125,
                53.25962829589844
              ],
              [
                159.96478271484375,
                53.124786376953125
              ],
              [
                159.707275390625,
                53.124786376953125
              ],
              [
                159.78713989257812,
                53.192195892333984
              ],
              [
                159.52354431152344,
                53.25962829589844
              ],
              [
                158.77664184570312,
                52.99003219604492
              ],
              [
                158.4711151123047,
                52.653533935546875
              ],
              [
                158.55662536621094,
                52.653533935546875
              ],
              [
                158.4871826171875,
                52.51908493041992
              ],
              [
                158.58921813964844,
                52.38472366333008
              ],
              [
                158.2175750732422,
                51.98215103149414
              ],
              [
                158.30264282226562,
                51.98215103149414
              ],
              [
                156.77682495117188,
                50.97892379760742
              ],
              [
                156.60794067382812,
                50.97892379760742
              ],
              [
                156.66671752929688,
                51.112430572509766
              ],
              [
                156.49766540527344,
                51.112430572509766
              ],
              [
                156.55711364746094,
                51.24601745605469
              ],
              [
                156.3878936767578,
                51.24601745605469
              ],
              [
                156.41250610351562,
                51.580322265625
              ],
              [
                156.32769775390625,
                51.580322265625
              ],
              [
                156.40101623535156,
                51.64724349975586
              ],
              [
                156.31614685058594,
                51.64724349975586
              ],
              [
                156.38966369628906,
                51.71418380737305
              ],
              [
                156.3047637939453,
                51.71418380737305
              ],
              [
                156.3784942626953,
                51.78114318847656
              ],
              [
                156.29354858398438,
                51.78114318847656
              ],
              [
                156.3674774169922,
                51.84812545776367
              ],
              [
                156.28248596191406,
                51.84812545776367
              ],
              [
                156.35662841796875,
                51.91512680053711
              ],
              [
                156.27159118652344,
                51.91512680053711
              ],
              [
                156.34593200683594,
                51.98215103149414
              ],
              [
                156.26084899902344,
                51.98215103149414
              ],
              [
                156.33538818359375,
                52.0491943359375
              ],
              [
                156.25027465820312,
                52.0491943359375
              ],
              [
                156.3250274658203,
                52.11625671386719
              ],
              [
                156.2398681640625,
                52.11625671386719
              ],
              [
                156.31480407714844,
                52.18334197998047
              ],
              [
                156.22959899902344,
                52.18334197998047
              ],
              [
                156.30474853515625,
                52.250450134277344
              ],
              [
                156.21949768066406,
                52.250450134277344
              ],
              [
                156.29486083984375,
                52.31757736206055
              ],
              [
                156.20956420898438,
                52.31757736206055
              ],
              [
                156.2851104736328,
                52.38472366333008
              ],
              [
                156.11444091796875,
                52.38472366333008
              ],
              [
                156.17135620117188,
                52.586299896240234
              ],
              [
                156.0004119873047,
                52.586299896240234
              ],
              [
                156.07667541503906,
                52.653533935546875
              ],
              [
                155.9056396484375,
                52.653533935546875
              ],
              [
                155.9471893310547,
                52.99003219604492
              ],
              [
                155.8614501953125,
                52.99003219604492
              ],
              [
                155.9388427734375,
                53.057395935058594
              ],
              [
                155.85305786132812,
                53.057395935058594
              ],
              [
                155.93064880371094,
                53.124786376953125
              ],
              [
                155.84481811523438,
                53.124786376953125
              ],
              [
                155.922607421875,
                53.192195892333984
              ],
              [
                155.83673095703125,
                53.192195892333984
              ],
              [
                155.9147186279297,
                53.25962829589844
              ],
              [
                155.82879638671875,
                53.25962829589844
              ],
              [
                155.90696716308594,
                53.32708740234375
              ],
              [
                155.8209991455078,
                53.32708740234375
              ],
              [
                155.8993682861328,
                53.39456558227539
              ],
              [
                155.8133544921875,
                53.39456558227539
              ],
              [
                155.8919219970703,
                53.462066650390625
              ],
              [
                155.8058624267578,
                53.462066650390625
              ],
              [
                155.88461303710938,
                53.52959060668945
              ],
              [
                155.7985076904297,
                53.52959060668945
              ],
              [
                155.87745666503906,
                53.597137451171875
              ],
              [
                155.79129028320312,
                53.597137451171875
              ],
              [
                155.8704376220703,
                53.664710998535156
              ],
              [
                155.78424072265625,
                53.664710998535156
              ],
              [
                155.86355590820312,
                53.732303619384766
              ],
              [
                155.77731323242188,
                53.732303619384766
              ],
              [
                155.85682678222656,
                53.799922943115234
              ],
              [
                155.77053833007812,
                53.799922943115234
              ],
              [
                155.85025024414062,
                53.86756134033203
              ],
              [
                155.67755126953125,
                53.86756134033203
              ],
              [
                155.7328338623047,
                54.20612335205078
              ],
              [
                155.64625549316406,
                54.20612335205078
              ],
              [
                155.72705078125,
                54.27390670776367
              ],
              [
                155.5537872314453,
                54.27390670776367
              ],
              [
                155.61325073242188,
                54.613189697265625
              ],
              [
                155.52638244628906,
                54.613189697265625
              ],
              [
                155.6082305908203,
                54.681121826171875
              ],
              [
                155.43438720703125,
                54.681121826171875
              ],
              [
                155.49790954589844,
                55.021148681640625
              ],
              [
                155.41073608398438,
                55.021148681640625
              ],
              [
                155.49362182617188,
                55.089229583740234
              ],
              [
                155.40640258789062,
                55.089229583740234
              ],
              [
                155.4894561767578,
                55.15733337402344
              ],
              [
                155.40219116210938,
                55.15733337402344
              ],
              [
                155.48544311523438,
                55.225467681884766
              ],
              [
                155.3981170654297,
                55.225467681884766
              ],
              [
                155.48153686523438,
                55.29362487792969
              ],
              [
                155.3941650390625,
                55.29362487792969
              ],
              [
                155.56161499023438,
                55.430015563964844
              ],
              [
                155.47064208984375,
                55.498252868652344
              ],
              [
                155.55484008789062,
                55.56651306152344
              ],
              [
                155.46726989746094,
                55.56651306152344
              ],
              [
                155.548583984375,
                55.70311737060547
              ],
              [
                155.46092224121094,
                55.70311737060547
              ],
              [
                155.63064575195312,
                55.83982467651367
              ],
              [
                155.5402069091797,
                55.90821838378906
              ],
              [
                155.62554931640625,
                55.97663879394531
              ],
              [
                155.5376739501953,
                55.97663879394531
              ],
              [
                155.6232147216797,
                56.04508590698242
              ],
              [
                155.5352783203125,
                56.04508590698242
              ],
              [
                155.7069549560547,
                56.182064056396484
              ],
              [
                155.61697387695312,
                56.25059127807617
              ],
              [
                155.7032928466797,
                56.319149017333984
              ],
              [
                155.6151580810547,
                56.319149017333984
              ],
              [
                155.78842163085938,
                56.45634460449219
              ],
              [
                155.69882202148438,
                56.524986267089844
              ],
              [
                156.84922790527344,
                57.35087585449219
              ],
              [
                156.7602996826172,
                57.35087585449219
              ],
              [
                156.94064331054688,
                57.488929748535156
              ],
              [
                156.76254272460938,
                57.488929748535156
              ],
              [
                156.85450744628906,
                57.62710189819336
              ],
              [
                156.67774963378906,
                57.696231842041016
              ],
              [
                156.8620147705078,
                57.903804779052734
              ],
              [
                157.3958740234375,
                57.8345832824707
              ],
              [
                157.67202758789062,
                58.042335510253906
              ],
              [
                158.39501953125,
                58.180992126464844
              ],
              [
                159.22915649414062,
                58.59769821166992
              ],
              [
                159.6112518310547,
                58.876129150390625
              ],
              [
                159.5269775390625,
                58.94581604003906
              ],
              [
                160.50228881835938,
                59.64447021484375
              ],
              [
                160.87393188476562,
                59.714515686035156
              ],
              [
                161.5660858154297,
                60.135501861572266
              ],
              [
                161.99412536621094,
                60.557716369628906
              ],
              [
                162.6585693359375,
                60.69873809814453
              ],
              [
                163.0622100830078,
                60.91054153442383
              ],
              [
                163.33798217773438,
                60.91054153442383
              ],
              [
                163.23353576660156,
                60.83990478515625
              ],
              [
                163.3253936767578,
                60.83990478515625
              ],
              [
                163.62667846679688,
                60.9812126159668
              ],
              [
                163.35072326660156,
                60.9812126159668
              ],
              [
                163.8784637451172,
                61.335140228271484
              ],
              [
                163.78616333007812,
                61.335140228271484
              ],
              [
                163.89251708984375,
                61.40604019165039
              ],
              [
                163.6154327392578,
                61.40604019165039
              ],
              [
                163.7361602783203,
                61.547950744628906
              ],
              [
                163.6436767578125,
                61.547950744628906
              ],
              [
                163.8578338623047,
                61.69001388549805
              ],
              [
                163.7652130126953,
                61.69001388549805
              ],
              [
                163.98045349121094,
                61.832237243652344
              ],
              [
                163.8876953125,
                61.832237243652344
              ],
              [
                164.01112365722656,
                61.97461700439453
              ],
              [
                163.8253631591797,
                61.97461700439453
              ],
              [
                163.949462890625,
                62.117156982421875
              ],
              [
                163.85646057128906,
                62.117156982421875
              ],
              [
                164.2005615234375,
                62.4027214050293
              ],
              [
                164.6077880859375,
                62.54574966430664
              ],
              [
                164.51437377929688,
                62.54574966430664
              ],
              [
                164.62510681152344,
                62.61732482910156
              ],
              [
                164.4381561279297,
                62.61732482910156
              ],
              [
                164.549072265625,
                62.68894577026367
              ],
              [
                163.30003356933594,
                62.54574966430664
              ],
              [
                163.1904754638672,
                62.474212646484375
              ],
              [
                163.47052001953125,
                62.474212646484375
              ],
              [
                163.14308166503906,
                62.259857177734375
              ],
              [
                163.23623657226562,
                62.259857177734375
              ],
              [
                163.06753540039062,
                61.90340805053711
              ],
              [
                163.42393493652344,
                61.832237243652344
              ],
              [
                162.9962158203125,
                61.547950744628906
              ],
              [
                162.7324676513672,
                61.618961334228516
              ],
              [
                162.8389892578125,
                61.69001388549805
              ],
              [
                162.26968383789062,
                61.618961334228516
              ],
              [
                160.74266052246094,
                60.76930236816406
              ],
              [
                160.1717529296875,
                60.628211975097656
              ],
              [
                159.9884033203125,
                60.628211975097656
              ],
              [
                160.23402404785156,
                61.05192565917969
              ],
              [
                159.6713409423828,
                60.9812126159668
              ],
              [
                159.8172149658203,
                61.335140228271484
              ],
              [
                159.7248992919922,
                61.335140228271484
              ],
              [
                160.24557495117188,
                61.69001388549805
              ],
              [
                160.1529541015625,
                61.69001388549805
              ],
              [
                160.28302001953125,
                61.90340805053711
              ],
              [
                159.68984985351562,
                61.69001388549805
              ],
              [
                159.31935119628906,
                61.69001388549805
              ],
              [
                159.42372131347656,
                61.7611083984375
              ],
              [
                159.15736389160156,
                61.832237243652344
              ],
              [
                159.2620391845703,
                61.90340805053711
              ],
              [
                158.9835968017578,
                61.90340805053711
              ],
              [
                157.09642028808594,
                61.69001388549805
              ],
              [
                155.48977661132812,
                60.557716369628906
              ],
              [
                154.83067321777344,
                60.34645080566406
              ],
              [
                154.53536987304688,
                60.065250396728516
              ],
              [
                154.6265411376953,
                60.065250396728516
              ],
              [
                154.2480926513672,
                59.85470962524414
              ],
              [
                154.42141723632812,
                59.714515686035156
              ],
              [
                154.13734436035156,
                59.504478454589844
              ],
              [
                154.96221923828125,
                59.64447021484375
              ],
              [
                154.8671112060547,
                59.574459075927734
              ],
              [
                155.22152709960938,
                59.434532165527344
              ],
              [
                155.12295532226562,
                59.294734954833984
              ],
              [
                155.21348571777344,
                59.294734954833984
              ],
              [
                154.9347686767578,
                59.15507125854492
              ],
              [
                154.39547729492188,
                59.22488784790039
              ],
              [
                154.20863342285156,
                59.08528518676758
              ],
              [
                153.7568817138672,
                59.08528518676758
              ],
              [
                153.84988403320312,
                59.15507125854492
              ],
              [
                153.40036010742188,
                59.22488784790039
              ],
              [
                153.0341033935547,
                59.08528518676758
              ],
              [
                152.8481903076172,
                58.876129150390625
              ],
              [
                152.48886108398438,
                58.94581604003906
              ],
              [
                152.58065795898438,
                59.015533447265625
              ],
              [
                152.21949768066406,
                59.015533447265625
              ],
              [
                152.03662109375,
                58.876129150390625
              ],
              [
                151.2250518798828,
                58.876129150390625
              ],
              [
                151.3158416748047,
                58.94581604003906
              ],
              [
                151.04571533203125,
                59.015533447265625
              ],
              [
                151.22808837890625,
                59.15507125854492
              ],
              [
                152.0451202392578,
                59.294734954833984
              ],
              [
                151.59249877929688,
                59.294734954833984
              ],
              [
                151.68467712402344,
                59.36461639404297
              ],
              [
                151.32559204101562,
                59.504478454589844
              ],
              [
                151.41818237304688,
                59.574459075927734
              ],
              [
                150.32786560058594,
                59.504478454589844
              ],
              [
                150.4197998046875,
                59.574459075927734
              ],
              [
                149.60475158691406,
                59.714515686035156
              ],
              [
                149.69677734375,
                59.78459548950195
              ],
              [
                149.1503448486328,
                59.714515686035156
              ],
              [
                148.96734619140625,
                59.504478454589844
              ],
              [
                148.6952667236328,
                59.434532165527344
              ],
              [
                148.96719360351562,
                59.434532165527344
              ],
              [
                148.6056671142578,
                59.22488784790039
              ],
              [
                148.3342742919922,
                59.22488784790039
              ],
              [
                148.4241485595703,
                59.294734954833984
              ],
              [
                148.2430877685547,
                59.294734954833984
              ],
              [
                148.33309936523438,
                59.36461639404297
              ],
              [
                146.43084716796875,
                59.36461639404297
              ],
              [
                146.2556915283203,
                59.15507125854492
              ],
              [
                145.80364990234375,
                59.15507125854492
              ],
              [
                145.89169311523438,
                59.22488784790039
              ],
              [
                145.70840454101562,
                59.294734954833984
              ],
              [
                145.7967529296875,
                59.36461639404297
              ],
              [
                145.52500915527344,
                59.36461639404297
              ],
              [
                145.61341857910156,
                59.434532165527344
              ],
              [
                145.06956481933594,
                59.434532165527344
              ],
              [
                143.07925415039062,
                59.36461639404297
              ],
              [
                142.45399475097656,
                59.22488784790039
              ],
              [
                141.5102081298828,
                58.59769821166992
              ],
              [
                140.90098571777344,
                58.38920593261719
              ],
              [
                140.3434295654297,
                57.7653923034668
              ],
              [
                139.99501037597656,
                57.696231842041016
              ],
              [
                139.5063018798828,
                57.35087585449219
              ],
              [
                138.66893005371094,
                57.00625228881836
              ],
              [
                138.0637969970703,
                56.387733459472656
              ],
              [
                137.4349822998047,
                55.97663879394531
              ],
              [
                135.20361328125,
                54.95309066772461
              ],
              [
                135.2907257080078,
                54.95309066772461
              ],
              [
                135.23583984375,
                54.817054748535156
              ],
              [
                135.40988159179688,
                54.817054748535156
              ],
              [
                135.33908081054688,
                54.74907684326172
              ],
              [
                135.6869659423828,
                54.74907684326172
              ],
              [
                135.6161651611328,
                54.681121826171875
              ],
              [
                136.9199981689453,
                54.681121826171875
              ],
              [
                136.84866333007812,
                54.613189697265625
              ],
              [
                136.95118713378906,
                54.545284271240234
              ],
              [
                136.809326171875,
                54.4095458984375
              ],
              [
                136.9120635986328,
                54.341712951660156
              ],
              [
                136.6818084716797,
                53.86756134033203
              ],
              [
                137.0271759033203,
                53.86756134033203
              ],
              [
                137.15016174316406,
                54.07062530517578
              ],
              [
                136.97718811035156,
                54.07062530517578
              ],
              [
                137.2587890625,
                54.341712951660156
              ],
              [
                137.6921844482422,
                54.341712951660156
              ],
              [
                137.32313537597656,
                54.07062530517578
              ],
              [
                137.85813903808594,
                54.00291442871094
              ],
              [
                137.33677673339844,
                53.664710998535156
              ],
              [
                137.2677001953125,
                53.597137451171875
              ],
              [
                135.11380004882812,
                53.597137451171875
              ],
              [
                134.6343536376953,
                53.462066650390625
              ],
              [
                134.70166015625,
                53.52959060668945
              ],
              [
                134.42454528808594,
                53.597137451171875
              ],
              [
                134.03192138671875,
                53.462066650390625
              ],
              [
                134.09889221191406,
                53.52959060668945
              ],
              [
                133.47683715820312,
                53.597137451171875
              ],
              [
                133.01895141601562,
                53.39456558227539
              ],
              [
                131.81472778320312,
                53.39456558227539
              ],
              [
                131.94615173339844,
                53.52959060668945
              ],
              [
                131.8197784423828,
                53.664710998535156
              ],
              [
                131.8860626220703,
                53.732303619384766
              ],
              [
                131.71356201171875,
                53.732303619384766
              ],
              [
                131.7601776123047,
                53.86756134033203
              ],
              [
                130.9429931640625,
                54.00291442871094
              ],
              [
                131.05679321289062,
                54.20612335205078
              ],
              [
                130.9312286376953,
                54.341712951660156
              ],
              [
                130.9986114501953,
                54.4095458984375
              ],
              [
                130.8251495361328,
                54.4095458984375
              ],
              [
                130.8544158935547,
                54.613189697265625
              ],
              [
                130.68067932128906,
                54.613189697265625
              ],
              [
                130.6920623779297,
                54.88506317138672
              ],
              [
                130.60499572753906,
                54.88506317138672
              ],
              [
                130.74205017089844,
                55.021148681640625
              ],
              [
                130.61805725097656,
                55.15733337402344
              ],
              [
                130.8257598876953,
                55.36180877685547
              ],
              [
                130.72044372558594,
                55.430015563964844
              ],
              [
                130.84254455566406,
                55.63479995727539
              ],
              [
                129.70791625976562,
                55.29362487792969
              ],
              [
                129.5144805908203,
                55.36180877685547
              ],
              [
                129.58334350585938,
                55.430015563964844
              ],
              [
                129.32093811035156,
                55.430015563964844
              ],
              [
                129.3898468017578,
                55.498252868652344
              ],
              [
                128.86473083496094,
                55.498252868652344
              ],
              [
                128.9335174560547,
                55.56651306152344
              ],
              [
                128.2713165283203,
                55.430015563964844
              ],
              [
                128.33961486816406,
                55.498252868652344
              ],
              [
                126.26616668701172,
                55.70311737060547
              ],
              [
                125.78099060058594,
                55.56651306152344
              ],
              [
                125.84814453125,
                55.63479995727539
              ],
              [
                125.6524658203125,
                55.70311737060547
              ],
              [
                125.71983337402344,
                55.77145767211914
              ],
              [
                125.4566650390625,
                55.77145767211914
              ],
              [
                125.52406311035156,
                55.83982467651367
              ],
              [
                124.7548828125,
                55.77145767211914
              ],
              [
                124.82186889648438,
                55.83982467651367
              ],
              [
                124.64632415771484,
                55.83982467651367
              ],
              [
                124.69277954101562,
                55.97663879394531
              ],
              [
                124.60490417480469,
                55.97663879394531
              ],
              [
                124.67224884033203,
                56.04508590698242
              ],
              [
                124.38785552978516,
                56.11355972290039
              ],
              [
                124.45536041259766,
                56.182064056396484
              ],
              [
                124.01519775390625,
                56.182064056396484
              ],
              [
                123.81401062011719,
                55.97663879394531
              ],
              [
                123.90188598632812,
                55.97663879394531
              ],
              [
                123.50476837158203,
                55.29362487792969
              ],
              [
                123.5921401977539,
                55.29362487792969
              ],
              [
                123.22705841064453,
                54.817054748535156
              ],
              [
                122.79881286621094,
                54.545284271240234
              ],
              [
                122.38861083984375,
                54.47740173339844
              ],
              [
                121.64411163330078,
                54.138362884521484
              ],
              [
                121.30987548828125,
                54.341712951660156
              ],
              [
                121.1249008178711,
                54.138362884521484
              ],
              [
                121.21143341064453,
                54.138362884521484
              ],
              [
                121.08892059326172,
                54.00291442871094
              ],
              [
                121.17536163330078,
                54.00291442871094
              ],
              [
                121.13981628417969,
                53.86756134033203
              ],
              [
                121.31250762939453,
                53.86756134033203
              ],
              [
                121.25169372558594,
                53.799922943115234
              ],
              [
                121.42428588867188,
                53.799922943115234
              ],
              [
                121.36355590820312,
                53.732303619384766
              ],
              [
                121.53605651855469,
                53.732303619384766
              ],
              [
                121.50111389160156,
                53.597137451171875
              ],
              [
                121.6991195678711,
                53.52959060668945
              ],
              [
                121.432861328125,
                53.32708740234375
              ],
              [
                121.08898162841797,
                53.32708740234375
              ],
              [
                120.42314910888672,
                53.057395935058594
              ],
              [
                119.90364074707031,
                52.653533935546875
              ],
              [
                120.53005981445312,
                52.586299896240234
              ],
              [
                120.5005874633789,
                52.4518928527832
              ],
              [
                120.6705551147461,
                52.250450134277344
              ],
              [
                120.55712127685547,
                52.11625671386719
              ],
              [
                120.6709213256836,
                52.0491943359375
              ],
              [
                120.19185638427734,
                51.78114318847656
              ],
              [
                119.64573669433594,
                51.112430572509766
              ],
              [
                119.73025512695312,
                51.112430572509766
              ],
              [
                119.15091705322266,
                50.37908172607422
              ],
              [
                119.3327407836914,
                50.17946243286133
              ],
              [
                119.01231384277344,
                49.98000717163086
              ],
              [
                118.5428695678711,
                49.91355895996094
              ],
              [
                117.82736206054688,
                49.51522445678711
              ],
              [
                116.68476867675781,
                49.78071212768555
              ],
              [
                116.73384094238281,
                49.84712600708008
              ],
              [
                116.4478988647461,
                49.91355895996094
              ],
              [
                116.49718475341797,
                49.98000717163086
              ],
              [
                115.3585205078125,
                49.91355895996094
              ],
              [
                115.40729522705078,
                49.98000717163086
              ],
              [
                115.00191497802734,
                50.11296081542969
              ],
              [
                115.05101013183594,
                50.17946243286133
              ],
              [
                114.79914093017578,
                50.17946243286133
              ],
              [
                114.84830474853516,
                50.2459831237793
              ],
              [
                114.00835418701172,
                50.2459831237793
              ],
              [
                113.26355743408203,
                49.91355895996094
              ],
              [
                112.72975158691406,
                49.51522445678711
              ],
              [
                111.2176284790039,
                49.38258361816406
              ],
              [
                110.74810791015625,
                49.18375015258789
              ],
              [
                109.74756622314453,
                49.18375015258789
              ],
              [
                109.7921371459961,
                49.2500114440918
              ],
              [
                109.37506103515625,
                49.2500114440918
              ],
              [
                109.41960144042969,
                49.316287994384766
              ],
              [
                108.37891387939453,
                49.38258361816406
              ],
              [
                108.42328643798828,
                49.44889450073242
              ],
              [
                108.21710968017578,
                49.51522445678711
              ],
              [
                108.26168823242188,
                49.58156967163086
              ],
              [
                107.97184753417969,
                49.64793395996094
              ],
              [
                107.90045166015625,
                49.91355895996094
              ],
              [
                107.73284912109375,
                49.91355895996094
              ],
              [
                107.778076171875,
                49.98000717163086
              ],
              [
                107.27505493164062,
                49.98000717163086
              ],
              [
                107.32022094726562,
                50.04647445678711
              ],
              [
                106.78478240966797,
                50.2459831237793
              ],
              [
                106.83031463623047,
                50.312522888183594
              ],
              [
                106.41014099121094,
                50.312522888183594
              ],
              [
                106.45564270019531,
                50.37908172607422
              ],
              [
                104.90313720703125,
                50.445655822753906
              ],
              [
                104.05284118652344,
                50.17946243286133
              ],
              [
                103.2972412109375,
                50.17946243286133
              ],
              [
                103.34098052978516,
                50.2459831237793
              ],
              [
                103.1729965209961,
                50.2459831237793
              ],
              [
                103.2168197631836,
                50.312522888183594
              ],
              [
                102.88067626953125,
                50.312522888183594
              ],
              [
                102.92450714111328,
                50.37908172607422
              ],
              [
                102.75635528564453,
                50.37908172607422
              ],
              [
                102.8002700805664,
                50.445655822753906
              ],
              [
                102.2992172241211,
                50.578861236572266
              ],
              [
                102.30332946777344,
                50.71213912963867
              ],
              [
                102.21905517578125,
                50.71213912963867
              ],
              [
                102.30792999267578,
                50.84549331665039
              ],
              [
                102.06499481201172,
                51.112430572509766
              ],
              [
                102.15538024902344,
                51.24601745605469
              ],
              [
                101.99232482910156,
                51.37968063354492
              ],
              [
                102.03794860839844,
                51.44654083251953
              ],
              [
                101.86848449707031,
                51.44654083251953
              ],
              [
                101.91417694091797,
                51.51342010498047
              ],
              [
                101.27536010742188,
                51.44654083251953
              ],
              [
                101.32075500488281,
                51.51342010498047
              ],
              [
                100.94223022460938,
                51.580322265625
              ],
              [
                100.98772430419922,
                51.64724349975586
              ],
              [
                100.73314666748047,
                51.64724349975586
              ],
              [
                100.77867889404297,
                51.71418380737305
              ],
              [
                100.09945678710938,
                51.71418380737305
              ],
              [
                100.1447982788086,
                51.78114318847656
              ],
              [
                99.68035888671875,
                51.84812545776367
              ],
              [
                99.72575378417969,
                51.91512680053711
              ],
              [
                99.38562774658203,
                51.91512680053711
              ],
              [
                99.43099212646484,
                51.98215103149414
              ],
              [
                99.2608413696289,
                51.98215103149414
              ],
              [
                99.3062744140625,
                52.0491943359375
              ],
              [
                98.80116271972656,
                52.18334197998047
              ],
              [
                98.76768493652344,
                52.38472366333008
              ],
              [
                98.68234252929688,
                52.38472366333008
              ],
              [
                98.78131866455078,
                52.653533935546875
              ],
              [
                98.69580841064453,
                52.653533935546875
              ],
              [
                98.8354721069336,
                52.85536575317383
              ],
              [
                98.71092987060547,
                52.92268753051758
              ],
              [
                98.75784301757812,
                52.99003219604492
              ],
              [
                97.81468963623047,
                52.99003219604492
              ],
              [
                97.86124420166016,
                53.057395935058594
              ],
              [
                97.39295196533203,
                53.124786376953125
              ],
              [
                97.43952178955078,
                53.192195892333984
              ],
              [
                97.01728057861328,
                53.32708740234375
              ],
              [
                97.06401062011719,
                53.39456558227539
              ],
              [
                96.80596160888672,
                53.39456558227539
              ],
              [
                96.85269165039062,
                53.462066650390625
              ],
              [
                96.42964935302734,
                53.597137451171875
              ],
              [
                96.1114501953125,
                53.25962829589844
              ],
              [
                94.51556396484375,
                53.057395935058594
              ],
              [
                93.86016845703125,
                52.31757736206055
              ],
              [
                93.13627624511719,
                51.84812545776367
              ],
              [
                92.71295928955078,
                51.71418380737305
              ],
              [
                91.10346221923828,
                51.580322265625
              ],
              [
                91.1440200805664,
                51.64724349975586
              ],
              [
                90.7197265625,
                51.64724349975586
              ],
              [
                90.76020812988281,
                51.71418380737305
              ],
              [
                90.59040069580078,
                51.71418380737305
              ],
              [
                90.63094329833984,
                51.78114318847656
              ],
              [
                90.2911605834961,
                51.78114318847656
              ],
              [
                90.08565521240234,
                51.580322265625
              ],
              [
                89.1650161743164,
                51.31283950805664
              ],
              [
                89.08718872070312,
                51.17921447753906
              ],
              [
                89.25631713867188,
                51.17921447753906
              ],
              [
                89.39368438720703,
                50.97892379760742
              ],
              [
                89.95314025878906,
                50.77880859375
              ],
              [
                90.09091186523438,
                50.578861236572266
              ],
              [
                89.97700500488281,
                50.37908172607422
              ],
              [
                89.5657958984375,
                50.2459831237793
              ],
              [
                89.45447540283203,
                50.04647445678711
              ],
              [
                89.64289855957031,
                49.78071212768555
              ],
              [
                89.48654174804688,
                49.64793395996094
              ],
              [
                88.9966049194336,
                49.51522445678711
              ],
              [
                88.32806396484375,
                49.51522445678711
              ],
              [
                87.90239715576172,
                49.18375015258789
              ],
              [
                87.41675567626953,
                49.051273345947266
              ],
              [
                87.2010498046875,
                49.11750411987305
              ],
              [
                87.1864013671875,
                49.2500114440918
              ],
              [
                87.01956939697266,
                49.2500114440918
              ],
              [
                87.05401611328125,
                49.316287994384766
              ],
              [
                86.8871078491211,
                49.316287994384766
              ],
              [
                86.9216079711914,
                49.38258361816406
              ],
              [
                86.75463104248047,
                49.38258361816406
              ],
              [
                86.74028015136719,
                49.51522445678711
              ],
              [
                84.93572235107422,
                49.58156967163086
              ],
              [
                84.50035858154297,
                49.38258361816406
              ],
              [
                83.681640625,
                49.58156967163086
              ],
              [
                83.7508544921875,
                50.04647445678711
              ],
              [
                81.67025756835938,
                50.2459831237793
              ],
              [
                81.70391082763672,
                50.312522888183594
              ],
              [
                81.09867858886719,
                50.445655822753906
              ],
              [
                81.13239288330078,
                50.51224899291992
              ],
              [
                79.68395233154297,
                50.64549255371094
              ],
              [
                79.4635238647461,
                51.04566955566406
              ],
              [
                78.85490417480469,
                51.17921447753906
              ],
              [
                78.75331115722656,
                51.31283950805664
              ],
              [
                78.41471862792969,
                51.31283950805664
              ],
              [
                78.16050720214844,
                51.64724349975586
              ],
              [
                77.8042221069336,
                51.78114318847656
              ],
              [
                77.7369613647461,
                51.98215103149414
              ],
              [
                77.3801498413086,
                52.11625671386719
              ],
              [
                77.31327819824219,
                52.31757736206055
              ],
              [
                77.14268493652344,
                52.31757736206055
              ],
              [
                76.83877563476562,
                52.720787048339844
              ],
              [
                76.9089584350586,
                52.85536575317383
              ],
              [
                76.60665130615234,
                53.25962829589844
              ],
              [
                76.11151123046875,
                53.462066650390625
              ],
              [
                76.0967788696289,
                53.597137451171875
              ],
              [
                75.92446899414062,
                53.597137451171875
              ],
              [
                75.90980529785156,
                53.732303619384766
              ],
              [
                75.7373046875,
                53.732303619384766
              ],
              [
                75.72269439697266,
                53.86756134033203
              ],
              [
                75.4131088256836,
                53.93522644042969
              ],
              [
                75.44900512695312,
                54.00291442871094
              ],
              [
                74.8592529296875,
                53.86756134033203
              ],
              [
                74.3388671875,
                53.52959060668945
              ],
              [
                74.08053588867188,
                53.52959060668945
              ],
              [
                73.42745971679688,
                53.25962829589844
              ],
              [
                68.54603576660156,
                52.92268753051758
              ],
              [
                68.57695770263672,
                52.99003219604492
              ],
              [
                67.89102935791016,
                52.99003219604492
              ],
              [
                67.92168426513672,
                53.057395935058594
              ],
              [
                66.69510650634766,
                53.192195892333984
              ],
              [
                66.7253646850586,
                53.25962829589844
              ],
              [
                66.2398910522461,
                53.32708740234375
              ],
              [
                66.27006530761719,
                53.39456558227539
              ],
              [
                64.63800048828125,
                53.597137451171875
              ],
              [
                64.66761016845703,
                53.664710998535156
              ],
              [
                64.40899658203125,
                53.664710998535156
              ],
              [
                64.29560089111328,
                53.799922943115234
              ],
              [
                64.12300872802734,
                53.799922943115234
              ],
              [
                64.15254974365234,
                53.86756134033203
              ],
              [
                63.979862213134766,
                53.86756134033203
              ],
              [
                64.0093994140625,
                53.93522644042969
              ],
              [
                63.83662033081055,
                53.93522644042969
              ],
              [
                63.86614990234375,
                54.00291442871094
              ],
              [
                62.97359848022461,
                54.138362884521484
              ],
              [
                62.56956100463867,
                54.00291442871094
              ],
              [
                61.9644889831543,
                54.00291442871094
              ],
              [
                60.93703079223633,
                53.39456558227539
              ],
              [
                59.8036003112793,
                51.112430572509766
              ],
              [
                59.15391159057617,
                50.71213912963867
              ],
              [
                58.67155075073242,
                50.77880859375
              ],
              [
                58.451236724853516,
                51.112430572509766
              ],
              [
                57.775054931640625,
                51.112430572509766
              ],
              [
                57.6212158203125,
                50.912200927734375
              ],
              [
                57.28361892700195,
                50.912200927734375
              ],
              [
                57.098873138427734,
                51.112430572509766
              ],
              [
                56.400123596191406,
                51.04566955566406
              ],
              [
                56.191646575927734,
                51.17921447753906
              ],
              [
                55.26144027709961,
                51.17921447753906
              ],
              [
                55.28358840942383,
                51.24601745605469
              ],
              [
                54.94516372680664,
                51.24601745605469
              ],
              [
                54.819984436035156,
                51.37968063354492
              ],
              [
                54.481224060058594,
                51.37968063354492
              ],
              [
                54.50318908691406,
                51.44654083251953
              ],
              [
                53.99479675292969,
                51.44654083251953
              ],
              [
                54.01658630371094,
                51.51342010498047
              ],
              [
                53.59271240234375,
                51.51342010498047
              ],
              [
                53.6143684387207,
                51.580322265625
              ],
              [
                53.16884231567383,
                51.51342010498047
              ],
              [
                53.12694549560547,
                51.64724349975586
              ],
              [
                52.44807052612305,
                51.64724349975586
              ],
              [
                52.23632049560547,
                51.51342010498047
              ],
              [
                51.9115104675293,
                49.58156967163086
              ],
              [
                51.9951171875,
                49.58156967163086
              ],
              [
                51.938690185546875,
                49.38258361816406
              ],
              [
                52.022178649902344,
                49.38258361816406
              ],
              [
                51.95759582519531,
                48.852684020996094
              ],
              [
                52.04079055786133,
                48.852684020996094
              ],
              [
                52.00434494018555,
                48.72037124633789
              ],
              [
                52.08746337890625,
                48.72037124633789
              ],
              [
                52.05119705200195,
                48.5881233215332
              ],
              [
                52.228084564208984,
                48.323814392089844
              ],
              [
                52.174503326416016,
                48.1257438659668
              ],
              [
                52.25729751586914,
                48.1257438659668
              ],
              [
                52.09917068481445,
                47.53233337402344
              ],
              [
                52.18164825439453,
                47.53233337402344
              ],
              [
                52.10936737060547,
                46.94007873535156
              ],
              [
                52.027198791503906,
                46.94007873535156
              ],
              [
                51.58463668823242,
                47.13737487792969
              ],
              [
                50.84418869018555,
                47.13737487792969
              ],
              [
                50.3016242980957,
                46.94007873535156
              ],
              [
                49.990848541259766,
                46.677207946777344
              ],
              [
                49.303199768066406,
                46.54585266113281
              ],
              [
                49.06181335449219,
                46.21768569946289
              ],
              [
                48.6375732421875,
                46.1520881652832
              ],
              [
                48.59209442138672,
                45.95537567138672
              ],
              [
                48.34708023071289,
                45.95537567138672
              ],
              [
                48.05744171142578,
                45.75876998901367
              ],
              [
                47.56800079345703,
                45.75876998901367
              ],
              [
                47.457275390625,
                45.62776184082031
              ],
              [
                47.53878402709961,
                45.62776184082031
              ],
              [
                47.48066329956055,
                45.36587905883789
              ],
              [
                47.332332611083984,
                45.431331634521484
              ],
              [
                47.04105758666992,
                44.842647552490234
              ],
              [
                46.688507080078125,
                44.71194839477539
              ],
              [
                46.63267517089844,
                44.45067596435547
              ],
              [
                47.00926971435547,
                44.32010269165039
              ],
              [
                47.34308624267578,
                43.99384307861328
              ],
              [
                47.3150520324707,
                43.86341094970703
              ],
              [
                46.9924201965332,
                43.86341094970703
              ],
              [
                46.46754455566406,
                43.6678352355957
              ],
              [
                46.34639358520508,
                43.472347259521484
              ],
              [
                46.198883056640625,
                43.53750228881836
              ],
              [
                46.0782356262207,
                43.342071533203125
              ],
              [
                45.272220611572266,
                43.73301696777344
              ],
              [
                44.72101593017578,
                43.79821014404297
              ],
              [
                44.69510269165039,
                43.6678352355957
              ],
              [
                44.521114349365234,
                43.6026611328125
              ],
              [
                44.372840881347656,
                43.6678352355957
              ],
              [
                44.40226364135742,
                43.407203674316406
              ],
              [
                44.6728515625,
                43.146724700927734
              ],
              [
                44.622127532958984,
                42.88639831542969
              ],
              [
                44.44917297363281,
                42.82133865356445
              ],
              [
                44.52934646606445,
                42.82133865356445
              ],
              [
                44.09136962890625,
                42.62621307373047
              ],
              [
                43.78324508666992,
                42.691246032714844
              ],
              [
                43.65967559814453,
                42.88639831542969
              ],
              [
                43.35102081298828,
                42.95146560668945
              ],
              [
                42.98605728149414,
                43.146724700927734
              ],
              [
                42.435707092285156,
                43.211830139160156
              ],
              [
                42.355350494384766,
                43.211830139160156
              ],
              [
                42.11429214477539,
                43.211830139160156
              ],
              [
                42.13795852661133,
                43.342071533203125
              ],
              [
                41.725990295410156,
                43.73301696777344
              ],
              [
                41.934913635253906,
                43.99384307861328
              ],
              [
                41.98300552368164,
                44.25482940673828
              ],
              [
                41.6026496887207,
                44.38538360595703
              ],
              [
                41.73164749145508,
                44.64661407470703
              ],
              [
                41.65061569213867,
                44.64661407470703
              ],
              [
                41.686790466308594,
                44.842647552490234
              ],
              [
                40.80615997314453,
                44.908016204833984
              ],
              [
                40.64473342895508,
                45.36587905883789
              ],
              [
                39.808040618896484,
                45.23500442504883
              ],
              [
                39.19415283203125,
                44.973392486572266
              ],
              [
                37.24562454223633,
                44.973392486572266
              ],
              [
                37.10390090942383,
                45.10417556762695
              ],
              [
                36.778892517089844,
                45.10417556762695
              ],
              [
                36.74873733520508,
                45.431331634521484
              ],
              [
                36.911563873291016,
                45.431331634521484
              ],
              [
                36.972293853759766,
                45.300437927246094
              ],
              [
                37.704429626464844,
                45.300437927246094
              ],
              [
                37.747013092041016,
                45.56227111816406
              ],
              [
                37.59468460083008,
                45.62776184082031
              ],
              [
                37.7577018737793,
                45.62776184082031
              ],
              [
                37.89311981201172,
                45.95537567138672
              ],
              [
                38.334564208984375,
                46.1520881652832
              ],
              [
                38.36785888671875,
                46.348915100097656
              ],
              [
                37.89856719970703,
                46.480194091796875
              ],
              [
                37.83858108520508,
                46.61152267456055
              ],
              [
                38.494598388671875,
                46.61152267456055
              ],
              [
                38.62202453613281,
                46.87434005737305
              ],
              [
                38.78630065917969,
                46.87434005737305
              ],
              [
                38.89152145385742,
                47.005828857421875
              ],
              [
                39.12647247314453,
                46.94007873535156
              ],
              [
                39.26741409301758,
                47.26897048950195
              ],
              [
                39.1968879699707,
                47.33478927612305
              ],
              [
                38.6794548034668,
                47.20316696166992
              ],
              [
                37.51609802246094,
                47.13737487792969
              ],
              [
                37.16523361206055,
                47.005828857421875
              ],
              [
                37.2257080078125,
                46.87434005737305
              ],
              [
                36.90787887573242,
                46.94007873535156
              ],
              [
                36.80437088012695,
                46.808616638183594
              ],
              [
                35.634639739990234,
                46.677207946777344
              ],
              [
                35.24697494506836,
                46.283294677734375
              ],
              [
                34.75596237182617,
                46.283294677734375
              ],
              [
                34.736690521240234,
                46.1520881652832
              ],
              [
                34.0825309753418,
                46.1520881652832
              ],
              [
                34.019439697265625,
                46.283294677734375
              ],
              [
                33.610260009765625,
                46.283294677734375
              ],
              [
                33.59191131591797,
                46.1520881652832
              ],
              [
                32.946651458740234,
                46.21768569946289
              ],
              [
                32.84713363647461,
                46.08650588989258
              ],
              [
                32.683658599853516,
                46.08650588989258
              ],
              [
                32.0639533996582,
                46.348915100097656
              ],
              [
                31.81834602355957,
                46.348915100097656
              ],
              [
                31.835351943969727,
                46.480194091796875
              ],
              [
                32.16309356689453,
                46.480194091796875
              ],
              [
                32.18914794921875,
                46.677207946777344
              ],
              [
                31.787527084350586,
                46.74290466308594
              ],
              [
                31.606428146362305,
                46.61152267456055
              ],
              [
                30.87657928466797,
                46.677207946777344
              ],
              [
                30.484655380249023,
                46.1520881652832
              ],
              [
                30.40288543701172,
                46.1520881652832
              ],
              [
                30.262836456298828,
                46.348915100097656
              ],
              [
                29.943092346191406,
                46.414546966552734
              ],
              [
                29.88438606262207,
                46.61152267456055
              ],
              [
                29.489593505859375,
                46.74290466308594
              ],
              [
                29.340612411499023,
                46.87434005737305
              ],
              [
                29.355844497680664,
                47.005828857421875
              ],
              [
                29.199012756347656,
                47.07159423828125
              ],
              [
                29.2142276763916,
                47.20316696166992
              ],
              [
                28.915130615234375,
                47.46647262573242
              ],
              [
                29.028188705444336,
                47.730003356933594
              ],
              [
                28.555265426635742,
                47.92780685424805
              ],
              [
                28.570432662963867,
                48.059749603271484
              ],
              [
                28.4200382232666,
                48.191749572753906
              ],
              [
                27.537879943847656,
                48.455936431884766
              ],
              [
                27.39371109008789,
                48.654239654541016
              ],
              [
                26.06438636779785,
                48.654239654541016
              ],
              [
                25.904876708984375,
                48.72037124633789
              ],
              [
                25.924989700317383,
                48.91886520385742
              ],
              [
                25.841760635375977,
                48.91886520385742
              ],
              [
                25.854578018188477,
                49.84712600708008
              ],
              [
                25.701093673706055,
                49.98000717163086
              ],
              [
                25.722383499145508,
                50.17946243286133
              ],
              [
                25.29567527770996,
                50.11296081542969
              ],
              [
                25.07135772705078,
                50.37908172607422
              ],
              [
                24.566909790039062,
                50.37908172607422
              ],
              [
                24.341148376464844,
                50.64549255371094
              ],
              [
                24.00420570373535,
                50.64549255371094
              ],
              [
                24.030471801757812,
                50.912200927734375
              ],
              [
                23.712371826171875,
                51.112430572509766
              ],
              [
                23.595823287963867,
                51.64724349975586
              ],
              [
                23.51096534729004,
                51.64724349975586
              ],
              [
                23.629487991333008,
                51.98215103149414
              ],
              [
                23.39438247680664,
                52.18334197998047
              ],
              [
                23.060142517089844,
                52.250450134277344
              ],
              [
                22.988040924072266,
                52.38472366333008
              ],
              [
                23.113672256469727,
                52.78806686401367
              ],
              [
                23.29177474975586,
                52.85536575317383
              ],
              [
                23.333627700805664,
                53.25962829589844
              ],
              [
                23.175739288330078,
                53.39456558227539
              ],
              [
                23.196853637695312,
                53.597137451171875
              ],
              [
                23.36916732788086,
                53.597137451171875
              ],
              [
                23.39077377319336,
                53.799922943115234
              ],
              [
                23.22533416748047,
                53.86756134033203
              ],
              [
                23.23971176147461,
                54.00291442871094
              ],
              [
                23.41990852355957,
                54.07062530517578
              ],
              [
                23.261449813842773,
                54.20612335205078
              ],
              [
                23.28339385986328,
                54.4095458984375
              ],
              [
                23.464303970336914,
                54.47740173339844
              ],
              [
                23.48680877685547,
                54.681121826171875
              ],
              [
                23.327884674072266,
                54.817054748535156
              ],
              [
                23.35798454284668,
                55.089229583740234
              ],
              [
                23.023895263671875,
                55.225467681884766
              ],
              [
                22.398584365844727,
                55.089229583740234
              ],
              [
                22.412668228149414,
                55.225467681884766
              ],
              [
                21.640066146850586,
                55.36180877685547
              ],
              [
                21.235198974609375,
                55.70311737060547
              ],
              [
                21.248220443725586,
                55.83982467651367
              ],
              [
                20.991283416748047,
                55.90821838378906
              ],
              [
                20.9976863861084,
                55.97663879394531
              ],
              [
                20.8409423828125,
                56.182064056396484
              ],
              [
                21.000686645507812,
                56.937416076660156
              ],
              [
                21.280134201049805,
                57.07511901855469
              ],
              [
                21.307584762573242,
                57.35087585449219
              ],
              [
                21.602821350097656,
                57.62710189819336
              ],
              [
                22.51758575439453,
                57.8345832824707
              ],
              [
                23.57867431640625,
                57.00625228881836
              ],
              [
                23.9417724609375,
                57.07511901855469
              ],
              [
                24.23385238647461,
                57.28189468383789
              ],
              [
                24.268098831176758,
                58.2503662109375
              ],
              [
                23.819801330566406,
                58.2503662109375
              ],
              [
                23.666316986083984,
                58.45867156982422
              ],
              [
                23.405317306518555,
                58.528167724609375
              ],
              [
                23.409774780273438,
                59.294734954833984
              ],
              [
                23.961997985839844,
                59.36461639404297
              ],
              [
                24.161630630493164,
                59.504478454589844
              ],
              [
                25.350799560546875,
                59.574459075927734
              ],
              [
                25.370975494384766,
                59.714515686035156
              ],
              [
                26.45072364807129,
                59.64447021484375
              ],
              [
                26.79198455810547,
                59.504478454589844
              ],
              [
                27.88040542602539,
                59.504478454589844
              ],
              [
                27.927438735961914,
                59.78459548950195
              ],
              [
                28.291200637817383,
                59.78459548950195
              ],
              [
                28.406457901000977,
                59.92485809326172
              ],
              [
                28.849285125732422,
                59.85470962524414
              ],
              [
                29.160364151000977,
                60.065250396728516
              ],
              [
                29.14763641357422,
                59.99503707885742
              ],
              [
                29.94129180908203,
                59.85470962524414
              ],
              [
                30.136613845825195,
                59.92485809326172
              ],
              [
                30.16336441040039,
                60.065250396728516
              ],
              [
                29.967727661132812,
                59.99503707885742
              ],
              [
                29.99431037902832,
                60.135501861572266
              ],
              [
                29.65558433532715,
                60.276100158691406
              ],
              [
                28.990642547607422,
                60.135501861572266
              ],
              [
                28.492643356323242,
                60.416839599609375
              ],
              [
                28.54265594482422,
                60.69873809814453
              ],
              [
                27.772703170776367,
                60.48725891113281
              ],
              [
                27.05181121826172,
                60.557716369628906
              ],
              [
                26.857215881347656,
                60.48725891113281
              ],
              [
                26.765666961669922,
                60.48725891113281
              ],
              [
                26.719310760498047,
                60.76930236816406
              ],
              [
                27.017866134643555,
                60.91054153442383
              ],
              [
                26.972414016723633,
                61.193458557128906
              ],
              [
                27.99872589111328,
                61.264278411865234
              ],
              [
                28.32615089416504,
                61.547950744628906
              ],
              [
                28.81483268737793,
                61.69001388549805
              ],
              [
                29.066926956176758,
                62.045867919921875
              ],
              [
                29.438716888427734,
                62.045867919921875
              ],
              [
                29.542165756225586,
                61.618961334228516
              ],
              [
                29.819839477539062,
                61.618961334228516
              ],
              [
                31.217166900634766,
                62.54574966430664
              ],
              [
                31.247669219970703,
                62.68894577026367
              ],
              [
                31.4657039642334,
                62.83230972290039
              ],
              [
                31.496828079223633,
                62.9758415222168
              ],
              [
                31.183259963989258,
                63.263427734375
              ],
              [
                30.048580169677734,
                63.69612503051758
              ],
              [
                30.078414916992188,
                63.84071350097656
              ],
              [
                30.50291633605957,
                64.05794525146484
              ],
              [
                30.549240112304688,
                64.27558898925781
              ],
              [
                29.928970336914062,
                64.49365234375
              ],
              [
                30.085460662841797,
                64.78507995605469
              ],
              [
                29.622629165649414,
                64.8580551147461
              ],
              [
                29.794553756713867,
                65.22367095947266
              ],
              [
                29.617761611938477,
                65.29694366455078
              ],
              [
                29.663768768310547,
                65.51705932617188
              ],
              [
                29.99983024597168,
                65.73763275146484
              ],
              [
                30.0314884185791,
                65.88493347167969
              ],
              [
                29.0543212890625,
                66.77322387695312
              ],
              [
                29.132892608642578,
                67.14566802978516
              ],
              [
                29.59016990661621,
                67.44463348388672
              ],
              [
                29.7868709564209,
                67.44463348388672
              ],
              [
                29.935470581054688,
                67.66946411132812
              ],
              [
                29.607641220092773,
                67.97005462646484
              ],
              [
                29.4097843170166,
                67.97005462646484
              ],
              [
                29.34401512145996,
                68.1207046508789
              ],
              [
                28.765607833862305,
                68.19611358642578
              ],
              [
                28.781841278076172,
                68.27159118652344
              ],
              [
                28.583311080932617,
                68.27159118652344
              ],
              [
                28.416759490966797,
                68.42272186279297
              ],
              [
                28.63077163696289,
                68.95359802246094
              ],
              [
                28.847667694091797,
                69.0296859741211
              ],
              [
                29.165199279785156,
                69.10584259033203
              ],
              [
                29.317562103271484,
                69.33467864990234
              ],
              [
                29.938522338867188,
                69.41107940673828
              ],
              [
                30.194869995117188,
                69.64068603515625
              ],
              [
                30.68014907836914,
                69.5640869140625
              ],
              [
                30.919960021972656,
                69.71734619140625
              ],
              [
                30.958600997924805,
                69.8708724975586
              ],
              [
                31.059717178344727,
                69.8708724975586
              ],
              [
                31.545385360717773,
                69.79407501220703
              ],
              [
                31.90928077697754,
                70.024658203125
              ],
              [
                32.31447982788086,
                70.024658203125
              ],
              [
                32.475337982177734,
                69.8708724975586
              ],
              [
                32.980918884277344,
                69.8708724975586
              ],
              [
                32.95972442626953,
                69.79407501220703
              ],
              [
                33.06074905395508,
                69.79407501220703
              ],
              [
                32.89668655395508,
                69.5640869140625
              ],
              [
                33.47982406616211,
                69.487548828125
              ],
              [
                33.43734359741211,
                69.33467864990234
              ],
              [
                34.46426010131836,
                69.41107940673828
              ],
              [
                34.442169189453125,
                69.33467864990234
              ],
              [
                34.84409713745117,
                69.33467864990234
              ],
              [
                34.82174301147461,
                69.25833129882812
              ],
              [
                36.12685775756836,
                69.25833129882812
              ],
              [
                36.10344314575195,
                69.18205261230469
              ],
              [
                36.30405044555664,
                69.18205261230469
              ],
              [
                36.28055191040039,
                69.10584259033203
              ],
              [
                37.96049880981445,
                68.7257080078125
              ],
              [
                38.01121139526367,
                68.57408905029297
              ],
              [
                38.21042251586914,
                68.57408905029297
              ],
              [
                38.18586349487305,
                68.49837493896484
              ],
              [
                38.38490295410156,
                68.49837493896484
              ],
              [
                38.36026382446289,
                68.42272186279297
              ],
              [
                38.931819915771484,
                68.34712219238281
              ],
              [
                38.906864166259766,
                68.27159118652344
              ],
              [
                39.477081298828125,
                68.19611358642578
              ],
              [
                39.451805114746094,
                68.1207046508789
              ],
              [
                39.97298049926758,
                68.19611358642578
              ],
              [
                39.94728469848633,
                68.1207046508789
              ],
              [
                40.145477294921875,
                68.1207046508789
              ],
              [
                40.26614761352539,
                67.89481353759766
              ],
              [
                40.66152572631836,
                67.89481353759766
              ],
              [
                40.63554382324219,
                67.81964111328125
              ],
              [
                41.004371643066406,
                67.74452209472656
              ],
              [
                41.02471923828125,
                67.51952362060547
              ],
              [
                41.12314987182617,
                67.51952362060547
              ],
              [
                41.07123565673828,
                67.36980438232422
              ],
              [
                41.3399772644043,
                67.29503631591797
              ],
              [
                41.288124084472656,
                67.14566802978516
              ],
              [
                41.38615036010742,
                67.14566802978516
              ],
              [
                41.03715515136719,
                66.69890594482422
              ],
              [
                39.79555892944336,
                66.18017578125
              ],
              [
                38.70561981201172,
                66.10628509521484
              ],
              [
                38.68277359008789,
                66.0324478149414
              ],
              [
                38.00484085083008,
                66.0324478149414
              ],
              [
                38.02715301513672,
                66.10628509521484
              ],
              [
                37.44560623168945,
                66.10628509521484
              ],
              [
                37.46752166748047,
                66.18017578125
              ],
              [
                36.42164611816406,
                66.25411987304688
              ],
              [
                36.44285583496094,
                66.32811737060547
              ],
              [
                35.56844711303711,
                66.32811737060547
              ],
              [
                35.58902359008789,
                66.40216064453125
              ],
              [
                35.20008850097656,
                66.40216064453125
              ],
              [
                35.220420837402344,
                66.47626495361328
              ],
              [
                34.92848587036133,
                66.47626495361328
              ],
              [
                34.94865036010742,
                66.55042266845703
              ],
              [
                34.26691818237305,
                66.55042266845703
              ],
              [
                34.11125946044922,
                66.69890594482422
              ],
              [
                33.7210693359375,
                66.69890594482422
              ],
              [
                33.740413665771484,
                66.77322387695312
              ],
              [
                33.05702209472656,
                66.77322387695312
              ],
              [
                32.741058349609375,
                67.0710678100586
              ],
              [
                32.545166015625,
                67.0710678100586
              ],
              [
                32.508087158203125,
                66.92203521728516
              ],
              [
                32.88046646118164,
                66.84760284423828
              ],
              [
                33.0008430480957,
                66.55042266845703
              ],
              [
                33.68257522583008,
                66.55042266845703
              ],
              [
                33.62532043457031,
                66.32811737060547
              ],
              [
                34.382991790771484,
                66.25411987304688
              ],
              [
                34.36347961425781,
                66.18017578125
              ],
              [
                34.55747985839844,
                66.18017578125
              ],
              [
                34.866214752197266,
                65.88493347167969
              ],
              [
                34.67220687866211,
                65.51705932617188
              ],
              [
                34.441368103027344,
                65.3702621459961
              ],
              [
                34.78746032714844,
                65.22367095947266
              ],
              [
                34.73003005981445,
                65.004150390625
              ],
              [
                34.90244674682617,
                64.93107604980469
              ],
              [
                34.845245361328125,
                64.71215057373047
              ],
              [
                34.94075012207031,
                64.71215057373047
              ],
              [
                34.9791145324707,
                64.49365234375
              ],
              [
                35.817100524902344,
                64.4209213256836
              ],
              [
                35.96824264526367,
                64.27558898925781
              ],
              [
                36.253456115722656,
                64.27558898925781
              ],
              [
                36.553855895996094,
                63.98548889160156
              ],
              [
                37.3864631652832,
                63.91307830810547
              ],
              [
                37.880855560302734,
                63.98548889160156
              ],
              [
                37.89069366455078,
                64.34822845458984
              ],
              [
                37.530948638916016,
                64.4209213256836
              ],
              [
                37.12955856323242,
                64.34822845458984
              ],
              [
                36.9801139831543,
                64.49365234375
              ],
              [
                36.78954315185547,
                64.49365234375
              ],
              [
                36.73489761352539,
                64.63926696777344
              ],
              [
                36.544036865234375,
                64.63926696777344
              ],
              [
                36.318058013916016,
                64.8580551147461
              ],
              [
                36.358558654785156,
                65.004150390625
              ],
              [
                36.64594650268555,
                65.004150390625
              ],
              [
                36.687129974365234,
                65.15044403076172
              ],
              [
                36.920738220214844,
                65.29694366455078
              ],
              [
                37.209014892578125,
                65.29694366455078
              ],
              [
                37.187896728515625,
                65.22367095947266
              ],
              [
                37.475948333740234,
                65.22367095947266
              ],
              [
                37.454673767089844,
                65.15044403076172
              ],
              [
                38.15700149536133,
                64.93107604980469
              ],
              [
                38.20941162109375,
                64.78507995605469
              ],
              [
                38.90058135986328,
                64.8580551147461
              ],
              [
                38.87844467163086,
                64.78507995605469
              ],
              [
                39.42938995361328,
                64.71215057373047
              ],
              [
                39.40694808959961,
                64.63926696777344
              ],
              [
                40.193416595458984,
                64.71215057373047
              ],
              [
                40.23966598510742,
                64.8580551147461
              ],
              [
                40.07144546508789,
                64.93107604980469
              ],
              [
                40.11780548095703,
                65.07727813720703
              ],
              [
                39.92606735229492,
                65.07727813720703
              ],
              [
                39.87638473510742,
                65.22367095947266
              ],
              [
                39.68435287475586,
                65.22367095947266
              ],
              [
                39.538185119628906,
                65.3702621459961
              ],
              [
                39.60750961303711,
                65.59053039550781
              ],
              [
                40.25718307495117,
                65.8112564086914
              ],
              [
                40.401878356933594,
                65.95866394042969
              ],
              [
                41.444580078125,
                66.18017578125
              ],
              [
                41.96076583862305,
                66.55042266845703
              ],
              [
                43.4919548034668,
                66.47626495361328
              ],
              [
                43.464988708496094,
                66.40216064453125
              ],
              [
                43.659454345703125,
                66.40216064453125
              ],
              [
                43.605472564697266,
                66.25411987304688
              ],
              [
                43.966617584228516,
                66.18017578125
              ],
              [
                44.13097381591797,
                66.6246337890625
              ],
              [
                44.35377883911133,
                66.69890594482422
              ],
              [
                44.38174057006836,
                66.77322387695312
              ],
              [
                44.284114837646484,
                66.77322387695312
              ],
              [
                44.36833190917969,
                66.99652099609375
              ],
              [
                44.102760314941406,
                67.0710678100586
              ],
              [
                44.13087844848633,
                67.14566802978516
              ],
              [
                43.73877716064453,
                67.14566802978516
              ],
              [
                43.69647979736328,
                67.29503631591797
              ],
              [
                43.59829330444336,
                67.29503631591797
              ],
              [
                43.83753967285156,
                67.66946411132812
              ],
              [
                43.93613815307617,
                67.66946411132812
              ],
              [
                44.167903900146484,
                68.27159118652344
              ],
              [
                43.729759216308594,
                68.42272186279297
              ],
              [
                43.75901412963867,
                68.49837493896484
              ],
              [
                43.460453033447266,
                68.49837493896484
              ],
              [
                43.44834899902344,
                68.7257080078125
              ],
              [
                44.216636657714844,
                68.64987182617188
              ],
              [
                44.18680953979492,
                68.57408905029297
              ],
              [
                45.612335205078125,
                68.64987182617188
              ],
              [
                45.581302642822266,
                68.57408905029297
              ],
              [
                45.88011932373047,
                68.57408905029297
              ],
              [
                45.91733169555664,
                68.42272186279297
              ],
              [
                46.1161994934082,
                68.42272186279297
              ],
              [
                46.08501052856445,
                68.34712219238281
              ],
              [
                46.45099639892578,
                68.27159118652344
              ],
              [
                46.48761749267578,
                68.1207046508789
              ],
              [
                46.68581008911133,
                68.1207046508789
              ],
              [
                46.660003662109375,
                67.81964111328125
              ],
              [
                45.34624099731445,
                67.74452209472656
              ],
              [
                45.286834716796875,
                67.5944595336914
              ],
              [
                45.08980941772461,
                67.5944595336914
              ],
              [
                44.932804107666016,
                67.44463348388672
              ],
              [
                45.198524475097656,
                67.36980438232422
              ],
              [
                45.16929244995117,
                67.29503631591797
              ],
              [
                45.56204605102539,
                67.29503631591797
              ],
              [
                45.806949615478516,
                66.92203521728516
              ],
              [
                47.37152099609375,
                66.92203521728516
              ],
              [
                47.597896575927734,
                66.99652099609375
              ],
              [
                47.62880325317383,
                67.0710678100586
              ],
              [
                47.53085708618164,
                67.0710678100586
              ],
              [
                47.816524505615234,
                67.51952362060547
              ],
              [
                47.71809387207031,
                67.51952362060547
              ],
              [
                47.78139114379883,
                67.66946411132812
              ],
              [
                48.70132064819336,
                67.74452209472656
              ],
              [
                48.70079040527344,
                67.97005462646484
              ],
              [
                49.29436111450195,
                67.97005462646484
              ],
              [
                50.82497787475586,
                68.49837493896484
              ],
              [
                51.52162170410156,
                68.49837493896484
              ],
              [
                51.892967224121094,
                68.64987182617188
              ],
              [
                52.25493240356445,
                68.57408905029297
              ],
              [
                52.465641021728516,
                68.8016128540039
              ],
              [
                53.27893829345703,
                69.0296859741211
              ],
              [
                54.04103469848633,
                68.95359802246094
              ],
              [
                53.78712844848633,
                68.64987182617188
              ],
              [
                53.9482421875,
                68.57408905029297
              ],
              [
                53.872135162353516,
                68.42272186279297
              ],
              [
                53.30027389526367,
                68.27159118652344
              ],
              [
                54.72844696044922,
                68.34712219238281
              ],
              [
                54.68998336791992,
                68.27159118652344
              ],
              [
                54.789249420166016,
                68.27159118652344
              ],
              [
                55.04391098022461,
                68.57408905029297
              ],
              [
                55.621395111083984,
                68.7257080078125
              ],
              [
                57.176673889160156,
                68.64987182617188
              ],
              [
                57.842567443847656,
                68.95359802246094
              ],
              [
                58.200279235839844,
                68.87757110595703
              ],
              [
                58.38547134399414,
                69.0296859741211
              ],
              [
                59.086368560791016,
                69.0296859741211
              ],
              [
                59.043052673339844,
                68.95359802246094
              ],
              [
                59.399715423583984,
                68.87757110595703
              ],
              [
                59.127777099609375,
                68.57408905029297
              ],
              [
                59.22738265991211,
                68.57408905029297
              ],
              [
                59.24163055419922,
                68.42272186279297
              ],
              [
                59.73880386352539,
                68.42272186279297
              ],
              [
                59.76868438720703,
                68.64987182617188
              ],
              [
                59.95558166503906,
                68.8016128540039
              ],
              [
                60.69910430908203,
                68.87757110595703
              ],
              [
                60.833534240722656,
                69.10584259033203
              ],
              [
                60.733314514160156,
                69.10584259033203
              ],
              [
                60.77838897705078,
                69.18205261230469
              ],
              [
                60.477474212646484,
                69.18205261230469
              ],
              [
                60.41181564331055,
                69.41107940673828
              ],
              [
                60.05451202392578,
                69.487548828125
              ],
              [
                60.089622497558594,
                69.71734619140625
              ],
              [
                59.48402404785156,
                69.71734619140625
              ],
              [
                59.52910232543945,
                69.79407501220703
              ],
              [
                59.32705307006836,
                69.79407501220703
              ],
              [
                59.372135162353516,
                69.8708724975586
              ],
              [
                59.06878662109375,
                69.8708724975586
              ],
              [
                59.11377716064453,
                69.9477310180664
              ],
              [
                58.765438079833984,
                69.8708724975586
              ],
              [
                58.81015396118164,
                69.9477310180664
              ],
              [
                58.44985580444336,
                70.024658203125
              ],
              [
                58.437992095947266,
                70.17870330810547
              ],
              [
                58.33650588989258,
                70.17870330810547
              ],
              [
                58.61920928955078,
                70.48763275146484
              ],
              [
                59.072845458984375,
                70.5650405883789
              ],
              [
                59.02665328979492,
                70.48763275146484
              ],
              [
                59.332237243652344,
                70.48763275146484
              ],
              [
                59.28596878051758,
                70.41029357910156
              ],
              [
                59.489501953125,
                70.41029357910156
              ],
              [
                59.44325256347656,
                70.3330307006836
              ],
              [
                59.74827194213867,
                70.3330307006836
              ],
              [
                59.70194625854492,
                70.2558364868164
              ],
              [
                59.90510177612305,
                70.2558364868164
              ],
              [
                59.85879135131836,
                70.17870330810547
              ],
              [
                60.163246154785156,
                70.17870330810547
              ],
              [
                60.116851806640625,
                70.10164642333984
              ],
              [
                60.475852966308594,
                70.024658203125
              ],
              [
                60.539344787597656,
                69.79407501220703
              ],
              [
                60.83430862426758,
                69.9477310180664
              ],
              [
                61.239139556884766,
                69.9477310180664
              ],
              [
                61.19221878051758,
                69.8708724975586
              ],
              [
                62.00114440917969,
                69.8708724975586
              ],
              [
                61.95368194580078,
                69.79407501220703
              ],
              [
                63.925079345703125,
                69.71734619140625
              ],
              [
                63.87618637084961,
                69.64068603515625
              ],
              [
                64.4320068359375,
                69.5640869140625
              ],
              [
                64.38296508789062,
                69.487548828125
              ],
              [
                64.78561401367188,
                69.487548828125
              ],
              [
                64.73640441894531,
                69.41107940673828
              ],
              [
                64.93755340576172,
                69.41107940673828
              ],
              [
                64.88836669921875,
                69.33467864990234
              ],
              [
                65.39077758789062,
                69.33467864990234
              ],
              [
                65.34133911132812,
                69.25833129882812
              ],
              [
                66.24520874023438,
                69.10584259033203
              ],
              [
                66.19547271728516,
                69.0296859741211
              ],
              [
                67.2959976196289,
                68.87757110595703
              ],
              [
                67.24578857421875,
                68.8016128540039
              ],
              [
                67.74408721923828,
                68.64987182617188
              ],
              [
                67.69393157958984,
                68.57408905029297
              ],
              [
                67.99275207519531,
                68.57408905029297
              ],
              [
                67.94252014160156,
                68.49837493896484
              ],
              [
                68.14156341552734,
                68.49837493896484
              ],
              [
                68.09134674072266,
                68.42272186279297
              ],
              [
                68.29022216796875,
                68.42272186279297
              ],
              [
                68.24002075195312,
                68.34712219238281
              ],
              [
                68.48780822753906,
                68.27159118652344
              ],
              [
                68.53964233398438,
                68.49837493896484
              ],
              [
                68.63916778564453,
                68.49837493896484
              ],
              [
                68.94705200195312,
                68.95359802246094
              ],
              [
                68.59539031982422,
                68.87757110595703
              ],
              [
                68.64693450927734,
                68.95359802246094
              ],
              [
                68.34680938720703,
                68.95359802246094
              ],
              [
                68.39828491210938,
                69.0296859741211
              ],
              [
                68.04910278320312,
                69.10584259033203
              ],
              [
                68.00332641601562,
                69.33467864990234
              ],
              [
                67.90283966064453,
                69.33467864990234
              ],
              [
                68.00678253173828,
                69.487548828125
              ],
              [
                66.59893035888672,
                69.64068603515625
              ],
              [
                66.80875396728516,
                70.10164642333984
              ],
              [
                67.1657485961914,
                70.17870330810547
              ],
              [
                67.015625,
                70.2558364868164
              ],
              [
                67.12200927734375,
                70.41029357910156
              ],
              [
                67.0202407836914,
                70.41029357910156
              ],
              [
                67.18770599365234,
                70.79769897460938
              ],
              [
                66.5742416381836,
                70.79769897460938
              ],
              [
                66.63455200195312,
                71.0310287475586
              ],
              [
                66.53201293945312,
                71.0310287475586
              ],
              [
                67.01390838623047,
                71.42146301269531
              ],
              [
                67.68890380859375,
                71.49979400634766
              ],
              [
                68.33336639404297,
                71.81393432617188
              ],
              [
                69.01949310302734,
                72.84458923339844
              ],
              [
                69.35682678222656,
                73.00454711914062
              ],
              [
                69.67224884033203,
                73.00454711914062
              ],
              [
                69.9609146118164,
                73.48678588867188
              ],
              [
                70.13400268554688,
                73.56752014160156
              ],
              [
                71.29931640625,
                73.56752014160156
              ],
              [
                71.16267395019531,
                73.40616607666016
              ],
              [
                71.41179656982422,
                73.32563781738281
              ],
              [
                71.10520935058594,
                73.08467102050781
              ],
              [
                70.05269622802734,
                73.08467102050781
              ],
              [
                69.71299743652344,
                72.92451477050781
              ],
              [
                71.7750473022461,
                73.00454711914062
              ],
              [
                71.70853424072266,
                72.92451477050781
              ],
              [
                72.44373321533203,
                72.92451477050781
              ],
              [
                72.37686920166016,
                72.84458923339844
              ],
              [
                72.93927001953125,
                72.76475524902344
              ],
              [
                72.8448486328125,
                72.52581787109375
              ],
              [
                72.94933319091797,
                72.52581787109375
              ],
              [
                72.81827545166016,
                72.36699676513672
              ],
              [
                72.92253875732422,
                72.36699676513672
              ],
              [
                72.6645278930664,
                72.05043029785156
              ],
              [
                72.56068420410156,
                72.05043029785156
              ],
              [
                72.24671173095703,
                71.65669250488281
              ],
              [
                71.8140869140625,
                71.49979400634766
              ],
              [
                72.06233978271484,
                71.42146301269531
              ],
              [
                72.00151824951172,
                71.34321594238281
              ],
              [
                72.20738220214844,
                71.34321594238281
              ],
              [
                72.14666748046875,
                71.26505279541016
              ],
              [
                72.55799102783203,
                71.26505279541016
              ],
              [
                72.4971923828125,
                71.18696594238281
              ],
              [
                72.70265197753906,
                71.18696594238281
              ],
              [
                72.64196014404297,
                71.10896301269531
              ],
              [
                72.88916778564453,
                71.0310287475586
              ],
              [
                72.69210815429688,
                70.64251708984375
              ],
              [
                72.8369369506836,
                70.5650405883789
              ],
              [
                72.50088500976562,
                70.2558364868164
              ],
              [
                72.60246276855469,
                70.2558364868164
              ],
              [
                72.54447937011719,
                70.17870330810547
              ],
              [
                72.64596557617188,
                70.17870330810547
              ],
              [
                72.58812713623047,
                70.10164642333984
              ],
              [
                72.77680969238281,
                69.9477310180664
              ],
              [
                72.6053237915039,
                69.71734619140625
              ],
              [
                72.70625305175781,
                69.71734619140625
              ],
              [
                72.59290313720703,
                69.5640869140625
              ],
              [
                72.69364929199219,
                69.5640869140625
              ],
              [
                72.58101654052734,
                69.41107940673828
              ],
              [
                72.68158721923828,
                69.41107940673828
              ],
              [
                72.4586181640625,
                69.10584259033203
              ],
              [
                72.55883026123047,
                69.10584259033203
              ],
              [
                72.5035400390625,
                69.0296859741211
              ],
              [
                73.6259536743164,
                68.64987182617188
              ],
              [
                73.09920501708984,
                68.19611358642578
              ],
              [
                73.24353790283203,
                68.1207046508789
              ],
              [
                73.02936553955078,
                67.81964111328125
              ],
              [
                73.12812805175781,
                67.81964111328125
              ],
              [
                73.07498168945312,
                67.74452209472656
              ],
              [
                72.72624206542969,
                67.66946411132812
              ],
              [
                72.41897583007812,
                67.36980438232422
              ],
              [
                72.02140045166016,
                67.22032165527344
              ],
              [
                71.86856842041016,
                66.99652099609375
              ],
              [
                71.52460479736328,
                66.92203521728516
              ],
              [
                71.47441101074219,
                66.84760284423828
              ],
              [
                71.61963653564453,
                66.77322387695312
              ],
              [
                71.51976776123047,
                66.6246337890625
              ],
              [
                71.03241729736328,
                66.6246337890625
              ],
              [
                70.39883422851562,
                66.40216064453125
              ],
              [
                72.09921264648438,
                66.32811737060547
              ],
              [
                72.29635620117188,
                66.47626495361328
              ],
              [
                72.19904327392578,
                66.47626495361328
              ],
              [
                72.29951477050781,
                66.6246337890625
              ],
              [
                73.4803237915039,
                66.92203521728516
              ],
              [
                73.99942016601562,
                67.51952362060547
              ],
              [
                74.65384674072266,
                67.74452209472656
              ],
              [
                74.76298522949219,
                67.89481353759766
              ],
              [
                74.53178405761719,
                68.1207046508789
              ],
              [
                74.58690643310547,
                68.19611358642578
              ],
              [
                74.3885498046875,
                68.19611358642578
              ],
              [
                74.39971160888672,
                68.34712219238281
              ],
              [
                74.20101165771484,
                68.34712219238281
              ],
              [
                74.32379913330078,
                68.64987182617188
              ],
              [
                74.59256744384766,
                68.87757110595703
              ],
              [
                76.46726989746094,
                69.10584259033203
              ],
              [
                76.40853881835938,
                69.0296859741211
              ],
              [
                76.75020599365234,
                68.95359802246094
              ],
              [
                76.73304748535156,
                68.8016128540039
              ],
              [
                77.07389068603516,
                68.7257080078125
              ],
              [
                77.0155029296875,
                68.64987182617188
              ],
              [
                77.31458282470703,
                68.64987182617188
              ],
              [
                77.25614929199219,
                68.57408905029297
              ],
              [
                77.39698028564453,
                68.49837493896484
              ],
              [
                77.24919128417969,
                68.04534912109375
              ],
              [
                77.87696075439453,
                68.34712219238281
              ],
              [
                77.69554138183594,
                68.49837493896484
              ],
              [
                77.75418090820312,
                68.57408905029297
              ],
              [
                77.65457153320312,
                68.57408905029297
              ],
              [
                77.71334838867188,
                68.64987182617188
              ],
              [
                77.61365509033203,
                68.64987182617188
              ],
              [
                77.67256927490234,
                68.7257080078125
              ],
              [
                77.57279205322266,
                68.7257080078125
              ],
              [
                77.59115600585938,
                68.87757110595703
              ],
              [
                76.5674819946289,
                69.10584259033203
              ],
              [
                76.62652587890625,
                69.18205261230469
              ],
              [
                75.48107147216797,
                69.25833129882812
              ],
              [
                74.96401977539062,
                69.10584259033203
              ],
              [
                73.66120910644531,
                69.10584259033203
              ],
              [
                73.78787994384766,
                69.41107940673828
              ],
              [
                73.41278839111328,
                69.71734619140625
              ],
              [
                73.7198257446289,
                70.2558364868164
              ],
              [
                74.04214477539062,
                70.41029357910156
              ],
              [
                74.22288513183594,
                70.64251708984375
              ],
              [
                73.97723388671875,
                70.7200698852539
              ],
              [
                73.99675750732422,
                70.87539672851562
              ],
              [
                73.79207611083984,
                70.87539672851562
              ],
              [
                73.8531494140625,
                70.95317840576172
              ],
              [
                73.64827728271484,
                70.95317840576172
              ],
              [
                73.66828918457031,
                71.10896301269531
              ],
              [
                73.46302032470703,
                71.10896301269531
              ],
              [
                73.52450561523438,
                71.18696594238281
              ],
              [
                73.31903839111328,
                71.18696594238281
              ],
              [
                73.38063049316406,
                71.26505279541016
              ],
              [
                72.8865737915039,
                71.42146301269531
              ],
              [
                73.44659423828125,
                71.73527526855469
              ],
              [
                73.63835906982422,
                71.97151184082031
              ],
              [
                74.42991638183594,
                72.05043029785156
              ],
              [
                74.87391662597656,
                72.20853424072266
              ],
              [
                75.00789642333984,
                72.36699676513672
              ],
              [
                74.83000946044922,
                72.52581787109375
              ],
              [
                74.8980712890625,
                72.6053695678711
              ],
              [
                74.7934799194336,
                72.6053695678711
              ],
              [
                74.82581329345703,
                72.76475524902344
              ],
              [
                74.72100830078125,
                72.76475524902344
              ],
              [
                74.8593978881836,
                72.92451477050781
              ],
              [
                75.38453674316406,
                72.92451477050781
              ],
              [
                75.3145751953125,
                72.84458923339844
              ],
              [
                75.66427612304688,
                72.76475524902344
              ],
              [
                75.59473419189453,
                72.68501281738281
              ],
              [
                75.69943237304688,
                72.68501281738281
              ],
              [
                75.63020324707031,
                72.6053695678711
              ],
              [
                75.77034759521484,
                72.52581787109375
              ],
              [
                75.27027893066406,
                71.81393432617188
              ],
              [
                75.37381744384766,
                71.81393432617188
              ],
              [
                75.30840301513672,
                71.73527526855469
              ],
              [
                75.4883041381836,
                71.57820129394531
              ],
              [
                75.398193359375,
                71.34321594238281
              ],
              [
                77.18534088134766,
                71.26505279541016
              ],
              [
                77.25092315673828,
                71.34321594238281
              ],
              [
                76.94213104248047,
                71.34321594238281
              ],
              [
                77.00774383544922,
                71.42146301269531
              ],
              [
                76.59562683105469,
                71.42146301269531
              ],
              [
                76.66117858886719,
                71.49979400634766
              ],
              [
                76.1455307006836,
                71.49979400634766
              ],
              [
                76.17332458496094,
                71.65669250488281
              ],
              [
                75.96665954589844,
                71.65669250488281
              ],
              [
                75.9577865600586,
                71.8926773071289
              ],
              [
                75.85414123535156,
                71.8926773071289
              ],
              [
                76.09146118164062,
                72.05043029785156
              ],
              [
                76.6786117553711,
                72.12944030761719
              ],
              [
                77.23377227783203,
                72.05043029785156
              ],
              [
                77.37126159667969,
                72.20853424072266
              ],
              [
                76.71146392822266,
                72.2877197265625
              ],
              [
                76.84984588623047,
                72.44635772705078
              ],
              [
                77.47931671142578,
                72.68501281738281
              ],
              [
                78.31690216064453,
                72.68501281738281
              ],
              [
                78.24495697021484,
                72.6053695678711
              ],
              [
                78.45413970947266,
                72.6053695678711
              ],
              [
                78.31109619140625,
                72.44635772705078
              ],
              [
                79.66796875,
                72.44635772705078
              ],
              [
                79.59568786621094,
                72.36699676513672
              ],
              [
                80.01275634765625,
                72.36699676513672
              ],
              [
                79.94047546386719,
                72.2877197265625
              ],
              [
                80.56544494628906,
                72.2877197265625
              ],
              [
                80.4929428100586,
                72.20853424072266
              ],
              [
                80.80510711669922,
                72.20853424072266
              ],
              [
                80.7645492553711,
                72.05043029785156
              ],
              [
                81.07608795166016,
                72.05043029785156
              ],
              [
                81.00406646728516,
                71.97151184082031
              ],
              [
                81.45064544677734,
                71.8926773071289
              ],
              [
                81.37890625,
                71.81393432617188
              ],
              [
                82.5177993774414,
                71.81393432617188
              ],
              [
                82.5602035522461,
                71.97151184082031
              ],
              [
                82.21839141845703,
                72.05043029785156
              ],
              [
                82.26189422607422,
                72.20853424072266
              ],
              [
                82.05377960205078,
                72.20853424072266
              ],
              [
                82.12786865234375,
                72.2877197265625
              ],
              [
                80.74263763427734,
                72.36699676513672
              ],
              [
                80.81608581542969,
                72.44635772705078
              ],
              [
                80.4720458984375,
                72.52581787109375
              ],
              [
                80.66539764404297,
                72.84458923339844
              ],
              [
                80.53093719482422,
                72.92451477050781
              ],
              [
                80.60678100585938,
                73.00454711914062
              ],
              [
                80.50164794921875,
                73.00454711914062
              ],
              [
                80.54918670654297,
                73.1648941040039
              ],
              [
                80.12773132324219,
                73.1648941040039
              ],
              [
                80.28146362304688,
                73.32563781738281
              ],
              [
                80.17587280273438,
                73.32563781738281
              ],
              [
                80.59501647949219,
                73.64835357666016
              ],
              [
                80.8870620727539,
                73.72928619384766
              ],
              [
                83.9660415649414,
                73.72928619384766
              ],
              [
                84.0499496459961,
                73.8103256225586
              ],
              [
                85.53800201416016,
                73.8103256225586
              ],
              [
                85.9239501953125,
                73.97272491455078
              ],
              [
                86.90105438232422,
                73.89147186279297
              ],
              [
                87.06066131591797,
                74.13555908203125
              ],
              [
                86.74034881591797,
                74.13555908203125
              ],
              [
                86.82989501953125,
                74.2171401977539
              ],
              [
                86.72300720214844,
                74.2171401977539
              ],
              [
                86.99512481689453,
                74.46253967285156
              ],
              [
                86.6161117553711,
                74.2171401977539
              ],
              [
                86.08164978027344,
                74.2171401977539
              ],
              [
                86.17096710205078,
                74.298828125
              ],
              [
                86.06395721435547,
                74.298828125
              ],
              [
                86.33541870117188,
                74.54456329345703
              ],
              [
                86.84263610839844,
                74.70895385742188
              ],
              [
                87.31751251220703,
                75.12195587158203
              ],
              [
                88.17362976074219,
                75.20491790771484
              ],
              [
                89.00907135009766,
                75.53797912597656
              ],
              [
                89.88080596923828,
                75.53797912597656
              ],
              [
                90.0882797241211,
                75.70527648925781
              ],
              [
                91.07147216796875,
                75.70527648925781
              ],
              [
                91.17756652832031,
                75.78911590576172
              ],
              [
                92.59954833984375,
                75.78911590576172
              ],
              [
                93.14869689941406,
                76.1258544921875
              ],
              [
                93.7009048461914,
                76.21038818359375
              ],
              [
                93.14630889892578,
                75.87310028076172
              ],
              [
                93.58440399169922,
                75.87310028076172
              ],
              [
                94.14128112792969,
                76.21038818359375
              ],
              [
                95.68260192871094,
                76.21038818359375
              ],
              [
                95.9149169921875,
                76.37987518310547
              ],
              [
                96.7979965209961,
                76.37987518310547
              ],
              [
                96.2220230102539,
                76.04146575927734
              ],
              [
                97.6495132446289,
                76.04146575927734
              ],
              [
                98.33387756347656,
                76.29505920410156
              ],
              [
                99.10555267333984,
                76.29505920410156
              ],
              [
                99.22647857666016,
                76.37987518310547
              ],
              [
                98.89531707763672,
                76.37987518310547
              ],
              [
                99.0166015625,
                76.46484375
              ],
              [
                98.90606689453125,
                76.46484375
              ],
              [
                99.15070343017578,
                76.63520812988281
              ],
              [
                99.37236022949219,
                76.63520812988281
              ],
              [
                99.24935150146484,
                76.5499496459961
              ],
              [
                100.79887390136719,
                76.5499496459961
              ],
              [
                101.16084289550781,
                76.72061920166016
              ],
              [
                101.04986572265625,
                76.72061920166016
              ],
              [
                101.17656707763672,
                76.8061752319336
              ],
              [
                100.95430755615234,
                76.8061752319336
              ],
              [
                101.08149719238281,
                76.89189147949219
              ],
              [
                100.97021484375,
                76.89189147949219
              ],
              [
                101.48629760742188,
                77.23632049560547
              ],
              [
                103.41226959228516,
                77.75786590576172
              ],
              [
                105.10496520996094,
                77.75786590576172
              ],
              [
                104.96610260009766,
                77.67052459716797
              ],
              [
                106.29086303710938,
                77.58334350585938
              ],
              [
                105.9873046875,
                77.32283020019531
              ],
              [
                105.15528106689453,
                77.14997863769531
              ],
              [
                105.26702117919922,
                77.14997863769531
              ],
              [
                106.07402801513672,
                77.23632049560547
              ],
              [
                105.80172729492188,
                77.06378936767578
              ],
              [
                107.50183868408203,
                77.14997863769531
              ],
              [
                107.36393737792969,
                77.06378936767578
              ]
            ],
            [
              [
                105.3983383178711,
                52.11625671386719
              ],
              [
                104.91266632080078,
                51.91512680053711
              ],
              [
                103.84477996826172,
                51.84812545776367
              ],
              [
                103.5715560913086,
                51.580322265625
              ],
              [
                104.11831665039062,
                51.51342010498047
              ],
              [
                104.07151794433594,
                51.44654083251953
              ],
              [
                104.8341064453125,
                51.44654083251953
              ],
              [
                105.73986053466797,
                51.64724349975586
              ],
              [
                106.00601196289062,
                51.78114318847656
              ],
              [
                106.39828491210938,
                52.31757736206055
              ],
              [
                106.82475280761719,
                52.31757736206055
              ],
              [
                107.33287048339844,
                52.653533935546875
              ],
              [
                107.89716339111328,
                52.720787048339844
              ],
              [
                108.43193817138672,
                53.192195892333984
              ],
              [
                108.82823944091797,
                53.25962829589844
              ],
              [
                109.6395263671875,
                54.27390670776367
              ],
              [
                109.55289459228516,
                54.27390670776367
              ],
              [
                109.66371154785156,
                54.4095458984375
              ],
              [
                109.54580688476562,
                54.47740173339844
              ],
              [
                109.60151672363281,
                54.545284271240234
              ],
              [
                109.51469421386719,
                54.545284271240234
              ],
              [
                109.73892974853516,
                54.817054748535156
              ],
              [
                109.65190887451172,
                54.817054748535156
              ],
              [
                109.76487731933594,
                54.95309066772461
              ],
              [
                109.6777572631836,
                54.95309066772461
              ],
              [
                109.84825134277344,
                55.15733337402344
              ],
              [
                109.76097869873047,
                55.15733337402344
              ],
              [
                109.98802185058594,
                55.83982467651367
              ],
              [
                109.31562805175781,
                55.77145767211914
              ],
              [
                108.97113800048828,
                55.36180877685547
              ],
              [
                109.0890121459961,
                55.29362487792969
              ],
              [
                108.91907501220703,
                55.089229583740234
              ],
              [
                109.00629425048828,
                55.089229583740234
              ],
              [
                108.28556823730469,
                54.20612335205078
              ],
              [
                108.23123168945312,
                54.138362884521484
              ],
              [
                106.85198211669922,
                53.25962829589844
              ],
              [
                106.49324798583984,
                52.78806686401367
              ],
              [
                105.91455841064453,
                52.586299896240234
              ],
              [
                105.3983383178711,
                52.11625671386719
              ]
            ],
            [
              [
                33.99314498901367,
                62.045867919921875
              ],
              [
                33.9593620300293,
                61.90340805053711
              ],
              [
                34.22079849243164,
                61.832237243652344
              ],
              [
                34.203834533691406,
                61.7611083984375
              ],
              [
                35.26313781738281,
                61.547950744628906
              ],
              [
                35.41282653808594,
                61.40604019165039
              ],
              [
                35.198909759521484,
                60.91054153442383
              ],
              [
                35.56659698486328,
                60.91054153442383
              ],
              [
                35.895484924316406,
                61.12267303466797
              ],
              [
                36.079708099365234,
                61.12267303466797
              ],
              [
                36.22460174560547,
                61.69001388549805
              ],
              [
                36.13197708129883,
                61.69001388549805
              ],
              [
                36.16858673095703,
                61.832237243652344
              ],
              [
                36.01963424682617,
                61.97461700439453
              ],
              [
                35.83386993408203,
                61.97461700439453
              ],
              [
                35.7773551940918,
                62.117156982421875
              ],
              [
                35.591331481933594,
                62.117156982421875
              ],
              [
                35.29104995727539,
                62.4027214050293
              ],
              [
                35.27009582519531,
                62.68894577026367
              ],
              [
                35.36363983154297,
                62.68894577026367
              ],
              [
                35.41863250732422,
                62.904052734375
              ],
              [
                35.26778793334961,
                63.047672271728516
              ],
              [
                34.11767578125,
                63.33543014526367
              ],
              [
                34.047306060791016,
                63.047672271728516
              ],
              [
                34.76240158081055,
                62.904052734375
              ],
              [
                34.989463806152344,
                62.68894577026367
              ],
              [
                34.88248062133789,
                62.259857177734375
              ],
              [
                34.62055206298828,
                62.331268310546875
              ],
              [
                34.469024658203125,
                62.474212646484375
              ],
              [
                34.50411605834961,
                62.61732482910156
              ],
              [
                34.41063690185547,
                62.61732482910156
              ],
              [
                34.428192138671875,
                62.68894577026367
              ],
              [
                34.147560119628906,
                62.68894577026367
              ],
              [
                34.01948928833008,
                62.54574966430664
              ],
              [
                33.90019607543945,
                62.045867919921875
              ],
              [
                33.99314498901367,
                62.045867919921875
              ]
            ],
            [
              [
                31.103300094604492,
                60.20578384399414
              ],
              [
                31.819162368774414,
                60.135501861572266
              ],
              [
                31.86298179626465,
                60.34645080566406
              ],
              [
                32.090389251708984,
                60.557716369628906
              ],
              [
                32.165489196777344,
                60.91054153442383
              ],
              [
                31.889724731445312,
                60.91054153442383
              ],
              [
                31.9196834564209,
                61.05192565917969
              ],
              [
                31.827634811401367,
                61.05192565917969
              ],
              [
                31.78046417236328,
                61.264278411865234
              ],
              [
                31.086288452148438,
                61.47697448730469
              ],
              [
                31.023086547851562,
                61.618961334228516
              ],
              [
                30.560298919677734,
                61.618961334228516
              ],
              [
                30.439285278320312,
                61.47697448730469
              ],
              [
                30.161998748779297,
                61.47697448730469
              ],
              [
                30.041784286499023,
                61.335140228271484
              ],
              [
                29.857181549072266,
                61.335140228271484
              ],
              [
                29.802587509155273,
                61.05192565917969
              ],
              [
                30.207590103149414,
                60.76930236816406
              ],
              [
                30.28156852722168,
                60.20578384399414
              ],
              [
                30.372873306274414,
                60.20578384399414
              ],
              [
                30.359281539916992,
                60.135501861572266
              ],
              [
                30.43691062927246,
                60.065250396728516
              ],
              [
                30.38283348083496,
                59.78459548950195
              ],
              [
                30.837535858154297,
                59.78459548950195
              ],
              [
                31.103300094604492,
                60.20578384399414
              ]
            ]
          ],
          [
            [
              [
                84.54669952392578,
                74.38063049316406
              ],
              [
                84.42078399658203,
                74.46253967285156
              ],
              [
                84.5097885131836,
                74.54456329345703
              ],
              [
                84.9219970703125,
                74.62670135498047
              ],
              [
                84.65383911132812,
                74.38063049316406
              ],
              [
                84.54669952392578,
                74.38063049316406
              ]
            ]
          ],
          [
            [
              [
                86.10467529296875,
                74.62670135498047
              ],
              [
                85.7821273803711,
                74.62670135498047
              ],
              [
                86.05934143066406,
                74.8738021850586
              ],
              [
                86.59884643554688,
                74.8738021850586
              ],
              [
                86.21218872070312,
                74.62670135498047
              ],
              [
                86.10467529296875,
                74.62670135498047
              ]
            ]
          ],
          [
            [
              [
                85.41193389892578,
                74.8738021850586
              ],
              [
                85.51983642578125,
                74.8738021850586
              ],
              [
                85.62773895263672,
                74.8738021850586
              ],
              [
                85.44327545166016,
                74.70895385742188
              ],
              [
                85.1203384399414,
                74.70895385742188
              ],
              [
                85.41193389892578,
                74.8738021850586
              ]
            ]
          ],
          [
            [
              [
                97.01876831054688,
                76.37987518310547
              ],
              [
                97.1375503540039,
                76.46484375
              ],
              [
                97.35861206054688,
                76.46484375
              ],
              [
                97.00373077392578,
                76.21038818359375
              ],
              [
                96.5571517944336,
                76.1258544921875
              ],
              [
                97.01876831054688,
                76.37987518310547
              ]
            ]
          ],
          [
            [
              [
                97.62042999267578,
                76.8061752319336
              ],
              [
                97.84268951416016,
                76.8061752319336
              ],
              [
                97.70993041992188,
                76.63520812988281
              ],
              [
                97.58914947509766,
                76.5499496459961
              ],
              [
                97.36779022216797,
                76.5499496459961
              ],
              [
                97.48827362060547,
                76.63520812988281
              ],
              [
                97.37744140625,
                76.63520812988281
              ],
              [
                97.62042999267578,
                76.8061752319336
              ]
            ]
          ],
          [
            [
              [
                95.52639770507812,
                76.9777603149414
              ],
              [
                96.0033950805664,
                77.23632049560547
              ],
              [
                96.91109466552734,
                77.32283020019531
              ],
              [
                96.41786193847656,
                76.9777603149414
              ],
              [
                95.63783264160156,
                76.9777603149414
              ],
              [
                95.52639770507812,
                76.9777603149414
              ]
            ]
          ],
          [
            [
              [
                89.5115737915039,
                77.14997863769531
              ],
              [
                89.17635345458984,
                77.14997863769531
              ],
              [
                89.51825714111328,
                77.40950012207031
              ],
              [
                89.96709442138672,
                77.40950012207031
              ],
              [
                89.6233139038086,
                77.14997863769531
              ],
              [
                89.5115737915039,
                77.14997863769531
              ]
            ]
          ]
        ]
      }
    }
  ]
}
