{
  "type": "FeatureCollection",
  "features": [
    {
      "type": "Feature",
      "properties": {
        "Name": "United States of America",
        "FromYear": 1945,
        "ToYear": 1945,
        "Area": 12189523.056899518,
        "Type": "POLITY",
        "Wikipedia": "United States",
        "Wikidata": "Q30",
        "SeshatID": "us_united_states_of_america_contemporary",
        "Components": "",
        "MemberOf": "",
        "displayYear": 1945,
        "sourceYear": 1945,
        "mappedTerritoryId": "cliopatria_united_states_of_america"
      },
      "geometry": {
        "type": "MultiPolygon",
        "coordinates": [
          [
            [
              [
                -155.7459259033203,
                19.379087448120117
              ],
              [
                -155.9299774169922,
                19.507661819458008
              ],
              [
                -156.00230407714844,
                19.764808654785156
              ],
              [
                -155.79823303222656,
                19.8290958404541
              ],
              [
                -155.87086486816406,
                20.08624267578125
              ],
              [
                -155.7967529296875,
                20.08624267578125
              ],
              [
                -155.79551696777344,
                20.343387603759766
              ],
              [
                -155.59262084960938,
                20.150527954101562
              ],
              [
                -155.0376434326172,
                20.021955490112305
              ],
              [
                -154.96543884277344,
                19.764808654785156
              ],
              [
                -154.68939208984375,
                19.571949005126953
              ],
              [
                -154.8782501220703,
                19.186227798461914
              ],
              [
                -155.30435180664062,
                19.12194061279297
              ],
              [
                -155.37832641601562,
                19.12194061279297
              ],
              [
                -155.54684448242188,
                18.929079055786133
              ],
              [
                -155.78652954101562,
                18.993366241455078
              ],
              [
                -155.84010314941406,
                19.186227798461914
              ],
              [
                -155.69212341308594,
                19.186227798461914
              ],
              [
                -155.7459259033203,
                19.379087448120117
              ]
            ]
          ],
          [
            [
              [
                -156.49905395507812,
                20.72910499572754
              ],
              [
                -156.6845245361328,
                20.857677459716797
              ],
              [
                -156.72177124023438,
                20.986249923706055
              ],
              [
                -156.64755249023438,
                20.986249923706055
              ],
              [
                -156.57333374023438,
                20.986249923706055
              ],
              [
                -155.86831665039062,
                20.857677459716797
              ],
              [
                -155.7388153076172,
                20.664819717407227
              ],
              [
                -156.05455017089844,
                20.471960067749023
              ],
              [
                -156.42530822753906,
                20.471960067749023
              ],
              [
                -156.49905395507812,
                20.72910499572754
              ]
            ]
          ],
          [
            [
              [
                -156.9813232421875,
                20.857677459716797
              ],
              [
                -156.99996948242188,
                20.921964645385742
              ],
              [
                -156.77734375,
                20.921964645385742
              ],
              [
                -156.7216033935547,
                20.72910499572754
              ],
              [
                -156.9441680908203,
                20.72910499572754
              ],
              [
                -157.05552673339844,
                20.857677459716797
              ],
              [
                -156.9813232421875,
                20.857677459716797
              ]
            ]
          ],
          [
            [
              [
                -157.24130249023438,
                20.986249923706055
              ],
              [
                -157.27882385253906,
                21.114822387695312
              ],
              [
                -157.20458984375,
                21.114822387695312
              ],
              [
                -157.2422637939453,
                21.24339485168457
              ],
              [
                -156.94525146484375,
                21.24339485168457
              ],
              [
                -156.77793884277344,
                21.179107666015625
              ],
              [
                -156.72177124023438,
                20.986249923706055
              ],
              [
                -157.24130249023438,
                20.986249923706055
              ]
            ]
          ],
          [
            [
              [
                -158.06375122070312,
                21.7576847076416
              ],
              [
                -157.74717712402344,
                21.693397521972656
              ],
              [
                -157.72792053222656,
                21.629112243652344
              ],
              [
                -157.6499786376953,
                21.114822387695312
              ],
              [
                -157.8726806640625,
                21.114822387695312
              ],
              [
                -158.24559020996094,
                21.371967315673828
              ],
              [
                -158.2838592529297,
                21.500539779663086
              ],
              [
                -158.06375122070312,
                21.7576847076416
              ]
            ]
          ],
          [
            [
              [
                -160.9075469970703,
                21.821969985961914
              ],
              [
                -160.92733764648438,
                21.88625717163086
              ],
              [
                -160.70433044433594,
                21.88625717163086
              ],
              [
                -160.64523315429688,
                21.693397521972656
              ],
              [
                -160.94247436523438,
                21.693397521972656
              ],
              [
                -160.98187255859375,
                21.821969985961914
              ],
              [
                -160.9075469970703,
                21.821969985961914
              ]
            ]
          ],
          [
            [
              [
                -160.07485961914062,
                22.014829635620117
              ],
              [
                -160.00050354003906,
                22.014829635620117
              ],
              [
                -159.94131469726562,
                21.821969985961914
              ],
              [
                -160.05076599121094,
                21.693397521972656
              ],
              [
                -160.27369689941406,
                21.693397521972656
              ],
              [
                -160.3129425048828,
                21.821969985961914
              ],
              [
                -160.07485961914062,
                22.014829635620117
              ]
            ]
          ],
          [
            [
              [
                -159.16775512695312,
                22.20768928527832
              ],
              [
                -159.14785766601562,
                22.143402099609375
              ],
              [
                -159.033935546875,
                22.014829635620117
              ],
              [
                -159.34669494628906,
                21.821969985961914
              ],
              [
                -159.73797607421875,
                21.88625717163086
              ],
              [
                -159.74281311035156,
                22.143402099609375
              ],
              [
                -159.634033203125,
                22.271976470947266
              ],
              [
                -159.16775512695312,
                22.20768928527832
              ]
            ]
          ],
          [
            [
              [
                -162.08311462402344,
                23.171995162963867
              ],
              [
                -162.13621520996094,
                23.107707977294922
              ],
              [
                -162.2752685546875,
                23.30057144165039
              ],
              [
                -162.2007293701172,
                23.30057144165039
              ],
              [
                -162.17913818359375,
                23.236284255981445
              ],
              [
                -162.08311462402344,
                23.171995162963867
              ]
            ]
          ],
          [
            [
              [
                -169.28834533691406,
                53.124786376953125
              ],
              [
                -169.12657165527344,
                53.192195892333984
              ],
              [
                -169.2225799560547,
                53.25962829589844
              ],
              [
                -169.0507354736328,
                53.25962829589844
              ],
              [
                -169.1469268798828,
                53.32708740234375
              ],
              [
                -168.631103515625,
                53.32708740234375
              ],
              [
                -168.7592315673828,
                53.597137451171875
              ],
              [
                -168.5869140625,
                53.597137451171875
              ],
              [
                -168.69522094726562,
                53.732303619384766
              ],
              [
                -168.26397705078125,
                53.732303619384766
              ],
              [
                -167.6189422607422,
                53.462066650390625
              ],
              [
                -167.78114318847656,
                53.39456558227539
              ],
              [
                -167.68544006347656,
                53.32708740234375
              ],
              [
                -168.2972412109375,
                53.39456558227539
              ],
              [
                -168.1914825439453,
                53.25962829589844
              ],
              [
                -168.53518676757812,
                53.25962829589844
              ],
              [
                -168.43954467773438,
                53.192195892333984
              ],
              [
                -168.61129760742188,
                53.192195892333984
              ],
              [
                -168.50648498535156,
                53.057395935058594
              ],
              [
                -168.76385498046875,
                53.057395935058594
              ],
              [
                -168.66880798339844,
                52.99003219604492
              ],
              [
                -168.75454711914062,
                52.99003219604492
              ],
              [
                -168.6597442626953,
                52.92268753051758
              ],
              [
                -169.2504425048828,
                52.85536575317383
              ],
              [
                -169.5359344482422,
                53.057395935058594
              ],
              [
                -169.19277954101562,
                53.057395935058594
              ],
              [
                -169.28834533691406,
                53.124786376953125
              ]
            ]
          ],
          [
            [
              [
                -166.09796142578125,
                53.664710998535156
              ],
              [
                -166.6151885986328,
                53.664710998535156
              ],
              [
                -166.5191650390625,
                53.597137451171875
              ],
              [
                -166.68177795410156,
                53.52959060668945
              ],
              [
                -166.4908905029297,
                53.39456558227539
              ],
              [
                -167.093017578125,
                53.39456558227539
              ],
              [
                -167.3706512451172,
                53.52959060668945
              ],
              [
                -167.2845458984375,
                53.52959060668945
              ],
              [
                -167.40147399902344,
                53.732303619384766
              ],
              [
                -167.49842834472656,
                53.799922943115234
              ],
              [
                -167.2502899169922,
                53.86756134033203
              ],
              [
                -167.4452362060547,
                54.00291442871094
              ],
              [
                -166.76475524902344,
                54.07062530517578
              ],
              [
                -166.39730834960938,
                53.93522644042969
              ],
              [
                -166.09796142578125,
                53.664710998535156
              ]
            ]
          ],
          [
            [
              [
                -166.11729431152344,
                54.341712951660156
              ],
              [
                -165.94393920898438,
                54.341712951660156
              ],
              [
                -166.04214477539062,
                54.4095458984375
              ],
              [
                -165.78196716308594,
                54.4095458984375
              ],
              [
                -165.39141845703125,
                54.138362884521484
              ],
              [
                -165.4779510498047,
                54.138362884521484
              ],
              [
                -165.38096618652344,
                54.07062530517578
              ],
              [
                -166.0622100830078,
                54.00291442871094
              ],
              [
                -166.46401977539062,
                54.341712951660156
              ],
              [
                -166.019287109375,
                54.27390670776367
              ],
              [
                -166.11729431152344,
                54.341712951660156
              ]
            ]
          ],
          [
            [
              [
                -133.37318420410156,
                55.089229583740234
              ],
              [
                -133.28067016601562,
                55.15733337402344
              ],
              [
                -133.36280822753906,
                55.225467681884766
              ],
              [
                -133.18817138671875,
                55.225467681884766
              ],
              [
                -132.948486328125,
                54.95309066772461
              ],
              [
                -132.61228942871094,
                54.817054748535156
              ],
              [
                -132.69931030273438,
                54.817054748535156
              ],
              [
                -132.7863311767578,
                54.817054748535156
              ],
              [
                -132.6250762939453,
                54.681121826171875
              ],
              [
                -132.97276306152344,
                54.681121826171875
              ],
              [
                -133.29696655273438,
                54.95309066772461
              ],
              [
                -133.2098388671875,
                54.95309066772461
              ],
              [
                -133.37318420410156,
                55.089229583740234
              ]
            ]
          ],
          [
            [
              [
                -160.42105102539062,
                55.15733337402344
              ],
              [
                -160.09246826171875,
                55.29362487792969
              ],
              [
                -159.88754272460938,
                55.089229583740234
              ],
              [
                -160.2167205810547,
                54.95309066772461
              ],
              [
                -160.4108428955078,
                55.089229583740234
              ],
              [
                -160.32362365722656,
                55.089229583740234
              ],
              [
                -160.42105102539062,
                55.15733337402344
              ]
            ]
          ],
          [
            [
              [
                -159.45144653320312,
                55.089229583740234
              ],
              [
                -159.62588500976562,
                55.089229583740234
              ],
              [
                -159.8303680419922,
                55.29362487792969
              ],
              [
                -159.46109008789062,
                55.15733337402344
              ],
              [
                -159.54837036132812,
                55.15733337402344
              ],
              [
                -159.45144653320312,
                55.089229583740234
              ]
            ]
          ],
          [
            [
              [
                -160.5955810546875,
                55.15733337402344
              ],
              [
                -160.68284606933594,
                55.15733337402344
              ],
              [
                -160.85739135742188,
                55.15733337402344
              ],
              [
                -161.0645751953125,
                55.36180877685547
              ],
              [
                -160.71490478515625,
                55.36180877685547
              ],
              [
                -160.5187225341797,
                55.225467681884766
              ],
              [
                -160.5955810546875,
                55.15733337402344
              ]
            ]
          ],
          [
            [
              [
                -155.5202178955078,
                55.77145767211914
              ],
              [
                -155.69566345214844,
                55.77145767211914
              ],
              [
                -155.8991241455078,
                55.97663879394531
              ],
              [
                -155.5291748046875,
                55.83982467651367
              ],
              [
                -155.61695861816406,
                55.83982467651367
              ],
              [
                -155.5202178955078,
                55.77145767211914
              ]
            ]
          ],
          [
            [
              [
                -154.47012329101562,
                56.45634460449219
              ],
              [
                -154.8131103515625,
                56.387733459472656
              ],
              [
                -155.0202178955078,
                56.59365463256836
              ],
              [
                -154.85397338867188,
                56.662349700927734
              ],
              [
                -154.7655792236328,
                56.662349700927734
              ],
              [
                -154.47012329101562,
                56.45634460449219
              ]
            ]
          ],
          [
            [
              [
                -154.156982421875,
                56.731075286865234
              ],
              [
                -153.969970703125,
                56.662349700927734
              ],
              [
                -153.8619842529297,
                56.524986267089844
              ],
              [
                -154.12686157226562,
                56.524986267089844
              ],
              [
                -154.32357788085938,
                56.662349700927734
              ],
              [
                -154.05838012695312,
                56.662349700927734
              ],
              [
                -154.156982421875,
                56.731075286865234
              ]
            ]
          ],
          [
            [
              [
                -153.2451171875,
                57.14401626586914
              ],
              [
                -153.1354217529297,
                57.00625228881836
              ],
              [
                -153.766845703125,
                57.07511901855469
              ],
              [
                -153.55795288085938,
                56.86860656738281
              ],
              [
                -154.0893096923828,
                56.86860656738281
              ],
              [
                -154.45440673828125,
                56.937416076660156
              ],
              [
                -154.75428771972656,
                57.14401626586914
              ],
              [
                -154.66551208496094,
                57.14401626586914
              ],
              [
                -154.99244689941406,
                57.488929748535156
              ],
              [
                -154.66123962402344,
                57.62710189819336
              ],
              [
                -154.76319885253906,
                57.696231842041016
              ],
              [
                -153.94798278808594,
                57.62710189819336
              ],
              [
                -154.04949951171875,
                57.696231842041016
              ],
              [
                -153.87106323242188,
                57.696231842041016
              ],
              [
                -154.16403198242188,
                57.8345832824707
              ],
              [
                -153.99818420410156,
                57.903804779052734
              ],
              [
                -154.1005859375,
                57.97305679321289
              ],
              [
                -153.53875732421875,
                57.8345832824707
              ],
              [
                -153.7558135986328,
                58.042335510253906
              ],
              [
                -152.93792724609375,
                57.97305679321289
              ],
              [
                -153.4370880126953,
                58.2503662109375
              ],
              [
                -153.16812133789062,
                58.2503662109375
              ],
              [
                -153.37432861328125,
                58.38920593261719
              ],
              [
                -153.01522827148438,
                58.38920593261719
              ],
              [
                -153.1185302734375,
                58.45867156982422
              ],
              [
                -152.93887329101562,
                58.45867156982422
              ],
              [
                -153.04234313964844,
                58.528167724609375
              ],
              [
                -152.57955932617188,
                58.45867156982422
              ],
              [
                -152.89012145996094,
                58.66725540161133
              ],
              [
                -152.6201171875,
                58.66725540161133
              ],
              [
                -152.00254821777344,
                58.2503662109375
              ],
              [
                -152.0922088623047,
                58.2503662109375
              ],
              [
                -151.99020385742188,
                58.180992126464844
              ],
              [
                -152.70701599121094,
                58.180992126464844
              ],
              [
                -152.59243774414062,
                58.042335510253906
              ],
              [
                -152.9503936767578,
                58.042335510253906
              ],
              [
                -152.3775634765625,
                57.8345832824707
              ],
              [
                -152.4552001953125,
                57.7653923034668
              ],
              [
                -152.15380859375,
                57.55800247192383
              ],
              [
                -152.24290466308594,
                57.55800247192383
              ],
              [
                -152.14292907714844,
                57.488929748535156
              ],
              [
                -152.7551727294922,
                57.41988754272461
              ],
              [
                -152.55572509765625,
                57.28189468383789
              ],
              [
                -153.0890350341797,
                57.28189468383789
              ],
              [
                -152.9893798828125,
                57.21294021606445
              ],
              [
                -153.2451171875,
                57.14401626586914
              ]
            ]
          ],
          [
            [
              [
                -167.0155029296875,
                60.416839599609375
              ],
              [
                -166.3107147216797,
                60.48725891113281
              ],
              [
                -165.6818084716797,
                60.276100158691406
              ],
              [
                -165.77317810058594,
                60.276100158691406
              ],
              [
                -165.55311584472656,
                59.92485809326172
              ],
              [
                -166.0084228515625,
                59.92485809326172
              ],
              [
                -165.8919677734375,
                59.85470962524414
              ],
              [
                -166.4124298095703,
                59.78459548950195
              ],
              [
                -167.33645629882812,
                60.065250396728516
              ],
              [
                -167.45458984375,
                60.135501861572266
              ],
              [
                -167.69183349609375,
                60.276100158691406
              ],
              [
                -166.96092224121094,
                60.276100158691406
              ],
              [
                -167.07952880859375,
                60.34645080566406
              ],
              [
                -166.8966827392578,
                60.34645080566406
              ],
              [
                -167.0155029296875,
                60.416839599609375
              ]
            ]
          ],
          [
            [
              [
                -147.2542724609375,
                60.416839599609375
              ],
              [
                -146.93846130371094,
                60.20578384399414
              ],
              [
                -147.02976989746094,
                60.20578384399414
              ],
              [
                -147.12107849121094,
                60.20578384399414
              ],
              [
                -147.01625061035156,
                60.135501861572266
              ],
              [
                -147.28997802734375,
                60.135501861572266
              ],
              [
                -147.51441955566406,
                60.34645080566406
              ],
              [
                -147.2542724609375,
                60.416839599609375
              ]
            ]
          ],
          [
            [
              [
                -146.3258819580078,
                60.34645080566406
              ],
              [
                -146.4173126220703,
                60.34645080566406
              ],
              [
                -146.60015869140625,
                60.34645080566406
              ],
              [
                -146.82498168945312,
                60.557716369628906
              ],
              [
                -146.4585418701172,
                60.557716369628906
              ],
              [
                -146.14303588867188,
                60.34645080566406
              ],
              [
                -146.3258819580078,
                60.34645080566406
              ]
            ]
          ],
          [
            [
              [
                -145.9952392578125,
                70.2558364868164
              ],
              [
                -145.5071563720703,
                70.10164642333984
              ],
              [
                -144.2904510498047,
                70.10164642333984
              ],
              [
                -144.4315185546875,
                70.17870330810547
              ],
              [
                -143.86209106445312,
                70.2558364868164
              ],
              [
                -143.11219787597656,
                70.17870330810547
              ],
              [
                -141.27188110351562,
                69.71734619140625
              ],
              [
                -141.1709442138672,
                69.71734619140625
              ],
              [
                -140.89979553222656,
                69.33467864990234
              ],
              [
                -141.1007537841797,
                69.33467864990234
              ],
              [
                -140.9342803955078,
                69.18205261230469
              ],
              [
                -141.1348876953125,
                69.18205261230469
              ],
              [
                -140.9696807861328,
                69.0296859741211
              ],
              [
                -141.16993713378906,
                69.0296859741211
              ],
              [
                -141.0059814453125,
                68.87757110595703
              ],
              [
                -141.2058868408203,
                68.87757110595703
              ],
              [
                -141.04315185546875,
                68.7257080078125
              ],
              [
                -141.24270629882812,
                68.7257080078125
              ],
              [
                -141.02059936523438,
                68.42272186279297
              ],
              [
                -141.21946716308594,
                68.42272186279297
              ],
              [
                -141.03106689453125,
                68.19611358642578
              ],
              [
                -141.22943115234375,
                68.19611358642578
              ],
              [
                -141.01522827148438,
                67.89481353759766
              ],
              [
                -141.21292114257812,
                67.89481353759766
              ],
              [
                -141.03041076660156,
                67.66946411132812
              ],
              [
                -141.22760009765625,
                67.66946411132812
              ],
              [
                -141.04747009277344,
                67.44463348388672
              ],
              [
                -141.24417114257812,
                67.44463348388672
              ],
              [
                -141.0403594970703,
                67.14566802978516
              ],
              [
                -141.2364044189453,
                67.14566802978516
              ],
              [
                -141.0365447998047,
                66.84760284423828
              ],
              [
                -141.23196411132812,
                66.84760284423828
              ],
              [
                -141.0601348876953,
                66.6246337890625
              ],
              [
                -141.2550811767578,
                66.6246337890625
              ],
              [
                -141.0616912841797,
                66.32811737060547
              ],
              [
                -141.25601196289062,
                66.32811737060547
              ],
              [
                -141.04354858398438,
                65.95866394042969
              ],
              [
                -141.23709106445312,
                65.95866394042969
              ],
              [
                -141.02989196777344,
                65.59053039550781
              ],
              [
                -141.22268676757812,
                65.59053039550781
              ],
              [
                -141.0205078125,
                65.22367095947266
              ],
              [
                -141.21253967285156,
                65.22367095947266
              ],
              [
                -141.0958709716797,
                65.15044403076172
              ],
              [
                -141.1918182373047,
                65.15044403076172
              ],
              [
                -140.9954071044922,
                64.78507995605469
              ],
              [
                -141.18655395507812,
                64.78507995605469
              ],
              [
                -140.99472045898438,
                64.4209213256836
              ],
              [
                -141.18515014648438,
                64.4209213256836
              ],
              [
                -140.99781799316406,
                64.05794525146484
              ],
              [
                -141.18753051757812,
                64.05794525146484
              ],
              [
                -141.004638671875,
                63.69612503051758
              ],
              [
                -141.1936492919922,
                63.69612503051758
              ],
              [
                -141.01516723632812,
                63.33543014526367
              ],
              [
                -141.20347595214844,
                63.33543014526367
              ],
              [
                -141.0449676513672,
                63.047672271728516
              ],
              [
                -141.2327423095703,
                63.047672271728516
              ],
              [
                -141.0619354248047,
                62.68894577026367
              ],
              [
                -141.2490234375,
                62.68894577026367
              ],
              [
                -141.14053344726562,
                62.61732482910156
              ],
              [
                -141.2340087890625,
                62.61732482910156
              ],
              [
                -141.12576293945312,
                62.54574966430664
              ],
              [
                -141.2191619873047,
                62.54574966430664
              ],
              [
                -141.1111602783203,
                62.474212646484375
              ],
              [
                -141.20449829101562,
                62.474212646484375
              ],
              [
                -141.04063415527344,
                62.117156982421875
              ],
              [
                -141.22665405273438,
                62.117156982421875
              ],
              [
                -141.11996459960938,
                62.045867919921875
              ],
              [
                -141.21292114257812,
                62.045867919921875
              ],
              [
                -141.10646057128906,
                61.97461700439453
              ],
              [
                -141.1993408203125,
                61.97461700439453
              ],
              [
                -141.09312438964844,
                61.90340805053711
              ],
              [
                -141.18594360351562,
                61.90340805053711
              ],
              [
                -141.07994079589844,
                61.832237243652344
              ],
              [
                -141.17269897460938,
                61.832237243652344
              ],
              [
                -141.01649475097656,
                61.47697448730469
              ],
              [
                -141.20135498046875,
                61.47697448730469
              ],
              [
                -141.09666442871094,
                61.40604019165039
              ],
              [
                -141.18902587890625,
                61.40604019165039
              ],
              [
                -141.0845489501953,
                61.335140228271484
              ],
              [
                -141.17684936523438,
                61.335140228271484
              ],
              [
                -141.07261657714844,
                61.264278411865234
              ],
              [
                -141.16485595703125,
                61.264278411865234
              ],
              [
                -141.06082153320312,
                61.193458557128906
              ],
              [
                -141.1529998779297,
                61.193458557128906
              ],
              [
                -141.04920959472656,
                61.12267303466797
              ],
              [
                -141.1413116455078,
                61.12267303466797
              ],
              [
                -141.03773498535156,
                61.05192565917969
              ],
              [
                -141.12979125976562,
                61.05192565917969
              ],
              [
                -141.02642822265625,
                60.9812126159668
              ],
              [
                -141.118408203125,
                60.9812126159668
              ],
              [
                -140.97227478027344,
                60.628211975097656
              ],
              [
                -141.15560913085938,
                60.628211975097656
              ],
              [
                -141.03314208984375,
                60.416839599609375
              ],
              [
                -141.1246337890625,
                60.416839599609375
              ],
              [
                -140.83065795898438,
                60.276100158691406
              ],
              [
                -140.0906982421875,
                60.20578384399414
              ],
              [
                -139.81678771972656,
                60.20578384399414
              ],
              [
                -139.91700744628906,
                60.276100158691406
              ],
              [
                -139.73428344726562,
                60.276100158691406
              ],
              [
                -139.83465576171875,
                60.34645080566406
              ],
              [
                -139.28610229492188,
                60.34645080566406
              ],
              [
                -138.87229919433594,
                59.92485809326172
              ],
              [
                -137.723876953125,
                59.294734954833984
              ],
              [
                -137.8144073486328,
                59.294734954833984
              ],
              [
                -137.52232360839844,
                59.015533447265625
              ],
              [
                -136.89479064941406,
                59.08528518676758
              ],
              [
                -136.98983764648438,
                59.15507125854492
              ],
              [
                -136.63758850097656,
                59.294734954833984
              ],
              [
                -136.73306274414062,
                59.36461639404297
              ],
              [
                -136.55189514160156,
                59.36461639404297
              ],
              [
                -136.64752197265625,
                59.434532165527344
              ],
              [
                -136.4662322998047,
                59.434532165527344
              ],
              [
                -136.56201171875,
                59.504478454589844
              ],
              [
                -136.38059997558594,
                59.504478454589844
              ],
              [
                -136.4765167236328,
                59.574459075927734
              ],
              [
                -136.29498291015625,
                59.574459075927734
              ],
              [
                -136.3910369873047,
                59.64447021484375
              ],
              [
                -135.8511962890625,
                59.714515686035156
              ],
              [
                -135.94735717773438,
                59.78459548950195
              ],
              [
                -135.305908203125,
                59.714515686035156
              ],
              [
                -134.7296600341797,
                59.15507125854492
              ],
              [
                -133.44476318359375,
                58.38920593261719
              ],
              [
                -133.53453063964844,
                58.38920593261719
              ],
              [
                -132.37742614746094,
                57.35087585449219
              ],
              [
                -132.46636962890625,
                57.35087585449219
              ],
              [
                -132.2075958251953,
                57.07511901855469
              ],
              [
                -132.2963104248047,
                57.07511901855469
              ],
              [
                -131.86988830566406,
                56.662349700927734
              ],
              [
                -130.99777221679688,
                56.45634460449219
              ],
              [
                -130.06321716308594,
                55.97663879394531
              ],
              [
                -130.15109252929688,
                55.97663879394531
              ],
              [
                -130.07464599609375,
                55.83982467651367
              ],
              [
                -130.25018310546875,
                55.83982467651367
              ],
              [
                -130.1682586669922,
                55.77145767211914
              ],
              [
                -130.2618865966797,
                55.70311737060547
              ],
              [
                -129.950439453125,
                55.29362487792969
              ],
              [
                -130.03781127929688,
                55.29362487792969
              ],
              [
                -129.88446044921875,
                55.089229583740234
              ],
              [
                -129.9716796875,
                55.089229583740234
              ],
              [
                -130.05889892578125,
                55.089229583740234
              ],
              [
                -130.24050903320312,
                55.021148681640625
              ],
              [
                -130.16067504882812,
                54.95309066772461
              ],
              [
                -130.3349151611328,
                54.95309066772461
              ],
              [
                -130.25521850585938,
                54.88506317138672
              ],
              [
                -130.96617126464844,
                54.74907684326172
              ],
              [
                -131.1259002685547,
                54.88506317138672
              ],
              [
                -131.03187561035156,
                54.95309066772461
              ],
              [
                -131.11219787597656,
                55.021148681640625
              ],
              [
                -131.0250244140625,
                55.021148681640625
              ],
              [
                -131.09896850585938,
                55.15733337402344
              ],
              [
                -131.01170349121094,
                55.15733337402344
              ],
              [
                -131.17359924316406,
                55.29362487792969
              ],
              [
                -131.5171356201172,
                55.36180877685547
              ],
              [
                -131.28652954101562,
                55.021148681640625
              ],
              [
                -131.6352081298828,
                55.021148681640625
              ],
              [
                -132.04164123535156,
                55.36180877685547
              ],
              [
                -131.9486541748047,
                55.430015563964844
              ],
              [
                -132.28819274902344,
                55.56651306152344
              ],
              [
                -132.20578002929688,
                55.498252868652344
              ],
              [
                -132.5558624267578,
                55.498252868652344
              ],
              [
                -132.0530242919922,
                55.225467681884766
              ],
              [
                -131.97164916992188,
                55.15733337402344
              ],
              [
                -132.06491088867188,
                55.089229583740234
              ],
              [
                -131.90306091308594,
                54.95309066772461
              ],
              [
                -131.99017333984375,
                54.95309066772461
              ],
              [
                -131.92970275878906,
                54.681121826171875
              ],
              [
                -132.2773895263672,
                54.681121826171875
              ],
              [
                -133.34815979003906,
                55.430015563964844
              ],
              [
                -133.08575439453125,
                55.430015563964844
              ],
              [
                -133.5856170654297,
                55.83982467651367
              ],
              [
                -133.32228088378906,
                55.83982467651367
              ],
              [
                -133.84536743164062,
                55.90821838378906
              ],
              [
                -134.01141357421875,
                56.11355972290039
              ],
              [
                -133.5683135986328,
                56.182064056396484
              ],
              [
                -133.73585510253906,
                56.387733459472656
              ],
              [
                -133.29490661621094,
                56.387733459472656
              ],
              [
                -132.9593505859375,
                56.04508590698242
              ],
              [
                -132.2736053466797,
                55.77145767211914
              ],
              [
                -132.43589782714844,
                55.97663879394531
              ],
              [
                -133.29205322265625,
                56.45634460449219
              ],
              [
                -133.64501953125,
                56.45634460449219
              ],
              [
                -133.90518188476562,
                56.59365463256836
              ],
              [
                -133.9935302734375,
                56.59365463256836
              ],
              [
                -133.82403564453125,
                56.387733459472656
              ],
              [
                -134.0029754638672,
                56.319149017333984
              ],
              [
                -133.92044067382812,
                56.182064056396484
              ],
              [
                -134.27536010742188,
                56.11355972290039
              ],
              [
                -134.4460906982422,
                56.25059127807617
              ],
              [
                -134.35552978515625,
                56.319149017333984
              ],
              [
                -134.4413604736328,
                56.387733459472656
              ],
              [
                -134.35317993164062,
                56.387733459472656
              ],
              [
                -134.439208984375,
                56.45634460449219
              ],
              [
                -134.26272583007812,
                56.45634460449219
              ],
              [
                -134.60736083984375,
                56.799827575683594
              ],
              [
                -134.69586181640625,
                56.799827575683594
              ],
              [
                -134.6087646484375,
                56.731075286865234
              ],
              [
                -134.69869995117188,
                56.662349700927734
              ],
              [
                -134.5254669189453,
                56.524986267089844
              ],
              [
                -134.61375427246094,
                56.524986267089844
              ],
              [
                -134.53416442871094,
                56.25059127807617
              ],
              [
                -134.80076599121094,
                56.182064056396484
              ],
              [
                -135.1451416015625,
                56.45634460449219
              ],
              [
                -135.05523681640625,
                56.524986267089844
              ],
              [
                -135.22909545898438,
                56.662349700927734
              ],
              [
                -135.1407012939453,
                56.662349700927734
              ],
              [
                -135.57899475097656,
                57.07511901855469
              ],
              [
                -135.93394470214844,
                57.00625228881836
              ],
              [
                -136.1114959716797,
                57.14401626586914
              ],
              [
                -136.02297973632812,
                57.21294021606445
              ],
              [
                -136.1122589111328,
                57.28189468383789
              ],
              [
                -135.93447875976562,
                57.28189468383789
              ],
              [
                -136.02389526367188,
                57.35087585449219
              ],
              [
                -135.757080078125,
                57.35087585449219
              ],
              [
                -136.75257873535156,
                58.042335510253906
              ],
              [
                -136.3946075439453,
                58.042335510253906
              ],
              [
                -136.57846069335938,
                58.180992126464844
              ],
              [
                -137.58181762695312,
                58.528167724609375
              ],
              [
                -138.24464416503906,
                59.015533447265625
              ],
              [
                -139.7293701171875,
                59.434532165527344
              ],
              [
                -139.9330596923828,
                59.64447021484375
              ],
              [
                -139.66818237304688,
                59.714515686035156
              ],
              [
                -139.77481079101562,
                59.85470962524414
              ],
              [
                -140.2215576171875,
                59.78459548950195
              ],
              [
                -140.12258911132812,
                59.714515686035156
              ],
              [
                -140.84962463378906,
                59.714515686035156
              ],
              [
                -141.6135711669922,
                59.99503707885742
              ],
              [
                -142.819091796875,
                60.135501861572266
              ],
              [
                -143.4468231201172,
                60.065250396728516
              ],
              [
                -143.34487915039062,
                59.99503707885742
              ],
              [
                -144.1649627685547,
                59.99503707885742
              ],
              [
                -144.4732666015625,
                60.20578384399414
              ],
              [
                -145.8953399658203,
                60.48725891113281
              ],
              [
                -146.10592651367188,
                60.628211975097656
              ],
              [
                -145.92257690429688,
                60.628211975097656
              ],
              [
                -146.02818298339844,
                60.69873809814453
              ],
              [
                -146.4868621826172,
                60.69873809814453
              ],
              [
                -146.9134521484375,
                60.9812126159668
              ],
              [
                -147.1894073486328,
                60.9812126159668
              ],
              [
                -147.08212280273438,
                60.91054153442383
              ],
              [
                -147.55734252929688,
                60.9812126159668
              ],
              [
                -147.44981384277344,
                60.91054153442383
              ],
              [
                -147.89373779296875,
                60.83990478515625
              ],
              [
                -148.2174530029297,
                61.05192565917969
              ],
              [
                -148.40155029296875,
                61.05192565917969
              ],
              [
                -148.1851806640625,
                60.91054153442383
              ],
              [
                -148.6286163330078,
                60.83990478515625
              ],
              [
                -147.68299865722656,
                60.276100158691406
              ],
              [
                -148.33724975585938,
                60.34645080566406
              ],
              [
                -147.91473388671875,
                60.065250396728516
              ],
              [
                -147.56370544433594,
                60.135501861572266
              ],
              [
                -147.35421752929688,
                59.99503707885742
              ],
              [
                -147.5230712890625,
                59.92485809326172
              ],
              [
                -147.41885375976562,
                59.85470962524414
              ],
              [
                -147.76962280273438,
                59.78459548950195
              ],
              [
                -148.1882781982422,
                60.065250396728516
              ],
              [
                -148.27944946289062,
                60.065250396728516
              ],
              [
                -148.17430114746094,
                59.99503707885742
              ],
              [
                -148.62991333007812,
                59.99503707885742
              ],
              [
                -148.5247344970703,
                59.92485809326172
              ],
              [
                -149.6322479248047,
                59.99503707885742
              ],
              [
                -149.51187133789062,
                59.85470962524414
              ],
              [
                -149.87586975097656,
                59.85470962524414
              ],
              [
                -149.75592041015625,
                59.714515686035156
              ],
              [
                -150.11944580078125,
                59.714515686035156
              ],
              [
                -149.99993896484375,
                59.574459075927734
              ],
              [
                -150.80218505859375,
                59.504478454589844
              ],
              [
                -150.5923309326172,
                59.36461639404297
              ],
              [
                -151.81661987304688,
                59.15507125854492
              ],
              [
                -152.238037109375,
                59.434532165527344
              ],
              [
                -151.63363647460938,
                59.574459075927734
              ],
              [
                -152.0598907470703,
                59.85470962524414
              ],
              [
                -151.96888732910156,
                59.85470962524414
              ],
              [
                -152.09251403808594,
                59.99503707885742
              ],
              [
                -151.83554077148438,
                60.065250396728516
              ],
              [
                -151.943359375,
                60.135501861572266
              ],
              [
                -151.7608642578125,
                60.135501861572266
              ],
              [
                -151.8688507080078,
                60.20578384399414
              ],
              [
                -151.68624877929688,
                60.20578384399414
              ],
              [
                -151.79440307617188,
                60.276100158691406
              ],
              [
                -151.61167907714844,
                60.276100158691406
              ],
              [
                -151.72000122070312,
                60.34645080566406
              ],
              [
                -151.5371551513672,
                60.34645080566406
              ],
              [
                -151.64566040039062,
                60.416839599609375
              ],
              [
                -151.46267700195312,
                60.416839599609375
              ],
              [
                -151.62399291992188,
                60.69873809814453
              ],
              [
                -151.53225708007812,
                60.69873809814453
              ],
              [
                -151.9172821044922,
                60.76930236816406
              ],
              [
                -151.80746459960938,
                60.69873809814453
              ],
              [
                -152.08267211914062,
                60.69873809814453
              ],
              [
                -151.97296142578125,
                60.628211975097656
              ],
              [
                -152.3216094970703,
                60.557716369628906
              ],
              [
                -152.10308837890625,
                60.416839599609375
              ],
              [
                -152.37754821777344,
                60.416839599609375
              ],
              [
                -152.2685546875,
                60.34645080566406
              ],
              [
                -152.451416015625,
                60.34645080566406
              ],
              [
                -152.34259033203125,
                60.276100158691406
              ],
              [
                -152.78189086914062,
                60.20578384399414
              ],
              [
                -152.56500244140625,
                60.065250396728516
              ],
              [
                -152.65618896484375,
                60.065250396728516
              ],
              [
                -152.54812622070312,
                59.99503707885742
              ],
              [
                -152.73036193847656,
                59.99503707885742
              ],
              [
                -152.6224822998047,
                59.92485809326172
              ],
              [
                -153.07778930664062,
                59.92485809326172
              ],
              [
                -152.9698944091797,
                59.85470962524414
              ],
              [
                -153.15188598632812,
                59.85470962524414
              ],
              [
                -153.04417419433594,
                59.78459548950195
              ],
              [
                -153.13511657714844,
                59.78459548950195
              ],
              [
                -153.0276336669922,
                59.714515686035156
              ],
              [
                -153.2093963623047,
                59.714515686035156
              ],
              [
                -153.10208129882812,
                59.64447021484375
              ],
              [
                -153.64700317382812,
                59.64447021484375
              ],
              [
                -153.5396270751953,
                59.574459075927734
              ],
              [
                -153.81190490722656,
                59.574459075927734
              ],
              [
                -153.70465087890625,
                59.504478454589844
              ],
              [
                -153.79534912109375,
                59.504478454589844
              ],
              [
                -153.68832397460938,
                59.434532165527344
              ],
              [
                -153.86961364746094,
                59.434532165527344
              ],
              [
                -153.76275634765625,
                59.36461639404297
              ],
              [
                -154.0345001220703,
                59.36461639404297
              ],
              [
                -153.92776489257812,
                59.294734954833984
              ],
              [
                -154.27365112304688,
                59.22488784790039
              ],
              [
                -153.6092987060547,
                59.08528518676758
              ],
              [
                -153.27882385253906,
                58.80647277832031
              ],
              [
                -153.53456115722656,
                58.73685073852539
              ],
              [
                -153.4301300048828,
                58.66725540161133
              ],
              [
                -153.95558166503906,
                58.59769821166992
              ],
              [
                -153.851318359375,
                58.528167724609375
              ],
              [
                -154.03109741210938,
                58.528167724609375
              ],
              [
                -153.927001953125,
                58.45867156982422
              ],
              [
                -154.10665893554688,
                58.45867156982422
              ],
              [
                -154.0027313232422,
                58.38920593261719
              ],
              [
                -154.3336944580078,
                58.2503662109375
              ],
              [
                -154.21669006347656,
                58.11164855957031
              ],
              [
                -155.00868225097656,
                58.042335510253906
              ],
              [
                -154.90550231933594,
                57.97305679321289
              ],
              [
                -155.17379760742188,
                57.97305679321289
              ],
              [
                -155.0707244873047,
                57.903804779052734
              ],
              [
                -155.24948120117188,
                57.903804779052734
              ],
              [
                -155.14659118652344,
                57.8345832824707
              ],
              [
                -155.66883850097656,
                57.7653923034668
              ],
              [
                -155.56610107421875,
                57.696231842041016
              ],
              [
                -155.82028198242188,
                57.62710189819336
              ],
              [
                -155.7178955078125,
                57.55800247192383
              ],
              [
                -156.4928741455078,
                57.41988754272461
              ],
              [
                -156.39071655273438,
                57.35087585449219
              ],
              [
                -156.56858825683594,
                57.35087585449219
              ],
              [
                -156.3522491455078,
                57.14401626586914
              ],
              [
                -156.69464111328125,
                57.07511901855469
              ],
              [
                -156.59344482421875,
                57.00625228881836
              ],
              [
                -156.77078247070312,
                57.00625228881836
              ],
              [
                -156.6697540283203,
                56.937416076660156
              ],
              [
                -157.11282348632812,
                56.937416076660156
              ],
              [
                -157.0117950439453,
                56.86860656738281
              ],
              [
                -157.1889190673828,
                56.86860656738281
              ],
              [
                -157.08807373046875,
                56.799827575683594
              ],
              [
                -157.61911010742188,
                56.799827575683594
              ],
              [
                -157.4055938720703,
                56.59365463256836
              ],
              [
                -158.02401733398438,
                56.59365463256836
              ],
              [
                -157.92352294921875,
                56.524986267089844
              ],
              [
                -158.10011291503906,
                56.524986267089844
              ],
              [
                -157.99978637695312,
                56.45634460449219
              ],
              [
                -158.5292510986328,
                56.45634460449219
              ],
              [
                -158.2174530029297,
                56.182064056396484
              ],
              [
                -158.65762329101562,
                56.182064056396484
              ],
              [
                -158.53543090820312,
                55.97663879394531
              ],
              [
                -158.799072265625,
                55.97663879394531
              ],
              [
                -158.70004272460938,
                55.90821838378906
              ],
              [
                -159.40264892578125,
                55.90821838378906
              ],
              [
                -159.30348205566406,
                55.83982467651367
              ],
              [
                -159.56680297851562,
                55.83982467651367
              ],
              [
                -159.46774291992188,
                55.77145767211914
              ],
              [
                -159.63198852539062,
                55.70311737060547
              ],
              [
                -159.5333251953125,
                55.63479995727539
              ],
              [
                -160.16952514648438,
                55.77145767211914
              ],
              [
                -160.07034301757812,
                55.70311737060547
              ],
              [
                -160.2456817626953,
                55.70311737060547
              ],
              [
                -160.14666748046875,
                55.63479995727539
              ],
              [
                -160.4971466064453,
                55.63479995727539
              ],
              [
                -160.39820861816406,
                55.56651306152344
              ],
              [
                -160.73712158203125,
                55.498252868652344
              ],
              [
                -160.63845825195312,
                55.430015563964844
              ],
              [
                -161.17471313476562,
                55.498252868652344
              ],
              [
                -161.0645751953125,
                55.36180877685547
              ],
              [
                -162.10194396972656,
                55.29362487792969
              ],
              [
                -161.8935546875,
                55.089229583740234
              ],
              [
                -162.32965087890625,
                55.089229583740234
              ],
              [
                -162.22044372558594,
                54.95309066772461
              ],
              [
                -163.27737426757812,
                55.021148681640625
              ],
              [
                -163.08041381835938,
                54.88506317138672
              ],
              [
                -163.42869567871094,
                54.88506317138672
              ],
              [
                -163.22161865234375,
                54.681121826171875
              ],
              [
                -164.2534637451172,
                54.613189697265625
              ],
              [
                -164.1555938720703,
                54.545284271240234
              ],
              [
                -164.4160614013672,
                54.545284271240234
              ],
              [
                -164.31832885742188,
                54.47740173339844
              ],
              [
                -164.49188232421875,
                54.47740173339844
              ],
              [
                -164.39431762695312,
                54.4095458984375
              ],
              [
                -164.74122619628906,
                54.4095458984375
              ],
              [
                -165.13389587402344,
                54.681121826171875
              ],
              [
                -164.7862091064453,
                54.681121826171875
              ],
              [
                -164.90887451171875,
                54.88506317138672
              ],
              [
                -164.4855499267578,
                54.95309066772461
              ],
              [
                -164.58489990234375,
                55.021148681640625
              ],
              [
                -164.42288208007812,
                55.089229583740234
              ],
              [
                -164.52264404296875,
                55.15733337402344
              ],
              [
                -164.34811401367188,
                55.15733337402344
              ],
              [
                -164.4480438232422,
                55.225467681884766
              ],
              [
                -163.5626983642578,
                55.15733337402344
              ],
              [
                -163.67457580566406,
                55.29362487792969
              ],
              [
                -163.23773193359375,
                55.29362487792969
              ],
              [
                -163.34999084472656,
                55.430015563964844
              ],
              [
                -162.90036010742188,
                55.36180877685547
              ],
              [
                -163.0001220703125,
                55.430015563964844
              ],
              [
                -162.83758544921875,
                55.498252868652344
              ],
              [
                -162.93772888183594,
                55.56651306152344
              ],
              [
                -162.42481994628906,
                55.63479995727539
              ],
              [
                -162.55111694335938,
                55.83982467651367
              ],
              [
                -162.37557983398438,
                55.83982467651367
              ],
              [
                -162.4899139404297,
                55.97663879394531
              ],
              [
                -162.31414794921875,
                55.97663879394531
              ],
              [
                -162.41551208496094,
                56.04508590698242
              ],
              [
                -161.09658813476562,
                56.04508590698242
              ],
              [
                -160.80784606933594,
                55.90821838378906
              ],
              [
                -160.90811157226562,
                55.97663879394531
              ],
              [
                -160.6444854736328,
                55.97663879394531
              ],
              [
                -160.75755310058594,
                56.11355972290039
              ],
              [
                -160.5815887451172,
                56.11355972290039
              ],
              [
                -160.69534301757812,
                56.25059127807617
              ],
              [
                -160.5191650390625,
                56.25059127807617
              ],
              [
                -160.62034606933594,
                56.319149017333984
              ],
              [
                -160.28085327148438,
                56.387733459472656
              ],
              [
                -160.38232421875,
                56.45634460449219
              ],
              [
                -159.62759399414062,
                56.662349700927734
              ],
              [
                -159.72955322265625,
                56.731075286865234
              ],
              [
                -159.4641876220703,
                56.731075286865234
              ],
              [
                -159.56625366210938,
                56.799827575683594
              ],
              [
                -159.3007354736328,
                56.799827575683594
              ],
              [
                -159.40292358398438,
                56.86860656738281
              ],
              [
                -158.7830047607422,
                56.86860656738281
              ],
              [
                -158.92672729492188,
                57.14401626586914
              ],
              [
                -158.67446899414062,
                57.21294021606445
              ],
              [
                -158.777587890625,
                57.28189468383789
              ],
              [
                -158.51092529296875,
                57.28189468383789
              ],
              [
                -158.61416625976562,
                57.35087585449219
              ],
              [
                -158.36172485351562,
                57.41988754272461
              ],
              [
                -158.46530151367188,
                57.488929748535156
              ],
              [
                -158.03456115722656,
                57.55800247192383
              ],
              [
                -158.1383819580078,
                57.62710189819336
              ],
              [
                -157.78175354003906,
                57.62710189819336
              ],
              [
                -157.9462890625,
                57.97305679321289
              ],
              [
                -157.7674102783203,
                57.97305679321289
              ],
              [
                -157.9040069580078,
                58.180992126464844
              ],
              [
                -157.65109252929688,
                58.2503662109375
              ],
              [
                -157.87950134277344,
                58.45867156982422
              ],
              [
                -157.69984436035156,
                58.45867156982422
              ],
              [
                -157.82318115234375,
                58.59769821166992
              ],
              [
                -158.3628387451172,
                58.59769821166992
              ],
              [
                -158.70387268066406,
                58.876129150390625
              ],
              [
                -158.95616149902344,
                58.80647277832031
              ],
              [
                -158.7052001953125,
                58.528167724609375
              ],
              [
                -158.7950897216797,
                58.528167724609375
              ],
              [
                -158.68797302246094,
                58.45867156982422
              ],
              [
                -158.8676300048828,
                58.45867156982422
              ],
              [
                -158.7606964111328,
                58.38920593261719
              ],
              [
                -159.03001403808594,
                58.38920593261719
              ],
              [
                -159.69580078125,
                58.876129150390625
              ],
              [
                -160.0375518798828,
                58.80647277832031
              ],
              [
                -160.45606994628906,
                59.015533447265625
              ],
              [
                -160.81723022460938,
                59.015533447265625
              ],
              [
                -160.7072296142578,
                58.94581604003906
              ],
              [
                -161.13858032226562,
                58.876129150390625
              ],
              [
                -160.81024169921875,
                58.66725540161133
              ],
              [
                -160.90023803710938,
                58.66725540161133
              ],
              [
                -160.79132080078125,
                58.59769821166992
              ],
              [
                -160.97122192382812,
                58.59769821166992
              ],
              [
                -160.86248779296875,
                58.528167724609375
              ],
              [
                -161.13214111328125,
                58.528167724609375
              ],
              [
                -161.35025024414062,
                58.66725540161133
              ],
              [
                -161.8706512451172,
                58.59769821166992
              ],
              [
                -162.1102294921875,
                58.80647277832031
              ],
              [
                -161.83987426757812,
                58.80647277832031
              ],
              [
                -161.9910125732422,
                59.015533447265625
              ],
              [
                -161.90072631835938,
                59.015533447265625
              ],
              [
                -162.23463439941406,
                59.22488784790039
              ],
              [
                -162.1441650390625,
                59.22488784790039
              ],
              [
                -162.27760314941406,
                59.36461639404297
              ],
              [
                -161.93679809570312,
                59.434532165527344
              ],
              [
                -162.04922485351562,
                59.504478454589844
              ],
              [
                -161.86781311035156,
                59.504478454589844
              ],
              [
                -161.9804229736328,
                59.574459075927734
              ],
              [
                -161.88966369628906,
                59.574459075927734
              ],
              [
                -162.38922119140625,
                59.99503707885742
              ],
              [
                -163.00341796875,
                59.92485809326172
              ],
              [
                -162.88894653320312,
                59.85470962524414
              ],
              [
                -164.1629638671875,
                59.85470962524414
              ],
              [
                -164.76817321777344,
                60.276100158691406
              ],
              [
                -164.95089721679688,
                60.276100158691406
              ],
              [
                -165.5404815673828,
                60.628211975097656
              ],
              [
                -165.44882202148438,
                60.628211975097656
              ],
              [
                -165.56764221191406,
                60.69873809814453
              ],
              [
                -165.29244995117188,
                60.69873809814453
              ],
              [
                -165.41140747070312,
                60.76930236816406
              ],
              [
                -165.13601684570312,
                60.76930236816406
              ],
              [
                -165.25514221191406,
                60.83990478515625
              ],
              [
                -165.0714111328125,
                60.83990478515625
              ],
              [
                -165.19073486328125,
                60.91054153442383
              ],
              [
                -165.09881591796875,
                60.91054153442383
              ],
              [
                -166.12757873535156,
                61.40604019165039
              ],
              [
                -166.0352020263672,
                61.40604019165039
              ],
              [
                -166.1571807861328,
                61.47697448730469
              ],
              [
                -165.97232055664062,
                61.47697448730469
              ],
              [
                -166.46311950683594,
                61.7611083984375
              ],
              [
                -166.0923614501953,
                61.7611083984375
              ],
              [
                -166.24647521972656,
                61.90340805053711
              ],
              [
                -165.81309509277344,
                61.97461700439453
              ],
              [
                -165.96815490722656,
                62.117156982421875
              ],
              [
                -165.78211975097656,
                62.117156982421875
              ],
              [
                -165.93804931640625,
                62.259857177734375
              ],
              [
                -165.6586151123047,
                62.259857177734375
              ],
              [
                -165.7834014892578,
                62.331268310546875
              ],
              [
                -165.53541564941406,
                62.4027214050293
              ],
              [
                -165.66064453125,
                62.474212646484375
              ],
              [
                -165.22573852539062,
                62.54574966430664
              ],
              [
                -165.35125732421875,
                62.61732482910156
              ],
              [
                -164.88388061523438,
                62.61732482910156
              ],
              [
                -165.16786193847656,
                62.83230972290039
              ],
              [
                -164.98049926757812,
                62.83230972290039
              ],
              [
                -165.1398162841797,
                62.9758415222168
              ],
              [
                -164.9521942138672,
                62.9758415222168
              ],
              [
                -165.07908630371094,
                63.047672271728516
              ],
              [
                -164.6426239013672,
                63.11954879760742
              ],
              [
                -164.8032989501953,
                63.263427734375
              ],
              [
                -164.5210418701172,
                63.263427734375
              ],
              [
                -164.648681640625,
                63.33543014526367
              ],
              [
                -164.083740234375,
                63.33543014526367
              ],
              [
                -163.60916137695312,
                63.11954879760742
              ],
              [
                -163.32730102539062,
                63.11954879760742
              ],
              [
                -163.45355224609375,
                63.191463470458984
              ],
              [
                -162.9834442138672,
                63.191463470458984
              ],
              [
                -163.10971069335938,
                63.263427734375
              ],
              [
                -162.85968017578125,
                63.33543014526367
              ],
              [
                -162.9863739013672,
                63.4074821472168
              ],
              [
                -162.70370483398438,
                63.4074821472168
              ],
              [
                -162.83053588867188,
                63.479576110839844
              ],
              [
                -162.64195251464844,
                63.479576110839844
              ],
              [
                -162.76901245117188,
                63.55171203613281
              ],
              [
                -162.17047119140625,
                63.479576110839844
              ],
              [
                -161.35353088378906,
                63.55171203613281
              ],
              [
                -161.4799041748047,
                63.623897552490234
              ],
              [
                -161.03961181640625,
                63.69612503051758
              ],
              [
                -161.1986541748047,
                63.84071350097656
              ],
              [
                -161.00936889648438,
                63.84071350097656
              ],
              [
                -161.30250549316406,
                64.27558898925781
              ],
              [
                -161.2074432373047,
                64.27558898925781
              ],
              [
                -161.62998962402344,
                64.56643676757812
              ],
              [
                -161.24856567382812,
                64.56643676757812
              ],
              [
                -161.37860107421875,
                64.63926696777344
              ],
              [
                -161.09231567382812,
                64.63926696777344
              ],
              [
                -161.22250366210938,
                64.71215057373047
              ],
              [
                -160.97076416015625,
                64.78507995605469
              ],
              [
                -161.10140991210938,
                64.8580551147461
              ],
              [
                -161.92652893066406,
                64.78507995605469
              ],
              [
                -161.79551696777344,
                64.71215057373047
              ],
              [
                -162.5835723876953,
                64.56643676757812
              ],
              [
                -162.45289611816406,
                64.49365234375
              ],
              [
                -162.70343017578125,
                64.4209213256836
              ],
              [
                -162.57321166992188,
                64.34822845458984
              ],
              [
                -163.72787475585938,
                64.56643676757812
              ],
              [
                -165.69261169433594,
                64.49365234375
              ],
              [
                -166.43641662597656,
                64.63926696777344
              ],
              [
                -166.7447052001953,
                64.8580551147461
              ],
              [
                -166.55340576171875,
                64.8580551147461
              ],
              [
                -167.1372528076172,
                65.22367095947266
              ],
              [
                -166.40951538085938,
                65.29694366455078
              ],
              [
                -166.54632568359375,
                65.3702621459961
              ],
              [
                -167.31564331054688,
                65.3702621459961
              ],
              [
                -168.3949737548828,
                65.73763275146484
              ],
              [
                -168.29843139648438,
                65.73763275146484
              ],
              [
                -168.43853759765625,
                65.8112564086914
              ],
              [
                -167.8157196044922,
                65.73763275146484
              ],
              [
                -167.9554443359375,
                65.8112564086914
              ],
              [
                -167.76220703125,
                65.8112564086914
              ],
              [
                -167.90220642089844,
                65.88493347167969
              ],
              [
                -167.61212158203125,
                65.88493347167969
              ],
              [
                -167.75230407714844,
                65.95866394042969
              ],
              [
                -167.17169189453125,
                65.95866394042969
              ],
              [
                -167.3118438720703,
                66.0324478149414
              ],
              [
                -167.0647430419922,
                66.10628509521484
              ],
              [
                -167.20545959472656,
                66.18017578125
              ],
              [
                -165.84744262695312,
                66.18017578125
              ],
              [
                -166.07449340820312,
                66.40216064453125
              ],
              [
                -165.88003540039062,
                66.40216064453125
              ],
              [
                -166.0211181640625,
                66.47626495361328
              ],
              [
                -165.24261474609375,
                66.47626495361328
              ],
              [
                -165.38351440429688,
                66.55042266845703
              ],
              [
                -164.5501708984375,
                66.6246337890625
              ],
              [
                -164.69117736816406,
                66.69890594482422
              ],
              [
                -164.10589599609375,
                66.69890594482422
              ],
              [
                -163.8252716064453,
                66.55042266845703
              ],
              [
                -163.9226531982422,
                66.55042266845703
              ],
              [
                -163.78292846679688,
                66.47626495361328
              ],
              [
                -163.97755432128906,
                66.47626495361328
              ],
              [
                -163.83811950683594,
                66.40216064453125
              ],
              [
                -163.9353485107422,
                66.40216064453125
              ],
              [
                -163.7962646484375,
                66.32811737060547
              ],
              [
                -163.99058532714844,
                66.32811737060547
              ],
              [
                -163.85177612304688,
                66.25411987304688
              ],
              [
                -164.1430206298828,
                66.25411987304688
              ],
              [
                -164.00440979003906,
                66.18017578125
              ],
              [
                -161.92774963378906,
                66.10628509521484
              ],
              [
                -162.06439208984375,
                66.18017578125
              ],
              [
                -161.77337646484375,
                66.18017578125
              ],
              [
                -161.95030212402344,
                66.32811737060547
              ],
              [
                -161.3673553466797,
                66.32811737060547
              ],
              [
                -161.8934326171875,
                66.40216064453125
              ],
              [
                -162.9110107421875,
                66.99652099609375
              ],
              [
                -163.78240966796875,
                67.14566802978516
              ],
              [
                -164.0684814453125,
                67.29503631591797
              ],
              [
                -163.9702911376953,
                67.29503631591797
              ],
              [
                -164.1139678955078,
                67.36980438232422
              ],
              [
                -163.9174346923828,
                67.36980438232422
              ],
              [
                -164.20590209960938,
                67.51952362060547
              ],
              [
                -164.1074676513672,
                67.51952362060547
              ],
              [
                -164.5435791015625,
                67.74452209472656
              ],
              [
                -165.9741668701172,
                68.1207046508789
              ],
              [
                -166.82656860351562,
                68.49837493896484
              ],
              [
                -166.52801513671875,
                68.49837493896484
              ],
              [
                -166.68002319335938,
                68.57408905029297
              ],
              [
                -166.43382263183594,
                68.64987182617188
              ],
              [
                -166.5865936279297,
                68.7257080078125
              ],
              [
                -166.38702392578125,
                68.7257080078125
              ],
              [
                -166.54017639160156,
                68.8016128540039
              ],
              [
                -166.3404541015625,
                68.8016128540039
              ],
              [
                -166.49398803710938,
                68.87757110595703
              ],
              [
                -166.09417724609375,
                68.87757110595703
              ],
              [
                -166.2479248046875,
                68.95359802246094
              ],
              [
                -164.94740295410156,
                68.95359802246094
              ],
              [
                -165.10057067871094,
                69.0296859741211
              ],
              [
                -164.4998016357422,
                69.0296859741211
              ],
              [
                -164.65301513671875,
                69.10584259033203
              ],
              [
                -163.904052734375,
                69.18205261230469
              ],
              [
                -164.05760192871094,
                69.25833129882812
              ],
              [
                -163.60882568359375,
                69.33467864990234
              ],
              [
                -163.76300048828125,
                69.41107940673828
              ],
              [
                -163.46128845214844,
                69.41107940673828
              ],
              [
                -163.6157684326172,
                69.487548828125
              ],
              [
                -163.21311950683594,
                69.487548828125
              ],
              [
                -163.36782836914062,
                69.5640869140625
              ],
              [
                -163.11976623535156,
                69.64068603515625
              ],
              [
                -163.27528381347656,
                69.71734619140625
              ],
              [
                -163.07342529296875,
                69.71734619140625
              ],
              [
                -163.2847900390625,
                69.8708724975586
              ],
              [
                -162.83460998535156,
                69.9477310180664
              ],
              [
                -162.99172973632812,
                70.024658203125
              ],
              [
                -162.6878204345703,
                70.024658203125
              ],
              [
                -162.84527587890625,
                70.10164642333984
              ],
              [
                -162.597412109375,
                70.17870330810547
              ],
              [
                -162.75575256347656,
                70.2558364868164
              ],
              [
                -162.45101928710938,
                70.2558364868164
              ],
              [
                -162.60972595214844,
                70.3330307006836
              ],
              [
                -162.20303344726562,
                70.3330307006836
              ],
              [
                -162.3620147705078,
                70.41029357910156
              ],
              [
                -161.18630981445312,
                70.3330307006836
              ],
              [
                -161.34434509277344,
                70.41029357910156
              ],
              [
                -160.93727111816406,
                70.41029357910156
              ],
              [
                -161.09559631347656,
                70.48763275146484
              ],
              [
                -160.64283752441406,
                70.5650405883789
              ],
              [
                -160.8019256591797,
                70.64251708984375
              ],
              [
                -159.92913818359375,
                70.5650405883789
              ],
              [
                -160.30421447753906,
                70.79769897460938
              ],
              [
                -159.89523315429688,
                70.79769897460938
              ],
              [
                -160.0552520751953,
                70.87539672851562
              ],
              [
                -159.17953491210938,
                70.79769897460938
              ],
              [
                -158.1107940673828,
                70.87539672851562
              ],
              [
                -158.26966857910156,
                70.95317840576172
              ],
              [
                -157.7574920654297,
                70.95317840576172
              ],
              [
                -157.91659545898438,
                71.0310287475586
              ],
              [
                -157.50645446777344,
                71.0310287475586
              ],
              [
                -157.6658935546875,
                71.10896301269531
              ],
              [
                -157.20968627929688,
                71.18696594238281
              ],
              [
                -157.37002563476562,
                71.26505279541016
              ],
              [
                -157.0615234375,
                71.26505279541016
              ],
              [
                -157.22232055664062,
                71.34321594238281
              ],
              [
                -156.9135284423828,
                71.34321594238281
              ],
              [
                -157.07476806640625,
                71.42146301269531
              ],
              [
                -156.19302368164062,
                71.34321594238281
              ],
              [
                -155.5106201171875,
                71.10896301269531
              ],
              [
                -155.40797424316406,
                71.10896301269531
              ],
              [
                -155.5659942626953,
                71.18696594238281
              ],
              [
                -154.94960021972656,
                71.18696594238281
              ],
              [
                -154.4794921875,
                70.95317840576172
              ],
              [
                -154.6843719482422,
                70.95317840576172
              ],
              [
                -154.5288848876953,
                70.87539672851562
              ],
              [
                -153.61013793945312,
                71.0310287475586
              ],
              [
                -153.50759887695312,
                71.0310287475586
              ],
              [
                -152.6356201171875,
                70.95317840576172
              ],
              [
                -152.22958374023438,
                70.64251708984375
              ],
              [
                -151.72434997558594,
                70.48763275146484
              ],
              [
                -149.0198211669922,
                70.5650405883789
              ],
              [
                -147.5189208984375,
                70.2558364868164
              ],
              [
                -145.9952392578125,
                70.2558364868164
              ]
            ]
          ],
          [
            [
              [
                -170.03512573242188,
                63.55171203613281
              ],
              [
                -169.01687622070312,
                63.4074821472168
              ],
              [
                -168.7186737060547,
                63.191463470458984
              ],
              [
                -169.37681579589844,
                63.191463470458984
              ],
              [
                -169.24624633789062,
                63.11954879760742
              ],
              [
                -169.52810668945312,
                63.11954879760742
              ],
              [
                -169.39772033691406,
                63.047672271728516
              ],
              [
                -169.58547973632812,
                63.047672271728516
              ],
              [
                -169.455322265625,
                62.9758415222168
              ],
              [
                -169.73675537109375,
                62.9758415222168
              ],
              [
                -170.26043701171875,
                63.263427734375
              ],
              [
                -170.16635131835938,
                63.263427734375
              ],
              [
                -170.33604431152344,
                63.4074821472168
              ],
              [
                -170.2418212890625,
                63.4074821472168
              ],
              [
                -170.1475830078125,
                63.4074821472168
              ],
              [
                -170.27989196777344,
                63.479576110839844
              ],
              [
                -169.99700927734375,
                63.479576110839844
              ],
              [
                -170.12948608398438,
                63.55171203613281
              ],
              [
                -170.03512573242188,
                63.55171203613281
              ]
            ]
          ],
          [
            [
              [
                -170.0648193359375,
                66.25411987304688
              ],
              [
                -169.6361846923828,
                66.0324478149414
              ],
              [
                -169.7330322265625,
                66.0324478149414
              ],
              [
                -169.8298797607422,
                66.0324478149414
              ],
              [
                -169.68772888183594,
                65.95866394042969
              ],
              [
                -169.8812713623047,
                65.95866394042969
              ],
              [
                -170.30950927734375,
                66.18017578125
              ],
              [
                -170.0648193359375,
                66.25411987304688
              ]
            ]
          ],
          [
            [
              [
                -79.6431655883789,
                8.900202751159668
              ],
              [
                -79.63947296142578,
                8.835914611816406
              ],
              [
                -79.71250915527344,
                8.835914611816406
              ],
              [
                -79.78555297851562,
                8.835914611816406
              ],
              [
                -79.78925323486328,
                8.900202751159668
              ],
              [
                -79.9390869140625,
                8.964489936828613
              ],
              [
                -80.10444641113281,
                9.285927772521973
              ],
              [
                -80.03137969970703,
                9.285927772521973
              ],
              [
                -79.95831298828125,
                9.285927772521973
              ],
              [
                -79.7313461303711,
                9.157352447509766
              ],
              [
                -79.6431655883789,
                8.900202751159668
              ]
            ]
          ],
          [
            [
              [
                -65.71776580810547,
                17.964767456054688
              ],
              [
                -66.15299987792969,
                17.90047836303711
              ],
              [
                -66.2268295288086,
                17.90047836303711
              ],
              [
                -67.1207046508789,
                17.964767456054688
              ],
              [
                -67.25861358642578,
                18.479066848754883
              ],
              [
                -66.15807342529297,
                18.543354034423828
              ],
              [
                -65.55097198486328,
                18.414779663085938
              ],
              [
                -65.51956176757812,
                18.157629013061523
              ],
              [
                -65.71776580810547,
                17.964767456054688
              ]
            ]
          ],
          [
            [
              [
                -89.36355590820312,
                29.022375106811523
              ],
              [
                -89.38286590576172,
                29.08665657043457
              ],
              [
                -89.3072738647461,
                29.08665657043457
              ],
              [
                -89.28797912597656,
                29.022375106811523
              ],
              [
                -89.26876831054688,
                28.958093643188477
              ],
              [
                -89.3443374633789,
                28.958093643188477
              ],
              [
                -89.36355590820312,
                29.022375106811523
              ]
            ]
          ],
          [
            [
              [
                -118.45016479492188,
                33.32876968383789
              ],
              [
                -118.54509735107422,
                33.52165222167969
              ],
              [
                -118.25157928466797,
                33.393062591552734
              ],
              [
                -118.2200927734375,
                33.32876968383789
              ],
              [
                -118.45016479492188,
                33.32876968383789
              ]
            ]
          ],
          [
            [
              [
                -120.18678283691406,
                34.03607940673828
              ],
              [
                -120.21975708007812,
                34.10039138793945
              ],
              [
                -119.98899841308594,
                34.10039138793945
              ],
              [
                -119.89054870605469,
                33.90746307373047
              ],
              [
                -120.12113189697266,
                33.90746307373047
              ],
              [
                -120.26368713378906,
                34.03607940673828
              ],
              [
                -120.18678283691406,
                34.03607940673828
              ]
            ]
          ],
          [
            [
              [
                -75.44519805908203,
                35.194007873535156
              ],
              [
                -75.59971618652344,
                35.194007873535156
              ],
              [
                -75.64539337158203,
                35.32271194458008
              ],
              [
                -75.43637084960938,
                35.38706970214844
              ],
              [
                -75.39068603515625,
                35.258358001708984
              ],
              [
                -75.46796417236328,
                35.258358001708984
              ],
              [
                -75.44519805908203,
                35.194007873535156
              ]
            ]
          ],
          [
            [
              [
                -91.57173919677734,
                47.26897048950195
              ],
              [
                -91.56890869140625,
                47.13737487792969
              ],
              [
                -91.93768310546875,
                47.07159423828125
              ],
              [
                -91.89521026611328,
                47.005828857421875
              ],
              [
                -92.05961608886719,
                47.005828857421875
              ],
              [
                -92.0171890258789,
                46.94007873535156
              ],
              [
                -92.13912963867188,
                46.87434005737305
              ],
              [
                -92.01258850097656,
                46.677207946777344
              ],
              [
                -91.52037811279297,
                46.677207946777344
              ],
              [
                -91.56224822998047,
                46.74290466308594
              ],
              [
                -90.90708923339844,
                46.87434005737305
              ],
              [
                -90.86530303955078,
                46.808616638183594
              ],
              [
                -91.02951049804688,
                46.808616638183594
              ],
              [
                -90.90458679199219,
                46.61152267456055
              ],
              [
                -90.28936767578125,
                46.54585266113281
              ],
              [
                -90.33057403564453,
                46.61152267456055
              ],
              [
                -89.96170043945312,
                46.677207946777344
              ],
              [
                -90.00293731689453,
                46.74290466308594
              ],
              [
                -89.75672912597656,
                46.74290466308594
              ],
              [
                -89.7979736328125,
                46.808616638183594
              ],
              [
                -89.38745880126953,
                46.808616638183594
              ],
              [
                -89.42863464355469,
                46.87434005737305
              ],
              [
                -89.10008239746094,
                46.87434005737305
              ],
              [
                -89.14122772216797,
                46.94007873535156
              ],
              [
                -88.8536605834961,
                47.005828857421875
              ],
              [
                -88.8948745727539,
                47.07159423828125
              ],
              [
                -88.56592559814453,
                47.07159423828125
              ],
              [
                -88.4429931640625,
                46.87434005737305
              ],
              [
                -87.9908447265625,
                46.94007873535156
              ],
              [
                -87.21665954589844,
                46.480194091796875
              ],
              [
                -86.39730834960938,
                46.480194091796875
              ],
              [
                -86.43684387207031,
                46.54585266113281
              ],
              [
                -86.14846801757812,
                46.61152267456055
              ],
              [
                -86.18806457519531,
                46.677207946777344
              ],
              [
                -85.1608657836914,
                46.74290466308594
              ],
              [
                -85.00440216064453,
                46.480194091796875
              ],
              [
                -84.06460571289062,
                46.414546966552734
              ],
              [
                -84.35365295410156,
                46.348915100097656
              ],
              [
                -84.2003173828125,
                46.08650588989258
              ],
              [
                -83.99879455566406,
                46.02093505859375
              ],
              [
                -84.77247619628906,
                46.08650588989258
              ],
              [
                -84.85921478271484,
                45.95537567138672
              ],
              [
                -85.21976470947266,
                46.1520881652832
              ],
              [
                -85.62860870361328,
                46.1520881652832
              ],
              [
                -85.58985137939453,
                46.08650588989258
              ],
              [
                -85.8350601196289,
                46.08650588989258
              ],
              [
                -85.7962875366211,
                46.02093505859375
              ],
              [
                -86.28651428222656,
                46.02093505859375
              ],
              [
                -86.24762725830078,
                45.95537567138672
              ],
              [
                -86.53538513183594,
                45.889827728271484
              ],
              [
                -86.53935241699219,
                45.75876998901367
              ],
              [
                -87.31260681152344,
                45.82429504394531
              ],
              [
                -87.74220275878906,
                45.03877639770508
              ],
              [
                -88.0284423828125,
                44.973392486572266
              ],
              [
                -88.1562271118164,
                44.77729415893555
              ],
              [
                -88.04109954833984,
                44.58129119873047
              ],
              [
                -87.71710205078125,
                44.58129119873047
              ],
              [
                -87.71246337890625,
                44.71194839477539
              ],
              [
                -87.5121841430664,
                44.64661407470703
              ],
              [
                -87.68392944335938,
                44.38538360595703
              ],
              [
                -87.60819244384766,
                44.25482940673828
              ],
              [
                -87.77511596679688,
                44.12431716918945
              ],
              [
                -87.6998291015625,
                43.99384307861328
              ],
              [
                -87.99641418457031,
                43.6678352355957
              ],
              [
                -87.92190551757812,
                43.53750228881836
              ],
              [
                -88.04572296142578,
                43.472347259521484
              ],
              [
                -87.97160339355469,
                43.342071533203125
              ],
              [
                -88.05854034423828,
                43.211830139160156
              ],
              [
                -87.87535095214844,
                42.88639831542969
              ],
              [
                -87.95555877685547,
                42.88639831542969
              ],
              [
                -87.84664154052734,
                42.691246032714844
              ],
              [
                -87.9267578125,
                42.691246032714844
              ],
              [
                -87.77449798583984,
                42.56119155883789
              ],
              [
                -87.97864532470703,
                42.496177673339844
              ],
              [
                -87.76451110839844,
                42.10627746582031
              ],
              [
                -87.84436798095703,
                42.10627746582031
              ],
              [
                -87.70343780517578,
                41.84651184082031
              ],
              [
                -87.509033203125,
                41.781593322753906
              ],
              [
                -87.48448181152344,
                41.586883544921875
              ],
              [
                -87.00672912597656,
                41.586883544921875
              ],
              [
                -86.91643524169922,
                41.71668243408203
              ],
              [
                -86.75706481933594,
                41.71668243408203
              ],
              [
                -86.78131103515625,
                41.911441802978516
              ],
              [
                -86.58708953857422,
                41.84651184082031
              ],
              [
                -86.18275451660156,
                42.43117141723633
              ],
              [
                -86.2354965209961,
                42.82133865356445
              ],
              [
                -86.15531921386719,
                42.82133865356445
              ],
              [
                -86.47281646728516,
                43.53750228881836
              ],
              [
                -86.38510131835938,
                43.6678352355957
              ],
              [
                -86.45872497558594,
                43.79821014404297
              ],
              [
                -86.37809753417969,
                43.79821014404297
              ],
              [
                -86.48904418945312,
                43.99384307861328
              ],
              [
                -86.2338638305664,
                44.25482940673828
              ],
              [
                -86.25911712646484,
                44.58129119873047
              ],
              [
                -86.04210662841797,
                44.908016204833984
              ],
              [
                -85.75516510009766,
                44.973392486572266
              ],
              [
                -85.79291534423828,
                45.03877639770508
              ],
              [
                -85.3492202758789,
                44.973392486572266
              ],
              [
                -85.37520599365234,
                45.300437927246094
              ],
              [
                -85.00619506835938,
                45.36587905883789
              ],
              [
                -85.07635498046875,
                45.62776184082031
              ],
              [
                -84.86981201171875,
                45.693260192871094
              ],
              [
                -84.90787506103516,
                45.75876998901367
              ],
              [
                -84.26126861572266,
                45.62776184082031
              ],
              [
                -83.50419616699219,
                45.300437927246094
              ],
              [
                -83.43010711669922,
                45.169586181640625
              ],
              [
                -83.55567932128906,
                45.10417556762695
              ],
              [
                -83.33511352539062,
                44.71194839477539
              ],
              [
                -83.41617584228516,
                44.71194839477539
              ],
              [
                -83.3513412475586,
                44.45067596435547
              ],
              [
                -83.5577621459961,
                44.38538360595703
              ],
              [
                -83.6552963256836,
                44.12431716918945
              ],
              [
                -83.94218444824219,
                44.05907440185547
              ],
              [
                -84.07593536376953,
                43.86341094970703
              ],
              [
                -83.93236541748047,
                43.6026611328125
              ],
              [
                -83.5296859741211,
                43.6026611328125
              ],
              [
                -83.43981170654297,
                43.73301696777344
              ],
              [
                -83.27862548828125,
                43.73301696777344
              ],
              [
                -83.1795654296875,
                43.99384307861328
              ],
              [
                -82.89244079589844,
                44.05907440185547
              ],
              [
                -82.66926574707031,
                43.79821014404297
              ],
              [
                -82.74989318847656,
                43.79821014404297
              ],
              [
                -82.60859680175781,
                43.53750228881836
              ],
              [
                -82.68910217285156,
                43.53750228881836
              ],
              [
                -82.58387756347656,
                43.342071533203125
              ],
              [
                -82.66429138183594,
                43.342071533203125
              ],
              [
                -82.52503204345703,
                43.08163070678711
              ],
              [
                -82.49042510986328,
                43.016544342041016
              ],
              [
                -82.42146301269531,
                42.88639831542969
              ],
              [
                -82.55901336669922,
                42.691246032714844
              ],
              [
                -82.63912963867188,
                42.691246032714844
              ],
              [
                -82.9595947265625,
                42.691246032714844
              ],
              [
                -82.89102935791016,
                42.56119155883789
              ],
              [
                -83.01693725585938,
                42.496177673339844
              ],
              [
                -82.91485595703125,
                42.30118942260742
              ],
              [
                -83.07473754882812,
                42.30118942260742
              ],
              [
                -83.08689880371094,
                42.17123794555664
              ],
              [
                -83.32654571533203,
                42.17123794555664
              ],
              [
                -83.5570068359375,
                41.84651184082031
              ],
              [
                -83.44378662109375,
                41.781593322753906
              ],
              [
                -83.45677185058594,
                41.65177917480469
              ],
              [
                -82.68815612792969,
                41.39224624633789
              ],
              [
                -81.4004898071289,
                41.521995544433594
              ],
              [
                -81.30611419677734,
                41.65177917480469
              ],
              [
                -81.14680480957031,
                41.65177917480469
              ],
              [
                -81.1792984008789,
                41.71668243408203
              ],
              [
                -81.01993560791016,
                41.71668243408203
              ],
              [
                -81.0524673461914,
                41.781593322753906
              ],
              [
                -80.47966766357422,
                41.911441802978516
              ],
              [
                -80.624755859375,
                42.041324615478516
              ],
              [
                -80.06597900390625,
                42.041324615478516
              ],
              [
                -80.09857177734375,
                42.10627746582031
              ],
              [
                -79.9388656616211,
                42.10627746582031
              ],
              [
                -80.00420379638672,
                42.236209869384766
              ],
              [
                -79.73184204101562,
                42.17123794555664
              ],
              [
                -79.6373062133789,
                42.30118942260742
              ],
              [
                -79.47742462158203,
                42.30118942260742
              ],
              [
                -79.51011657714844,
                42.36617660522461
              ],
              [
                -79.35017395019531,
                42.36617660522461
              ],
              [
                -79.38289642333984,
                42.43117141723633
              ],
              [
                -79.22289276123047,
                42.43117141723633
              ],
              [
                -79.2556381225586,
                42.496177673339844
              ],
              [
                -79.09558868408203,
                42.496177673339844
              ],
              [
                -79.12835693359375,
                42.56119155883789
              ],
              [
                -78.96824645996094,
                42.56119155883789
              ],
              [
                -78.95381164550781,
                42.691246032714844
              ],
              [
                -78.79358673095703,
                42.691246032714844
              ],
              [
                -78.87854766845703,
                43.016544342041016
              ],
              [
                -79.09246826171875,
                43.276947021484375
              ],
              [
                -78.11400604248047,
                43.407203674316406
              ],
              [
                -77.80633544921875,
                43.276947021484375
              ],
              [
                -76.76134490966797,
                43.276947021484375
              ],
              [
                -76.666015625,
                43.407203674316406
              ],
              [
                -76.505126953125,
                43.407203674316406
              ],
              [
                -76.53789520263672,
                43.472347259521484
              ],
              [
                -76.16822052001953,
                43.53750228881836
              ],
              [
                -76.18616485595703,
                43.73301696777344
              ],
              [
                -76.01018524169922,
                43.86341094970703
              ],
              [
                -76.25679016113281,
                44.18956756591797
              ],
              [
                -76.09516143798828,
                44.18956756591797
              ],
              [
                -76.12850189208984,
                44.25482940673828
              ],
              [
                -76.16191101074219,
                44.32010269165039
              ],
              [
                -76.00016021728516,
                44.32010269165039
              ],
              [
                -75.81021881103516,
                44.58129119873047
              ],
              [
                -75.64822387695312,
                44.58129119873047
              ],
              [
                -75.58670806884766,
                44.77729415893555
              ],
              [
                -75.08592224121094,
                44.908016204833984
              ],
              [
                -75.11945343017578,
                44.973392486572266
              ],
              [
                -71.62834167480469,
                44.973392486572266
              ],
              [
                -71.53034210205078,
                45.10417556762695
              ],
              [
                -71.36784362792969,
                45.10417556762695
              ],
              [
                -71.38333892822266,
                45.300437927246094
              ],
              [
                -70.89524841308594,
                45.300437927246094
              ],
              [
                -70.6000747680664,
                45.693260192871094
              ],
              [
                -70.4369888305664,
                45.693260192871094
              ],
              [
                -70.28924560546875,
                45.889827728271484
              ],
              [
                -70.33763885498047,
                46.1520881652832
              ],
              [
                -70.0593490600586,
                46.414546966552734
              ],
              [
                -70.1091079711914,
                46.677207946777344
              ],
              [
                -70.01122283935547,
                46.808616638183594
              ],
              [
                -69.66688537597656,
                46.94007873535156
              ],
              [
                -69.27550506591797,
                47.46647262573242
              ],
              [
                -68.8948974609375,
                47.20316696166992
              ],
              [
                -68.5163803100586,
                47.26897048950195
              ],
              [
                -68.54948425292969,
                47.33478927612305
              ],
              [
                -68.13761138916016,
                47.33478927612305
              ],
              [
                -67.90721893310547,
                47.20316696166992
              ],
              [
                -67.74462127685547,
                46.87434005737305
              ],
              [
                -67.8267593383789,
                46.87434005737305
              ],
              [
                -67.7660903930664,
                46.414546966552734
              ],
              [
                -67.84799194335938,
                46.414546966552734
              ],
              [
                -67.78434753417969,
                46.283294677734375
              ],
              [
                -67.8661880493164,
                46.283294677734375
              ],
              [
                -67.80277252197266,
                46.1520881652832
              ],
              [
                -67.9030532836914,
                46.02093505859375
              ],
              [
                -67.36653900146484,
                45.23500442504883
              ],
              [
                -67.06147003173828,
                45.10417556762695
              ],
              [
                -67.03099822998047,
                45.03877639770508
              ],
              [
                -67.0416259765625,
                44.71194839477539
              ],
              [
                -67.49761962890625,
                44.64661407470703
              ],
              [
                -67.51801300048828,
                44.5159797668457
              ],
              [
                -67.9228515625,
                44.5159797668457
              ],
              [
                -67.94304656982422,
                44.38538360595703
              ],
              [
                -68.21621704101562,
                44.45067596435547
              ],
              [
                -68.20589447021484,
                44.25482940673828
              ],
              [
                -68.69095611572266,
                44.25482940673828
              ],
              [
                -68.86370849609375,
                44.45067596435547
              ],
              [
                -68.88324737548828,
                44.32010269165039
              ],
              [
                -69.04499053955078,
                44.32010269165039
              ],
              [
                -68.98371887207031,
                44.18956756591797
              ],
              [
                -69.13445281982422,
                43.99384307861328
              ],
              [
                -69.3766098022461,
                43.99384307861328
              ],
              [
                -69.39627838134766,
                43.86341094970703
              ],
              [
                -69.71891021728516,
                43.86341094970703
              ],
              [
                -69.6883544921875,
                43.79821014404297
              ],
              [
                -70.172119140625,
                43.79821014404297
              ],
              [
                -70.27198791503906,
                43.6678352355957
              ],
              [
                -70.21087646484375,
                43.53750228881836
              ],
              [
                -70.36097717285156,
                43.342071533203125
              ],
              [
                -70.52180480957031,
                43.342071533203125
              ],
              [
                -70.82196807861328,
                42.95146560668945
              ],
              [
                -70.64234161376953,
                42.56119155883789
              ],
              [
                -70.98307037353516,
                42.43117141723633
              ],
              [
                -70.923828125,
                42.30118942260742
              ],
              [
                -70.62525939941406,
                42.17123794555664
              ],
              [
                -70.37123107910156,
                41.781593322753906
              ],
              [
                -70.1321029663086,
                41.781593322753906
              ],
              [
                -70.1098861694336,
                41.911441802978516
              ],
              [
                -69.95034790039062,
                41.911441802978516
              ],
              [
                -69.91557312011719,
                41.65177917480469
              ],
              [
                -70.44452667236328,
                41.586883544921875
              ],
              [
                -70.41597747802734,
                41.521995544433594
              ],
              [
                -70.5751724243164,
                41.521995544433594
              ],
              [
                -70.48988342285156,
                41.32738494873047
              ],
              [
                -70.72843170166016,
                41.32738494873047
              ],
              [
                -70.71211242675781,
                41.65177917480469
              ],
              [
                -70.89356994628906,
                41.521995544433594
              ],
              [
                -71.21195983886719,
                41.521995544433594
              ],
              [
                -71.26969146728516,
                41.65177917480469
              ],
              [
                -71.42900085449219,
                41.65177917480469
              ],
              [
                -71.37115478515625,
                41.521995544433594
              ],
              [
                -71.52356719970703,
                41.32738494873047
              ],
              [
                -72.84622192382812,
                41.26253128051758
              ],
              [
                -72.81721496582031,
                41.19768524169922
              ],
              [
                -73.47411346435547,
                41.06801223754883
              ],
              [
                -73.1781997680664,
                40.93837356567383
              ],
              [
                -73.2070083618164,
                41.00318908691406
              ],
              [
                -71.9939956665039,
                41.132843017578125
              ],
              [
                -71.93698120117188,
                41.00318908691406
              ],
              [
                -72.24861907958984,
                40.80876541137695
              ],
              [
                -73.46009063720703,
                40.6791877746582
              ],
              [
                -73.64078521728516,
                40.54964065551758
              ],
              [
                -74.14453887939453,
                40.614410400390625
              ],
              [
                -74.08737182617188,
                40.4848747253418
              ],
              [
                -73.9290542602539,
                40.4848747253418
              ],
              [
                -73.86712646484375,
                40.16116714477539
              ],
              [
                -74.17426300048828,
                39.77294921875
              ],
              [
                -74.11936950683594,
                39.64360046386719
              ],
              [
                -74.53467559814453,
                39.320335388183594
              ],
              [
                -74.48075866699219,
                39.19107437133789
              ],
              [
                -74.63629150390625,
                38.997230529785156
              ],
              [
                -74.92386627197266,
                38.93262481689453
              ],
              [
                -75.03128814697266,
                39.19107437133789
              ],
              [
                -75.40033721923828,
                39.320335388183594
              ],
              [
                -74.94844055175781,
                38.416015625
              ],
              [
                -75.39386749267578,
                37.96426773071289
              ],
              [
                -75.3427963256836,
                37.835243225097656
              ],
              [
                -75.79052734375,
                37.38381576538086
              ],
              [
                -75.74057006835938,
                37.254878997802734
              ],
              [
                -75.84671783447266,
                37.12596130371094
              ],
              [
                -76.00250244140625,
                37.12596130371094
              ],
              [
                -76.07736206054688,
                37.3193473815918
              ],
              [
                -75.99939727783203,
                37.3193473815918
              ],
              [
                -76.07490539550781,
                37.51277160644531
              ],
              [
                -75.89141845703125,
                37.641746520996094
              ],
              [
                -75.9423599243164,
                37.7707405090332
              ],
              [
                -75.81166076660156,
                37.835243225097656
              ],
              [
                -75.91468811035156,
                38.09331130981445
              ],
              [
                -75.83645629882812,
                38.09331130981445
              ],
              [
                -76.25408935546875,
                38.351463317871094
              ],
              [
                -76.3335189819336,
                38.54513168334961
              ],
              [
                -76.23002624511719,
                38.67427444458008
              ],
              [
                -76.38919067382812,
                38.8680305480957
              ],
              [
                -76.23213958740234,
                38.8680305480957
              ],
              [
                -76.31353759765625,
                39.06184005737305
              ],
              [
                -76.23494720458984,
                39.06184005737305
              ],
              [
                -76.34468841552734,
                39.320335388183594
              ],
              [
                -76.47445678710938,
                39.25570297241211
              ],
              [
                -76.3648910522461,
                38.997230529785156
              ],
              [
                -76.52203369140625,
                38.997230529785156
              ],
              [
                -76.44068908691406,
                38.80344009399414
              ],
              [
                -76.5191879272461,
                38.80344009399414
              ],
              [
                -76.25370788574219,
                38.157840728759766
              ],
              [
                -76.38411712646484,
                38.09331130981445
              ],
              [
                -76.17671966552734,
                37.7707405090332
              ],
              [
                -76.35987091064453,
                37.641746520996094
              ],
              [
                -76.18045043945312,
                37.38381576538086
              ],
              [
                -76.33642578125,
                37.38381576538086
              ],
              [
                -76.28614807128906,
                37.254878997802734
              ],
              [
                -76.36408996582031,
                37.254878997802734
              ],
              [
                -76.1865463256836,
                36.9970588684082
              ],
              [
                -75.92835998535156,
                36.932613372802734
              ],
              [
                -75.80631256103516,
                36.61045455932617
              ],
              [
                -75.9375228881836,
                36.5460319519043
              ],
              [
                -75.81749725341797,
                36.2239875793457
              ],
              [
                -75.9726791381836,
                36.2239875793457
              ],
              [
                -76.00263977050781,
                36.09519577026367
              ],
              [
                -76.31282806396484,
                36.09519577026367
              ],
              [
                -76.05645751953125,
                36.03080368041992
              ],
              [
                -76.00920867919922,
                35.902034759521484
              ],
              [
                -75.72277069091797,
                35.9664192199707
              ],
              [
                -75.68334197998047,
                35.644527435302734
              ],
              [
                -75.89229583740234,
                35.58015823364258
              ],
              [
                -75.90028381347656,
                35.38706970214844
              ],
              [
                -76.0318832397461,
                35.32271194458008
              ],
              [
                -76.51883697509766,
                35.38706970214844
              ],
              [
                -76.44954681396484,
                35.194007873535156
              ],
              [
                -76.55811309814453,
                35.065311431884766
              ],
              [
                -76.30364990234375,
                35.00096893310547
              ],
              [
                -76.25820922851562,
                34.87228775024414
              ],
              [
                -76.36725616455078,
                34.743614196777344
              ],
              [
                -77.19277954101562,
                34.679283142089844
              ],
              [
                -77.22452545166016,
                34.55062484741211
              ],
              [
                -77.56452178955078,
                34.42197799682617
              ],
              [
                -77.92404174804688,
                33.90746307373047
              ],
              [
                -78.59347534179688,
                33.84315490722656
              ],
              [
                -78.85625457763672,
                33.71455001831055
              ],
              [
                -79.0308837890625,
                33.32876968383789
              ],
              [
                -79.20623016357422,
                33.393062591552734
              ],
              [
                -79.14054107666016,
                33.20018768310547
              ],
              [
                -79.30528259277344,
                33.00732421875
              ],
              [
                -79.53507995605469,
                33.00732421875
              ],
              [
                -79.6784439086914,
                32.75019073486328
              ],
              [
                -79.83149719238281,
                32.75019073486328
              ],
              [
                -79.86512756347656,
                32.62162780761719
              ],
              [
                -80.12832641601562,
                32.493072509765625
              ],
              [
                -80.43414306640625,
                32.493072509765625
              ],
              [
                -80.37033081054688,
                32.30024337768555
              ],
              [
                -80.6759262084961,
                32.30024337768555
              ],
              [
                -80.63360595703125,
                32.171695709228516
              ],
              [
                -80.91046142578125,
                31.8503360748291
              ],
              [
                -81.06301879882812,
                31.8503360748291
              ],
              [
                -81.14739227294922,
                31.40045166015625
              ],
              [
                -81.42681884765625,
                31.079113006591797
              ],
              [
                -81.34451293945312,
                30.564971923828125
              ],
              [
                -81.42045593261719,
                30.564971923828125
              ],
              [
                -81.20995330810547,
                30.115081787109375
              ],
              [
                -81.2857894897461,
                30.115081787109375
              ],
              [
                -81.13652801513672,
                29.600887298583984
              ],
              [
                -80.6197509765625,
                28.829526901245117
              ],
              [
                -80.5508804321289,
                28.572391510009766
              ],
              [
                -80.70183563232422,
                28.572391510009766
              ],
              [
                -80.63406372070312,
                28.315250396728516
              ],
              [
                -80.05867767333984,
                27.222335815429688
              ],
              [
                -79.93730926513672,
                26.70800018310547
              ],
              [
                -80.01240539550781,
                26.70800018310547
              ],
              [
                -79.98892974853516,
                25.936485290527344
              ],
              [
                -80.11087799072266,
                25.807899475097656
              ],
              [
                -80.15161895751953,
                25.29355812072754
              ],
              [
                -80.30130004882812,
                25.29355812072754
              ],
              [
                -80.32319641113281,
                25.03639030456543
              ],
              [
                -80.47279357910156,
                25.03639030456543
              ],
              [
                -80.49916076660156,
                25.164974212646484
              ],
              [
                -81.00960540771484,
                25.100683212280273
              ],
              [
                -81.18592834472656,
                25.229267120361328
              ],
              [
                -81.07682037353516,
                25.422143936157227
              ],
              [
                -81.25399017333984,
                25.55072784423828
              ],
              [
                -81.29570770263672,
                25.743606567382812
              ],
              [
                -81.71286010742188,
                25.936485290527344
              ],
              [
                -81.81658172607422,
                26.06507110595703
              ],
              [
                -81.81476593017578,
                26.386537551879883
              ],
              [
                -81.9797134399414,
                26.450830459594727
              ],
              [
                -82.0705795288086,
                26.836584091186523
              ],
              [
                -82.29593658447266,
                26.836584091186523
              ],
              [
                -82.40204620361328,
                26.96516990661621
              ],
              [
                -82.49684143066406,
                27.35091781616211
              ],
              [
                -82.69578552246094,
                27.54378890991211
              ],
              [
                -82.42735290527344,
                27.6723690032959
              ],
              [
                -82.41815948486328,
                27.92952537536621
              ],
              [
                -82.56884002685547,
                27.92952537536621
              ],
              [
                -82.51907348632812,
                27.736658096313477
              ],
              [
                -82.7449722290039,
                27.736658096313477
              ],
              [
                -82.84542846679688,
                28.12238883972168
              ],
              [
                -82.60623931884766,
                28.636676788330078
              ],
              [
                -82.82452392578125,
                29.150936126708984
              ],
              [
                -83.25760650634766,
                29.34377670288086
              ],
              [
                -83.84465026855469,
                30.050809860229492
              ],
              [
                -84.2237319946289,
                30.050809860229492
              ],
              [
                -84.65744018554688,
                29.729440689086914
              ],
              [
                -85.3198013305664,
                29.665164947509766
              ],
              [
                -85.3974838256836,
                29.922264099121094
              ],
              [
                -85.60826110839844,
                30.115081787109375
              ],
              [
                -86.17919158935547,
                30.243623733520508
              ],
              [
                -86.33628845214844,
                30.500701904296875
              ],
              [
                -86.59909057617188,
                30.372163772583008
              ],
              [
                -87.0749740600586,
                30.436433792114258
              ],
              [
                -87.18579864501953,
                30.307893753051758
              ],
              [
                -87.84819793701172,
                30.243623733520508
              ],
              [
                -88.02755737304688,
                30.564971923828125
              ],
              [
                -88.04110717773438,
                30.372163772583008
              ],
              [
                -89.02775573730469,
                30.372163772583008
              ],
              [
                -89.34473419189453,
                30.179353713989258
              ],
              [
                -89.64813232421875,
                30.179353713989258
              ],
              [
                -89.60676574707031,
                30.050809860229492
              ],
              [
                -89.28299713134766,
                29.986536026000977
              ],
              [
                -89.24226379394531,
                29.857990264892578
              ],
              [
                -89.56041717529297,
                29.665164947509766
              ],
              [
                -89.50047302246094,
                29.472333908081055
              ],
              [
                -88.98748016357422,
                29.279497146606445
              ],
              [
                -88.98567199707031,
                29.022375106811523
              ],
              [
                -89.21240234375,
                29.022375106811523
              ],
              [
                -89.42173767089844,
                29.21521759033203
              ],
              [
                -89.74383544921875,
                29.279497146606445
              ],
              [
                -89.87887573242188,
                29.472333908081055
              ],
              [
                -90.03023529052734,
                29.472333908081055
              ],
              [
                -89.95108032226562,
                29.21521759033203
              ],
              [
                -90.06319427490234,
                29.08665657043457
              ],
              [
                -90.50019073486328,
                29.279497146606445
              ],
              [
                -90.59233093261719,
                29.08665657043457
              ],
              [
                -90.81910705566406,
                29.08665657043457
              ],
              [
                -91.79771423339844,
                29.79371452331543
              ],
              [
                -92.00425720214844,
                29.729440689086914
              ],
              [
                -91.68072509765625,
                29.665164947509766
              ],
              [
                -91.69519805908203,
                29.472333908081055
              ],
              [
                -92.62387084960938,
                29.536611557006836
              ],
              [
                -93.23706817626953,
                29.79371452331543
              ],
              [
                -93.82202911376953,
                29.729440689086914
              ],
              [
                -94.21347045898438,
                29.536611557006836
              ],
              [
                -94.74333190917969,
                29.536611557006836
              ],
              [
                -94.78546142578125,
                29.665164947509766
              ],
              [
                -94.9369125366211,
                29.665164947509766
              ],
              [
                -94.73577880859375,
                29.279497146606445
              ],
              [
                -94.94205474853516,
                29.21521759033203
              ],
              [
                -95.14240264892578,
                28.893810272216797
              ],
              [
                -95.7063217163086,
                28.765243530273438
              ],
              [
                -95.74169921875,
                28.636676788330078
              ],
              [
                -95.94819641113281,
                28.572391510009766
              ],
              [
                -96.49661254882812,
                28.636676788330078
              ],
              [
                -96.34140014648438,
                28.379535675048828
              ],
              [
                -96.71857452392578,
                28.379535675048828
              ],
              [
                -96.65951538085938,
                28.186676025390625
              ],
              [
                -96.9415283203125,
                28.12238883972168
              ],
              [
                -96.90266418457031,
                27.993812561035156
              ],
              [
                -97.01480865478516,
                27.865236282348633
              ],
              [
                -97.31611633300781,
                27.865236282348633
              ],
              [
                -97.07048034667969,
                27.54378890991211
              ],
              [
                -97.2774887084961,
                27.4794979095459
              ],
              [
                -97.24021911621094,
                27.35091781616211
              ],
              [
                -97.39066314697266,
                27.35091781616211
              ],
              [
                -97.31707763671875,
                27.093751907348633
              ],
              [
                -97.39224243164062,
                27.093751907348633
              ],
              [
                -97.35595703125,
                26.96516990661621
              ],
              [
                -97.5062484741211,
                26.96516990661621
              ],
              [
                -97.30677795410156,
                26.515121459960938
              ],
              [
                -97.26172637939453,
                26.06507110595703
              ],
              [
                -97.18675231933594,
                26.06507110595703
              ],
              [
                -97.16996002197266,
                26.000778198242188
              ],
              [
                -97.91960144042969,
                26.000778198242188
              ],
              [
                -98.60523986816406,
                26.32224464416504
              ],
              [
                -98.99786376953125,
                26.386537551879883
              ],
              [
                -99.30973052978516,
                26.96516990661621
              ],
              [
                -99.38441467285156,
                27.4794979095459
              ],
              [
                -100.14785766601562,
                28.25096321105957
              ],
              [
                -100.54895782470703,
                29.022375106811523
              ],
              [
                -101.39607238769531,
                29.729440689086914
              ],
              [
                -102.35063934326172,
                29.857990264892578
              ],
              [
                -102.84270477294922,
                29.536611557006836
              ],
              [
                -102.82878112792969,
                29.279497146606445
              ],
              [
                -103.01136779785156,
                29.150936126708984
              ],
              [
                -102.96742248535156,
                29.022375106811523
              ],
              [
                -103.17227935791016,
                28.958093643188477
              ],
              [
                -103.69181823730469,
                29.150936126708984
              ],
              [
                -104.4782943725586,
                29.665164947509766
              ],
              [
                -104.91156005859375,
                30.629240036010742
              ],
              [
                -105.49182891845703,
                30.950578689575195
              ],
              [
                -106.51304626464844,
                31.78606605529785
              ],
              [
                -108.114501953125,
                31.78606605529785
              ],
              [
                -108.15704345703125,
                31.336183547973633
              ],
              [
                -108.28306579589844,
                31.271915435791016
              ],
              [
                -110.9474105834961,
                31.271915435791016
              ],
              [
                -114.65587615966797,
                32.428794860839844
              ],
              [
                -114.77388000488281,
                32.685909271240234
              ],
              [
                -117.1317367553711,
                32.493072509765625
              ],
              [
                -117.1617660522461,
                32.557350158691406
              ],
              [
                -117.4219741821289,
                33.26447677612305
              ],
              [
                -118.10328674316406,
                33.71455001831055
              ],
              [
                -118.41050720214844,
                33.71455001831055
              ],
              [
                -118.5718765258789,
                34.03607940673828
              ],
              [
                -119.14288330078125,
                34.10039138793945
              ],
              [
                -119.61592864990234,
                34.42197799682617
              ],
              [
                -120.57373046875,
                34.48630142211914
              ],
              [
                -120.68334197998047,
                35.12965774536133
              ],
              [
                -120.96980285644531,
                35.51579284667969
              ],
              [
                -121.27255249023438,
                35.644527435302734
              ],
              [
                -121.45104217529297,
                35.9664192199707
              ],
              [
                -121.82852172851562,
                36.2239875793457
              ],
              [
                -121.97525024414062,
                36.48161697387695
              ],
              [
                -121.89757537841797,
                36.48161697387695
              ],
              [
                -121.97157287597656,
                36.61045455932617
              ],
              [
                -121.8097152709961,
                36.8681755065918
              ],
              [
                -122.19632720947266,
                36.9970588684082
              ],
              [
                -122.5805435180664,
                37.641746520996094
              ],
              [
                -122.50264739990234,
                37.7707405090332
              ],
              [
                -122.58141326904297,
                37.89975357055664
              ],
              [
                -122.97355651855469,
                38.028785705566406
              ],
              [
                -123.05355834960938,
                38.157840728759766
              ],
              [
                -122.97747802734375,
                38.28691864013672
              ],
              [
                -123.61872863769531,
                38.80344009399414
              ],
              [
                -123.83454895019531,
                39.25570297241211
              ],
              [
                -123.76251983642578,
                39.38497543334961
              ],
              [
                -123.84843444824219,
                39.51427459716797
              ],
              [
                -123.76966094970703,
                39.51427459716797
              ],
              [
                -123.85614013671875,
                39.64360046386719
              ],
              [
                -123.77731323242188,
                39.64360046386719
              ],
              [
                -124.4219970703125,
                40.355369567871094
              ],
              [
                -124.34288787841797,
                40.355369567871094
              ],
              [
                -124.44535827636719,
                40.614410400390625
              ],
              [
                -124.13372039794922,
                41.06801223754883
              ],
              [
                -124.27396392822266,
                41.26253128051758
              ],
              [
                -124.09722137451172,
                41.45711898803711
              ],
              [
                -124.35184478759766,
                41.911441802978516
              ],
              [
                -124.27207946777344,
                41.911441802978516
              ],
              [
                -124.36874389648438,
                42.041324615478516
              ],
              [
                -124.2889175415039,
                42.041324615478516
              ],
              [
                -124.53278350830078,
                42.36617660522461
              ],
              [
                -124.45281982421875,
                42.36617660522461
              ],
              [
                -124.52056884765625,
                42.56119155883789
              ],
              [
                -124.44051361083984,
                42.56119155883789
              ],
              [
                -124.65898895263672,
                42.95146560668945
              ],
              [
                -124.54865264892578,
                43.016544342041016
              ],
              [
                -124.64928436279297,
                43.146724700927734
              ],
              [
                -124.50924682617188,
                43.276947021484375
              ],
              [
                -124.55989074707031,
                43.342071533203125
              ],
              [
                -124.28887939453125,
                43.407203674316406
              ],
              [
                -124.3905258178711,
                43.53750228881836
              ],
              [
                -124.2214584350586,
                43.73301696777344
              ],
              [
                -124.3239974975586,
                43.86341094970703
              ],
              [
                -124.18482208251953,
                43.99384307861328
              ],
              [
                -124.28805541992188,
                44.12431716918945
              ],
              [
                -124.1491928100586,
                44.25482940673828
              ],
              [
                -124.24773406982422,
                44.58129119873047
              ],
              [
                -124.02354431152344,
                44.908016204833984
              ],
              [
                -124.12515258789062,
                45.23500442504883
              ],
              [
                -124.01554107666016,
                45.300437927246094
              ],
              [
                -124.12187957763672,
                45.431331634521484
              ],
              [
                -123.9561538696289,
                45.62776184082031
              ],
              [
                -124.11705780029297,
                45.82429504394531
              ],
              [
                -123.9798812866211,
                45.95537567138672
              ],
              [
                -124.08799743652344,
                46.08650588989258
              ],
              [
                -123.97869873046875,
                46.1520881652832
              ],
              [
                -124.03298950195312,
                46.21768569946289
              ],
              [
                -123.869384765625,
                46.21768569946289
              ],
              [
                -124.16948699951172,
                46.480194091796875
              ],
              [
                -124.00643157958984,
                46.677207946777344
              ],
              [
                -124.2279052734375,
                46.94007873535156
              ],
              [
                -124.11921691894531,
                47.005828857421875
              ],
              [
                -124.34327697753906,
                47.26897048950195
              ],
              [
                -124.26094055175781,
                47.26897048950195
              ],
              [
                -124.40478515625,
                47.53233337402344
              ],
              [
                -124.32230377197266,
                47.53233337402344
              ],
              [
                -124.72400665283203,
                47.993770599365234
              ],
              [
                -124.64128112792969,
                47.993770599365234
              ],
              [
                -124.85018920898438,
                48.323814392089844
              ],
              [
                -124.7431640625,
                48.38986587524414
              ],
              [
                -124.80213165283203,
                48.455936431884766
              ],
              [
                -124.55320739746094,
                48.455936431884766
              ],
              [
                -123.65621948242188,
                48.191749572753906
              ],
              [
                -122.91075134277344,
                48.191749572753906
              ],
              [
                -122.57319641113281,
                47.993770599365234
              ],
              [
                -122.86054229736328,
                48.323814392089844
              ],
              [
                -122.66972351074219,
                48.38986587524414
              ],
              [
                -122.78602600097656,
                48.52202224731445
              ],
              [
                -122.53699493408203,
                48.52202224731445
              ],
              [
                -122.80642700195312,
                48.91886520385742
              ],
              [
                -122.86582946777344,
                48.98506164550781
              ],
              [
                -95.2212905883789,
                48.98506164550781
              ],
              [
                -95.23262786865234,
                49.11750411987305
              ],
              [
                -95.1492919921875,
                49.11750411987305
              ],
              [
                -95.24444580078125,
                49.2500114440918
              ],
              [
                -95.1610336303711,
                49.2500114440918
              ],
              [
                -95.25675201416016,
                49.38258361816406
              ],
              [
                -95.13780212402344,
                49.44889450073242
              ],
              [
                -94.77989959716797,
                49.18375015258789
              ],
              [
                -94.86327362060547,
                49.18375015258789
              ],
              [
                -94.66462707519531,
                48.786521911621094
              ],
              [
                -94.32257080078125,
                48.654239654541016
              ],
              [
                -93.90715789794922,
                48.654239654541016
              ],
              [
                -93.64949798583984,
                48.52202224731445
              ],
              [
                -93.36298370361328,
                48.5881233215332
              ],
              [
                -93.40866088867188,
                48.654239654541016
              ],
              [
                -92.99324798583984,
                48.654239654541016
              ],
              [
                -92.43557739257812,
                48.323814392089844
              ],
              [
                -92.10397338867188,
                48.323814392089844
              ],
              [
                -91.51292419433594,
                48.059749603271484
              ],
              [
                -91.14289093017578,
                48.1257438659668
              ],
              [
                -91.18678283691406,
                48.191749572753906
              ],
              [
                -90.77262878417969,
                48.191749572753906
              ],
              [
                -90.14935302734375,
                48.1257438659668
              ],
              [
                -89.89736938476562,
                47.993770599365234
              ],
              [
                -89.98009490966797,
                47.993770599365234
              ],
              [
                -89.93704986572266,
                47.92780685424805
              ],
              [
                -90.79964447021484,
                47.730003356933594
              ],
              [
                -90.75667572021484,
                47.664100646972656
              ],
              [
                -91.4100570678711,
                47.4006233215332
              ],
              [
                -91.3673324584961,
                47.33478927612305
              ],
              [
                -91.57173919677734,
                47.26897048950195
              ]
            ]
          ],
          [
            [
              [
                -85.40239715576172,
                45.62776184082031
              ],
              [
                -85.64691925048828,
                45.62776184082031
              ],
              [
                -85.68048095703125,
                45.82429504394531
              ],
              [
                -85.59886932373047,
                45.82429504394531
              ],
              [
                -85.40239715576172,
                45.62776184082031
              ]
            ]
          ],
          [
            [
              [
                -83.47079467773438,
                45.95537567138672
              ],
              [
                -83.71581268310547,
                45.95537567138672
              ],
              [
                -83.7479019165039,
                46.1520881652832
              ],
              [
                -83.66613006591797,
                46.1520881652832
              ],
              [
                -83.47079467773438,
                45.95537567138672
              ]
            ]
          ],
          [
            [
              [
                -89.1129150390625,
                48.059749603271484
              ],
              [
                -89.15582275390625,
                48.1257438659668
              ],
              [
                -88.90744018554688,
                48.1257438659668
              ],
              [
                -88.95036315917969,
                48.191749572753906
              ],
              [
                -88.8675308227539,
                48.191749572753906
              ],
              [
                -88.70187377929688,
                48.191749572753906
              ],
              [
                -88.6565170288086,
                47.993770599365234
              ],
              [
                -89.1502456665039,
                47.86185836791992
              ],
              [
                -89.23558044433594,
                47.993770599365234
              ],
              [
                -89.1129150390625,
                48.059749603271484
              ]
            ]
          ],
          [
            [
              [
                12.370920181274414,
                49.98000717163086
              ],
              [
                12.36764907836914,
                49.71431350708008
              ],
              [
                12.534139633178711,
                49.64793395996094
              ],
              [
                12.532414436340332,
                49.51522445678711
              ],
              [
                13.112967491149902,
                49.2500114440918
              ],
              [
                13.276345252990723,
                49.051273345947266
              ],
              [
                13.442953109741211,
                49.051273345947266
              ],
              [
                13.770781517028809,
                48.786521911621094
              ],
              [
                13.765517234802246,
                48.52202224731445
              ],
              [
                14.341955184936523,
                48.323814392089844
              ],
              [
                14.417099952697754,
                47.993770599365234
              ],
              [
                14.662002563476562,
                47.86185836791992
              ],
              [
                14.493593215942383,
                47.730003356933594
              ],
              [
                13.998095512390137,
                47.730003356933594
              ],
              [
                13.746675491333008,
                47.53233337402344
              ],
              [
                13.415684700012207,
                47.46647262573242
              ],
              [
                13.41247844696045,
                47.26897048950195
              ],
              [
                13.740641593933105,
                47.20316696166992
              ],
              [
                13.654860496520996,
                47.005828857421875
              ],
              [
                13.079431533813477,
                47.005828857421875
              ],
              [
                12.834451675415039,
                47.13737487792969
              ],
              [
                12.175729751586914,
                47.07159423828125
              ],
              [
                12.177369117736816,
                47.26897048950195
              ],
              [
                12.508110046386719,
                47.4006233215332
              ],
              [
                12.510897636413574,
                47.664100646972656
              ],
              [
                11.602551460266113,
                47.598209381103516
              ],
              [
                11.189559936523438,
                47.4006233215332
              ],
              [
                10.447366714477539,
                47.598209381103516
              ],
              [
                10.36567211151123,
                47.33478927612305
              ],
              [
                10.118547439575195,
                47.33478927612305
              ],
              [
                9.870186805725098,
                47.53233337402344
              ],
              [
                9.951154708862305,
                47.79592514038086
              ],
              [
                9.868124008178711,
                47.86185836791992
              ],
              [
                9.950777053833008,
                47.86185836791992
              ],
              [
                10.03207015991211,
                48.1257438659668
              ],
              [
                9.8656644821167,
                48.257774353027344
              ],
              [
                9.864447593688965,
                48.455936431884766
              ],
              [
                10.112491607666016,
                48.654239654541016
              ],
              [
                10.111074447631836,
                48.98506164550781
              ],
              [
                9.860121726989746,
                49.18375015258789
              ],
              [
                9.774689674377441,
                49.51522445678711
              ],
              [
                9.187719345092773,
                49.71431350708008
              ],
              [
                9.189048767089844,
                49.58156967163086
              ],
              [
                9.023329734802246,
                49.44889450073242
              ],
              [
                8.772741317749023,
                49.44889450073242
              ],
              [
                8.771020889282227,
                49.58156967163086
              ],
              [
                8.35299301147461,
                49.58156967163086
              ],
              [
                8.181282997131348,
                49.84712600708008
              ],
              [
                7.762485027313232,
                49.84712600708008
              ],
              [
                7.673308372497559,
                50.11296081542969
              ],
              [
                7.921355247497559,
                50.312522888183594
              ],
              [
                7.581041812896729,
                50.51224899291992
              ],
              [
                7.65709400177002,
                50.912200927734375
              ],
              [
                8.073371887207031,
                51.24601745605469
              ],
              [
                8.411796569824219,
                51.24601745605469
              ],
              [
                8.491752624511719,
                51.580322265625
              ],
              [
                9.000654220581055,
                51.580322265625
              ],
              [
                9.169116973876953,
                51.71418380737305
              ],
              [
                9.509140014648438,
                51.64724349975586
              ],
              [
                9.594748497009277,
                51.51342010498047
              ],
              [
                9.426129341125488,
                51.37968063354492
              ],
              [
                9.427544593811035,
                51.17921447753906
              ],
              [
                9.680888175964355,
                51.24601745605469
              ],
              [
                9.68019962310791,
                51.37968063354492
              ],
              [
                9.934269905090332,
                51.37968063354492
              ],
              [
                10.01987075805664,
                51.04566955566406
              ],
              [
                9.935389518737793,
                51.04566955566406
              ],
              [
                9.852035522460938,
                50.77880859375
              ],
              [
                10.020668983459473,
                50.77880859375
              ],
              [
                10.021310806274414,
                50.578861236572266
              ],
              [
                10.021533012390137,
                50.51224899291992
              ],
              [
                10.189842224121094,
                50.51224899291992
              ],
              [
                10.442440032958984,
                50.2459831237793
              ],
              [
                11.282390594482422,
                50.2459831237793
              ],
              [
                11.367594718933105,
                50.445655822753906
              ],
              [
                11.872282981872559,
                50.445655822753906
              ],
              [
                12.370920181274414,
                49.98000717163086
              ]
            ]
          ],
          [
            [
              [
                13.267459869384766,
                52.720787048339844
              ],
              [
                13.353020668029785,
                52.720787048339844
              ],
              [
                13.438580513000488,
                52.720787048339844
              ],
              [
                13.436897277832031,
                52.653533935546875
              ],
              [
                13.351381301879883,
                52.653533935546875
              ],
              [
                13.26586627960205,
                52.653533935546875
              ],
              [
                13.267459869384766,
                52.720787048339844
              ]
            ]
          ],
          [
            [
              [
                8.730415344238281,
                52.92268753051758
              ],
              [
                8.47332763671875,
                52.92268753051758
              ],
              [
                8.470573425292969,
                53.124786376953125
              ],
              [
                8.64223861694336,
                53.124786376953125
              ],
              [
                8.729633331298828,
                52.99003219604492
              ],
              [
                8.730415344238281,
                52.92268753051758
              ]
            ]
          ],
          [
            [
              [
                8.637277603149414,
                53.52959060668945
              ],
              [
                8.638931274414062,
                53.39456558227539
              ],
              [
                8.466897964477539,
                53.39456558227539
              ],
              [
                8.465058326721191,
                53.52959060668945
              ],
              [
                8.551168441772461,
                53.52959060668945
              ],
              [
                8.637277603149414,
                53.52959060668945
              ]
            ]
          ],
          [
            [
              [
                -45.945796966552734,
                60.69873809814453
              ],
              [
                -46.22100067138672,
                60.69873809814453
              ],
              [
                -46.33577346801758,
                60.91054153442383
              ],
              [
                -46.06000900268555,
                60.91054153442383
              ],
              [
                -45.9837646484375,
                60.76930236816406
              ],
              [
                -45.945796966552734,
                60.69873809814453
              ]
            ]
          ],
          [
            [
              [
                -20.006807327270508,
                66.0324478149414
              ],
              [
                -19.549598693847656,
                65.8112564086914
              ],
              [
                -19.569307327270508,
                66.18017578125
              ],
              [
                -19.181303024291992,
                66.18017578125
              ],
              [
                -19.2044677734375,
                66.25411987304688
              ],
              [
                -18.719074249267578,
                66.25411987304688
              ],
              [
                -18.36039924621582,
                66.0324478149414
              ],
              [
                -18.427837371826172,
                66.25411987304688
              ],
              [
                -18.039522171020508,
                66.25411987304688
              ],
              [
                -17.58561897277832,
                66.0324478149414
              ],
              [
                -17.457050323486328,
                66.25411987304688
              ],
              [
                -16.659265518188477,
                66.18017578125
              ],
              [
                -16.668289184570312,
                66.55042266845703
              ],
              [
                -15.791775703430176,
                66.55042266845703
              ],
              [
                -15.612554550170898,
                66.25411987304688
              ],
              [
                -15.341450691223145,
                66.32811737060547
              ],
              [
                -15.36164379119873,
                66.40216064453125
              ],
              [
                -15.069941520690918,
                66.40216064453125
              ],
              [
                -14.990460395812988,
                66.10628509521484
              ],
              [
                -14.699687004089355,
                66.10628509521484
              ],
              [
                -14.641382217407227,
                65.88493347167969
              ],
              [
                -14.718679428100586,
                65.8112564086914
              ],
              [
                -14.332205772399902,
                65.8112564086914
              ],
              [
                -14.294187545776367,
                65.66405487060547
              ],
              [
                -13.696913719177246,
                65.59053039550781
              ],
              [
                -13.64181137084961,
                65.3702621459961
              ],
              [
                -13.719640731811523,
                65.29694366455078
              ],
              [
                -13.509321212768555,
                65.22367095947266
              ],
              [
                -13.4732027053833,
                65.07727813720703
              ],
              [
                -13.934198379516602,
                65.004150390625
              ],
              [
                -13.879453659057617,
                64.78507995605469
              ],
              [
                -14.070605278015137,
                64.78507995605469
              ],
              [
                -14.052313804626465,
                64.71215057373047
              ],
              [
                -14.434326171875,
                64.71215057373047
              ],
              [
                -14.474173545837402,
                64.49365234375
              ],
              [
                -14.741366386413574,
                64.4209213256836
              ],
              [
                -14.799264907836914,
                64.27558898925781
              ],
              [
                -15.274616241455078,
                64.27558898925781
              ],
              [
                -15.503076553344727,
                64.4209213256836
              ],
              [
                -15.464756965637207,
                64.27558898925781
              ],
              [
                -16.091144561767578,
                64.13044738769531
              ],
              [
                -16.071674346923828,
                64.05794525146484
              ],
              [
                -16.601186752319336,
                63.91307830810547
              ],
              [
                -16.581457138061523,
                63.84071350097656
              ],
              [
                -17.696674346923828,
                63.768394470214844
              ],
              [
                -18.160297393798828,
                63.4074821472168
              ],
              [
                -19.38524055480957,
                63.4074821472168
              ],
              [
                -19.80586051940918,
                63.55171203613281
              ],
              [
                -20.372051239013672,
                63.55171203613281
              ],
              [
                -20.533912658691406,
                63.768394470214844
              ],
              [
                -21.14751434326172,
                63.91307830810547
              ],
              [
                -22.803701400756836,
                63.768394470214844
              ],
              [
                -22.901348114013672,
                64.05794525146484
              ],
              [
                -22.831005096435547,
                64.13044738769531
              ],
              [
                -22.33220863342285,
                64.05794525146484
              ],
              [
                -22.356367111206055,
                64.13044738769531
              ],
              [
                -22.16651153564453,
                64.13044738769531
              ],
              [
                -22.02460289001465,
                64.27558898925781
              ],
              [
                -22.097030639648438,
                64.49365234375
              ],
              [
                -22.50274085998535,
                64.56643676757812
              ],
              [
                -22.576860427856445,
                64.78507995605469
              ],
              [
                -23.984630584716797,
                64.71215057373047
              ],
              [
                -24.158178329467773,
                64.93107604980469
              ],
              [
                -22.605852127075195,
                65.15044403076172
              ],
              [
                -22.585281372070312,
                65.3702621459961
              ],
              [
                -22.033103942871094,
                65.44363403320312
              ],
              [
                -22.05799674987793,
                65.51705932617188
              ],
              [
                -23.31010627746582,
                65.51705932617188
              ],
              [
                -23.284238815307617,
                65.44363403320312
              ],
              [
                -24.02777671813965,
                65.3702621459961
              ],
              [
                -24.369583129882812,
                65.51705932617188
              ],
              [
                -24.423202514648438,
                65.66405487060547
              ],
              [
                -24.13380241394043,
                65.66405487060547
              ],
              [
                -24.214139938354492,
                65.88493347167969
              ],
              [
                -23.80080795288086,
                65.8112564086914
              ],
              [
                -23.907499313354492,
                66.10628509521484
              ],
              [
                -23.61672592163086,
                66.10628509521484
              ],
              [
                -23.670089721679688,
                66.25411987304688
              ],
              [
                -23.281774520874023,
                66.25411987304688
              ],
              [
                -22.938255310058594,
                66.10628509521484
              ],
              [
                -23.1668701171875,
                66.47626495361328
              ],
              [
                -22.972246170043945,
                66.47626495361328
              ],
              [
                -22.998668670654297,
                66.55042266845703
              ],
              [
                -22.609107971191406,
                66.55042266845703
              ],
              [
                -21.484390258789062,
                66.10628509521484
              ],
              [
                -21.3837833404541,
                65.51705932617188
              ],
              [
                -21.26317596435547,
                65.44363403320312
              ],
              [
                -20.974599838256836,
                65.73763275146484
              ],
              [
                -20.78151512145996,
                65.73763275146484
              ],
              [
                -20.757463455200195,
                65.66405487060547
              ],
              [
                -20.540699005126953,
                65.59053039550781
              ],
              [
                -20.39534568786621,
                65.73763275146484
              ],
              [
                -20.539321899414062,
                66.18017578125
              ],
              [
                -20.0543155670166,
                66.18017578125
              ],
              [
                -20.006807327270508,
                66.0324478149414
              ]
            ]
          ],
          [
            [
              [
                -54.0068359375,
                71.10896301269531
              ],
              [
                -54.128639221191406,
                71.26505279541016
              ],
              [
                -53.881168365478516,
                71.34321594238281
              ],
              [
                -53.77824020385742,
                71.34321594238281
              ],
              [
                -53.57238006591797,
                71.34321594238281
              ],
              [
                -53.39104080200195,
                71.10896301269531
              ],
              [
                -53.49367141723633,
                71.10896301269531
              ],
              [
                -53.43366622924805,
                71.0310287475586
              ],
              [
                -54.0068359375,
                71.10896301269531
              ]
            ]
          ],
          [
            [
              [
                -52.8348274230957,
                71.18696594238281
              ],
              [
                -53.14302062988281,
                71.18696594238281
              ],
              [
                -53.32429122924805,
                71.42146301269531
              ],
              [
                -52.80914306640625,
                71.42146301269531
              ],
              [
                -52.73209762573242,
                71.18696594238281
              ],
              [
                -52.8348274230957,
                71.18696594238281
              ]
            ]
          ],
          [
            [
              [
                -24.20070457458496,
                82.8989486694336
              ],
              [
                -24.257953643798828,
                83.01161193847656
              ],
              [
                -23.888484954833984,
                83.01161193847656
              ],
              [
                -23.653179168701172,
                82.78743743896484
              ],
              [
                -22.11092185974121,
                82.8989486694336
              ],
              [
                -22.05804443359375,
                82.78743743896484
              ],
              [
                -21.321828842163086,
                82.78743743896484
              ],
              [
                -21.148292541503906,
                82.67704772949219
              ],
              [
                -21.047988891601562,
                82.4594955444336
              ],
              [
                -21.170028686523438,
                82.4594955444336
              ],
              [
                -21.120317459106445,
                82.3522720336914
              ],
              [
                -21.851255416870117,
                82.3522720336914
              ],
              [
                -21.80068588256836,
                82.24603271484375
              ],
              [
                -23.624818801879883,
                82.24603271484375
              ],
              [
                -23.571491241455078,
                82.14076232910156
              ],
              [
                -25.149646759033203,
                82.14076232910156
              ],
              [
                -24.80935287475586,
                81.72859954833984
              ],
              [
                -24.085948944091797,
                81.72859954833984
              ],
              [
                -24.138782501220703,
                81.83036804199219
              ],
              [
                -23.897239685058594,
                81.83036804199219
              ],
              [
                -23.950084686279297,
                81.9329605102539
              ],
              [
                -23.829105377197266,
                81.9329605102539
              ],
              [
                -23.882173538208008,
                82.03641510009766
              ],
              [
                -23.276241302490234,
                82.03641510009766
              ],
              [
                -23.328699111938477,
                82.14076232910156
              ],
              [
                -22.11473274230957,
                82.14076232910156
              ],
              [
                -22.06437873840332,
                82.03641510009766
              ],
              [
                -21.70081901550293,
                82.03641510009766
              ],
              [
                -21.554040908813477,
                81.72859954833984
              ],
              [
                -21.674606323242188,
                81.72859954833984
              ],
              [
                -21.578231811523438,
                81.52743530273438
              ],
              [
                -21.818557739257812,
                81.52743530273438
              ],
              [
                -21.770503997802734,
                81.42796325683594
              ],
              [
                -22.01043128967285,
                81.42796325683594
              ],
              [
                -21.962326049804688,
                81.32919311523438
              ],
              [
                -22.201858520507812,
                81.32919311523438
              ],
              [
                -22.15369415283203,
                81.23108673095703
              ],
              [
                -21.483261108398438,
                81.32919311523438
              ],
              [
                -21.530576705932617,
                81.42796325683594
              ],
              [
                -20.930755615234375,
                81.42796325683594
              ],
              [
                -20.977415084838867,
                81.52743530273438
              ],
              [
                -20.616924285888672,
                81.52743530273438
              ],
              [
                -20.66332244873047,
                81.62763214111328
              ],
              [
                -19.29512596130371,
                81.52743530273438
              ],
              [
                -19.33931541442871,
                81.62763214111328
              ],
              [
                -18.85785675048828,
                81.62763214111328
              ],
              [
                -18.814472198486328,
                81.52743530273438
              ],
              [
                -18.333820343017578,
                81.52743530273438
              ],
              [
                -18.583288192749023,
                81.83036804199219
              ],
              [
                -18.22097396850586,
                81.83036804199219
              ],
              [
                -18.135669708251953,
                81.62763214111328
              ],
              [
                -18.25603485107422,
                81.62763214111328
              ],
              [
                -18.213655471801758,
                81.52743530273438
              ],
              [
                -17.49267578125,
                81.52743530273438
              ],
              [
                -17.454757690429688,
                81.72859954833984
              ],
              [
                -17.01325798034668,
                81.83036804199219
              ],
              [
                -17.054338455200195,
                81.9329605102539
              ],
              [
                -13.666954040527344,
                81.9329605102539
              ],
              [
                -13.631651878356934,
                81.83036804199219
              ],
              [
                -12.907022476196289,
                81.83036804199219
              ],
              [
                -12.873208045959473,
                81.72859954833984
              ],
              [
                -11.908671379089355,
                81.72859954833984
              ],
              [
                -11.693521499633789,
                81.42796325683594
              ],
              [
                -11.933449745178223,
                81.42796325683594
              ],
              [
                -11.90195083618164,
                81.32919311523438
              ],
              [
                -12.620549201965332,
                81.32919311523438
              ],
              [
                -12.588077545166016,
                81.23108673095703
              ],
              [
                -13.305499076843262,
                81.23108673095703
              ],
              [
                -13.272066116333008,
                81.13362121582031
              ],
              [
                -13.749567985534668,
                81.13362121582031
              ],
              [
                -13.715571403503418,
                81.03675842285156
              ],
              [
                -14.465821266174316,
                81.13362121582031
              ],
              [
                -14.36098861694336,
                80.84471130371094
              ],
              [
                -15.868389129638672,
                80.74945831298828
              ],
              [
                -15.958111763000488,
                80.37286376953125
              ],
              [
                -17.098499298095703,
                80.2796630859375
              ],
              [
                -17.06041717529297,
                80.186767578125
              ],
              [
                -17.295412063598633,
                80.186767578125
              ],
              [
                -17.21900749206543,
                80.00177764892578
              ],
              [
                -17.765798568725586,
                79.90962982177734
              ],
              [
                -17.72707748413086,
                79.81768798828125
              ],
              [
                -19.011573791503906,
                79.81768798828125
              ],
              [
                -18.971033096313477,
                79.72595977783203
              ],
              [
                -19.204219818115234,
                79.72595977783203
              ],
              [
                -19.16348648071289,
                79.63444519042969
              ],
              [
                -19.471630096435547,
                79.54313659667969
              ],
              [
                -19.308958053588867,
                79.179931640625
              ],
              [
                -19.424489974975586,
                79.179931640625
              ],
              [
                -19.38408660888672,
                79.08963012695312
              ],
              [
                -19.730159759521484,
                79.08963012695312
              ],
              [
                -19.689414978027344,
                78.99952697753906
              ],
              [
                -19.993886947631836,
                78.90962219238281
              ],
              [
                -19.952991485595703,
                78.81990814208984
              ],
              [
                -20.798973083496094,
                78.90962219238281
              ],
              [
                -20.75687599182129,
                78.81990814208984
              ],
              [
                -20.94430923461914,
                78.73038482666016
              ],
              [
                -20.860397338867188,
                78.55191802978516
              ],
              [
                -21.23324966430664,
                78.37419128417969
              ],
              [
                -21.149585723876953,
                78.19720458984375
              ],
              [
                -21.263246536254883,
                78.19720458984375
              ],
              [
                -21.221553802490234,
                78.1089859008789
              ],
              [
                -21.448549270629883,
                78.1089859008789
              ],
              [
                -21.478290557861328,
                77.93307495117188
              ],
              [
                -21.70462989807129,
                77.93307495117188
              ],
              [
                -21.73390769958496,
                77.75786590576172
              ],
              [
                -21.395370483398438,
                77.75786590576172
              ],
              [
                -21.365121841430664,
                77.93307495117188
              ],
              [
                -21.251951217651367,
                77.93307495117188
              ],
              [
                -21.293397903442383,
                78.02094268798828
              ],
              [
                -19.859588623046875,
                78.1089859008789
              ],
              [
                -19.667573928833008,
                77.93307495117188
              ],
              [
                -19.063570022583008,
                77.84538269042969
              ],
              [
                -18.83772087097168,
                77.58334350585938
              ],
              [
                -20.34005355834961,
                77.67052459716797
              ],
              [
                -20.261255264282227,
                77.49634552001953
              ],
              [
                -19.587055206298828,
                77.49634552001953
              ],
              [
                -19.28685188293457,
                77.32283020019531
              ],
              [
                -18.314607620239258,
                77.40950012207031
              ],
              [
                -18.018556594848633,
                77.23632049560547
              ],
              [
                -17.91250228881836,
                76.9777603149414
              ],
              [
                -18.023935317993164,
                76.9777603149414
              ],
              [
                -18.06498908996582,
                76.8061752319336
              ],
              [
                -18.620634078979492,
                76.8061752319336
              ],
              [
                -18.450719833374023,
                76.1258544921875
              ],
              [
                -18.925546646118164,
                76.21038818359375
              ],
              [
                -19.103652954101562,
                76.63520812988281
              ],
              [
                -18.917911529541016,
                76.72061920166016
              ],
              [
                -18.954021453857422,
                76.8061752319336
              ],
              [
                -19.65801429748535,
                76.89189147949219
              ],
              [
                -19.695430755615234,
                76.9777603149414
              ],
              [
                -20.809762954711914,
                76.9777603149414
              ],
              [
                -20.915523529052734,
                76.72061920166016
              ],
              [
                -21.24846076965332,
                76.72061920166016
              ],
              [
                -21.209400177001953,
                76.63520812988281
              ],
              [
                -21.763545989990234,
                76.63520812988281
              ],
              [
                -21.95450782775879,
                76.8061752319336
              ],
              [
                -22.399024963378906,
                76.8061752319336
              ],
              [
                -22.317689895629883,
                76.63520812988281
              ],
              [
                -22.02530860900879,
                76.72061920166016
              ],
              [
                -21.874374389648438,
                76.63520812988281
              ],
              [
                -21.574058532714844,
                76.46484375
              ],
              [
                -21.49627685546875,
                76.29505920410156
              ],
              [
                -21.386037826538086,
                76.29505920410156
              ],
              [
                -21.424673080444336,
                76.37987518310547
              ],
              [
                -20.87274742126465,
                76.37987518310547
              ],
              [
                -20.987743377685547,
                76.63520812988281
              ],
              [
                -20.655256271362305,
                76.63520812988281
              ],
              [
                -20.54159164428711,
                76.37987518310547
              ],
              [
                -19.73244857788086,
                76.29505920410156
              ],
              [
                -19.624338150024414,
                76.04146575927734
              ],
              [
                -19.953760147094727,
                76.04146575927734
              ],
              [
                -19.408681869506836,
                75.78911590576172
              ],
              [
                -19.2363224029541,
                75.3711929321289
              ],
              [
                -19.345016479492188,
                75.3711929321289
              ],
              [
                -19.277217864990234,
                75.20491790771484
              ],
              [
                -19.893386840820312,
                75.12195587158203
              ],
              [
                -20.323274612426758,
                75.3711929321289
              ],
              [
                -20.758054733276367,
                75.3711929321289
              ],
              [
                -20.72230339050293,
                75.28799438476562
              ],
              [
                -20.61374282836914,
                75.28799438476562
              ],
              [
                -20.543149948120117,
                75.12195587158203
              ],
              [
                -20.001680374145508,
                75.12195587158203
              ],
              [
                -19.93325424194336,
                74.95640563964844
              ],
              [
                -19.825223922729492,
                74.95640563964844
              ],
              [
                -19.757884979248047,
                74.79132080078125
              ],
              [
                -19.86565589904785,
                74.79132080078125
              ],
              [
                -19.83216094970703,
                74.70895385742188
              ],
              [
                -19.326797485351562,
                74.79132080078125
              ],
              [
                -18.93873405456543,
                74.62670135498047
              ],
              [
                -18.87474250793457,
                74.46253967285156
              ],
              [
                -19.16444206237793,
                74.38063049316406
              ],
              [
                -19.13253402709961,
                74.298828125
              ],
              [
                -19.453580856323242,
                74.298828125
              ],
              [
                -19.421483993530273,
                74.2171401977539
              ],
              [
                -20.20269012451172,
                74.298828125
              ],
              [
                -20.136964797973633,
                74.13555908203125
              ],
              [
                -20.777587890625,
                74.13555908203125
              ],
              [
                -20.711149215698242,
                73.97272491455078
              ],
              [
                -20.391563415527344,
                73.97272491455078
              ],
              [
                -20.29435920715332,
                73.72928619384766
              ],
              [
                -20.47442054748535,
                73.64835357666016
              ],
              [
                -20.410377502441406,
                73.48678588867188
              ],
              [
                -20.516199111938477,
                73.48678588867188
              ],
              [
                -20.484317779541016,
                73.40616607666016
              ],
              [
                -21.752788543701172,
                73.40616607666016
              ],
              [
                -21.719701766967773,
                73.32563781738281
              ],
              [
                -22.142066955566406,
                73.32563781738281
              ],
              [
                -22.10869789123535,
                73.2452163696289
              ],
              [
                -22.741561889648438,
                73.2452163696289
              ],
              [
                -24.044178009033203,
                73.56752014160156
              ],
              [
                -24.116533279418945,
                73.72928619384766
              ],
              [
                -24.01036262512207,
                73.72928619384766
              ],
              [
                -24.046724319458008,
                73.8103256225586
              ],
              [
                -24.25930404663086,
                73.8103256225586
              ],
              [
                -24.22270393371582,
                73.72928619384766
              ],
              [
                -24.504470825195312,
                73.64835357666016
              ],
              [
                -24.467926025390625,
                73.56752014160156
              ],
              [
                -23.902477264404297,
                73.48678588867188
              ],
              [
                -23.690858840942383,
                73.2452163696289
              ],
              [
                -25.45249366760254,
                73.40616607666016
              ],
              [
                -25.415395736694336,
                73.32563781738281
              ],
              [
                -25.694929122924805,
                73.2452163696289
              ],
              [
                -25.657886505126953,
                73.1648941040039
              ],
              [
                -25.02570152282715,
                73.1648941040039
              ],
              [
                -24.917755126953125,
                72.92451477050781
              ],
              [
                -25.022783279418945,
                72.92451477050781
              ],
              [
                -24.987064361572266,
                72.84458923339844
              ],
              [
                -24.74190902709961,
                72.76475524902344
              ],
              [
                -24.63701820373535,
                72.52581787109375
              ],
              [
                -24.741498947143555,
                72.52581787109375
              ],
              [
                -24.706775665283203,
                72.44635772705078
              ],
              [
                -23.70037841796875,
                72.2877197265625
              ],
              [
                -23.18565559387207,
                72.05043029785156
              ],
              [
                -22.7702693939209,
                72.05043029785156
              ],
              [
                -22.810117721557617,
                71.8926773071289
              ],
              [
                -22.33296775817871,
                71.73527526855469
              ],
              [
                -22.34325408935547,
                71.49979400634766
              ],
              [
                -21.724475860595703,
                71.49979400634766
              ],
              [
                -21.664257049560547,
                71.34321594238281
              ],
              [
                -21.767187118530273,
                71.34321594238281
              ],
              [
                -21.7801570892334,
                71.10896301269531
              ],
              [
                -21.882789611816406,
                71.10896301269531
              ],
              [
                -21.618371963500977,
                70.95317840576172
              ],
              [
                -21.588977813720703,
                70.87539672851562
              ],
              [
                -21.764190673828125,
                70.79769897460938
              ],
              [
                -21.632694244384766,
                70.7200698852539
              ],
              [
                -21.545625686645508,
                70.48763275146484
              ],
              [
                -21.64748764038086,
                70.48763275146484
              ],
              [
                -21.618595123291016,
                70.41029357910156
              ],
              [
                -22.462377548217773,
                70.48763275146484
              ],
              [
                -22.49213981628418,
                70.5650405883789
              ],
              [
                -22.594097137451172,
                70.5650405883789
              ],
              [
                -22.636262893676758,
                70.41029357910156
              ],
              [
                -23.68471336364746,
                70.48763275146484
              ],
              [
                -24.15484619140625,
                70.64251708984375
              ],
              [
                -24.313791275024414,
                71.0310287475586
              ],
              [
                -24.752140045166016,
                71.34321594238281
              ],
              [
                -25.506383895874023,
                71.42146301269531
              ],
              [
                -25.439054489135742,
                71.26505279541016
              ],
              [
                -25.74754524230957,
                71.26505279541016
              ],
              [
                -25.680200576782227,
                71.10896301269531
              ],
              [
                -25.782833099365234,
                71.10896301269531
              ],
              [
                -25.408550262451172,
                70.95317840576172
              ],
              [
                -25.277414321899414,
                70.64251708984375
              ],
              [
                -26.468433380126953,
                70.5650405883789
              ],
              [
                -26.368427276611328,
                70.3330307006836
              ],
              [
                -25.31449317932129,
                70.48763275146484
              ],
              [
                -25.282197952270508,
                70.41029357910156
              ],
              [
                -24.773365020751953,
                70.41029357910156
              ],
              [
                -24.506929397583008,
                70.2558364868164
              ],
              [
                -22.34446144104004,
                70.17870330810547
              ],
              [
                -22.286165237426758,
                70.024658203125
              ],
              [
                -22.66200828552246,
                69.9477310180664
              ],
              [
                -22.63275718688965,
                69.8708724975586
              ],
              [
                -23.138336181640625,
                69.8708724975586
              ],
              [
                -23.108734130859375,
                69.79407501220703
              ],
              [
                -23.310781478881836,
                69.79407501220703
              ],
              [
                -23.281105041503906,
                69.71734619140625
              ],
              [
                -23.684837341308594,
                69.71734619140625
              ],
              [
                -23.625076293945312,
                69.5640869140625
              ],
              [
                -23.826580047607422,
                69.5640869140625
              ],
              [
                -23.79667854309082,
                69.487548828125
              ],
              [
                -24.128835678100586,
                69.5640869140625
              ],
              [
                -24.169172286987305,
                69.41107940673828
              ],
              [
                -24.501310348510742,
                69.487548828125
              ],
              [
                -24.470888137817383,
                69.41107940673828
              ],
              [
                -24.672033309936523,
                69.41107940673828
              ],
              [
                -24.611154556274414,
                69.25833129882812
              ],
              [
                -25.012727737426758,
                69.25833129882812
              ],
              [
                -25.051786422729492,
                69.10584259033203
              ],
              [
                -25.79120445251465,
                68.95359802246094
              ],
              [
                -25.829191207885742,
                68.8016128540039
              ],
              [
                -26.228654861450195,
                68.8016128540039
              ],
              [
                -26.19744110107422,
                68.7257080078125
              ],
              [
                -26.39699935913086,
                68.7257080078125
              ],
              [
                -26.365720748901367,
                68.64987182617188
              ],
              [
                -28.09485626220703,
                68.49837493896484
              ],
              [
                -28.062358856201172,
                68.42272186279297
              ],
              [
                -28.393417358398438,
                68.49837493896484
              ],
              [
                -28.36066246032715,
                68.42272186279297
              ],
              [
                -28.559534072875977,
                68.42272186279297
              ],
              [
                -28.52672004699707,
                68.34712219238281
              ],
              [
                -29.122817993164062,
                68.34712219238281
              ],
              [
                -29.08960723876953,
                68.27159118652344
              ],
              [
                -30.0169677734375,
                68.34712219238281
              ],
              [
                -30.01447868347168,
                68.1207046508789
              ],
              [
                -30.609054565429688,
                68.1207046508789
              ],
              [
                -30.574832916259766,
                68.04534912109375
              ],
              [
                -31.564952850341797,
                68.04534912109375
              ],
              [
                -32.33806610107422,
                68.42272186279297
              ],
              [
                -32.06001281738281,
                68.04534912109375
              ],
              [
                -32.15902328491211,
                68.04534912109375
              ],
              [
                -32.15180206298828,
                67.81964111328125
              ],
              [
                -33.10341262817383,
                67.74452209472656
              ],
              [
                -33.192970275878906,
                67.51952362060547
              ],
              [
                -33.389835357666016,
                67.51952362060547
              ],
              [
                -33.31822967529297,
                67.36980438232422
              ],
              [
                -33.514766693115234,
                67.36980438232422
              ],
              [
                -33.44329833984375,
                67.22032165527344
              ],
              [
                -33.541404724121094,
                67.22032165527344
              ],
              [
                -33.56818389892578,
                67.0710678100586
              ],
              [
                -33.86201858520508,
                67.0710678100586
              ],
              [
                -33.8262825012207,
                66.99652099609375
              ],
              [
                -33.98623275756836,
                66.92203521728516
              ],
              [
                -33.91501235961914,
                66.77322387695312
              ],
              [
                -34.429046630859375,
                66.6246337890625
              ],
              [
                -34.455081939697266,
                66.47626495361328
              ],
              [
                -34.64970397949219,
                66.47626495361328
              ],
              [
                -34.61399459838867,
                66.40216064453125
              ],
              [
                -34.80846405029297,
                66.40216064453125
              ],
              [
                -34.772708892822266,
                66.32811737060547
              ],
              [
                -35.610774993896484,
                66.25411987304688
              ],
              [
                -35.53841781616211,
                66.10628509521484
              ],
              [
                -35.926116943359375,
                66.10628509521484
              ],
              [
                -35.88979721069336,
                66.0324478149414
              ],
              [
                -36.337440490722656,
                65.95866394042969
              ],
              [
                -36.30095672607422,
                65.88493347167969
              ],
              [
                -36.627750396728516,
                65.95866394042969
              ],
              [
                -36.65105438232422,
                65.8112564086914
              ],
              [
                -37.208377838134766,
                65.95866394042969
              ],
              [
                -37.1341438293457,
                65.8112564086914
              ],
              [
                -37.3273811340332,
                65.8112564086914
              ],
              [
                -37.25328826904297,
                65.66405487060547
              ],
              [
                -37.542686462402344,
                65.66405487060547
              ],
              [
                -37.505577087402344,
                65.59053039550781
              ],
              [
                -37.9875373840332,
                65.59053039550781
              ],
              [
                -38.1003303527832,
                65.8112564086914
              ],
              [
                -37.94476318359375,
                65.88493347167969
              ],
              [
                -37.9825439453125,
                65.95866394042969
              ],
              [
                -38.17608642578125,
                65.95866394042969
              ],
              [
                -38.21795654296875,
                65.66405487060547
              ],
              [
                -39.0478401184082,
                65.59053039550781
              ],
              [
                -39.279090881347656,
                65.66405487060547
              ],
              [
                -39.298583984375,
                65.51705932617188
              ],
              [
                -39.58753204345703,
                65.51705932617188
              ],
              [
                -39.76142501831055,
                65.66405487060547
              ],
              [
                -39.78016662597656,
                65.51705932617188
              ],
              [
                -39.97279739379883,
                65.51705932617188
              ],
              [
                -39.8181037902832,
                65.22367095947266
              ],
              [
                -40.01013946533203,
                65.22367095947266
              ],
              [
                -40.08643341064453,
                65.004150390625
              ],
              [
                -41.08359909057617,
                65.07727813720703
              ],
              [
                -41.00529479980469,
                64.93107604980469
              ],
              [
                -40.75700378417969,
                65.004150390625
              ],
              [
                -40.48806381225586,
                64.8580551147461
              ],
              [
                -40.468292236328125,
                64.63926696777344
              ],
              [
                -40.239322662353516,
                64.56643676757812
              ],
              [
                -40.163421630859375,
                64.4209213256836
              ],
              [
                -40.58245849609375,
                64.49365234375
              ],
              [
                -40.50619888305664,
                64.34822845458984
              ],
              [
                -41.36247634887695,
                64.34822845458984
              ],
              [
                -41.28535842895508,
                64.20299530029297
              ],
              [
                -40.715362548828125,
                64.20299530029297
              ],
              [
                -40.54631423950195,
                63.69612503051758
              ],
              [
                -40.92433166503906,
                63.69612503051758
              ],
              [
                -40.71761703491211,
                63.479576110839844
              ],
              [
                -41.283390045166016,
                63.479576110839844
              ],
              [
                -41.13357925415039,
                63.191463470458984
              ],
              [
                -41.5472297668457,
                63.263427734375
              ],
              [
                -41.47219467163086,
                63.11954879760742
              ],
              [
                -41.660099029541016,
                63.11954879760742
              ],
              [
                -41.641666412353516,
                62.904052734375
              ],
              [
                -41.82916259765625,
                62.904052734375
              ],
              [
                -41.79177474975586,
                62.83230972290039
              ],
              [
                -42.1664924621582,
                62.83230972290039
              ],
              [
                -42.18503189086914,
                62.68894577026367
              ],
              [
                -42.465667724609375,
                62.68894577026367
              ],
              [
                -42.634891510009766,
                62.83230972290039
              ],
              [
                -42.55921173095703,
                62.68894577026367
              ],
              [
                -42.74630355834961,
                62.68894577026367
              ],
              [
                -42.42805480957031,
                62.61732482910156
              ],
              [
                -42.20661544799805,
                61.832237243652344
              ],
              [
                -42.44816207885742,
                61.7611083984375
              ],
              [
                -42.37504577636719,
                61.618961334228516
              ],
              [
                -42.579620361328125,
                61.47697448730469
              ],
              [
                -42.50692367553711,
                61.335140228271484
              ],
              [
                -42.876129150390625,
                61.335140228271484
              ],
              [
                -42.803321838378906,
                61.193458557128906
              ],
              [
                -43.07984161376953,
                61.193458557128906
              ],
              [
                -42.85917663574219,
                61.12267303466797
              ],
              [
                -42.75082015991211,
                60.91054153442383
              ],
              [
                -43.118507385253906,
                60.91054153442383
              ],
              [
                -42.88274383544922,
                60.628211975097656
              ],
              [
                -43.45225143432617,
                60.48725891113281
              ],
              [
                -43.23332214355469,
                60.416839599609375
              ],
              [
                -43.090980529785156,
                60.135501861572266
              ],
              [
                -43.42036437988281,
                60.065250396728516
              ],
              [
                -43.4405403137207,
                59.92485809326172
              ],
              [
                -43.713722229003906,
                59.92485809326172
              ],
              [
                -43.733680725097656,
                59.78459548950195
              ],
              [
                -43.91556167602539,
                59.78459548950195
              ],
              [
                -44.166969299316406,
                60.276100158691406
              ],
              [
                -44.40467071533203,
                60.20578384399414
              ],
              [
                -44.20496368408203,
                59.99503707885742
              ],
              [
                -44.842811584472656,
                59.99503707885742
              ],
              [
                -45.15281677246094,
                60.065250396728516
              ],
              [
                -45.22639846801758,
                60.20578384399414
              ],
              [
                -45.500308990478516,
                60.20578384399414
              ],
              [
                -45.520503997802734,
                60.416839599609375
              ],
              [
                -45.06306838989258,
                60.416839599609375
              ],
              [
                -45.100128173828125,
                60.48725891113281
              ],
              [
                -45.26622772216797,
                60.628211975097656
              ],
              [
                -45.50373077392578,
                60.557716369628906
              ],
              [
                -45.46632385253906,
                60.48725891113281
              ],
              [
                -45.778564453125,
                60.557716369628906
              ],
              [
                -46.04462432861328,
                61.05192565917969
              ],
              [
                -46.5969123840332,
                61.05192565917969
              ],
              [
                -46.66484832763672,
                60.83990478515625
              ],
              [
                -47.6226806640625,
                60.91054153442383
              ],
              [
                -47.583438873291016,
                60.83990478515625
              ],
              [
                -47.911495208740234,
                60.76930236816406
              ],
              [
                -48.161720275878906,
                61.05192565917969
              ],
              [
                -48.069671630859375,
                61.05192565917969
              ],
              [
                -48.10948944091797,
                61.12267303466797
              ],
              [
                -48.61028289794922,
                61.193458557128906
              ],
              [
                -48.679935455322266,
                61.47697448730469
              ],
              [
                -49.2345085144043,
                61.47697448730469
              ],
              [
                -49.35820770263672,
                61.69001388549805
              ],
              [
                -49.17296600341797,
                61.69001388549805
              ],
              [
                -49.214298248291016,
                61.7611083984375
              ],
              [
                -49.52474594116211,
                61.97461700439453
              ],
              [
                -49.71051025390625,
                61.97461700439453
              ],
              [
                -49.8370246887207,
                62.18848419189453
              ],
              [
                -49.65086364746094,
                62.18848419189453
              ],
              [
                -49.693138122558594,
                62.259857177734375
              ],
              [
                -50.33769989013672,
                62.4027214050293
              ],
              [
                -50.51052474975586,
                62.68894577026367
              ],
              [
                -50.32343292236328,
                62.68894577026367
              ],
              [
                -50.497650146484375,
                62.9758415222168
              ],
              [
                -50.72361755371094,
                63.191463470458984
              ],
              [
                -51.14426803588867,
                63.263427734375
              ],
              [
                -51.233787536621094,
                63.4074821472168
              ],
              [
                -51.09014129638672,
                63.479576110839844
              ],
              [
                -51.13507843017578,
                63.55171203613281
              ],
              [
                -51.55787658691406,
                63.623897552490234
              ],
              [
                -51.694664001464844,
                63.84071350097656
              ],
              [
                -51.505374908447266,
                63.84071350097656
              ],
              [
                -51.7352294921875,
                64.20299530029297
              ],
              [
                -52.020225524902344,
                64.20299530029297
              ],
              [
                -52.25442123413086,
                64.56643676757812
              ],
              [
                -52.15906524658203,
                64.56643676757812
              ],
              [
                -52.34828567504883,
                65.004150390625
              ],
              [
                -52.25249099731445,
                65.004150390625
              ],
              [
                -52.54154586791992,
                65.44363403320312
              ],
              [
                -52.88090896606445,
                65.66405487060547
              ],
              [
                -53.07384490966797,
                65.66405487060547
              ],
              [
                -53.37249755859375,
                66.10628509521484
              ],
              [
                -53.66326904296875,
                66.10628509521484
              ],
              [
                -53.86634826660156,
                66.40216064453125
              ],
              [
                -53.72288513183594,
                66.47626495361328
              ],
              [
                -53.774051666259766,
                66.55042266845703
              ],
              [
                -53.57927322387695,
                66.55042266845703
              ],
              [
                -53.53801345825195,
                66.77322387695312
              ],
              [
                -52.95225143432617,
                66.77322387695312
              ],
              [
                -53.05445861816406,
                66.92203521728516
              ],
              [
                -53.44560241699219,
                66.92203521728516
              ],
              [
                -53.54910659790039,
                67.0710678100586
              ],
              [
                -53.84294128417969,
                67.0710678100586
              ],
              [
                -54.052940368652344,
                67.36980438232422
              ],
              [
                -53.90917205810547,
                67.44463348388672
              ],
              [
                -53.96211242675781,
                67.51952362060547
              ],
              [
                -53.7652473449707,
                67.51952362060547
              ],
              [
                -53.92464065551758,
                67.74452209472656
              ],
              [
                -53.78060531616211,
                67.81964111328125
              ],
              [
                -53.8341064453125,
                67.89481353759766
              ],
              [
                -53.393150329589844,
                67.97005462646484
              ],
              [
                -53.653221130371094,
                68.19611358642578
              ],
              [
                -53.012451171875,
                68.27159118652344
              ],
              [
                -52.66141891479492,
                68.19611358642578
              ],
              [
                -52.82168960571289,
                68.42272186279297
              ],
              [
                -53.16548156738281,
                68.34712219238281
              ],
              [
                -53.27356719970703,
                68.49837493896484
              ],
              [
                -53.12868118286133,
                68.57408905029297
              ],
              [
                -53.18302917480469,
                68.64987182617188
              ],
              [
                -52.88395309448242,
                68.64987182617188
              ],
              [
                -52.99270248413086,
                68.8016128540039
              ],
              [
                -52.39350891113281,
                68.8016128540039
              ],
              [
                -52.285797119140625,
                68.64987182617188
              ],
              [
                -51.189178466796875,
                68.64987182617188
              ],
              [
                -51.448123931884766,
                68.87757110595703
              ],
              [
                -51.154727935791016,
                69.0296859741211
              ],
              [
                -51.26191711425781,
                69.18205261230469
              ],
              [
                -51.1616096496582,
                69.18205261230469
              ],
              [
                -51.223018646240234,
                69.41107940673828
              ],
              [
                -51.02187728881836,
                69.41107940673828
              ],
              [
                -51.33182144165039,
                69.5640869140625
              ],
              [
                -51.49654769897461,
                69.79407501220703
              ],
              [
                -51.34963607788086,
                69.8708724975586
              ],
              [
                -51.40497970581055,
                69.9477310180664
              ],
              [
                -51.921871185302734,
                70.10164642333984
              ],
              [
                -52.27093505859375,
                70.024658203125
              ],
              [
                -53.006649017333984,
                70.3330307006836
              ],
              [
                -53.515010833740234,
                70.3330307006836
              ],
              [
                -52.87873458862305,
                70.024658203125
              ],
              [
                -52.05744552612305,
                69.8708724975586
              ],
              [
                -51.89073944091797,
                69.64068603515625
              ],
              [
                -51.991580963134766,
                69.64068603515625
              ],
              [
                -51.98195266723633,
                69.487548828125
              ],
              [
                -52.63102722167969,
                69.41107940673828
              ],
              [
                -52.5756721496582,
                69.33467864990234
              ],
              [
                -53.17856979370117,
                69.33467864990234
              ],
              [
                -53.12288284301758,
                69.25833129882812
              ],
              [
                -54.12681579589844,
                69.25833129882812
              ],
              [
                -54.39783477783203,
                69.487548828125
              ],
              [
                -54.095848083496094,
                69.487548828125
              ],
              [
                -54.15287399291992,
                69.5640869140625
              ],
              [
                -54.85813522338867,
                69.5640869140625
              ],
              [
                -55.133419036865234,
                69.79407501220703
              ],
              [
                -54.83034896850586,
                69.79407501220703
              ],
              [
                -55.00603103637695,
                70.024658203125
              ],
              [
                -54.90473175048828,
                70.024658203125
              ],
              [
                -55.02279281616211,
                70.17870330810547
              ],
              [
                -54.87900924682617,
                70.2558364868164
              ],
              [
                -54.93843078613281,
                70.3330307006836
              ],
              [
                -54.183956146240234,
                70.41029357910156
              ],
              [
                -53.71835708618164,
                70.3330307006836
              ],
              [
                -54.668270111083984,
                70.64251708984375
              ],
              [
                -54.78886032104492,
                70.79769897460938
              ],
              [
                -54.584373474121094,
                70.79769897460938
              ],
              [
                -54.644859313964844,
                70.87539672851562
              ],
              [
                -52.437259674072266,
                70.79769897460938
              ],
              [
                -51.39098358154297,
                70.48763275146484
              ],
              [
                -51.187259674072266,
                70.48763275146484
              ],
              [
                -51.300567626953125,
                70.64251708984375
              ],
              [
                -51.096466064453125,
                70.64251708984375
              ],
              [
                -51.369972229003906,
                70.87539672851562
              ],
              [
                -51.93980026245117,
                70.95317840576172
              ],
              [
                -52.1157112121582,
                71.18696594238281
              ],
              [
                -52.321170806884766,
                71.18696594238281
              ],
              [
                -52.440155029296875,
                71.34321594238281
              ],
              [
                -52.29399871826172,
                71.42146301269531
              ],
              [
                -52.353973388671875,
                71.49979400634766
              ],
              [
                -51.83832550048828,
                71.49979400634766
              ],
              [
                -51.958106994628906,
                71.65669250488281
              ],
              [
                -52.41422653198242,
                71.57820129394531
              ],
              [
                -52.47476577758789,
                71.65669250488281
              ],
              [
                -53.094757080078125,
                71.65669250488281
              ],
              [
                -52.97275161743164,
                71.49979400634766
              ],
              [
                -53.38526916503906,
                71.49979400634766
              ],
              [
                -53.56993103027344,
                71.73527526855469
              ],
              [
                -53.776798248291016,
                71.73527526855469
              ],
              [
                -53.71474838256836,
                71.65669250488281
              ],
              [
                -54.024742126464844,
                71.65669250488281
              ],
              [
                -53.83943557739258,
                71.42146301269531
              ],
              [
                -54.14852523803711,
                71.42146301269531
              ],
              [
                -54.08702850341797,
                71.34321594238281
              ],
              [
                -55.17881774902344,
                71.42146301269531
              ],
              [
                -55.1163215637207,
                71.34321594238281
              ],
              [
                -55.322181701660156,
                71.34321594238281
              ],
              [
                -55.88471603393555,
                71.65669250488281
              ],
              [
                -56.01340103149414,
                71.81393432617188
              ],
              [
                -55.52088928222656,
                71.97151184082031
              ],
              [
                -55.65087127685547,
                72.12944030761719
              ],
              [
                -55.442970275878906,
                72.12944030761719
              ],
              [
                -55.63978958129883,
                72.36699676513672
              ],
              [
                -55.5355224609375,
                72.36699676513672
              ],
              [
                -55.83968734741211,
                72.6053695678711
              ],
              [
                -54.93684768676758,
                72.52581787109375
              ],
              [
                -55.06943893432617,
                72.68501281738281
              ],
              [
                -55.3835334777832,
                72.68501281738281
              ],
              [
                -55.58610153198242,
                72.92451477050781
              ],
              [
                -55.165985107421875,
                72.92451477050781
              ],
              [
                -54.92665100097656,
                72.76475524902344
              ],
              [
                -54.955928802490234,
                72.92451477050781
              ],
              [
                -54.85089874267578,
                72.92451477050781
              ],
              [
                -55.09149932861328,
                73.08467102050781
              ],
              [
                -55.40725326538086,
                73.08467102050781
              ],
              [
                -55.54502487182617,
                73.2452163696289
              ],
              [
                -55.43954849243164,
                73.2452163696289
              ],
              [
                -55.54301071166992,
                73.48678588867188
              ],
              [
                -55.931278228759766,
                73.56752014160156
              ],
              [
                -56.14622497558594,
                73.8103256225586
              ],
              [
                -55.82735824584961,
                73.8103256225586
              ],
              [
                -55.97210693359375,
                73.97272491455078
              ],
              [
                -56.258445739746094,
                74.05409240722656
              ],
              [
                -56.63177490234375,
                74.46253967285156
              ],
              [
                -56.4172477722168,
                74.46253967285156
              ],
              [
                -56.49309539794922,
                74.54456329345703
              ],
              [
                -56.86155700683594,
                74.70895385742188
              ],
              [
                -57.09590148925781,
                74.95640563964844
              ],
              [
                -58.04035949707031,
                75.03912353515625
              ],
              [
                -58.558349609375,
                75.45452117919922
              ],
              [
                -58.42400360107422,
                75.53797912597656
              ],
              [
                -58.59225845336914,
                75.70527648925781
              ],
              [
                -59.13847351074219,
                75.70527648925781
              ],
              [
                -59.31028366088867,
                75.87310028076172
              ],
              [
                -60.14311218261719,
                76.04146575927734
              ],
              [
                -60.80195617675781,
                76.04146575927734
              ],
              [
                -61.201751708984375,
                76.21038818359375
              ],
              [
                -63.607704162597656,
                76.29505920410156
              ],
              [
                -63.51373291015625,
                76.21038818359375
              ],
              [
                -64.08003997802734,
                76.1258544921875
              ],
              [
                -64.599853515625,
                76.29505920410156
              ],
              [
                -64.50457763671875,
                76.21038818359375
              ],
              [
                -64.72476959228516,
                76.21038818359375
              ],
              [
                -64.62979125976562,
                76.1258544921875
              ],
              [
                -65.3994369506836,
                76.1258544921875
              ],
              [
                -65.30403900146484,
                76.04146575927734
              ],
              [
                -65.74327087402344,
                76.04146575927734
              ],
              [
                -65.93580627441406,
                76.21038818359375
              ],
              [
                -66.15599822998047,
                76.21038818359375
              ],
              [
                -66.05914306640625,
                76.1258544921875
              ],
              [
                -66.71884155273438,
                76.1258544921875
              ],
              [
                -67.03675079345703,
                76.21038818359375
              ],
              [
                -66.63488006591797,
                75.95721435546875
              ],
              [
                -68.48844146728516,
                76.04146575927734
              ],
              [
                -68.79825592041016,
                76.21038818359375
              ],
              [
                -69.66305541992188,
                76.37987518310547
              ],
              [
                -69.75910186767578,
                76.5499496459961
              ],
              [
                -69.64842224121094,
                76.5499496459961
              ],
              [
                -70.07341766357422,
                76.8061752319336
              ],
              [
                -70.62906646728516,
                76.8061752319336
              ],
              [
                -71.17752838134766,
                76.9777603149414
              ],
              [
                -71.39291381835938,
                77.23632049560547
              ],
              [
                -69.37410736083984,
                77.32283020019531
              ],
              [
                -69.26689147949219,
                77.23632049560547
              ],
              [
                -68.70741271972656,
                77.23632049560547
              ],
              [
                -68.9208755493164,
                77.40950012207031
              ],
              [
                -68.35982513427734,
                77.40950012207031
              ],
              [
                -68.46665954589844,
                77.49634552001953
              ],
              [
                -68.24192810058594,
                77.49634552001953
              ],
              [
                -68.34902954101562,
                77.58334350585938
              ],
              [
                -68.68660736083984,
                77.58334350585938
              ],
              [
                -68.57902526855469,
                77.49634552001953
              ],
              [
                -69.70269775390625,
                77.49634552001953
              ],
              [
                -70.25593566894531,
                77.84538269042969
              ],
              [
                -70.48194885253906,
                77.84538269042969
              ],
              [
                -70.37052154541016,
                77.75786590576172
              ],
              [
                -71.04759979248047,
                77.75786590576172
              ],
              [
                -71.15999603271484,
                77.84538269042969
              ],
              [
                -71.83804321289062,
                77.84538269042969
              ],
              [
                -72.74922943115234,
                78.1089859008789
              ],
              [
                -72.98299407958984,
                78.28560638427734
              ],
              [
                -72.75534057617188,
                78.28560638427734
              ],
              [
                -72.99080657958984,
                78.46295928955078
              ],
              [
                -72.53776550292969,
                78.55191802978516
              ],
              [
                -72.6561050415039,
                78.64105987548828
              ],
              [
                -70.93860626220703,
                78.64105987548828
              ],
              [
                -71.05496978759766,
                78.73038482666016
              ],
              [
                -70.1383285522461,
                78.81990814208984
              ],
              [
                -70.2542495727539,
                78.90962219238281
              ],
              [
                -69.1041259765625,
                78.90962219238281
              ],
              [
                -69.21878051757812,
                79.08963012695312
              ],
              [
                -67.37034606933594,
                79.179931640625
              ],
              [
                -67.48350524902344,
                79.27043151855469
              ],
              [
                -66.33055877685547,
                79.179931640625
              ],
              [
                -66.44214630126953,
                79.27043151855469
              ],
              [
                -65.7479019165039,
                79.27043151855469
              ],
              [
                -65.85892486572266,
                79.36112976074219
              ],
              [
                -64.9259033203125,
                79.4520263671875
              ],
              [
                -65.0307388305664,
                79.63444519042969
              ],
              [
                -64.79790496826172,
                79.63444519042969
              ],
              [
                -65.1265869140625,
                80.00177764892578
              ],
              [
                -66.88137817382812,
                80.09414672851562
              ],
              [
                -67.23177337646484,
                80.186767578125
              ],
              [
                -67.4642562866211,
                80.46641540527344
              ],
              [
                -66.63622283935547,
                80.56034851074219
              ],
              [
                -66.75323486328125,
                80.65467834472656
              ],
              [
                -66.0427017211914,
                80.65467834472656
              ],
              [
                -66.15926361083984,
                80.74945831298828
              ],
              [
                -65.44759368896484,
                80.74945831298828
              ],
              [
                -65.56372833251953,
                80.84471130371094
              ],
              [
                -64.96973419189453,
                80.84471130371094
              ],
              [
                -65.08564758300781,
                80.94046783447266
              ],
              [
                -64.60968780517578,
                80.94046783447266
              ],
              [
                -64.72560119628906,
                81.03675842285156
              ],
              [
                -64.12968444824219,
                81.03675842285156
              ],
              [
                -64.24542236328125,
                81.13362121582031
              ],
              [
                -63.64854431152344,
                81.13362121582031
              ],
              [
                -63.764129638671875,
                81.23108673095703
              ],
              [
                -63.409793853759766,
                81.13362121582031
              ],
              [
                -63.171043395996094,
                81.13362121582031
              ],
              [
                -63.28584671020508,
                81.23108673095703
              ],
              [
                -61.61186599731445,
                81.23108673095703
              ],
              [
                -61.499786376953125,
                81.13362121582031
              ],
              [
                -60.90290832519531,
                81.13362121582031
              ],
              [
                -61.11872100830078,
                81.42796325683594
              ],
              [
                -60.758827209472656,
                81.42796325683594
              ],
              [
                -61.10005187988281,
                81.72859954833984
              ],
              [
                -60.97948455810547,
                81.72859954833984
              ],
              [
                -61.09490203857422,
                81.83036804199219
              ],
              [
                -60.853355407714844,
                81.83036804199219
              ],
              [
                -60.9693489074707,
                81.9329605102539
              ],
              [
                -58.791744232177734,
                81.9329605102539
              ],
              [
                -58.89788055419922,
                82.14076232910156
              ],
              [
                -53.6471061706543,
                82.3522720336914
              ],
              [
                -53.418975830078125,
                82.24603271484375
              ],
              [
                -53.10578155517578,
                81.9329605102539
              ],
              [
                -53.22675704956055,
                81.9329605102539
              ],
              [
                -53.12397384643555,
                81.83036804199219
              ],
              [
                -52.76165771484375,
                81.83036804199219
              ],
              [
                -52.86382293701172,
                81.9329605102539
              ],
              [
                -52.74284744262695,
                81.9329605102539
              ],
              [
                -53.175758361816406,
                82.24603271484375
              ],
              [
                -53.05414962768555,
                82.24603271484375
              ],
              [
                -53.15981674194336,
                82.3522720336914
              ],
              [
                -52.30705261230469,
                82.3522720336914
              ],
              [
                -51.97827911376953,
                82.14076232910156
              ],
              [
                -51.249900817871094,
                82.14076232910156
              ],
              [
                -51.049156188964844,
                81.9329605102539
              ],
              [
                -50.007877349853516,
                81.72859954833984
              ],
              [
                -50.202308654785156,
                81.9329605102539
              ],
              [
                -49.83937454223633,
                81.9329605102539
              ],
              [
                -49.93722152709961,
                82.03641510009766
              ],
              [
                -50.400123596191406,
                82.14076232910156
              ],
              [
                -50.92897415161133,
                82.56774139404297
              ],
              [
                -49.09510040283203,
                82.56774139404297
              ],
              [
                -48.99508285522461,
                82.4594955444336
              ],
              [
                -47.55595016479492,
                82.3522720336914
              ],
              [
                -47.00102233886719,
                82.14076232910156
              ],
              [
                -45.57451629638672,
                82.03641510009766
              ],
              [
                -45.03227615356445,
                81.83036804199219
              ],
              [
                -44.30764389038086,
                81.83036804199219
              ],
              [
                -44.48384094238281,
                82.03641510009766
              ],
              [
                -45.21095657348633,
                82.03641510009766
              ],
              [
                -45.30147171020508,
                82.14076232910156
              ],
              [
                -46.608882904052734,
                82.24603271484375
              ],
              [
                -47.23640823364258,
                82.67704772949219
              ],
              [
                -45.86237335205078,
                82.78743743896484
              ],
              [
                -46.15526580810547,
                83.1254653930664
              ],
              [
                -45.41494369506836,
                83.1254653930664
              ],
              [
                -45.00345230102539,
                82.78743743896484
              ],
              [
                -43.89912796020508,
                82.78743743896484
              ],
              [
                -43.9921760559082,
                82.8989486694336
              ],
              [
                -44.238033294677734,
                82.8989486694336
              ],
              [
                -44.4278450012207,
                83.1254653930664
              ],
              [
                -44.30445861816406,
                83.1254653930664
              ],
              [
                -44.400577545166016,
                83.24053192138672
              ],
              [
                -43.90609359741211,
                83.24053192138672
              ],
              [
                -43.810909271240234,
                83.1254653930664
              ],
              [
                -42.70042419433594,
                83.1254653930664
              ],
              [
                -42.88755416870117,
                83.35684967041016
              ],
              [
                -42.02056121826172,
                83.35684967041016
              ],
              [
                -41.92817306518555,
                83.24053192138672
              ],
              [
                -41.433692932128906,
                83.24053192138672
              ],
              [
                -41.34316635131836,
                83.1254653930664
              ],
              [
                -40.60284423828125,
                83.1254653930664
              ],
              [
                -40.69197082519531,
                83.24053192138672
              ],
              [
                -40.321109771728516,
                83.24053192138672
              ],
              [
                -40.02198791503906,
                83.01161193847656
              ],
              [
                -39.775672912597656,
                83.01161193847656
              ],
              [
                -39.95024871826172,
                83.24053192138672
              ],
              [
                -39.332149505615234,
                83.24053192138672
              ],
              [
                -39.41958999633789,
                83.35684967041016
              ],
              [
                -38.924163818359375,
                83.35684967041016
              ],
              [
                -38.75204086303711,
                83.1254653930664
              ],
              [
                -38.25849151611328,
                83.1254653930664
              ],
              [
                -38.63926696777344,
                83.47444915771484
              ],
              [
                -37.39832305908203,
                83.47444915771484
              ],
              [
                -37.48347854614258,
                83.5933609008789
              ],
              [
                -37.1104736328125,
                83.5933609008789
              ],
              [
                -37.02604293823242,
                83.47444915771484
              ],
              [
                -36.28147506713867,
                83.47444915771484
              ],
              [
                -36.364463806152344,
                83.5933609008789
              ],
              [
                -33.256080627441406,
                83.5933609008789
              ],
              [
                -33.333831787109375,
                83.713623046875
              ],
              [
                -32.212623596191406,
                83.713623046875
              ],
              [
                -32.13706588745117,
                83.5933609008789
              ],
              [
                -28.904348373413086,
                83.5933609008789
              ],
              [
                -28.83582305908203,
                83.47444915771484
              ],
              [
                -28.339445114135742,
                83.47444915771484
              ],
              [
                -28.215351104736328,
                83.47444915771484
              ],
              [
                -25.73346710205078,
                83.47444915771484
              ],
              [
                -25.486684799194336,
                83.24053192138672
              ],
              [
                -24.562524795532227,
                83.1254653930664
              ],
              [
                -24.446561813354492,
                82.8989486694336
              ],
              [
                -24.20070457458496,
                82.8989486694336
              ]
            ]
          ],
          [
            [
              [
                -24.28758430480957,
                72.92451477050781
              ],
              [
                -24.358020782470703,
                73.08467102050781
              ],
              [
                -24.252769470214844,
                73.08467102050781
              ],
              [
                -24.28815269470215,
                73.1648941040039
              ],
              [
                -22.147737503051758,
                73.08467102050781
              ],
              [
                -22.00963592529297,
                73.00454711914062
              ],
              [
                -21.879899978637695,
                72.68501281738281
              ],
              [
                -22.298696517944336,
                72.68501281738281
              ],
              [
                -21.920480728149414,
                72.52581787109375
              ],
              [
                -21.85698699951172,
                72.36699676513672
              ],
              [
                -22.169790267944336,
                72.36699676513672
              ],
              [
                -22.137954711914062,
                72.2877197265625
              ],
              [
                -22.07473373413086,
                72.12944030761719
              ],
              [
                -22.69843864440918,
                72.12944030761719
              ],
              [
                -22.97124671936035,
                72.2877197265625
              ],
              [
                -24.323570251464844,
                72.52581787109375
              ],
              [
                -24.56739044189453,
                72.84458923339844
              ],
              [
                -24.28758430480957,
                72.92451477050781
              ]
            ]
          ],
          [
            [
              [
                -17.69596290588379,
                75.03912353515625
              ],
              [
                -18.885744094848633,
                75.03912353515625
              ],
              [
                -18.985334396362305,
                75.28799438476562
              ],
              [
                -18.692846298217773,
                75.3711929321289
              ],
              [
                -18.726234436035156,
                75.45452117919922
              ],
              [
                -18.290910720825195,
                75.45452117919922
              ],
              [
                -17.867671966552734,
                75.20491790771484
              ],
              [
                -17.325538635253906,
                75.20491790771484
              ],
              [
                -17.263315200805664,
                75.03912353515625
              ],
              [
                -17.66460418701172,
                74.95640563964844
              ],
              [
                -17.69596290588379,
                75.03912353515625
              ]
            ]
          ],
          [
            [
              [
                -70.71399688720703,
                77.49634552001953
              ],
              [
                -70.49462890625,
                77.32283020019531
              ],
              [
                -70.94283294677734,
                77.32283020019531
              ],
              [
                -71.38722229003906,
                77.58334350585938
              ],
              [
                -70.82459259033203,
                77.58334350585938
              ],
              [
                -70.71399688720703,
                77.49634552001953
              ]
            ]
          ],
          [
            [
              [
                -72.17540740966797,
                77.32283020019531
              ],
              [
                -72.39995574951172,
                77.58334350585938
              ],
              [
                -71.83924865722656,
                77.32283020019531
              ],
              [
                -71.95130157470703,
                77.32283020019531
              ],
              [
                -72.17540740966797,
                77.32283020019531
              ]
            ]
          ],
          [
            [
              [
                -18.159509658813477,
                77.84538269042969
              ],
              [
                -18.0465030670166,
                77.84538269042969
              ],
              [
                -18.08319854736328,
                77.93307495117188
              ],
              [
                -17.743688583374023,
                77.93307495117188
              ],
              [
                -17.780075073242188,
                78.02094268798828
              ],
              [
                -17.6667423248291,
                78.02094268798828
              ],
              [
                -17.553409576416016,
                78.02094268798828
              ],
              [
                -17.44576072692871,
                77.75786590576172
              ],
              [
                -17.55860710144043,
                77.75786590576172
              ],
              [
                -17.522918701171875,
                77.67052459716797
              ],
              [
                -18.086345672607422,
                77.67052459716797
              ],
              [
                -18.159509658813477,
                77.84538269042969
              ]
            ]
          ],
          [
            [
              [
                -19.574230194091797,
                78.99952697753906
              ],
              [
                -19.228675842285156,
                78.99952697753906
              ],
              [
                -19.10959243774414,
                78.73038482666016
              ],
              [
                -19.453601837158203,
                78.73038482666016
              ],
              [
                -19.64885139465332,
                78.90962219238281
              ],
              [
                -19.533838272094727,
                78.90962219238281
              ],
              [
                -19.574230194091797,
                78.99952697753906
              ]
            ]
          ],
          [
            [
              [
                -20.219770431518555,
                82.24603271484375
              ],
              [
                -20.17238998413086,
                82.14076232910156
              ],
              [
                -19.808198928833008,
                82.14076232910156
              ],
              [
                -19.549461364746094,
                81.83036804199219
              ],
              [
                -20.1533203125,
                81.83036804199219
              ],
              [
                -20.320743560791016,
                81.9329605102539
              ],
              [
                -20.41518211364746,
                82.14076232910156
              ],
              [
                -20.219770431518555,
                82.24603271484375
              ]
            ]
          ],
          [
            [
              [
                154.6475372314453,
                -5.435933113098145
              ],
              [
                155.1035614013672,
                -5.693083763122559
              ],
              [
                155.3566436767578,
                -6.143096923828125
              ],
              [
                155.5024871826172,
                -6.143096923828125
              ],
              [
                155.82009887695312,
                -6.464535236358643
              ],
              [
                155.85272216796875,
                -6.850261211395264
              ],
              [
                155.56094360351562,
                -6.850261211395264
              ],
              [
                155.48800659179688,
                -6.850261211395264
              ],
              [
                155.2691650390625,
                -6.850261211395264
              ],
              [
                155.11227416992188,
                -6.721685886383057
              ],
              [
                155.00743103027344,
                -6.335959911346436
              ],
              [
                154.61749267578125,
                -6.014522075653076
              ],
              [
                154.6475372314453,
                -5.435933113098145
              ]
            ]
          ],
          [
            [
              [
                120.84415435791016,
                5.942972660064697
              ],
              [
                120.85321044921875,
                6.071547985076904
              ],
              [
                121.35903930664062,
                6.007260322570801
              ],
              [
                121.34554290771484,
                5.81439733505249
              ],
              [
                120.83966827392578,
                5.878684997558594
              ],
              [
                120.84415435791016,
                5.942972660064697
              ]
            ]
          ],
          [
            [
              [
                122.04320526123047,
                6.392985820770264
              ],
              [
                121.97027587890625,
                6.392985820770264
              ],
              [
                121.75626373291016,
                6.457273483276367
              ],
              [
                121.85347747802734,
                6.778711795806885
              ],
              [
                122.28618621826172,
                6.714424133300781
              ],
              [
                122.19383239746094,
                6.457273483276367
              ],
              [
                122.04320526123047,
                6.392985820770264
              ]
            ]
          ],
          [
            [
              [
                158.0992889404297,
                6.714424133300781
              ],
              [
                158.18482971191406,
                6.842999458312988
              ],
              [
                158.1785125732422,
                6.778711795806885
              ],
              [
                158.24517822265625,
                6.714424133300781
              ],
              [
                158.0992889404297,
                6.714424133300781
              ]
            ]
          ],
          [
            [
              [
                158.26414489746094,
                6.907287120819092
              ],
              [
                158.3370819091797,
                6.907287120819092
              ],
              [
                158.33071899414062,
                6.842999458312988
              ],
              [
                158.3243865966797,
                6.778711795806885
              ],
              [
                158.25144958496094,
                6.778711795806885
              ],
              [
                158.25778198242188,
                6.842999458312988
              ],
              [
                158.26414489746094,
                6.907287120819092
              ]
            ]
          ],
          [
            [
              [
                158.26414489746094,
                6.907287120819092
              ],
              [
                158.0389404296875,
                6.842999458312988
              ],
              [
                158.12464904785156,
                6.971574783325195
              ],
              [
                158.19760131835938,
                6.971574783325195
              ],
              [
                158.26414489746094,
                6.907287120819092
              ]
            ]
          ],
          [
            [
              [
                134.44387817382812,
                7.293012619018555
              ],
              [
                134.44960021972656,
                7.357300281524658
              ],
              [
                134.3766326904297,
                7.357300281524658
              ],
              [
                134.39398193359375,
                7.550163269042969
              ],
              [
                134.61878967285156,
                7.614450931549072
              ],
              [
                134.5955352783203,
                7.357300281524658
              ],
              [
                134.44387817382812,
                7.293012619018555
              ]
            ]
          ],
          [
            [
              [
                126.59105682373047,
                7.614450931549072
              ],
              [
                126.5477294921875,
                7.100150108337402
              ],
              [
                126.23509979248047,
                6.842999458312988
              ],
              [
                126.1999740600586,
                6.392985820770264
              ],
              [
                125.9861068725586,
                6.457273483276367
              ],
              [
                126.01626586914062,
                6.842999458312988
              ],
              [
                125.82874298095703,
                7.228724956512451
              ],
              [
                125.68281555175781,
                7.228724956512451
              ],
              [
                125.67225646972656,
                7.100150108337402
              ],
              [
                125.81293487548828,
                7.035862445831299
              ],
              [
                125.80256652832031,
                6.907287120819092
              ],
              [
                125.52112579345703,
                7.035862445831299
              ],
              [
                125.41255950927734,
                6.585848808288574
              ],
              [
                125.68462371826172,
                6.328698635101318
              ],
              [
                125.65145111083984,
                5.878684997558594
              ],
              [
                125.33269500732422,
                5.492959022521973
              ],
              [
                125.1229248046875,
                5.62153434753418
              ],
              [
                125.15039825439453,
                6.007260322570801
              ],
              [
                124.99071502685547,
                5.81439733505249
              ],
              [
                124.6990966796875,
                5.81439733505249
              ],
              [
                124.00261688232422,
                6.264410972595215
              ],
              [
                123.90087890625,
                6.842999458312988
              ],
              [
                124.09355926513672,
                7.421587944030762
              ],
              [
                123.68280792236328,
                7.743025779724121
              ],
              [
                123.46385192871094,
                7.743025779724121
              ],
              [
                123.37995910644531,
                7.614450931549072
              ],
              [
                123.4315185546875,
                7.357300281524658
              ],
              [
                122.93135070800781,
                7.485875606536865
              ],
              [
                122.91549682617188,
                7.293012619018555
              ],
              [
                122.76435852050781,
                7.228724956512451
              ],
              [
                122.72855377197266,
                7.678738594055176
              ],
              [
                122.58802795410156,
                7.743025779724121
              ],
              [
                122.4935073852539,
                7.485875606536865
              ],
              [
                122.34226989746094,
                7.421587944030762
              ],
              [
                122.2331771850586,
                6.971574783325195
              ],
              [
                121.79547882080078,
                6.971574783325195
              ],
              [
                121.81585693359375,
                7.228724956512451
              ],
              [
                122.06098937988281,
                7.550163269042969
              ],
              [
                122.09911346435547,
                8.000176429748535
              ],
              [
                122.76734924316406,
                8.128751754760742
              ],
              [
                122.92475891113281,
                8.25732707977295
              ],
              [
                122.9479751586914,
                8.514476776123047
              ],
              [
                123.2459716796875,
                8.578764915466309
              ],
              [
                123.33692932128906,
                8.771627426147461
              ],
              [
                123.76313018798828,
                8.643052101135254
              ],
              [
                123.8681411743164,
                8.193038940429688
              ],
              [
                124.08716583251953,
                8.193038940429688
              ],
              [
                124.27434539794922,
                8.643052101135254
              ],
              [
                124.70652770996094,
                8.578764915466309
              ],
              [
                124.8223648071289,
                9.028778076171875
              ],
              [
                125.4798355102539,
                9.028778076171875
              ],
              [
                125.31193542480469,
                9.543078422546387
              ],
              [
                125.41825866699219,
                9.86451530456543
              ],
              [
                125.96309661865234,
                9.478790283203125
              ],
              [
                126.01667785644531,
                9.285927772521973
              ],
              [
                126.23587799072266,
                9.285927772521973
              ],
              [
                126.21035766601562,
                9.028778076171875
              ],
              [
                126.35016632080078,
                8.964489936828613
              ],
              [
                126.33148956298828,
                8.771627426147461
              ],
              [
                126.17926788330078,
                8.707340240478516
              ],
              [
                126.16708374023438,
                8.578764915466309
              ],
              [
                126.37410736083984,
                8.450189590454102
              ],
              [
                126.36812591552734,
                8.385902404785156
              ],
              [
                126.49642181396484,
                8.193038940429688
              ],
              [
                126.39456939697266,
                7.871601104736328
              ],
              [
                126.53488159179688,
                7.807313442230225
              ],
              [
                126.51807403564453,
                7.614450931549072
              ],
              [
                126.59105682373047,
                7.614450931549072
              ]
            ]
          ],
          [
            [
              [
                125.90318298339844,
                9.607365608215332
              ],
              [
                125.97627258300781,
                9.607365608215332
              ],
              [
                125.96966552734375,
                9.543078422546387
              ],
              [
                125.8965835571289,
                9.543078422546387
              ],
              [
                125.90318298339844,
                9.607365608215332
              ]
            ]
          ],
          [
            [
              [
                117.23539733886719,
                8.321614265441895
              ],
              [
                117.08937072753906,
                8.321614265441895
              ],
              [
                117.28052520751953,
                8.835914611816406
              ],
              [
                118.21685028076172,
                9.478790283203125
              ],
              [
                118.89142608642578,
                10.378815650939941
              ],
              [
                119.19066619873047,
                10.443102836608887
              ],
              [
                119.17251586914062,
                10.957403182983398
              ],
              [
                119.31885528564453,
                10.957403182983398
              ],
              [
                119.42049407958984,
                11.214552879333496
              ],
              [
                119.5668716430664,
                11.214552879333496
              ],
              [
                119.5836410522461,
                10.7002534866333
              ],
              [
                119.7162094116211,
                10.571678161621094
              ],
              [
                120.01566314697266,
                10.635965347290039
              ],
              [
                120.00196075439453,
                10.507390975952148
              ],
              [
                119.31689453125,
                10.250240325927734
              ],
              [
                119.14446258544922,
                9.993090629577637
              ],
              [
                119.07135772705078,
                9.993090629577637
              ],
              [
                118.76608276367188,
                9.86451530456543
              ],
              [
                118.7283935546875,
                9.478790283203125
              ],
              [
                118.02262115478516,
                8.964489936828613
              ],
              [
                118.01094055175781,
                8.835914611816406
              ],
              [
                117.39812469482422,
                8.514476776123047
              ],
              [
                117.23539733886719,
                8.321614265441895
              ]
            ]
          ],
          [
            [
              [
                122.32845306396484,
                9.671652793884277
              ],
              [
                122.36124420166016,
                9.993090629577637
              ],
              [
                122.81331634521484,
                10.121665954589844
              ],
              [
                122.78832244873047,
                10.571678161621094
              ],
              [
                122.89701080322266,
                10.893115997314453
              ],
              [
                123.057861328125,
                11.021690368652344
              ],
              [
                123.56278228759766,
                10.957403182983398
              ],
              [
                123.51274108886719,
                10.507390975952148
              ],
              [
                123.35253143310547,
                10.378815650939941
              ],
              [
                123.1455307006836,
                9.800228118896484
              ],
              [
                123.31321716308594,
                9.285927772521973
              ],
              [
                123.30692291259766,
                9.221640586853027
              ],
              [
                123.21521759033203,
                9.028778076171875
              ],
              [
                122.84996032714844,
                9.028778076171875
              ],
              [
                122.86854553222656,
                9.221640586853027
              ],
              [
                122.58883666992188,
                9.350214958190918
              ],
              [
                122.32845306396484,
                9.671652793884277
              ]
            ]
          ],
          [
            [
              [
                123.99688720703125,
                10.250240325927734
              ],
              [
                123.85063171386719,
                10.250240325927734
              ],
              [
                123.60409545898438,
                9.993090629577637
              ],
              [
                123.47845458984375,
                9.478790283203125
              ],
              [
                123.25921630859375,
                9.478790283203125
              ],
              [
                123.27210998535156,
                9.607365608215332
              ],
              [
                123.27861022949219,
                9.671652793884277
              ],
              [
                123.4118881225586,
                10.250240325927734
              ],
              [
                123.65902709960938,
                10.507390975952148
              ],
              [
                123.88501739501953,
                11.214552879333496
              ],
              [
                124.1120834350586,
                11.278841018676758
              ],
              [
                123.99688720703125,
                10.250240325927734
              ]
            ]
          ],
          [
            [
              [
                124.65301513671875,
                10.893115997314453
              ],
              [
                124.42623901367188,
                10.828827857971191
              ],
              [
                124.25096130371094,
                11.214552879333496
              ],
              [
                124.28126525878906,
                11.47170352935791
              ],
              [
                124.55882263183594,
                11.343128204345703
              ],
              [
                124.78604125976562,
                11.407415390014648
              ],
              [
                124.79371643066406,
                11.47170352935791
              ],
              [
                125.05603790283203,
                11.214552879333496
              ],
              [
                125.04851531982422,
                11.15026569366455
              ],
              [
                125.07742309570312,
                10.764540672302246
              ],
              [
                125.26813507080078,
                10.507390975952148
              ],
              [
                125.24000549316406,
                10.250240325927734
              ],
              [
                125.0206298828125,
                10.250240325927734
              ],
              [
                125.01371002197266,
                10.185953140258789
              ],
              [
                125.06626892089844,
                9.993090629577637
              ],
              [
                124.92005157470703,
                9.993090629577637
              ],
              [
                124.72122192382812,
                10.185953140258789
              ],
              [
                124.76324462890625,
                10.571678161621094
              ],
              [
                124.65301513671875,
                10.893115997314453
              ]
            ]
          ],
          [
            [
              [
                121.8726806640625,
                10.893115997314453
              ],
              [
                121.94584655761719,
                10.893115997314453
              ],
              [
                122.03459930419922,
                11.664566040039062
              ],
              [
                121.82258605957031,
                11.728853225708008
              ],
              [
                121.9268798828125,
                11.986002922058105
              ],
              [
                122.41613006591797,
                11.793140411376953
              ],
              [
                122.53948974609375,
                11.6002779006958
              ],
              [
                123.11756134033203,
                11.535990715026855
              ],
              [
                123.13835906982422,
                11.085978507995605
              ],
              [
                122.83833312988281,
                11.021690368652344
              ],
              [
                122.74349975585938,
                10.828827857971191
              ],
              [
                122.73635864257812,
                10.764540672302246
              ],
              [
                122.78832244873047,
                10.571678161621094
              ],
              [
                122.62120819091797,
                10.378815650939941
              ],
              [
                122.47493743896484,
                10.378815650939941
              ],
              [
                122.50274658203125,
                10.635965347290039
              ],
              [
                121.89673614501953,
                10.443102836608887
              ],
              [
                121.8726806640625,
                10.893115997314453
              ]
            ]
          ],
          [
            [
              [
                120.36778259277344,
                13.528904914855957
              ],
              [
                120.74353790283203,
                13.593193054199219
              ],
              [
                121.31269073486328,
                13.464617729187012
              ],
              [
                121.4417495727539,
                13.336042404174805
              ],
              [
                121.42427062988281,
                13.207467079162598
              ],
              [
                121.56228637695312,
                13.143178939819336
              ],
              [
                121.55143737792969,
                12.500303268432617
              ],
              [
                121.29131317138672,
                12.178865432739258
              ],
              [
                121.21804809570312,
                12.178865432739258
              ],
              [
                120.94896697998047,
                12.37172794342041
              ],
              [
                120.84320068359375,
                12.69316577911377
              ],
              [
                120.70488739013672,
                12.757453918457031
              ],
              [
                120.67367553710938,
                13.07889175415039
              ],
              [
                120.34144592285156,
                13.336042404174805
              ],
              [
                120.36778259277344,
                13.528904914855957
              ]
            ]
          ],
          [
            [
              [
                144.96832275390625,
                13.657480239868164
              ],
              [
                144.84144592285156,
                13.336042404174805
              ],
              [
                144.6108856201172,
                13.271754264831543
              ],
              [
                144.6532440185547,
                13.528904914855957
              ],
              [
                144.8949432373047,
                13.657480239868164
              ],
              [
                144.96832275390625,
                13.657480239868164
              ]
            ]
          ],
          [
            [
              [
                122.25811767578125,
                16.228994369506836
              ],
              [
                121.86782836914062,
                16.100418090820312
              ],
              [
                121.60336303710938,
                15.843266487121582
              ],
              [
                121.48748779296875,
                15.136098861694336
              ],
              [
                121.59392547607422,
                14.878947257995605
              ],
              [
                121.7944107055664,
                14.750371932983398
              ],
              [
                121.67190551757812,
                14.428933143615723
              ],
              [
                121.84449768066406,
                14.107494354248047
              ],
              [
                122.08374786376953,
                14.236069679260254
              ],
              [
                122.19281005859375,
                13.97891902923584
              ],
              [
                122.39672088623047,
                14.364645004272461
              ],
              [
                122.76395416259766,
                14.364645004272461
              ],
              [
                123.03838348388672,
                14.236069679260254
              ],
              [
                123.1191177368164,
                13.786055564880371
              ],
              [
                123.26589965820312,
                13.786055564880371
              ],
              [
                123.23951721191406,
                14.107494354248047
              ],
              [
                123.52367401123047,
                14.043206214904785
              ],
              [
                123.57817840576172,
                13.914630889892578
              ],
              [
                123.87179565429688,
                13.914630889892578
              ],
              [
                123.9171371459961,
                13.721768379211426
              ],
              [
                123.60518646240234,
                13.593193054199219
              ],
              [
                123.80708312988281,
                13.464617729187012
              ],
              [
                123.84456634521484,
                13.207467079162598
              ],
              [
                124.137939453125,
                13.207467079162598
              ],
              [
                124.1202621459961,
                13.07889175415039
              ],
              [
                124.11149597167969,
                13.014603614807129
              ],
              [
                123.79224395751953,
                12.821741104125977
              ],
              [
                123.71893310546875,
                12.821741104125977
              ],
              [
                123.45155334472656,
                13.014603614807129
              ],
              [
                123.23157501220703,
                13.014603614807129
              ],
              [
                123.26667785644531,
                13.271754264831543
              ],
              [
                122.79804992675781,
                13.593193054199219
              ],
              [
                122.68801879882812,
                13.850343704223633
              ],
              [
                122.54122161865234,
                13.850343704223633
              ],
              [
                122.52278137207031,
                13.721768379211426
              ],
              [
                122.74443817138672,
                13.207467079162598
              ],
              [
                122.52440643310547,
                13.207467079162598
              ],
              [
                122.47758483886719,
                13.40032958984375
              ],
              [
                122.15584564208984,
                13.721768379211426
              ],
              [
                122.00907135009766,
                13.721768379211426
              ],
              [
                121.81647491455078,
                13.914630889892578
              ],
              [
                121.50447845458984,
                13.786055564880371
              ],
              [
                121.40391540527344,
                13.593193054199219
              ],
              [
                121.03704071044922,
                13.593193054199219
              ],
              [
                120.8530502319336,
                13.850343704223633
              ],
              [
                120.62376403808594,
                13.786055564880371
              ],
              [
                120.62451934814453,
                14.300357818603516
              ],
              [
                120.947021484375,
                14.493220329284668
              ],
              [
                120.96644592285156,
                14.621796607971191
              ],
              [
                120.6186752319336,
                14.750371932983398
              ],
              [
                120.6435775756836,
                14.428933143615723
              ],
              [
                120.34976959228516,
                14.428933143615723
              ],
              [
                120.31494903564453,
                14.686083793640137
              ],
              [
                120.04063415527344,
                14.81466007232666
              ],
              [
                120.0271987915039,
                15.200387001037598
              ],
              [
                119.85801696777344,
                15.52182674407959
              ],
              [
                119.91065979003906,
                15.843266487121582
              ],
              [
                119.77412414550781,
                15.907554626464844
              ],
              [
                119.80636596679688,
                16.100418090820312
              ],
              [
                119.73274230957031,
                16.100418090820312
              ],
              [
                119.77629852294922,
                16.35757064819336
              ],
              [
                120.00827026367188,
                16.421857833862305
              ],
              [
                120.11172485351562,
                16.16470718383789
              ],
              [
                120.39535522460938,
                16.100418090820312
              ],
              [
                120.38765716552734,
                16.486146926879883
              ],
              [
                120.3139877319336,
                16.486146926879883
              ],
              [
                120.46136474609375,
                17.321889877319336
              ],
              [
                120.34858703613281,
                17.514753341674805
              ],
              [
                120.61154174804688,
                18.543354034423828
              ],
              [
                120.75936126708984,
                18.543354034423828
              ],
              [
                120.78340148925781,
                18.67193031311035
              ],
              [
                121.43663024902344,
                18.607641220092773
              ],
              [
                121.68395233154297,
                18.350492477416992
              ],
              [
                122.05338287353516,
                18.350492477416992
              ],
              [
                122.16364288330078,
                18.543354034423828
              ],
              [
                122.3853759765625,
                18.543354034423828
              ],
              [
                122.43495178222656,
                18.414779663085938
              ],
              [
                122.25262451171875,
                17.836191177368164
              ],
              [
                122.24069213867188,
                17.77190399169922
              ],
              [
                122.2168960571289,
                17.643327713012695
              ],
              [
                122.53849792480469,
                17.38617706298828
              ],
              [
                122.50325012207031,
                17.193313598632812
              ],
              [
                122.63904571533203,
                17.129026412963867
              ],
              [
                122.25811767578125,
                16.228994369506836
              ]
            ],
            [
              [
                121.88350677490234,
                17.836191177368164
              ],
              [
                121.66203308105469,
                17.836191177368164
              ],
              [
                121.38157653808594,
                17.514753341674805
              ],
              [
                121.27722930908203,
                16.9361629486084
              ],
              [
                121.3509521484375,
                16.9361629486084
              ],
              [
                121.35653686523438,
                16.550434112548828
              ],
              [
                121.43021392822266,
                16.550434112548828
              ],
              [
                121.40779113769531,
                16.421857833862305
              ],
              [
                121.70243072509766,
                16.421857833862305
              ],
              [
                121.9914321899414,
                16.807586669921875
              ],
              [
                122.08414459228516,
                17.321889877319336
              ],
              [
                121.88350677490234,
                17.836191177368164
              ]
            ],
            [
              [
                121.53211975097656,
                13.97891902923584
              ],
              [
                121.54143524169922,
                14.043206214904785
              ],
              [
                121.49627685546875,
                14.236069679260254
              ],
              [
                121.2120361328125,
                14.300357818603516
              ],
              [
                121.00902557373047,
                13.914630889892578
              ],
              [
                121.28429412841797,
                13.786055564880371
              ],
              [
                121.53211975097656,
                13.97891902923584
              ]
            ]
          ],
          [
            [
              [
                123.83985900878906,
                24.264904022216797
              ],
              [
                123.69050598144531,
                24.264904022216797
              ],
              [
                123.72058868408203,
                24.393482208251953
              ],
              [
                123.9598617553711,
                24.457773208618164
              ],
              [
                123.91453552246094,
                24.264904022216797
              ],
              [
                123.83985900878906,
                24.264904022216797
              ]
            ]
          ],
          [
            [
              [
                125.2173843383789,
                24.714935302734375
              ],
              [
                125.26499938964844,
                24.907808303833008
              ],
              [
                125.41455078125,
                24.907808303833008
              ],
              [
                125.45743560791016,
                24.779226303100586
              ],
              [
                125.4416275024414,
                24.714935302734375
              ],
              [
                125.2173843383789,
                24.714935302734375
              ]
            ]
          ],
          [
            [
              [
                127.68396759033203,
                26.386537551879883
              ],
              [
                127.87127685546875,
                26.515121459960938
              ],
              [
                127.92787170410156,
                26.70800018310547
              ],
              [
                128.17225646972656,
                26.772293090820312
              ],
              [
                128.1914520263672,
                26.836584091186523
              ],
              [
                128.41680908203125,
                26.836584091186523
              ],
              [
                128.37844848632812,
                26.70800018310547
              ],
              [
                127.90907287597656,
                26.386537551879883
              ],
              [
                127.81761169433594,
                26.06507110595703
              ],
              [
                127.6496810913086,
                26.000778198242188
              ],
              [
                127.68396759033203,
                26.386537551879883
              ]
            ]
          ],
          [
            [
              [
                179.0586395263672,
                51.580322265625
              ],
              [
                179.31309509277344,
                51.580322265625
              ],
              [
                179.1449432373047,
                51.37968063354492
              ],
              [
                178.97555541992188,
                51.37968063354492
              ],
              [
                179.05950927734375,
                51.44654083251953
              ],
              [
                178.80531311035156,
                51.44654083251953
              ],
              [
                178.88941955566406,
                51.51342010498047
              ],
              [
                178.63455200195312,
                51.580322265625
              ],
              [
                179.14337158203125,
                51.64724349975586
              ],
              [
                179.0586395263672,
                51.580322265625
              ]
            ]
          ],
          [
            [
              [
                179.56924438476562,
                51.84812545776367
              ],
              [
                179.40011596679688,
                51.91512680053711
              ],
              [
                179.5726318359375,
                52.0491943359375
              ],
              [
                179.82798767089844,
                52.0491943359375
              ],
              [
                179.65521240234375,
                51.91512680053711
              ],
              [
                179.56924438476562,
                51.84812545776367
              ]
            ]
          ],
          [
            [
              [
                177.5294189453125,
                51.91512680053711
              ],
              [
                177.1051025390625,
                51.78114318847656
              ],
              [
                177.35955810546875,
                52.0491943359375
              ],
              [
                177.7006072998047,
                52.11625671386719
              ],
              [
                177.61459350585938,
                51.98215103149414
              ],
              [
                177.5294189453125,
                51.91512680053711
              ]
            ]
          ],
          [
            [
              [
                173.52218627929688,
                52.51908493041992
              ],
              [
                173.77877807617188,
                52.4518928527832
              ],
              [
                173.4387969970703,
                52.31757736206055
              ],
              [
                173.5232696533203,
                52.38472366333008
              ],
              [
                173.35260009765625,
                52.38472366333008
              ],
              [
                173.437255859375,
                52.4518928527832
              ],
              [
                173.52218627929688,
                52.51908493041992
              ]
            ]
          ],
          [
            [
              [
                172.8373565673828,
                52.78806686401367
              ],
              [
                172.7517547607422,
                52.78806686401367
              ],
              [
                172.58055114746094,
                52.78806686401367
              ],
              [
                172.75204467773438,
                52.92268753051758
              ],
              [
                172.58065795898438,
                52.92268753051758
              ],
              [
                172.92547607421875,
                53.124786376953125
              ],
              [
                173.35264587402344,
                52.99003219604492
              ],
              [
                172.8373565673828,
                52.78806686401367
              ]
            ]
          ]
        ]
      }
    }
  ]
}
