{
  "type": "FeatureCollection",
  "features": [
    {
      "type": "Feature",
      "properties": {
        "Name": "Mongol Empire",
        "FromYear": 1279,
        "ToYear": 1284,
        "Area": 27426310.362268128,
        "Type": "POLITY",
        "Wikipedia": "Mongol Empire",
        "Wikidata": "Q12557",
        "SeshatID": "mn_mongol_emp",
        "Components": "",
        "MemberOf": "",
        "displayYear": 1279,
        "sourceYear": 1279,
        "mappedTerritoryId": "mongol_empire"
      },
      "geometry": {
        "type": "MultiPolygon",
        "coordinates": [
          [
            [
              [
                60.483184814453125,
                62.045867919921875
              ],
              [
                60.4476203918457,
                61.97461700439453
              ],
              [
                61.53120040893555,
                61.547950744628906
              ],
              [
                61.55211639404297,
                61.40604019165039
              ],
              [
                61.88568115234375,
                61.335140228271484
              ],
              [
                61.906368255615234,
                61.193458557128906
              ],
              [
                62.09071731567383,
                61.193458557128906
              ],
              [
                62.11129379272461,
                61.05192565917969
              ],
              [
                62.295387268066406,
                61.05192565917969
              ],
              [
                62.31585693359375,
                60.91054153442383
              ],
              [
                62.49970245361328,
                60.91054153442383
              ],
              [
                62.52006912231445,
                60.76930236816406
              ],
              [
                62.851375579833984,
                60.69873809814453
              ],
              [
                62.81559753417969,
                60.628211975097656
              ],
              [
                63.054752349853516,
                60.557716369628906
              ],
              [
                63.13059997558594,
                60.34645080566406
              ],
              [
                63.313453674316406,
                60.34645080566406
              ],
              [
                63.27773666381836,
                60.276100158691406
              ],
              [
                63.369102478027344,
                60.276100158691406
              ],
              [
                63.500343322753906,
                59.99503707885742
              ],
              [
                63.682586669921875,
                59.99503707885742
              ],
              [
                63.8689079284668,
                59.64447021484375
              ],
              [
                64.05055236816406,
                59.64447021484375
              ],
              [
                64.01509094238281,
                59.574459075927734
              ],
              [
                64.27163696289062,
                59.36461639404297
              ],
              [
                64.20112609863281,
                59.22488784790039
              ],
              [
                64.40204620361328,
                59.08528518676758
              ],
              [
                64.33196258544922,
                58.94581604003906
              ],
              [
                64.53260803222656,
                58.80647277832031
              ],
              [
                64.46294403076172,
                58.66725540161133
              ],
              [
                64.60814666748047,
                58.59769821166992
              ],
              [
                64.53883361816406,
                58.45867156982422
              ],
              [
                64.6838607788086,
                58.38920593261719
              ],
              [
                64.6358413696289,
                58.11164855957031
              ],
              [
                64.7806167602539,
                58.042335510253906
              ],
              [
                64.7122573852539,
                57.903804779052734
              ],
              [
                64.85686492919922,
                57.8345832824707
              ],
              [
                64.7888412475586,
                57.696231842041016
              ],
              [
                64.93328857421875,
                57.62710189819336
              ],
              [
                64.86561584472656,
                57.488929748535156
              ],
              [
                65.06512451171875,
                57.35087585449219
              ],
              [
                64.99786376953125,
                57.21294021606445
              ],
              [
                65.1084213256836,
                57.07511901855469
              ],
              [
                65.2858657836914,
                57.07511901855469
              ],
              [
                65.21891784667969,
                56.937416076660156
              ],
              [
                65.68338012695312,
                56.799827575683594
              ],
              [
                65.8482894897461,
                56.59365463256836
              ],
              [
                66.05853271484375,
                56.662349700927734
              ],
              [
                66.07981872558594,
                56.524986267089844
              ],
              [
                66.840576171875,
                56.45634460449219
              ],
              [
                66.86121368408203,
                56.319149017333984
              ],
              [
                67.15953826904297,
                56.387733459472656
              ],
              [
                67.12562561035156,
                56.319149017333984
              ],
              [
                67.7964859008789,
                56.25059127807617
              ],
              [
                67.76234436035156,
                56.182064056396484
              ],
              [
                68.7840576171875,
                56.11355972290039
              ],
              [
                68.7494888305664,
                56.04508590698242
              ],
              [
                70.12104034423828,
                55.97663879394531
              ],
              [
                70.08583068847656,
                55.90821838378906
              ],
              [
                70.5604248046875,
                55.97663879394531
              ],
              [
                70.48959350585938,
                55.83982467651367
              ],
              [
                74.80274963378906,
                55.70311737060547
              ],
              [
                74.76512145996094,
                55.63479995727539
              ],
              [
                76.86802673339844,
                55.63479995727539
              ],
              [
                79.5239028930664,
                55.97663879394531
              ],
              [
                81.84170532226562,
                56.45634460449219
              ],
              [
                81.9275131225586,
                56.59365463256836
              ],
              [
                82.23772430419922,
                56.524986267089844
              ],
              [
                82.85459899902344,
                56.662349700927734
              ],
              [
                83.20771026611328,
                56.799827575683594
              ],
              [
                83.29611206054688,
                56.937416076660156
              ],
              [
                83.51753234863281,
                56.86860656738281
              ],
              [
                85.56720733642578,
                57.41988754272461
              ],
              [
                87.09197235107422,
                57.696231842041016
              ],
              [
                87.62725067138672,
                57.696231842041016
              ],
              [
                88.39768981933594,
                57.903804779052734
              ],
              [
                88.7061996459961,
                57.8345832824707
              ],
              [
                89.51982879638672,
                57.97305679321289
              ],
              [
                90.68247985839844,
                57.97305679321289
              ],
              [
                93.8438949584961,
                58.2503662109375
              ],
              [
                96.178466796875,
                58.59769821166992
              ],
              [
                98.4635009765625,
                59.08528518676758
              ],
              [
                100.77677154541016,
                59.36461639404297
              ],
              [
                102.83013153076172,
                59.434532165527344
              ],
              [
                109.38520812988281,
                60.628211975097656
              ],
              [
                109.77144622802734,
                60.83990478515625
              ],
              [
                109.97901916503906,
                60.76930236816406
              ],
              [
                112.1412124633789,
                61.193458557128906
              ],
              [
                114.54966735839844,
                61.47697448730469
              ],
              [
                117.39707946777344,
                61.547950744628906
              ],
              [
                117.32254028320312,
                61.47697448730469
              ],
              [
                125.78296661376953,
                61.193458557128906
              ],
              [
                125.70343780517578,
                61.12267303466797
              ],
              [
                139.1587677001953,
                60.9812126159668
              ],
              [
                139.0706024169922,
                60.91054153442383
              ],
              [
                139.8979034423828,
                60.91054153442383
              ],
              [
                139.80941772460938,
                60.83990478515625
              ],
              [
                140.18359375,
                60.69873809814453
              ],
              [
                140.09547424316406,
                60.628211975097656
              ],
              [
                140.19082641601562,
                60.557716369628906
              ],
              [
                139.1715545654297,
                59.504478454589844
              ],
              [
                139.26844787597656,
                59.434532165527344
              ],
              [
                138.6083221435547,
                58.80647277832031
              ],
              [
                138.6984405517578,
                58.80647277832031
              ],
              [
                137.44993591308594,
                57.41988754272461
              ],
              [
                137.53892517089844,
                57.41988754272461
              ],
              [
                135.18763732910156,
                55.021148681640625
              ],
              [
                135.27481079101562,
                55.021148681640625
              ],
              [
                135.23583984375,
                54.817054748535156
              ],
              [
                135.6869659423828,
                54.74907684326172
              ],
              [
                135.6161651611328,
                54.681121826171875
              ],
              [
                136.9199981689453,
                54.681121826171875
              ],
              [
                136.84866333007812,
                54.613189697265625
              ],
              [
                136.95118713378906,
                54.545284271240234
              ],
              [
                136.809326171875,
                54.4095458984375
              ],
              [
                136.9120635986328,
                54.341712951660156
              ],
              [
                136.6818084716797,
                53.86756134033203
              ],
              [
                137.0271759033203,
                53.86756134033203
              ],
              [
                137.2366485595703,
                54.07062530517578
              ],
              [
                137.85813903808594,
                54.00291442871094
              ],
              [
                137.2677001953125,
                53.597137451171875
              ],
              [
                138.09605407714844,
                53.732303619384766
              ],
              [
                138.37677001953125,
                54.00291442871094
              ],
              [
                138.6204376220703,
                54.07062530517578
              ],
              [
                138.51837158203125,
                54.138362884521484
              ],
              [
                138.73233032226562,
                54.341712951660156
              ],
              [
                140.0325164794922,
                54.341712951660156
              ],
              [
                139.96026611328125,
                54.27390670776367
              ],
              [
                140.13352966308594,
                54.27390670776367
              ],
              [
                140.07598876953125,
                54.138362884521484
              ],
              [
                140.2490692138672,
                54.138362884521484
              ],
              [
                140.20689392089844,
                53.93522644042969
              ],
              [
                140.58224487304688,
                53.799922943115234
              ],
              [
                140.5110626220703,
                53.732303619384766
              ],
              [
                140.76980590820312,
                53.732303619384766
              ],
              [
                140.69869995117188,
                53.664710998535156
              ],
              [
                140.87110900878906,
                53.664710998535156
              ],
              [
                140.80010986328125,
                53.597137451171875
              ],
              [
                140.98765563964844,
                53.52959060668945
              ],
              [
                140.91696166992188,
                53.462066650390625
              ],
              [
                141.46395874023438,
                53.32708740234375
              ],
              [
                141.1139678955078,
                52.99003219604492
              ],
              [
                141.3017120361328,
                52.92268753051758
              ],
              [
                141.23243713378906,
                52.85536575317383
              ],
              [
                141.3512420654297,
                52.720787048339844
              ],
              [
                141.1456756591797,
                52.51908493041992
              ],
              [
                141.23109436035156,
                52.51908493041992
              ],
              [
                141.19793701171875,
                52.31757736206055
              ],
              [
                141.55662536621094,
                52.250450134277344
              ],
              [
                141.3546142578125,
                52.0491943359375
              ],
              [
                141.45787048339844,
                51.98215103149414
              ],
              [
                140.95657348632812,
                51.64724349975586
              ],
              [
                140.82566833496094,
                51.51342010498047
              ],
              [
                140.93002319335938,
                51.44654083251953
              ],
              [
                140.65115356445312,
                51.24601745605469
              ],
              [
                140.77642822265625,
                51.112430572509766
              ],
              [
                140.48045349121094,
                50.71213912963867
              ],
              [
                140.56472778320312,
                50.71213912963867
              ],
              [
                140.4396209716797,
                50.578861236572266
              ],
              [
                140.54571533203125,
                50.51224899291992
              ],
              [
                140.42181396484375,
                50.37908172607422
              ],
              [
                140.50588989257812,
                50.37908172607422
              ],
              [
                140.48951721191406,
                50.17946243286133
              ],
              [
                140.74139404296875,
                50.17946243286133
              ],
              [
                140.43783569335938,
                49.84712600708008
              ],
              [
                140.5929718017578,
                49.64793395996094
              ],
              [
                140.38092041015625,
                49.316287994384766
              ],
              [
                140.46437072753906,
                49.316287994384766
              ],
              [
                140.2825469970703,
                48.91886520385742
              ],
              [
                140.36578369140625,
                48.91886520385742
              ],
              [
                140.19395446777344,
                48.72037124633789
              ],
              [
                140.27706909179688,
                48.72037124633789
              ],
              [
                140.16339111328125,
                48.5881233215332
              ],
              [
                140.24642944335938,
                48.5881233215332
              ],
              [
                140.02110290527344,
                48.323814392089844
              ],
              [
                139.35755920410156,
                47.92780685424805
              ],
              [
                138.8994903564453,
                47.26897048950195
              ],
              [
                138.62857055664062,
                47.13737487792969
              ],
              [
                138.41775512695312,
                46.87434005737305
              ],
              [
                138.49989318847656,
                46.87434005737305
              ],
              [
                138.34307861328125,
                46.677207946777344
              ],
              [
                138.42510986328125,
                46.677207946777344
              ],
              [
                137.8590850830078,
                45.95537567138672
              ],
              [
                136.71914672851562,
                45.10417556762695
              ],
              [
                136.1484375,
                44.45067596435547
              ],
              [
                135.986572265625,
                44.45067596435547
              ],
              [
                135.1095733642578,
                43.472347259521484
              ],
              [
                134.22183227539062,
                43.016544342041016
              ],
              [
                133.2723388671875,
                42.691246032714844
              ],
              [
                132.95187377929688,
                42.691246032714844
              ],
              [
                132.99696350097656,
                42.75628662109375
              ],
              [
                132.5611114501953,
                42.82133865356445
              ],
              [
                132.60623168945312,
                42.88639831542969
              ],
              [
                132.20521545410156,
                42.88639831542969
              ],
              [
                132.27102661132812,
                43.211830139160156
              ],
              [
                132.0999298095703,
                43.08163070678711
              ],
              [
                131.77874755859375,
                43.08163070678711
              ],
              [
                131.9146728515625,
                43.276947021484375
              ],
              [
                131.75390625,
                43.276947021484375
              ],
              [
                131.22511291503906,
                42.62621307373047
              ],
              [
                130.90475463867188,
                42.62621307373047
              ],
              [
                130.60537719726562,
                42.30118942260742
              ],
              [
                130.32212829589844,
                42.236209869384766
              ],
              [
                129.7823486328125,
                41.781593322753906
              ],
              [
                129.69317626953125,
                41.521995544433594
              ],
              [
                129.8822021484375,
                41.19768524169922
              ],
              [
                129.75584411621094,
                40.873565673828125
              ],
              [
                129.23776245117188,
                40.6791877746582
              ],
              [
                129.0777130126953,
                40.42012023925781
              ],
              [
                128.6822052001953,
                40.29063034057617
              ],
              [
                128.3679962158203,
                40.031734466552734
              ],
              [
                127.9345932006836,
                39.9670295715332
              ],
              [
                127.58325958251953,
                39.77294921875
              ],
              [
                127.665283203125,
                39.64360046386719
              ],
              [
                127.48323059082031,
                39.19107437133789
              ],
              [
                127.79782104492188,
                39.19107437133789
              ],
              [
                127.92344665527344,
                38.997230529785156
              ],
              [
                128.36380004882812,
                38.80344009399414
              ],
              [
                128.83999633789062,
                37.96426773071289
              ],
              [
                129.10020446777344,
                37.5772590637207
              ],
              [
                129.2563018798828,
                37.5772590637207
              ],
              [
                129.4748077392578,
                37.254878997802734
              ],
              [
                129.40687561035156,
                37.12596130371094
              ],
              [
                129.52882385253906,
                37.06150817871094
              ],
              [
                129.39639282226562,
                36.3527946472168
              ],
              [
                129.47402954101562,
                36.3527946472168
              ],
              [
                129.42141723632812,
                36.09519577026367
              ],
              [
                129.57652282714844,
                36.09519577026367
              ],
              [
                129.6669158935547,
                35.9664192199707
              ],
              [
                129.5386505126953,
                35.708900451660156
              ],
              [
                129.61607360839844,
                35.708900451660156
              ],
              [
                129.14712524414062,
                35.065311431884766
              ],
              [
                128.52938842773438,
                35.065311431884766
              ],
              [
                128.5451202392578,
                34.93662643432617
              ],
              [
                128.80740356445312,
                35.00096893310547
              ],
              [
                128.6848602294922,
                34.743614196777344
              ],
              [
                128.32968139648438,
                34.80794906616211
              ],
              [
                128.31358337402344,
                34.93662643432617
              ],
              [
                128.08206176757812,
                34.93662643432617
              ],
              [
                128.0679168701172,
                34.743614196777344
              ],
              [
                127.75946044921875,
                34.743614196777344
              ],
              [
                127.37831115722656,
                34.42197799682617
              ],
              [
                127.22427368164062,
                34.42197799682617
              ],
              [
                127.12974548339844,
                34.55062484741211
              ],
              [
                127.29676055908203,
                34.743614196777344
              ],
              [
                127.21964263916016,
                34.743614196777344
              ],
              [
                127.02291107177734,
                34.48630142211914
              ],
              [
                126.62617492675781,
                34.2933349609375
              ],
              [
                126.42462921142578,
                34.3576545715332
              ],
              [
                126.48365783691406,
                34.48630142211914
              ],
              [
                126.3476333618164,
                34.3576545715332
              ],
              [
                126.11663818359375,
                34.3576545715332
              ],
              [
                126.4784164428711,
                34.80794906616211
              ],
              [
                126.1998062133789,
                34.87228775024414
              ],
              [
                126.38115692138672,
                35.258358001708984
              ],
              [
                126.30387878417969,
                35.258358001708984
              ],
              [
                126.51919555664062,
                35.708900451660156
              ],
              [
                126.76777648925781,
                35.902034759521484
              ],
              [
                126.61280822753906,
                35.902034759521484
              ],
              [
                126.67567443847656,
                36.03080368041992
              ],
              [
                126.52062225341797,
                36.03080368041992
              ],
              [
                126.42864227294922,
                36.15959167480469
              ],
              [
                126.45157623291016,
                36.67487716674805
              ],
              [
                126.26383972167969,
                36.61045455932617
              ],
              [
                126.04977416992188,
                36.80373764038086
              ],
              [
                126.30320739746094,
                36.9970588684082
              ],
              [
                126.64752197265625,
                37.06150817871094
              ],
              [
                126.7022933959961,
                37.3193473815918
              ],
              [
                126.53524017333984,
                37.44829177856445
              ],
              [
                126.6025161743164,
                37.5772590637207
              ],
              [
                126.24594116210938,
                37.641746520996094
              ],
              [
                126.34768676757812,
                37.835243225097656
              ],
              [
                125.84493255615234,
                37.7707405090332
              ],
              [
                125.83466339111328,
                37.89975357055664
              ],
              [
                125.6783218383789,
                37.89975357055664
              ],
              [
                125.38711547851562,
                37.641746520996094
              ],
              [
                125.23096466064453,
                37.641746520996094
              ],
              [
                125.29808044433594,
                37.7707405090332
              ],
              [
                125.20932006835938,
                37.89975357055664
              ],
              [
                124.89665222167969,
                37.89975357055664
              ],
              [
                125.07669067382812,
                38.09331130981445
              ],
              [
                124.76374053955078,
                38.09331130981445
              ],
              [
                124.86637115478516,
                38.28691864013672
              ],
              [
                124.7880630493164,
                38.28691864013672
              ],
              [
                124.96138000488281,
                38.60969924926758
              ],
              [
                125.15330505371094,
                38.67427444458008
              ],
              [
                125.18850708007812,
                38.738853454589844
              ],
              [
                125.03155517578125,
                38.738853454589844
              ],
              [
                125.39002990722656,
                39.38497543334961
              ],
              [
                125.30574798583984,
                39.51427459716797
              ],
              [
                124.86974334716797,
                39.57893371582031
              ],
              [
                124.86456298828125,
                39.70827102661133
              ],
              [
                124.51239776611328,
                39.64360046386719
              ],
              [
                124.3446044921875,
                39.90232849121094
              ],
              [
                124.03396606445312,
                39.77294921875
              ],
              [
                123.32411193847656,
                39.77294921875
              ],
              [
                122.51297760009766,
                39.449623107910156
              ],
              [
                122.17044830322266,
                39.25570297241211
              ],
              [
                122.0653076171875,
                39.06184005737305
              ],
              [
                121.71622467041016,
                38.997230529785156
              ],
              [
                121.42170715332031,
                38.738853454589844
              ],
              [
                121.02933502197266,
                38.738853454589844
              ],
              [
                121.20073699951172,
                39.06184005737305
              ],
              [
                121.51512908935547,
                39.06184005737305
              ],
              [
                121.69013214111328,
                39.38497543334961
              ],
              [
                121.2965316772461,
                39.38497543334961
              ],
              [
                121.20963287353516,
                39.51427459716797
              ],
              [
                121.28069305419922,
                39.64360046386719
              ],
              [
                121.43833923339844,
                39.64360046386719
              ],
              [
                121.50332641601562,
                39.90232849121094
              ],
              [
                121.7764663696289,
                39.9670295715332
              ],
              [
                122.23056030273438,
                40.4848747253418
              ],
              [
                122.10609436035156,
                40.6791877746582
              ],
              [
                121.82695770263672,
                40.74397277832031
              ],
              [
                121.82366180419922,
                40.873565673828125
              ],
              [
                121.1097640991211,
                40.873565673828125
              ],
              [
                120.9967269897461,
                40.6791877746582
              ],
              [
                120.64734649658203,
                40.4848747253418
              ],
              [
                120.50029754638672,
                40.225894927978516
              ],
              [
                119.38044738769531,
                39.77294921875
              ],
              [
                119.21530151367188,
                39.320335388183594
              ],
              [
                118.98941802978516,
                39.19107437133789
              ],
              [
                118.44984436035156,
                39.06184005737305
              ],
              [
                118.0568618774414,
                39.06184005737305
              ],
              [
                118.04566192626953,
                39.19107437133789
              ],
              [
                117.77603912353516,
                39.1264533996582
              ],
              [
                117.57643127441406,
                38.738853454589844
              ],
              [
                117.6549072265625,
                38.738853454589844
              ],
              [
                117.60245513916016,
                38.48057174682617
              ],
              [
                117.75920867919922,
                38.48057174682617
              ],
              [
                117.77266693115234,
                38.351463317871094
              ],
              [
                118.05360412597656,
                38.28691864013672
              ],
              [
                118.06742095947266,
                38.157840728759766
              ],
              [
                118.58300018310547,
                38.09331130981445
              ],
              [
                118.64759826660156,
                38.22237777709961
              ],
              [
                118.80416870117188,
                38.22237777709961
              ],
              [
                118.77176666259766,
                38.157840728759766
              ],
              [
                119.4571304321289,
                37.96426773071289
              ],
              [
                119.3928451538086,
                37.835243225097656
              ],
              [
                119.23655700683594,
                37.835243225097656
              ],
              [
                118.98403930664062,
                37.3193473815918
              ],
              [
                119.13996124267578,
                37.3193473815918
              ],
              [
                119.15568542480469,
                37.1904182434082
              ],
              [
                119.70111083984375,
                37.1904182434082
              ],
              [
                119.82661437988281,
                37.44829177856445
              ],
              [
                120.20220184326172,
                37.5772590637207
              ],
              [
                120.18807220458984,
                37.706241607666016
              ],
              [
                120.75377655029297,
                37.89975357055664
              ],
              [
                121.11202239990234,
                37.835243225097656
              ],
              [
                121.17103576660156,
                37.641746520996094
              ],
              [
                121.48333740234375,
                37.641746520996094
              ],
              [
                121.49687957763672,
                37.51277160644531
              ],
              [
                122.15351867675781,
                37.5772590637207
              ],
              [
                122.1211166381836,
                37.51277160644531
              ],
              [
                122.71288299560547,
                37.44829177856445
              ],
              [
                122.47421264648438,
                37.12596130371094
              ],
              [
                122.56636810302734,
                36.9970588684082
              ],
              [
                122.39389038085938,
                36.80373764038086
              ],
              [
                121.91207885742188,
                36.932613372802734
              ],
              [
                121.21208190917969,
                36.61045455932617
              ],
              [
                120.97892761230469,
                36.61045455932617
              ],
              [
                120.96481323242188,
                36.417205810546875
              ],
              [
                120.73184967041016,
                36.417205810546875
              ],
              [
                120.65852355957031,
                36.09519577026367
              ],
              [
                120.31848907470703,
                36.03080368041992
              ],
              [
                119.98648071289062,
                35.644527435302734
              ],
              [
                119.61874389648438,
                35.51579284667969
              ],
              [
                119.22760772705078,
                34.80794906616211
              ],
              [
                119.45901489257812,
                34.80794906616211
              ],
              [
                119.43090057373047,
                34.743614196777344
              ],
              [
                119.71125030517578,
                34.679283142089844
              ],
              [
                119.73230743408203,
                34.55062484741211
              ],
              [
                120.3418197631836,
                34.3576545715332
              ],
              [
                120.48936462402344,
                34.164703369140625
              ],
              [
                120.55045318603516,
                33.5859489440918
              ],
              [
                120.92630004882812,
                33.20018768310547
              ],
              [
                120.91920471191406,
                32.62162780761719
              ],
              [
                121.40264892578125,
                32.493072509765625
              ],
              [
                121.50330352783203,
                32.171695709228516
              ],
              [
                121.9613265991211,
                31.978878021240234
              ],
              [
                121.93677520751953,
                31.7217960357666
              ],
              [
                121.83556365966797,
                31.65752601623535
              ],
              [
                121.96309661865234,
                31.593257904052734
              ],
              [
                121.91353607177734,
                31.464719772338867
              ],
              [
                121.58425903320312,
                31.40045166015625
              ],
              [
                121.73657989501953,
                31.40045166015625
              ],
              [
                121.99526977539062,
                31.079113006591797
              ],
              [
                121.89926147460938,
                30.822044372558594
              ],
              [
                121.51921844482422,
                30.822044372558594
              ],
              [
                121.19719696044922,
                30.564971923828125
              ],
              [
                121.04530334472656,
                30.564971923828125
              ],
              [
                120.67976379394531,
                30.179353713989258
              ],
              [
                120.80880737304688,
                30.115081787109375
              ],
              [
                121.10469055175781,
                30.307893753051758
              ],
              [
                121.48409271240234,
                30.307893753051758
              ],
              [
                121.6202392578125,
                30.050809860229492
              ],
              [
                122.02978515625,
                29.922264099121094
              ],
              [
                121.864501953125,
                29.665164947509766
              ],
              [
                122.01595306396484,
                29.665164947509766
              ],
              [
                121.93843078613281,
                29.21521759033203
              ],
              [
                121.71156311035156,
                29.21521759033203
              ],
              [
                121.74463653564453,
                29.536611557006836
              ],
              [
                121.57134246826172,
                29.472333908081055
              ],
              [
                121.64702606201172,
                29.472333908081055
              ],
              [
                121.53888702392578,
                29.150936126708984
              ],
              [
                121.74431610107422,
                29.08665657043457
              ],
              [
                121.7143325805664,
                28.765243530273438
              ],
              [
                121.52177429199219,
                28.636676788330078
              ],
              [
                121.65211486816406,
                28.572391510009766
              ],
              [
                121.64590454101562,
                28.315250396728516
              ],
              [
                121.15326690673828,
                28.186676025390625
              ],
              [
                121.1933822631836,
                28.315250396728516
              ],
              [
                121.11795806884766,
                28.315250396728516
              ],
              [
                121.03816223144531,
                28.058101654052734
              ],
              [
                120.86773681640625,
                27.993812561035156
              ],
              [
                120.71461486816406,
                27.736658096313477
              ],
              [
                120.65725708007812,
                27.54378890991211
              ],
              [
                120.73251342773438,
                27.54378890991211
              ],
              [
                120.54503631591797,
                27.158044815063477
              ],
              [
                120.39466857910156,
                27.158044815063477
              ],
              [
                120.24666595458984,
                26.900876998901367
              ],
              [
                120.09639739990234,
                26.900876998901367
              ],
              [
                120.06058502197266,
                26.772293090820312
              ],
              [
                120.21080017089844,
                26.772293090820312
              ],
              [
                120.1576919555664,
                26.57941436767578
              ],
              [
                119.83992767333984,
                26.515121459960938
              ],
              [
                119.93810272216797,
                26.32224464416504
              ],
              [
                119.5870132446289,
                26.129364013671875
              ],
              [
                119.77836608886719,
                26.000778198242188
              ],
              [
                119.52989959716797,
                25.615020751953125
              ],
              [
                119.90438079833984,
                25.615020751953125
              ],
              [
                119.87213897705078,
                25.48643684387207
              ],
              [
                119.46599578857422,
                25.357851028442383
              ],
              [
                119.42289733886719,
                25.48643684387207
              ],
              [
                119.27314758300781,
                25.48643684387207
              ],
              [
                119.39114379882812,
                25.357851028442383
              ],
              [
                119.34419250488281,
                25.164974212646484
              ],
              [
                119.02947998046875,
                25.100683212280273
              ],
              [
                119.07367706298828,
                24.97209930419922
              ],
              [
                118.8191146850586,
                24.843517303466797
              ],
              [
                118.75972747802734,
                24.586353302001953
              ],
              [
                118.14736938476562,
                24.522062301635742
              ],
              [
                118.07573699951172,
                24.200613021850586
              ],
              [
                117.72126770019531,
                23.943456649780273
              ],
              [
                117.69377136230469,
                23.814878463745117
              ],
              [
                117.46995544433594,
                23.814878463745117
              ],
              [
                117.1788330078125,
                23.493436813354492
              ],
              [
                116.8938980102539,
                23.557723999023438
              ],
              [
                116.7796401977539,
                23.36486053466797
              ],
              [
                116.81497955322266,
                23.171995162963867
              ],
              [
                116.59144592285156,
                23.171995162963867
              ],
              [
                116.54004669189453,
                22.914846420288086
              ],
              [
                115.69562530517578,
                22.786272048950195
              ],
              [
                115.67061614990234,
                22.657697677612305
              ],
              [
                115.37285614013672,
                22.657697677612305
              ],
              [
                115.17442321777344,
                22.786272048950195
              ],
              [
                114.90156555175781,
                22.529123306274414
              ],
              [
                114.75272369384766,
                22.529123306274414
              ],
              [
                114.64081573486328,
                22.72198486328125
              ],
              [
                114.53111267089844,
                22.143402099609375
              ],
              [
                114.37039184570312,
                22.079116821289062
              ],
              [
                113.99858856201172,
                22.079116821289062
              ],
              [
                113.99634552001953,
                22.46483612060547
              ],
              [
                113.78524017333984,
                22.529123306274414
              ],
              [
                113.7474365234375,
                22.72198486328125
              ],
              [
                113.59854125976562,
                22.72198486328125
              ],
              [
                113.69869995117188,
                22.46483612060547
              ],
              [
                113.63867950439453,
                22.143402099609375
              ],
              [
                113.41557312011719,
                22.143402099609375
              ],
              [
                113.31752014160156,
                22.014829635620117
              ],
              [
                113.10626220703125,
                22.079116821289062
              ],
              [
                113.07096862792969,
                21.88625717163086
              ],
              [
                112.77362823486328,
                21.88625717163086
              ],
              [
                112.44146728515625,
                21.693397521972656
              ],
              [
                111.85850524902344,
                21.7576847076416
              ],
              [
                111.6640625,
                21.500539779663086
              ],
              [
                110.98419189453125,
                21.43625259399414
              ],
              [
                110.73885345458984,
                21.307680130004883
              ],
              [
                110.71642303466797,
                21.179107666015625
              ],
              [
                110.41944885253906,
                21.179107666015625
              ],
              [
                110.48252868652344,
                21.114822387695312
              ],
              [
                110.36384582519531,
                20.857677459716797
              ],
              [
                110.61627197265625,
                20.60053253173828
              ],
              [
                110.48687744140625,
                20.279102325439453
              ],
              [
                109.88289642333984,
                20.214815139770508
              ],
              [
                109.9267807006836,
                20.471960067749023
              ],
              [
                109.7894515991211,
                20.53624725341797
              ],
              [
                109.7702407836914,
                20.857677459716797
              ],
              [
                109.69603729248047,
                20.857677459716797
              ],
              [
                109.87005615234375,
                21.43625259399414
              ],
              [
                109.80696105957031,
                21.500539779663086
              ],
              [
                109.11621856689453,
                21.371967315673828
              ],
              [
                109.08638000488281,
                21.629112243652344
              ],
              [
                108.65169525146484,
                21.693397521972656
              ],
              [
                108.55519104003906,
                21.5648250579834
              ],
              [
                108.17271423339844,
                21.500539779663086
              ],
              [
                108.09842681884766,
                21.500539779663086
              ],
              [
                107.97187042236328,
                21.629112243652344
              ],
              [
                107.58939361572266,
                21.5648250579834
              ],
              [
                107.4627456665039,
                21.693397521972656
              ],
              [
                107.23982238769531,
                21.693397521972656
              ],
              [
                106.71125030517578,
                22.079116821289062
              ],
              [
                106.60701751708984,
                22.33626365661621
              ],
              [
                106.77223205566406,
                22.85055923461914
              ],
              [
                106.70928955078125,
                22.914846420288086
              ],
              [
                106.32543182373047,
                22.85055923461914
              ],
              [
                106.19947814941406,
                22.97913360595703
              ],
              [
                105.75257110595703,
                22.97913360595703
              ],
              [
                105.43790435791016,
                23.30057144165039
              ],
              [
                105.21431732177734,
                23.30057144165039
              ],
              [
                104.95609283447266,
                23.107707977294922
              ],
              [
                104.83610534667969,
                22.85055923461914
              ],
              [
                104.51583099365234,
                22.72198486328125
              ],
              [
                104.15472412109375,
                22.786272048950195
              ],
              [
                104.0359878540039,
                22.529123306274414
              ],
              [
                103.88714599609375,
                22.529123306274414
              ],
              [
                103.77134704589844,
                22.72198486328125
              ],
              [
                103.52598571777344,
                22.59341049194336
              ],
              [
                103.45155334472656,
                22.59341049194336
              ],
              [
                103.32465362548828,
                22.72198486328125
              ],
              [
                103.1320571899414,
                22.46483612060547
              ],
              [
                102.98323059082031,
                22.46483612060547
              ],
              [
                102.72906494140625,
                22.72198486328125
              ],
              [
                102.58016967773438,
                22.72198486328125
              ],
              [
                102.22837829589844,
                22.400548934936523
              ],
              [
                101.71820831298828,
                22.46483612060547
              ],
              [
                101.65472412109375,
                22.079116821289062
              ],
              [
                101.8895492553711,
                21.693397521972656
              ],
              [
                101.87141418457031,
                21.114822387695312
              ],
              [
                101.28767395019531,
                21.179107666015625
              ],
              [
                101.1259536743164,
                21.5648250579834
              ],
              [
                101.15673828125,
                21.7576847076416
              ],
              [
                100.6598892211914,
                21.43625259399414
              ],
              [
                100.2142333984375,
                21.43625259399414
              ],
              [
                100.17028045654297,
                21.629112243652344
              ],
              [
                99.96765899658203,
                21.7576847076416
              ],
              [
                100.00850677490234,
                22.014829635620117
              ],
              [
                99.27518463134766,
                22.079116821289062
              ],
              [
                99.25221252441406,
                22.400548934936523
              ],
              [
                99.32661437988281,
                22.400548934936523
              ],
              [
                99.40005493164062,
                22.85055923461914
              ],
              [
                99.57035827636719,
                22.97913360595703
              ],
              [
                99.07037353515625,
                23.107707977294922
              ],
              [
                98.82649230957031,
                23.429147720336914
              ],
              [
                98.80723571777344,
                23.75058937072754
              ],
              [
                98.66924285888672,
                23.814878463745117
              ],
              [
                98.96159362792969,
                24.200613021850586
              ],
              [
                99.08069610595703,
                25.229267120361328
              ],
              [
                99.005859375,
                25.229267120361328
              ],
              [
                99.0441665649414,
                25.422143936157227
              ],
              [
                98.87154388427734,
                25.67931365966797
              ],
              [
                98.89795684814453,
                25.807899475097656
              ],
              [
                98.6248550415039,
                25.936485290527344
              ],
              [
                98.77647399902344,
                26.643707275390625
              ],
              [
                98.7013931274414,
                26.643707275390625
              ],
              [
                98.68128204345703,
                27.54378890991211
              ],
              [
                98.44129943847656,
                27.800947189331055
              ],
              [
                98.20002746582031,
                27.736658096313477
              ],
              [
                98.17091369628906,
                27.92952537536621
              ],
              [
                97.61473083496094,
                28.12238883972168
              ],
              [
                97.57071685791016,
                28.25096321105957
              ],
              [
                97.26908874511719,
                28.25096321105957
              ],
              [
                96.86382293701172,
                28.44382095336914
              ],
              [
                96.3954086303711,
                28.379535675048828
              ],
              [
                96.38323211669922,
                28.636676788330078
              ],
              [
                96.18873596191406,
                28.765243530273438
              ],
              [
                95.58457946777344,
                28.765243530273438
              ],
              [
                94.93324279785156,
                28.572391510009766
              ],
              [
                94.38845825195312,
                28.186676025390625
              ],
              [
                93.560546875,
                27.865236282348633
              ],
              [
                93.2015380859375,
                27.608078002929688
              ],
              [
                92.2701416015625,
                27.4794979095459
              ],
              [
                92.09185028076172,
                27.35091781616211
              ],
              [
                91.72953796386719,
                27.41520881652832
              ],
              [
                91.60681915283203,
                27.54378890991211
              ],
              [
                91.63074493408203,
                27.993812561035156
              ],
              [
                91.19298553466797,
                28.058101654052734
              ],
              [
                90.93831634521484,
                27.92952537536621
              ],
              [
                90.81615447998047,
                28.058101654052734
              ],
              [
                90.36395263671875,
                28.058101654052734
              ],
              [
                90.33158874511719,
                28.25096321105957
              ],
              [
                90.19522094726562,
                28.315250396728516
              ],
              [
                89.96895599365234,
                28.315250396728516
              ],
              [
                89.62443542480469,
                28.12238883972168
              ],
              [
                88.8706283569336,
                28.12238883972168
              ],
              [
                88.84268188476562,
                27.993812561035156
              ],
              [
                88.5551528930664,
                28.058101654052734
              ],
              [
                88.21238708496094,
                27.865236282348633
              ],
              [
                87.74687194824219,
                27.800947189331055
              ],
              [
                87.37030792236328,
                27.800947189331055
              ],
              [
                86.82172393798828,
                28.058101654052734
              ],
              [
                86.34259796142578,
                27.92952537536621
              ],
              [
                86.2323226928711,
                28.12238883972168
              ],
              [
                85.96589660644531,
                27.92952537536621
              ],
              [
                85.745361328125,
                28.315250396728516
              ],
              [
                85.27928924560547,
                28.25096321105957
              ],
              [
                85.08013916015625,
                28.379535675048828
              ],
              [
                85.19670867919922,
                28.572391510009766
              ],
              [
                84.74384307861328,
                28.572391510009766
              ],
              [
                84.69590759277344,
                28.700960159301758
              ],
              [
                84.4076919555664,
                28.765243530273438
              ],
              [
                84.23683166503906,
                29.022375106811523
              ],
              [
                83.58460235595703,
                29.150936126708984
              ],
              [
                83.26295471191406,
                29.40805435180664
              ],
              [
                82.45887756347656,
                29.536611557006836
              ],
              [
                81.9858169555664,
                29.79371452331543
              ],
              [
                81.75855255126953,
                29.79371452331543
              ],
              [
                81.37571716308594,
                30.115081787109375
              ],
              [
                81.0723876953125,
                30.115081787109375
              ],
              [
                80.8416519165039,
                30.436433792114258
              ],
              [
                80.26356506347656,
                30.564971923828125
              ],
              [
                79.97239685058594,
                30.950578689575195
              ],
              [
                79.4549560546875,
                31.014846801757812
              ],
              [
                79.10343933105469,
                31.464719772338867
              ],
              [
                78.52423095703125,
                31.593257904052734
              ],
              [
                78.4480209350586,
                31.593257904052734
              ],
              [
                78.0361099243164,
                31.78606605529785
              ],
              [
                77.30365753173828,
                31.91460609436035
              ],
              [
                77.04389953613281,
                32.107421875
              ],
              [
                76.52459716796875,
                32.171695709228516
              ],
              [
                76.4021987915039,
                32.30024337768555
              ],
              [
                75.33260345458984,
                32.30024337768555
              ],
              [
                75.20977020263672,
                32.428794860839844
              ],
              [
                74.9040298461914,
                32.428794860839844
              ],
              [
                74.70465087890625,
                32.557350158691406
              ],
              [
                74.67338562011719,
                32.75019073486328
              ],
              [
                74.38238525390625,
                32.81447219848633
              ],
              [
                74.02940368652344,
                33.26447677612305
              ],
              [
                73.15493774414062,
                33.45735549926758
              ],
              [
                73.20095825195312,
                33.65024948120117
              ],
              [
                73.07823181152344,
                33.77885055541992
              ],
              [
                72.4175033569336,
                33.90746307373047
              ],
              [
                72.4638671875,
                34.10039138793945
              ],
              [
                72.1407699584961,
                34.03607940673828
              ],
              [
                71.52877807617188,
                33.393062591552734
              ],
              [
                71.4844970703125,
                33.20018768310547
              ],
              [
                71.59382629394531,
                33.00732421875
              ],
              [
                71.22974395751953,
                32.75019073486328
              ],
              [
                71.17280578613281,
                32.493072509765625
              ],
              [
                70.84602355957031,
                32.043148040771484
              ],
              [
                70.39486694335938,
                28.958093643188477
              ],
              [
                70.1657943725586,
                28.508106231689453
              ],
              [
                69.75604248046875,
                28.315250396728516
              ],
              [
                69.73467254638672,
                28.186676025390625
              ],
              [
                69.4979248046875,
                28.12238883972168
              ],
              [
                69.23017120361328,
                27.865236282348633
              ],
              [
                68.52191162109375,
                27.6723690032959
              ],
              [
                68.0865478515625,
                27.2866268157959
              ],
              [
                67.91712188720703,
                26.643707275390625
              ],
              [
                67.99220275878906,
                26.643707275390625
              ],
              [
                68.06137084960938,
                26.06507110595703
              ],
              [
                68.19380187988281,
                25.936485290527344
              ],
              [
                68.21728515625,
                25.55072784423828
              ],
              [
                67.76142883300781,
                24.907808303833008
              ],
              [
                67.53521728515625,
                24.264904022216797
              ],
              [
                67.36372375488281,
                24.07203483581543
              ],
              [
                67.28907775878906,
                24.07203483581543
              ],
              [
                67.32612609863281,
                24.393482208251953
              ],
              [
                67.25143432617188,
                24.393482208251953
              ],
              [
                67.2146987915039,
                24.714935302734375
              ],
              [
                66.63204956054688,
                24.843517303466797
              ],
              [
                66.67909240722656,
                25.229267120361328
              ],
              [
                66.34514617919922,
                25.55072784423828
              ],
              [
                66.02147674560547,
                25.357851028442383
              ],
              [
                64.8160629272461,
                25.29355812072754
              ],
              [
                64.80064392089844,
                25.164974212646484
              ],
              [
                64.2845230102539,
                25.229267120361328
              ],
              [
                64.22502136230469,
                25.357851028442383
              ],
              [
                63.62620544433594,
                25.357851028442383
              ],
              [
                63.536216735839844,
                25.229267120361328
              ],
              [
                62.563419342041016,
                25.229267120361328
              ],
              [
                62.47393035888672,
                25.100683212280273
              ],
              [
                62.18195724487305,
                25.164974212646484
              ],
              [
                62.01787185668945,
                25.03639030456543
              ],
              [
                61.71868133544922,
                25.03639030456543
              ],
              [
                61.65822219848633,
                25.164974212646484
              ],
              [
                61.12736892700195,
                25.100683212280273
              ],
              [
                60.91714859008789,
                25.229267120361328
              ],
              [
                60.617828369140625,
                25.229267120361328
              ],
              [
                60.63211441040039,
                25.357851028442383
              ],
              [
                59.060218811035156,
                25.357851028442383
              ],
              [
                58.78172302246094,
                25.55072784423828
              ],
              [
                57.957984924316406,
                25.55072784423828
              ],
              [
                57.7402229309082,
                25.615020751953125
              ],
              [
                57.67921447753906,
                25.743606567382812
              ],
              [
                57.37953567504883,
                25.743606567382812
              ],
              [
                57.11480712890625,
                26.06507110595703
              ],
              [
                57.05242156982422,
                26.836584091186523
              ],
              [
                56.714656829833984,
                27.158044815063477
              ],
              [
                56.188377380371094,
                27.158044815063477
              ],
              [
                56.098140716552734,
                27.029460906982422
              ],
              [
                56.32361602783203,
                27.029460906982422
              ],
              [
                56.30864334106445,
                26.900876998901367
              ],
              [
                56.06119155883789,
                26.70800018310547
              ],
              [
                55.60341262817383,
                26.643707275390625
              ],
              [
                55.439002990722656,
                26.515121459960938
              ],
              [
                55.28888702392578,
                26.515121459960938
              ],
              [
                55.31023025512695,
                26.70800018310547
              ],
              [
                55.542747497558594,
                26.772293090820312
              ],
              [
                55.242313385009766,
                26.772293090820312
              ],
              [
                54.83156204223633,
                26.450830459594727
              ],
              [
                54.463233947753906,
                26.515121459960938
              ],
              [
                54.25889205932617,
                26.70800018310547
              ],
              [
                53.65812301635742,
                26.70800018310547
              ],
              [
                53.46059036254883,
                26.96516990661621
              ],
              [
                52.736968994140625,
                27.222335815429688
              ],
              [
                52.478694915771484,
                27.608078002929688
              ],
              [
                52.04855728149414,
                27.800947189331055
              ],
              [
                51.5966796875,
                27.800947189331055
              ],
              [
                51.31684494018555,
                27.993812561035156
              ],
              [
                51.331298828125,
                28.12238883972168
              ],
              [
                51.06624984741211,
                28.44382095336914
              ],
              [
                51.028076171875,
                28.765243530273438
              ],
              [
                50.80903244018555,
                28.829526901245117
              ],
              [
                50.9150390625,
                29.08665657043457
              ],
              [
                50.620323181152344,
                29.150936126708984
              ],
              [
                50.65126037597656,
                29.40805435180664
              ],
              [
                50.23628234863281,
                29.729440689086914
              ],
              [
                50.0648078918457,
                30.179353713989258
              ],
              [
                49.585899353027344,
                29.986536026000977
              ],
              [
                48.942848205566406,
                30.307893753051758
              ],
              [
                48.987266540527344,
                30.050809860229492
              ],
              [
                48.903682708740234,
                29.986536026000977
              ],
              [
                48.14566421508789,
                29.986536026000977
              ],
              [
                48.069862365722656,
                29.986536026000977
              ],
              [
                47.570716857910156,
                29.600887298583984
              ],
              [
                47.45903015136719,
                29.279497146606445
              ],
              [
                47.383392333984375,
                29.279497146606445
              ],
              [
                47.10211944580078,
                29.472333908081055
              ],
              [
                46.868003845214844,
                29.40805435180664
              ],
              [
                46.74504852294922,
                29.665164947509766
              ],
              [
                46.58648681640625,
                29.600887298583984
              ],
              [
                46.53215789794922,
                29.79371452331543
              ],
              [
                46.09901428222656,
                29.986536026000977
              ],
              [
                45.55000686645508,
                30.500701904296875
              ],
              [
                45.39815139770508,
                30.500701904296875
              ],
              [
                44.79490280151367,
                31.20764923095703
              ],
              [
                44.63529586791992,
                31.143381118774414
              ],
              [
                44.657562255859375,
                31.336183547973633
              ],
              [
                44.44402313232422,
                31.464719772338867
              ],
              [
                44.459014892578125,
                31.593257904052734
              ],
              [
                43.152584075927734,
                32.81447219848633
              ],
              [
                42.708534240722656,
                32.94303894042969
              ],
              [
                42.578269958496094,
                33.13589859008789
              ],
              [
                42.064544677734375,
                33.32876968383789
              ],
              [
                41.86487579345703,
                33.5859489440918
              ],
              [
                41.426979064941406,
                33.77885055541992
              ],
              [
                41.04199981689453,
                34.42197799682617
              ],
              [
                40.96498489379883,
                34.42197799682617
              ],
              [
                40.7723274230957,
                34.743614196777344
              ],
              [
                40.54866027832031,
                34.80794906616211
              ],
              [
                40.51013946533203,
                35.12965774536133
              ],
              [
                40.35566711425781,
                35.12965774536133
              ],
              [
                40.37117385864258,
                35.258358001708984
              ],
              [
                39.88418197631836,
                35.708900451660156
              ],
              [
                39.13278579711914,
                35.902034759521484
              ],
              [
                38.13286590576172,
                35.9664192199707
              ],
              [
                38.09247970581055,
                36.28839111328125
              ],
              [
                38.2552375793457,
                36.3527946472168
              ],
              [
                38.378692626953125,
                36.73930740356445
              ],
              [
                38.16073989868164,
                36.8681755065918
              ],
              [
                38.176177978515625,
                36.9970588684082
              ],
              [
                37.95802688598633,
                37.12596130371094
              ],
              [
                38.09080505371094,
                37.5772590637207
              ],
              [
                37.87242889404297,
                37.706241607666016
              ],
              [
                37.177268981933594,
                37.7707405090332
              ],
              [
                36.1468620300293,
                37.641746520996094
              ],
              [
                36.012855529785156,
                37.835243225097656
              ],
              [
                35.614845275878906,
                37.7707405090332
              ],
              [
                35.39495086669922,
                37.89975357055664
              ],
              [
                35.060890197753906,
                37.706241607666016
              ],
              [
                34.87669372558594,
                37.44829177856445
              ],
              [
                34.56466293334961,
                37.44829177856445
              ],
              [
                34.30364990234375,
                37.1904182434082
              ],
              [
                33.433685302734375,
                37.06150817871094
              ],
              [
                33.09705352783203,
                36.80373764038086
              ],
              [
                32.86370086669922,
                36.80373764038086
              ],
              [
                32.845252990722656,
                36.61045455932617
              ],
              [
                32.994537353515625,
                36.5460319519043
              ],
              [
                32.9822883605957,
                36.417205810546875
              ],
              [
                32.6656608581543,
                36.3527946472168
              ],
              [
                32.56425094604492,
                36.09519577026367
              ],
              [
                32.48670196533203,
                36.09519577026367
              ],
              [
                32.498512268066406,
                36.2239875793457
              ],
              [
                32.06806182861328,
                36.61045455932617
              ],
              [
                31.08603858947754,
                36.932613372802734
              ],
              [
                30.535690307617188,
                36.8681755065918
              ],
              [
                30.49193572998047,
                36.3527946472168
              ],
              [
                30.02613639831543,
                36.3527946472168
              ],
              [
                29.938032150268555,
                36.2239875793457
              ],
              [
                29.239721298217773,
                36.2239875793457
              ],
              [
                29.124916076660156,
                36.73930740356445
              ],
              [
                28.357105255126953,
                36.8681755065918
              ],
              [
                28.186922073364258,
                36.67487716674805
              ],
              [
                28.03143882751465,
                36.67487716674805
              ],
              [
                28.138330459594727,
                37.06150817871094
              ],
              [
                27.602754592895508,
                37.1904182434082
              ],
              [
                27.607545852661133,
                37.254878997802734
              ],
              [
                28.246074676513672,
                37.44829177856445
              ],
              [
                28.630977630615234,
                37.38381576538086
              ],
              [
                28.71929168701172,
                37.51277160644531
              ],
              [
                29.5050106048584,
                37.5772590637207
              ],
              [
                29.66659927368164,
                37.641746520996094
              ],
              [
                29.67762565612793,
                37.7707405090332
              ],
              [
                29.917600631713867,
                37.835243225097656
              ],
              [
                30.024219512939453,
                38.157840728759766
              ],
              [
                29.879138946533203,
                38.28691864013672
              ],
              [
                29.913976669311523,
                38.67427444458008
              ],
              [
                29.77464485168457,
                38.8680305480957
              ],
              [
                29.919652938842773,
                39.57893371582031
              ],
              [
                30.077245712280273,
                39.57893371582031
              ],
              [
                30.09604263305664,
                39.77294921875
              ],
              [
                30.430870056152344,
                39.9670295715332
              ],
              [
                30.615131378173828,
                40.225894927978516
              ],
              [
                31.096271514892578,
                40.29063034057617
              ],
              [
                32.1678352355957,
                40.6791877746582
              ],
              [
                32.97380828857422,
                41.45711898803711
              ],
              [
                33.18914794921875,
                41.911441802978516
              ],
              [
                33.26891326904297,
                41.911441802978516
              ],
              [
                34.78450012207031,
                41.911441802978516
              ],
              [
                34.881736755371094,
                42.041324615478516
              ],
              [
                35.121212005615234,
                42.041324615478516
              ],
              [
                35.15697479248047,
                41.71668243408203
              ],
              [
                35.953800201416016,
                41.71668243408203
              ],
              [
                36.20920181274414,
                41.26253128051758
              ],
              [
                36.92457962036133,
                41.26253128051758
              ],
              [
                36.91539764404297,
                41.19768524169922
              ],
              [
                36.7564811706543,
                41.19768524169922
              ],
              [
                36.658912658691406,
                41.06801223754883
              ],
              [
                36.711299896240234,
                40.873565673828125
              ],
              [
                36.878971099853516,
                40.93837356567383
              ],
              [
                37.16904830932617,
                40.74397277832031
              ],
              [
                37.56538772583008,
                40.74397277832031
              ],
              [
                37.86391830444336,
                40.614410400390625
              ],
              [
                38.49762725830078,
                40.614410400390625
              ],
              [
                39.784881591796875,
                40.74397277832031
              ],
              [
                40.56735610961914,
                40.6791877746582
              ],
              [
                41.163822174072266,
                40.93837356567383
              ],
              [
                41.29633712768555,
                41.26253128051758
              ],
              [
                41.22755813598633,
                41.32738494873047
              ],
              [
                41.307071685791016,
                41.32738494873047
              ],
              [
                41.40821838378906,
                41.45711898803711
              ],
              [
                41.567359924316406,
                41.45711898803711
              ],
              [
                41.81525421142578,
                41.97637939453125
              ],
              [
                41.73545837402344,
                41.97637939453125
              ],
              [
                41.75791549682617,
                42.10627746582031
              ],
              [
                41.598209381103516,
                42.10627746582031
              ],
              [
                41.700584411621094,
                42.236209869384766
              ],
              [
                41.48331832885742,
                42.36617660522461
              ],
              [
                41.608699798583984,
                42.62621307373047
              ],
              [
                41.3337516784668,
                42.88639831542969
              ],
              [
                41.173343658447266,
                42.88639831542969
              ],
              [
                41.11582565307617,
                43.016544342041016
              ],
              [
                40.81732177734375,
                43.146724700927734
              ],
              [
                40.41570281982422,
                43.146724700927734
              ],
              [
                40.219173431396484,
                43.407203674316406
              ],
              [
                39.75851058959961,
                43.53750228881836
              ],
              [
                39.06172180175781,
                44.18956756591797
              ],
              [
                38.21527862548828,
                44.45067596435547
              ],
              [
                38.014862060546875,
                44.71194839477539
              ],
              [
                37.52848815917969,
                44.71194839477539
              ],
              [
                37.25600814819336,
                45.03877639770508
              ],
              [
                36.778892517089844,
                45.10417556762695
              ],
              [
                36.74873733520508,
                45.431331634521484
              ],
              [
                36.911563873291016,
                45.431331634521484
              ],
              [
                36.972293853759766,
                45.300437927246094
              ],
              [
                37.704429626464844,
                45.300437927246094
              ],
              [
                37.747013092041016,
                45.56227111816406
              ],
              [
                37.59468460083008,
                45.62776184082031
              ],
              [
                37.7577018737793,
                45.62776184082031
              ],
              [
                37.89311981201172,
                45.95537567138672
              ],
              [
                38.334564208984375,
                46.1520881652832
              ],
              [
                38.36785888671875,
                46.348915100097656
              ],
              [
                37.89856719970703,
                46.480194091796875
              ],
              [
                37.83858108520508,
                46.61152267456055
              ],
              [
                38.494598388671875,
                46.61152267456055
              ],
              [
                38.62202453613281,
                46.87434005737305
              ],
              [
                38.78630065917969,
                46.87434005737305
              ],
              [
                38.89152145385742,
                47.005828857421875
              ],
              [
                39.12647247314453,
                46.94007873535156
              ],
              [
                39.26741409301758,
                47.26897048950195
              ],
              [
                39.1968879699707,
                47.33478927612305
              ],
              [
                38.6794548034668,
                47.20316696166992
              ],
              [
                37.51609802246094,
                47.13737487792969
              ],
              [
                37.16523361206055,
                47.005828857421875
              ],
              [
                37.2257080078125,
                46.87434005737305
              ],
              [
                36.90787887573242,
                46.94007873535156
              ],
              [
                36.80437088012695,
                46.808616638183594
              ],
              [
                35.634639739990234,
                46.677207946777344
              ],
              [
                35.24697494506836,
                46.283294677734375
              ],
              [
                34.75596237182617,
                46.283294677734375
              ],
              [
                34.736690521240234,
                46.1520881652832
              ],
              [
                34.0825309753418,
                46.1520881652832
              ],
              [
                34.019439697265625,
                46.283294677734375
              ],
              [
                33.610260009765625,
                46.283294677734375
              ],
              [
                33.59191131591797,
                46.1520881652832
              ],
              [
                32.946651458740234,
                46.21768569946289
              ],
              [
                32.84713363647461,
                46.08650588989258
              ],
              [
                32.683658599853516,
                46.08650588989258
              ],
              [
                32.0639533996582,
                46.348915100097656
              ],
              [
                31.81834602355957,
                46.348915100097656
              ],
              [
                31.835351943969727,
                46.480194091796875
              ],
              [
                32.16309356689453,
                46.480194091796875
              ],
              [
                32.18914794921875,
                46.677207946777344
              ],
              [
                32.03373336791992,
                46.74290466308594
              ],
              [
                31.787527084350586,
                46.74290466308594
              ],
              [
                31.606428146362305,
                46.61152267456055
              ],
              [
                30.87657928466797,
                46.677207946777344
              ],
              [
                30.297666549682617,
                45.95537567138672
              ],
              [
                30.044963836669922,
                45.889827728271484
              ],
              [
                29.85890007019043,
                45.693260192871094
              ],
              [
                29.614274978637695,
                45.693260192871094
              ],
              [
                29.591896057128906,
                45.496795654296875
              ],
              [
                29.58445930480957,
                45.431331634521484
              ],
              [
                29.095985412597656,
                45.431331634521484
              ],
              [
                28.667741775512695,
                45.23500442504883
              ],
              [
                28.34939956665039,
                45.300437927246094
              ],
              [
                28.281864166259766,
                45.431331634521484
              ],
              [
                27.868051528930664,
                45.36587905883789
              ],
              [
                27.847858428955078,
                45.169586181640625
              ],
              [
                27.99687957763672,
                45.03877639770508
              ],
              [
                27.969886779785156,
                44.77729415893555
              ],
              [
                27.801036834716797,
                44.71194839477539
              ],
              [
                27.787734985351562,
                44.58129119873047
              ],
              [
                27.943035125732422,
                44.5159797668457
              ],
              [
                27.916336059570312,
                44.25482940673828
              ],
              [
                27.492671966552734,
                44.05907440185547
              ],
              [
                26.281423568725586,
                44.05907440185547
              ],
              [
                25.84855079650879,
                43.73301696777344
              ],
              [
                25.434297561645508,
                43.6026611328125
              ],
              [
                24.881397247314453,
                43.73301696777344
              ],
              [
                24.15087890625,
                43.6678352355957
              ],
              [
                23.601760864257812,
                43.86341094970703
              ],
              [
                22.871164321899414,
                43.79821014404297
              ],
              [
                22.875843048095703,
                43.86341094970703
              ],
              [
                22.79518699645996,
                43.86341094970703
              ],
              [
                22.894636154174805,
                44.12431716918945
              ],
              [
                22.42810821533203,
                44.38538360595703
              ],
              [
                22.522789001464844,
                44.58129119873047
              ],
              [
                22.68478775024414,
                44.58129119873047
              ],
              [
                22.689453125,
                44.64661407470703
              ],
              [
                22.946857452392578,
                44.842647552490234
              ],
              [
                23.3206729888916,
                45.496795654296875
              ],
              [
                24.466312408447266,
                45.56227111816406
              ],
              [
                24.564184188842773,
                45.75876998901367
              ],
              [
                25.54306983947754,
                45.75876998901367
              ],
              [
                25.905540466308594,
                46.1520881652832
              ],
              [
                25.748003005981445,
                46.21768569946289
              ],
              [
                25.708343505859375,
                46.677207946777344
              ],
              [
                25.41004753112793,
                47.005828857421875
              ],
              [
                25.428136825561523,
                47.20316696166992
              ],
              [
                25.263525009155273,
                47.20316696166992
              ],
              [
                25.205156326293945,
                47.46647262573242
              ],
              [
                25.052204132080078,
                47.598209381103516
              ],
              [
                24.887176513671875,
                47.598209381103516
              ],
              [
                24.90500259399414,
                47.79592514038086
              ],
              [
                24.586227416992188,
                47.92780685424805
              ],
              [
                24.686708450317383,
                48.1257438659668
              ],
              [
                24.367206573486328,
                48.257774353027344
              ],
              [
                24.378963470458984,
                48.38986587524414
              ],
              [
                24.052976608276367,
                48.455936431884766
              ],
              [
                23.666343688964844,
                48.786521911621094
              ],
              [
                22.928722381591797,
                48.91886520385742
              ],
              [
                22.77837371826172,
                49.11750411987305
              ],
              [
                22.5230712890625,
                49.051273345947266
              ],
              [
                21.79827117919922,
                49.38258361816406
              ],
              [
                21.385677337646484,
                49.44889450073242
              ],
              [
                21.98590087890625,
                49.64793395996094
              ],
              [
                22.153188705444336,
                49.64793395996094
              ],
              [
                22.258319854736328,
                49.91355895996094
              ],
              [
                22.946025848388672,
                50.11296081542969
              ],
              [
                22.91514015197754,
                50.71213912963867
              ],
              [
                23.08979606628418,
                50.77880859375
              ],
              [
                23.10826873779297,
                50.97892379760742
              ],
              [
                23.023828506469727,
                50.97892379760742
              ],
              [
                23.042409896850586,
                51.17921447753906
              ],
              [
                22.87944221496582,
                51.24601745605469
              ],
              [
                22.995450973510742,
                51.580322265625
              ],
              [
                22.6685791015625,
                51.71418380737305
              ],
              [
                22.687358856201172,
                51.91512680053711
              ],
              [
                22.347232818603516,
                51.91512680053711
              ],
              [
                22.10417366027832,
                52.0491943359375
              ],
              [
                22.292898178100586,
                52.250450134277344
              ],
              [
                22.422412872314453,
                52.720787048339844
              ],
              [
                22.343225479125977,
                52.78806686401367
              ],
              [
                22.428829193115234,
                52.78806686401367
              ],
              [
                22.6462345123291,
                53.25962829589844
              ],
              [
                23.24071502685547,
                53.192195892333984
              ],
              [
                23.73433494567871,
                52.99003219604492
              ],
              [
                24.048059463500977,
                52.720787048339844
              ],
              [
                24.475860595703125,
                52.720787048339844
              ],
              [
                24.584125518798828,
                52.92268753051758
              ],
              [
                25.261734008789062,
                52.85536575317383
              ],
              [
                25.27767562866211,
                52.99003219604492
              ],
              [
                25.628833770751953,
                53.057395935058594
              ],
              [
                25.74785804748535,
                53.32708740234375
              ],
              [
                25.92827033996582,
                53.39456558227539
              ],
              [
                26.521591186523438,
                53.32708740234375
              ],
              [
                26.88346290588379,
                53.462066650390625
              ],
              [
                27.485904693603516,
                53.462066650390625
              ],
              [
                28.412939071655273,
                53.32708740234375
              ],
              [
                28.565166473388672,
                53.192195892333984
              ],
              [
                29.7674617767334,
                53.192195892333984
              ],
              [
                30.39191436767578,
                53.86756134033203
              ],
              [
                30.481754302978516,
                54.4095458984375
              ],
              [
                30.406360626220703,
                54.47740173339844
              ],
              [
                30.811620712280273,
                54.817054748535156
              ],
              [
                30.96984100341797,
                55.225467681884766
              ],
              [
                30.882522583007812,
                55.225467681884766
              ],
              [
                30.93046760559082,
                55.498252868652344
              ],
              [
                30.767396926879883,
                55.56651306152344
              ],
              [
                30.803510665893555,
                55.77145767211914
              ],
              [
                30.6521053314209,
                55.90821838378906
              ],
              [
                30.67628288269043,
                56.04508590698242
              ],
              [
                30.512462615966797,
                56.11355972290039
              ],
              [
                30.472759246826172,
                56.387733459472656
              ],
              [
                30.108091354370117,
                56.319149017333984
              ],
              [
                29.749645233154297,
                56.799827575683594
              ],
              [
                29.418987274169922,
                56.937416076660156
              ],
              [
                28.377832412719727,
                57.07511901855469
              ],
              [
                27.89100456237793,
                56.799827575683594
              ],
              [
                27.80249786376953,
                56.799827575683594
              ],
              [
                27.5580997467041,
                56.937416076660156
              ],
              [
                27.721967697143555,
                57.41988754272461
              ],
              [
                27.298233032226562,
                57.55800247192383
              ],
              [
                27.72037696838379,
                57.97305679321289
              ],
              [
                27.977479934692383,
                57.903804779052734
              ],
              [
                27.94413948059082,
                58.2503662109375
              ],
              [
                27.56344223022461,
                58.11164855957031
              ],
              [
                27.40618324279785,
                58.2503662109375
              ],
              [
                27.450220108032227,
                58.528167724609375
              ],
              [
                27.719879150390625,
                58.528167724609375
              ],
              [
                27.79935646057129,
                59.015533447265625
              ],
              [
                27.720489501953125,
                59.08528518676758
              ],
              [
                27.731943130493164,
                59.15507125854492
              ],
              [
                28.026525497436523,
                59.294734954833984
              ],
              [
                28.061809539794922,
                59.504478454589844
              ],
              [
                27.88040542602539,
                59.504478454589844
              ],
              [
                27.892114639282227,
                59.574459075927734
              ],
              [
                27.927438735961914,
                59.78459548950195
              ],
              [
                28.291200637817383,
                59.78459548950195
              ],
              [
                28.406457901000977,
                59.92485809326172
              ],
              [
                28.849285125732422,
                59.85470962524414
              ],
              [
                29.069183349609375,
                60.065250396728516
              ],
              [
                29.772369384765625,
                59.92485809326172
              ],
              [
                29.75929069519043,
                59.85470962524414
              ],
              [
                30.4233341217041,
                59.99503707885742
              ],
              [
                30.38283348083496,
                59.78459548950195
              ],
              [
                30.837535858154297,
                59.78459548950195
              ],
              [
                31.103300094604492,
                60.20578384399414
              ],
              [
                31.819162368774414,
                60.135501861572266
              ],
              [
                32.19894027709961,
                60.20578384399414
              ],
              [
                33.0825309753418,
                60.48725891113281
              ],
              [
                34.61383819580078,
                60.76930236816406
              ],
              [
                34.81430435180664,
                60.83990478515625
              ],
              [
                34.84819030761719,
                60.9812126159668
              ],
              [
                35.56659698486328,
                60.91054153442383
              ],
              [
                35.895484924316406,
                61.12267303466797
              ],
              [
                36.2639274597168,
                61.12267303466797
              ],
              [
                36.3199462890625,
                60.9812126159668
              ],
              [
                36.59589767456055,
                60.9812126159668
              ],
              [
                36.74334716796875,
                60.83990478515625
              ],
              [
                38.343605041503906,
                60.9812126159668
              ],
              [
                39.97884750366211,
                60.91054153442383
              ],
              [
                40.20396423339844,
                61.05192565917969
              ],
              [
                41.103145599365234,
                60.9812126159668
              ],
              [
                41.28092575073242,
                61.264278411865234
              ],
              [
                42.088951110839844,
                61.193458557128906
              ],
              [
                43.356502532958984,
                61.69001388549805
              ],
              [
                44.28272247314453,
                61.69001388549805
              ],
              [
                44.492069244384766,
                61.7611083984375
              ],
              [
                44.54047775268555,
                61.90340805053711
              ],
              [
                46.093017578125,
                61.832237243652344
              ],
              [
                46.067745208740234,
                61.7611083984375
              ],
              [
                47.22065734863281,
                61.618961334228516
              ],
              [
                47.194759368896484,
                61.547950744628906
              ],
              [
                48.21218490600586,
                61.547950744628906
              ],
              [
                49.89583969116211,
                61.832237243652344
              ],
              [
                50.13771057128906,
                61.97461700439453
              ],
              [
                50.666385650634766,
                61.90340805053711
              ],
              [
                54.132171630859375,
                62.18848419189453
              ],
              [
                58.63444519042969,
                62.259857177734375
              ],
              [
                58.5999641418457,
                62.18848419189453
              ],
              [
                60.23981475830078,
                62.117156982421875
              ],
              [
                60.204341888427734,
                62.045867919921875
              ],
              [
                60.29729080200195,
                62.045867919921875
              ],
              [
                60.26185607910156,
                61.97461700439453
              ],
              [
                60.483184814453125,
                62.045867919921875
              ]
            ],
            [
              [
                106.49324798583984,
                52.78806686401367
              ],
              [
                105.91455841064453,
                52.586299896240234
              ],
              [
                105.3983383178711,
                52.11625671386719
              ],
              [
                104.91266632080078,
                51.91512680053711
              ],
              [
                103.84477996826172,
                51.84812545776367
              ],
              [
                103.5715560913086,
                51.580322265625
              ],
              [
                104.11831665039062,
                51.51342010498047
              ],
              [
                104.07151794433594,
                51.44654083251953
              ],
              [
                104.8341064453125,
                51.44654083251953
              ],
              [
                105.73986053466797,
                51.64724349975586
              ],
              [
                106.00601196289062,
                51.78114318847656
              ],
              [
                106.39828491210938,
                52.31757736206055
              ],
              [
                106.82475280761719,
                52.31757736206055
              ],
              [
                107.33287048339844,
                52.653533935546875
              ],
              [
                107.89716339111328,
                52.720787048339844
              ],
              [
                108.43193817138672,
                53.192195892333984
              ],
              [
                108.82823944091797,
                53.25962829589844
              ],
              [
                109.6395263671875,
                54.27390670776367
              ],
              [
                109.55289459228516,
                54.27390670776367
              ],
              [
                109.66371154785156,
                54.4095458984375
              ],
              [
                109.54580688476562,
                54.47740173339844
              ],
              [
                109.60151672363281,
                54.545284271240234
              ],
              [
                109.51469421386719,
                54.545284271240234
              ],
              [
                109.73892974853516,
                54.817054748535156
              ],
              [
                109.65190887451172,
                54.817054748535156
              ],
              [
                109.76487731933594,
                54.95309066772461
              ],
              [
                109.6777572631836,
                54.95309066772461
              ],
              [
                109.84825134277344,
                55.15733337402344
              ],
              [
                109.76097869873047,
                55.15733337402344
              ],
              [
                109.98802185058594,
                55.83982467651367
              ],
              [
                109.31562805175781,
                55.77145767211914
              ],
              [
                108.97113800048828,
                55.36180877685547
              ],
              [
                109.0890121459961,
                55.29362487792969
              ],
              [
                108.91907501220703,
                55.089229583740234
              ],
              [
                109.00629425048828,
                55.089229583740234
              ],
              [
                108.4728012084961,
                54.545284271240234
              ],
              [
                108.55962371826172,
                54.545284271240234
              ],
              [
                108.12303924560547,
                54.00291442871094
              ],
              [
                108.0365982055664,
                54.00291442871094
              ],
              [
                106.85198211669922,
                53.25962829589844
              ],
              [
                106.49324798583984,
                52.78806686401367
              ]
            ],
            [
              [
                82.97624206542969,
                50.97892379760742
              ],
              [
                83.06068420410156,
                50.97892379760742
              ],
              [
                83.09622192382812,
                51.04566955566406
              ],
              [
                83.0117416381836,
                51.04566955566406
              ],
              [
                82.97624206542969,
                50.97892379760742
              ]
            ],
            [
              [
                73.94288635253906,
                44.973392486572266
              ],
              [
                74.13007354736328,
                45.03877639770508
              ],
              [
                74.25473022460938,
                45.36587905883789
              ],
              [
                74.1169662475586,
                45.431331634521484
              ],
              [
                74.3186264038086,
                45.95537567138672
              ],
              [
                74.7525863647461,
                46.02093505859375
              ],
              [
                74.88140106201172,
                46.348915100097656
              ],
              [
                75.31684112548828,
                46.414546966552734
              ],
              [
                75.4511947631836,
                46.54585266113281
              ],
              [
                77.39138793945312,
                46.480194091796875
              ],
              [
                77.36439514160156,
                46.414546966552734
              ],
              [
                77.82868194580078,
                46.348915100097656
              ],
              [
                77.8016128540039,
                46.283294677734375
              ],
              [
                78.456298828125,
                46.283294677734375
              ],
              [
                78.97484588623047,
                46.348915100097656
              ],
              [
                79.0855941772461,
                46.61152267456055
              ],
              [
                79.24960327148438,
                46.61152267456055
              ],
              [
                79.33355712890625,
                46.808616638183594
              ],
              [
                78.70458984375,
                46.87434005737305
              ],
              [
                78.10157012939453,
                46.61152267456055
              ],
              [
                77.91033172607422,
                46.74290466308594
              ],
              [
                76.73442077636719,
                46.677207946777344
              ],
              [
                76.76136779785156,
                46.74290466308594
              ],
              [
                76.35102081298828,
                46.74290466308594
              ],
              [
                76.32263946533203,
                46.87434005737305
              ],
              [
                74.59777069091797,
                46.87434005737305
              ],
              [
                74.43742370605469,
                46.677207946777344
              ],
              [
                73.95010375976562,
                46.480194091796875
              ],
              [
                73.87349700927734,
                46.283294677734375
              ],
              [
                73.62798309326172,
                46.283294677734375
              ],
              [
                73.52702331542969,
                46.02093505859375
              ],
              [
                73.71565246582031,
                46.08650588989258
              ],
              [
                73.64013671875,
                45.889827728271484
              ],
              [
                73.50191497802734,
                45.95537567138672
              ],
              [
                73.35232543945312,
                45.56227111816406
              ],
              [
                73.32756042480469,
                45.496795654296875
              ],
              [
                73.74162292480469,
                45.300437927246094
              ],
              [
                73.94288635253906,
                44.973392486572266
              ]
            ],
            [
              [
                78.58354949951172,
                42.56119155883789
              ],
              [
                78.65859985351562,
                42.75628662109375
              ],
              [
                76.52626037597656,
                42.62621307373047
              ],
              [
                76.50984191894531,
                42.36617660522461
              ],
              [
                77.45244598388672,
                42.10627746582031
              ],
              [
                77.53229522705078,
                42.10627746582031
              ],
              [
                78.0357666015625,
                42.17123794555664
              ],
              [
                78.58354949951172,
                42.56119155883789
              ]
            ],
            [
              [
                57.96183395385742,
                43.86341094970703
              ],
              [
                58.1676025390625,
                43.73301696777344
              ],
              [
                59.13475799560547,
                43.73301696777344
              ],
              [
                59.1235237121582,
                43.407203674316406
              ],
              [
                60.287200927734375,
                43.53750228881836
              ],
              [
                60.50489044189453,
                43.73301696777344
              ],
              [
                60.600128173828125,
                44.05907440185547
              ],
              [
                60.78084945678711,
                44.12431716918945
              ],
              [
                61.01693344116211,
                44.64661407470703
              ],
              [
                61.582332611083984,
                44.908016204833984
              ],
              [
                61.72218704223633,
                45.36587905883789
              ],
              [
                61.33523941040039,
                45.431331634521484
              ],
              [
                61.33386993408203,
                45.693260192871094
              ],
              [
                61.25232696533203,
                45.693260192871094
              ],
              [
                61.332855224609375,
                45.95537567138672
              ],
              [
                61.251182556152344,
                45.95537567138672
              ],
              [
                61.70235824584961,
                46.87434005737305
              ],
              [
                61.230262756347656,
                46.94007873535156
              ],
              [
                61.188865661621094,
                46.808616638183594
              ],
              [
                61.00410842895508,
                46.74290466308594
              ],
              [
                60.98374938964844,
                46.94007873535156
              ],
              [
                60.572898864746094,
                46.94007873535156
              ],
              [
                60.53204345703125,
                46.808616638183594
              ],
              [
                60.12153244018555,
                46.808616638183594
              ],
              [
                59.83735275268555,
                46.414546966552734
              ],
              [
                59.49004364013672,
                46.348915100097656
              ],
              [
                59.41167068481445,
                46.08650588989258
              ],
              [
                59.127723693847656,
                45.95537567138672
              ],
              [
                58.637691497802734,
                45.95537567138672
              ],
              [
                58.56146240234375,
                45.693260192871094
              ],
              [
                58.54249954223633,
                45.62776184082031
              ],
              [
                58.074092864990234,
                44.842647552490234
              ],
              [
                57.96183395385742,
                43.86341094970703
              ]
            ],
            [
              [
                50.3016242980957,
                46.94007873535156
              ],
              [
                49.990848541259766,
                46.677207946777344
              ],
              [
                49.303199768066406,
                46.54585266113281
              ],
              [
                49.06181335449219,
                46.21768569946289
              ],
              [
                48.6375732421875,
                46.1520881652832
              ],
              [
                48.59209442138672,
                45.95537567138672
              ],
              [
                48.34708023071289,
                45.95537567138672
              ],
              [
                48.05744171142578,
                45.75876998901367
              ],
              [
                47.56800079345703,
                45.75876998901367
              ],
              [
                47.48066329956055,
                45.36587905883789
              ],
              [
                47.332332611083984,
                45.431331634521484
              ],
              [
                47.04105758666992,
                44.842647552490234
              ],
              [
                46.688507080078125,
                44.71194839477539
              ],
              [
                46.63267517089844,
                44.45067596435547
              ],
              [
                47.00926971435547,
                44.32010269165039
              ],
              [
                47.34308624267578,
                43.99384307861328
              ],
              [
                47.33984375,
                43.6026611328125
              ],
              [
                47.459136962890625,
                43.407203674316406
              ],
              [
                47.376399993896484,
                43.016544342041016
              ],
              [
                47.656158447265625,
                42.82133865356445
              ],
              [
                47.68162155151367,
                42.56119155883789
              ],
              [
                47.9608268737793,
                42.36617660522461
              ],
              [
                47.933658599853516,
                42.236209869384766
              ],
              [
                49.08600997924805,
                41.26253128051758
              ],
              [
                49.059226989746094,
                41.132843017578125
              ],
              [
                49.270748138427734,
                41.00318908691406
              ],
              [
                49.2441520690918,
                40.873565673828125
              ],
              [
                49.50836181640625,
                40.614410400390625
              ],
              [
                50.04951477050781,
                40.54964065551758
              ],
              [
                50.2603759765625,
                40.42012023925781
              ],
              [
                49.6933479309082,
                40.355369567871094
              ],
              [
                49.50919723510742,
                40.225894927978516
              ],
              [
                49.26664352416992,
                39.38497543334961
              ],
              [
                49.151405334472656,
                39.19107437133789
              ],
              [
                48.91546630859375,
                39.19107437133789
              ],
              [
                48.801002502441406,
                38.997230529785156
              ],
              [
                48.76274490356445,
                38.351463317871094
              ],
              [
                48.8410758972168,
                38.351463317871094
              ],
              [
                48.88429260253906,
                37.706241607666016
              ],
              [
                49.08510208129883,
                37.51277160644531
              ],
              [
                49.998783111572266,
                37.38381576538086
              ],
              [
                50.320892333984375,
                36.9970588684082
              ],
              [
                50.56571960449219,
                37.06150817871094
              ],
              [
                50.632293701171875,
                36.9970588684082
              ],
              [
                50.53199768066406,
                36.8681755065918
              ],
              [
                50.82074737548828,
                36.73930740356445
              ],
              [
                51.6419677734375,
                36.5460319519043
              ],
              [
                52.18585205078125,
                36.5460319519043
              ],
              [
                53.08772277832031,
                36.80373764038086
              ],
              [
                54.033294677734375,
                36.8681755065918
              ],
              [
                54.09466552734375,
                37.1904182434082
              ],
              [
                53.91046905517578,
                37.44829177856445
              ],
              [
                53.90790557861328,
                37.835243225097656
              ],
              [
                53.82976150512695,
                37.835243225097656
              ],
              [
                53.98678207397461,
                38.997230529785156
              ],
              [
                53.5175895690918,
                39.38497543334961
              ],
              [
                53.13750457763672,
                39.449623107910156
              ],
              [
                53.54492950439453,
                39.51427459716797
              ],
              [
                53.498451232910156,
                40.031734466552734
              ],
              [
                52.78766632080078,
                40.031734466552734
              ],
              [
                52.778533935546875,
                40.355369567871094
              ],
              [
                52.69942855834961,
                40.355369567871094
              ],
              [
                52.89295959472656,
                40.873565673828125
              ],
              [
                52.97228240966797,
                40.873565673828125
              ],
              [
                52.943321228027344,
                40.74397277832031
              ],
              [
                53.33966064453125,
                40.74397277832031
              ],
              [
                53.448211669921875,
                40.873565673828125
              ],
              [
                53.40435791015625,
                40.6791877746582
              ],
              [
                54.370140075683594,
                40.74397277832031
              ],
              [
                54.40007400512695,
                40.873565673828125
              ],
              [
                54.66834259033203,
                41.00318908691406
              ],
              [
                54.729549407958984,
                41.26253128051758
              ],
              [
                54.090518951416016,
                41.586883544921875
              ],
              [
                53.91130447387695,
                42.17123794555664
              ],
              [
                53.19236373901367,
                42.17123794555664
              ],
              [
                52.811973571777344,
                41.911441802978516
              ],
              [
                52.80158615112305,
                41.521995544433594
              ],
              [
                52.721988677978516,
                41.521995544433594
              ],
              [
                52.49290466308594,
                41.911441802978516
              ],
              [
                52.52302169799805,
                42.041324615478516
              ],
              [
                52.44319534301758,
                42.041324615478516
              ],
              [
                52.679012298583984,
                42.36617660522461
              ],
              [
                52.78733444213867,
                42.82133865356445
              ],
              [
                52.41746520996094,
                42.95146560668945
              ],
              [
                51.936058044433594,
                42.95146560668945
              ],
              [
                51.772151947021484,
                43.276947021484375
              ],
              [
                51.43531036376953,
                43.211830139160156
              ],
              [
                51.30513381958008,
                43.342071533203125
              ],
              [
                51.31692886352539,
                43.73301696777344
              ],
              [
                51.040714263916016,
                43.92862319946289
              ],
              [
                51.07164001464844,
                44.05907440185547
              ],
              [
                50.87572479248047,
                44.25482940673828
              ],
              [
                50.19388198852539,
                44.45067596435547
              ],
              [
                50.224510192871094,
                44.58129119873047
              ],
              [
                50.40192413330078,
                44.64661407470703
              ],
              [
                50.85692596435547,
                44.5159797668457
              ],
              [
                51.42369842529297,
                44.5159797668457
              ],
              [
                51.47117233276367,
                44.71194839477539
              ],
              [
                51.016197204589844,
                44.842647552490234
              ],
              [
                51.0634765625,
                45.03877639770508
              ],
              [
                51.468292236328125,
                45.36587905883789
              ],
              [
                51.87519073486328,
                45.36587905883789
              ],
              [
                52.086769104003906,
                45.23500442504883
              ],
              [
                53.8757209777832,
                45.23500442504883
              ],
              [
                53.80810546875,
                44.973392486572266
              ],
              [
                54.29523849487305,
                44.973392486572266
              ],
              [
                54.363616943359375,
                45.23500442504883
              ],
              [
                54.21808624267578,
                45.300437927246094
              ],
              [
                54.286781311035156,
                45.56227111816406
              ],
              [
                53.87939453125,
                45.56227111816406
              ],
              [
                53.66555404663086,
                45.36587905883789
              ],
              [
                53.42141342163086,
                45.36587905883789
              ],
              [
                53.06462860107422,
                45.56227111816406
              ],
              [
                53.067134857177734,
                45.889827728271484
              ],
              [
                53.247371673583984,
                45.95537567138672
              ],
              [
                53.34987258911133,
                46.348915100097656
              ],
              [
                53.26800537109375,
                46.348915100097656
              ],
              [
                53.27227020263672,
                46.677207946777344
              ],
              [
                53.19023513793945,
                46.677207946777344
              ],
              [
                53.242305755615234,
                46.87434005737305
              ],
              [
                53.112831115722656,
                47.005828857421875
              ],
              [
                51.862857818603516,
                46.94007873535156
              ],
              [
                51.81448745727539,
                47.07159423828125
              ],
              [
                51.73225021362305,
                47.07159423828125
              ],
              [
                50.84418869018555,
                47.13737487792969
              ],
              [
                50.3016242980957,
                46.94007873535156
              ]
            ],
            [
              [
                53.743751525878906,
                45.03877639770508
              ],
              [
                53.41886901855469,
                45.03877639770508
              ],
              [
                53.19001388549805,
                44.77729415893555
              ],
              [
                53.10759735107422,
                44.45067596435547
              ],
              [
                53.09119415283203,
                44.38538360595703
              ],
              [
                53.33391189575195,
                44.38538360595703
              ],
              [
                53.743751525878906,
                45.03877639770508
              ]
            ],
            [
              [
                51.618831634521484,
                35.9664192199707
              ],
              [
                51.541324615478516,
                35.9664192199707
              ],
              [
                51.53030776977539,
                35.902034759521484
              ],
              [
                51.60779571533203,
                35.902034759521484
              ],
              [
                51.618831634521484,
                35.9664192199707
              ]
            ],
            [
              [
                28.0925350189209,
                45.95537567138672
              ],
              [
                28.085630416870117,
                45.889827728271484
              ],
              [
                28.078737258911133,
                45.82429504394531
              ],
              [
                28.16034507751465,
                45.82429504394531
              ],
              [
                28.167268753051758,
                45.889827728271484
              ],
              [
                28.174205780029297,
                45.95537567138672
              ],
              [
                28.0925350189209,
                45.95537567138672
              ]
            ]
          ],
          [
            [
              [
                35.01994323730469,
                45.300437927246094
              ],
              [
                36.42308807373047,
                45.431331634521484
              ],
              [
                36.37263107299805,
                45.10417556762695
              ],
              [
                35.87525939941406,
                45.03877639770508
              ],
              [
                35.732418060302734,
                45.169586181640625
              ],
              [
                35.40727996826172,
                45.169586181640625
              ],
              [
                35.297096252441406,
                44.973392486572266
              ],
              [
                34.45737838745117,
                44.77729415893555
              ],
              [
                34.376285552978516,
                44.77729415893555
              ],
              [
                34.03373718261719,
                44.64661407470703
              ],
              [
                33.55644607543945,
                44.71194839477539
              ],
              [
                33.56534957885742,
                44.77729415893555
              ],
              [
                33.61005401611328,
                45.10417556762695
              ],
              [
                33.465389251708984,
                45.23500442504883
              ],
              [
                33.221439361572266,
                45.23500442504883
              ],
              [
                32.60533905029297,
                45.496795654296875
              ],
              [
                33.70957565307617,
                45.82429504394531
              ],
              [
                33.73704528808594,
                46.02093505859375
              ],
              [
                34.15492630004883,
                46.08650588989258
              ],
              [
                34.544586181640625,
                45.95537567138672
              ],
              [
                34.74187088012695,
                45.62776184082031
              ],
              [
                34.82337951660156,
                45.62776184082031
              ],
              [
                34.98639678955078,
                45.62776184082031
              ],
              [
                35.01994323730469,
                45.300437927246094
              ]
            ]
          ],
          [
            [
              [
                52.985496520996094,
                45.889827728271484
              ],
              [
                53.002357482910156,
                45.95537567138672
              ],
              [
                53.08402633666992,
                45.95537567138672
              ],
              [
                53.067134857177734,
                45.889827728271484
              ],
              [
                52.985496520996094,
                45.889827728271484
              ]
            ]
          ],
          [
            [
              [
                53.18265914916992,
                46.02093505859375
              ],
              [
                53.16569900512695,
                45.95537567138672
              ],
              [
                53.08402633666992,
                45.95537567138672
              ],
              [
                53.100955963134766,
                46.02093505859375
              ],
              [
                53.18265914916992,
                46.02093505859375
              ]
            ]
          ],
          [
            [
              [
                65.80550384521484,
                56.86860656738281
              ],
              [
                65.77188873291016,
                56.799827575683594
              ],
              [
                65.68338012695312,
                56.799827575683594
              ],
              [
                65.7169418334961,
                56.86860656738281
              ],
              [
                65.80550384521484,
                56.86860656738281
              ]
            ]
          ],
          [
            [
              [
                60.332828521728516,
                62.117156982421875
              ],
              [
                60.425838470458984,
                62.117156982421875
              ],
              [
                60.39023971557617,
                62.045867919921875
              ],
              [
                60.29729080200195,
                62.045867919921875
              ],
              [
                60.332828521728516,
                62.117156982421875
              ]
            ]
          ],
          [
            [
              [
                109.24968719482422,
                18.2219181060791
              ],
              [
                109.12333679199219,
                18.350492477416992
              ],
              [
                108.76459503173828,
                18.414779663085938
              ],
              [
                108.63818359375,
                18.543354034423828
              ],
              [
                108.70427703857422,
                19.379087448120117
              ],
              [
                109.20277404785156,
                19.700523376464844
              ],
              [
                109.2463607788086,
                19.95766830444336
              ],
              [
                110.15737915039062,
                20.08624267578125
              ],
              [
                110.59095001220703,
                20.021955490112305
              ],
              [
                110.613037109375,
                20.150527954101562
              ],
              [
                110.90947723388672,
                20.150527954101562
              ],
              [
                111.08741760253906,
                19.893383026123047
              ],
              [
                111.03193664550781,
                19.571949005126953
              ],
              [
                110.88386535644531,
                19.571949005126953
              ],
              [
                110.85066986083984,
                19.379087448120117
              ],
              [
                110.68057250976562,
                19.25051498413086
              ],
              [
                110.50775909423828,
                18.67193031311035
              ],
              [
                110.1902847290039,
                18.543354034423828
              ],
              [
                110.1794204711914,
                18.479066848754883
              ],
              [
                109.86219787597656,
                18.350492477416992
              ],
              [
                109.84064483642578,
                18.2219181060791
              ],
              [
                109.24968719482422,
                18.2219181060791
              ]
            ]
          ],
          [
            [
              [
                121.97661590576172,
                29.986536026000977
              ],
              [
                122.02213287353516,
                30.115081787109375
              ],
              [
                122.04503631591797,
                30.179353713989258
              ],
              [
                122.2725830078125,
                30.179353713989258
              ],
              [
                122.27982330322266,
                29.986536026000977
              ],
              [
                121.97661590576172,
                29.986536026000977
              ]
            ]
          ],
          [
            [
              [
                126.35626983642578,
                33.52165222167969
              ],
              [
                126.99883270263672,
                33.5859489440918
              ],
              [
                126.7801284790039,
                33.26447677612305
              ],
              [
                126.70345306396484,
                33.26447677612305
              ],
              [
                126.1387710571289,
                33.20018768310547
              ],
              [
                126.35626983642578,
                33.52165222167969
              ]
            ]
          ],
          [
            [
              [
                108.52436065673828,
                53.52959060668945
              ],
              [
                108.59855651855469,
                53.732303619384766
              ],
              [
                108.93309783935547,
                53.93522644042969
              ],
              [
                109.01948547363281,
                53.93522644042969
              ],
              [
                109.10588073730469,
                53.93522644042969
              ],
              [
                108.8687973022461,
                53.52959060668945
              ],
              [
                108.52436065673828,
                53.52959060668945
              ]
            ]
          ],
          [
            [
              [
                82.94219207763672,
                56.799827575683594
              ],
              [
                82.8983383178711,
                56.731075286865234
              ],
              [
                82.80988311767578,
                56.731075286865234
              ],
              [
                82.85368347167969,
                56.799827575683594
              ],
              [
                82.94219207763672,
                56.799827575683594
              ]
            ]
          ]
        ]
      }
    }
  ]
}
