{
  "type": "FeatureCollection",
  "features": [
    {
      "type": "Feature",
      "properties": {
        "Name": "Tsardom of Russia",
        "FromYear": 1662,
        "ToYear": 1669,
        "Area": 12194872.197562428,
        "Type": "POLITY",
        "Wikipedia": "Tsardom of Russia",
        "Wikidata": "Q186096",
        "SeshatID": "ru_romanov_dyn_1",
        "Components": "",
        "MemberOf": "",
        "displayYear": 1662,
        "sourceYear": 1662,
        "mappedTerritoryId": "cliopatria_tsardom_of_russia"
      },
      "geometry": {
        "type": "MultiPolygon",
        "coordinates": [
          [
            [
              [
                41.188270568847656,
                50.64549255371094
              ],
              [
                41.20307922363281,
                50.71213912963867
              ],
              [
                41.287353515625,
                50.71213912963867
              ],
              [
                41.27250671386719,
                50.64549255371094
              ],
              [
                41.188270568847656,
                50.64549255371094
              ]
            ]
          ],
          [
            [
              [
                26.989246368408203,
                57.28189468383789
              ],
              [
                26.999622344970703,
                57.35087585449219
              ],
              [
                27.088560104370117,
                57.35087585449219
              ],
              [
                27.078128814697266,
                57.28189468383789
              ],
              [
                26.989246368408203,
                57.28189468383789
              ]
            ]
          ],
          [
            [
              [
                113.35638427734375,
                73.56752014160156
              ],
              [
                114.437255859375,
                73.72928619384766
              ],
              [
                117.09153747558594,
                73.72928619384766
              ],
              [
                116.9715347290039,
                73.64835357666016
              ],
              [
                117.2896957397461,
                73.64835357666016
              ],
              [
                117.4100570678711,
                73.72928619384766
              ],
              [
                118.89645385742188,
                73.72928619384766
              ],
              [
                118.39991760253906,
                73.32563781738281
              ],
              [
                118.80906677246094,
                73.2452163696289
              ],
              [
                118.6910171508789,
                73.1648941040039
              ],
              [
                120.28575134277344,
                73.2452163696289
              ],
              [
                120.15247344970703,
                73.08467102050781
              ],
              [
                120.67872619628906,
                73.08467102050781
              ],
              [
                120.55989837646484,
                73.00454711914062
              ],
              [
                122.78376007080078,
                73.08467102050781
              ],
              [
                122.6626968383789,
                73.00454711914062
              ],
              [
                123.083251953125,
                73.00454711914062
              ],
              [
                123.32704162597656,
                73.1648941040039
              ],
              [
                123.22167205810547,
                73.1648941040039
              ],
              [
                123.36270141601562,
                73.32563781738281
              ],
              [
                123.15151977539062,
                73.32563781738281
              ],
              [
                123.27566528320312,
                73.40616607666016
              ],
              [
                123.06425476074219,
                73.40616607666016
              ],
              [
                123.31448364257812,
                73.56752014160156
              ],
              [
                123.20854949951172,
                73.56752014160156
              ],
              [
                123.46183013916016,
                73.72928619384766
              ],
              [
                124.014892578125,
                73.8103256225586
              ],
              [
                125.37291717529297,
                73.72928619384766
              ],
              [
                125.24374389648438,
                73.64835357666016
              ],
              [
                126.00994873046875,
                73.72928619384766
              ],
              [
                125.85697937011719,
                73.56752014160156
              ],
              [
                126.51639556884766,
                73.64835357666016
              ],
              [
                126.25778198242188,
                73.48678588867188
              ],
              [
                126.7868881225586,
                73.48678588867188
              ],
              [
                127.04666137695312,
                73.64835357666016
              ],
              [
                128.0816650390625,
                73.56752014160156
              ],
              [
                127.95092010498047,
                73.48678588867188
              ],
              [
                128.4552459716797,
                73.40616607666016
              ],
              [
                128.32550048828125,
                73.32563781738281
              ],
              [
                128.95904541015625,
                73.32563781738281
              ],
              [
                128.80596923828125,
                73.1648941040039
              ],
              [
                129.1220703125,
                73.1648941040039
              ],
              [
                128.7390594482422,
                72.92451477050781
              ],
              [
                129.05413818359375,
                72.92451477050781
              ],
              [
                128.9276885986328,
                72.84458923339844
              ],
              [
                129.2212371826172,
                72.76475524902344
              ],
              [
                128.74281311035156,
                72.52581787109375
              ],
              [
                129.47418212890625,
                72.52581787109375
              ],
              [
                129.33148193359375,
                72.36699676513672
              ],
              [
                129.644287109375,
                72.36699676513672
              ],
              [
                129.15695190429688,
                72.05043029785156
              ],
              [
                128.3105926513672,
                71.97151184082031
              ],
              [
                128.8136444091797,
                71.8926773071289
              ],
              [
                128.6948699951172,
                71.81393432617188
              ],
              [
                129.1090087890625,
                71.81393432617188
              ],
              [
                128.87254333496094,
                71.65669250488281
              ],
              [
                129.38919067382812,
                71.65669250488281
              ],
              [
                129.27137756347656,
                71.57820129394531
              ],
              [
                129.4778289794922,
                71.57820129394531
              ],
              [
                129.36041259765625,
                71.49979400634766
              ],
              [
                129.4635467529297,
                71.49979400634766
              ],
              [
                129.34661865234375,
                71.42146301269531
              ],
              [
                129.55267333984375,
                71.42146301269531
              ],
              [
                129.43614196777344,
                71.34321594238281
              ],
              [
                130.0399932861328,
                71.26505279541016
              ],
              [
                129.92391967773438,
                71.18696594238281
              ],
              [
                130.2321014404297,
                71.18696594238281
              ],
              [
                130.1162872314453,
                71.10896301269531
              ],
              [
                130.32156372070312,
                71.10896301269531
              ],
              [
                130.2061004638672,
                71.0310287475586
              ],
              [
                130.61624145507812,
                71.0310287475586
              ],
              [
                130.50094604492188,
                70.95317840576172
              ],
              [
                131.1025848388672,
                70.87539672851562
              ],
              [
                130.98768615722656,
                70.79769897460938
              ],
              [
                131.19216918945312,
                70.79769897460938
              ],
              [
                131.89093017578125,
                71.26505279541016
              ],
              [
                131.78810119628906,
                71.26505279541016
              ],
              [
                131.93865966796875,
                71.49979400634766
              ],
              [
                131.8355255126953,
                71.49979400634766
              ],
              [
                132.4602813720703,
                71.97151184082031
              ],
              [
                132.87525939941406,
                71.97151184082031
              ],
              [
                132.75192260742188,
                71.8926773071289
              ],
              [
                132.95919799804688,
                71.8926773071289
              ],
              [
                132.8363037109375,
                71.81393432617188
              ],
              [
                133.14691162109375,
                71.81393432617188
              ],
              [
                133.02438354492188,
                71.73527526855469
              ],
              [
                133.2312469482422,
                71.73527526855469
              ],
              [
                133.10914611816406,
                71.65669250488281
              ],
              [
                133.6070556640625,
                71.57820129394531
              ],
              [
                133.485595703125,
                71.49979400634766
              ],
              [
                134.72315979003906,
                71.49979400634766
              ],
              [
                135.71365356445312,
                71.73527526855469
              ],
              [
                136.33425903320312,
                71.73527526855469
              ],
              [
                136.20909118652344,
                71.65669250488281
              ],
              [
                136.7257537841797,
                71.65669250488281
              ],
              [
                136.60073852539062,
                71.57820129394531
              ],
              [
                137.01365661621094,
                71.57820129394531
              ],
              [
                136.8888702392578,
                71.49979400634766
              ],
              [
                137.40452575683594,
                71.49979400634766
              ],
              [
                137.27987670898438,
                71.42146301269531
              ],
              [
                137.48593139648438,
                71.42146301269531
              ],
              [
                137.36170959472656,
                71.34321594238281
              ],
              [
                137.77342224121094,
                71.34321594238281
              ],
              [
                137.920166015625,
                71.49979400634766
              ],
              [
                137.81704711914062,
                71.49979400634766
              ],
              [
                138.06906127929688,
                71.65669250488281
              ],
              [
                138.60980224609375,
                71.73527526855469
              ],
              [
                139.02352905273438,
                71.73527526855469
              ],
              [
                138.89572143554688,
                71.65669250488281
              ],
              [
                139.10238647460938,
                71.65669250488281
              ],
              [
                138.97503662109375,
                71.57820129394531
              ],
              [
                139.69764709472656,
                71.57820129394531
              ],
              [
                139.82571411132812,
                71.65669250488281
              ],
              [
                139.5406951904297,
                71.73527526855469
              ],
              [
                139.66969299316406,
                71.81393432617188
              ],
              [
                139.3590850830078,
                71.81393432617188
              ],
              [
                139.5147705078125,
                71.97151184082031
              ],
              [
                139.41102600097656,
                71.97151184082031
              ],
              [
                139.8048553466797,
                72.20853424072266
              ],
              [
                139.0491485595703,
                72.12944030761719
              ],
              [
                139.18051147460938,
                72.20853424072266
              ],
              [
                138.972412109375,
                72.20853424072266
              ],
              [
                139.1042938232422,
                72.2877197265625
              ],
              [
                139.00013732910156,
                72.2877197265625
              ],
              [
                139.639404296875,
                72.6053695678711
              ],
              [
                140.23585510253906,
                72.52581787109375
              ],
              [
                140.68531799316406,
                72.6053695678711
              ],
              [
                140.82212829589844,
                72.68501281738281
              ],
              [
                140.61273193359375,
                72.68501281738281
              ],
              [
                140.7501220703125,
                72.76475524902344
              ],
              [
                140.64532470703125,
                72.76475524902344
              ],
              [
                140.92236328125,
                72.92451477050781
              ],
              [
                141.3424835205078,
                72.92451477050781
              ],
              [
                141.20309448242188,
                72.84458923339844
              ],
              [
                146.05706787109375,
                72.68501281738281
              ],
              [
                145.91482543945312,
                72.6053695678711
              ],
              [
                146.81822204589844,
                72.52581787109375
              ],
              [
                146.49977111816406,
                72.2877197265625
              ],
              [
                145.8748016357422,
                72.2877197265625
              ],
              [
                145.59805297851562,
                72.12944030761719
              ],
              [
                146.01385498046875,
                72.12944030761719
              ],
              [
                145.6031494140625,
                71.8926773071289
              ],
              [
                145.18858337402344,
                71.8926773071289
              ],
              [
                145.05355834960938,
                71.81393432617188
              ],
              [
                145.26063537597656,
                71.81393432617188
              ],
              [
                145.12611389160156,
                71.73527526855469
              ],
              [
                145.88185119628906,
                71.81393432617188
              ],
              [
                147.4071807861328,
                72.44635772705078
              ],
              [
                149.62461853027344,
                72.2877197265625
              ],
              [
                149.4820556640625,
                72.20853424072266
              ],
              [
                149.89828491210938,
                72.20853424072266
              ],
              [
                149.75608825683594,
                72.12944030761719
              ],
              [
                150.0679473876953,
                72.12944030761719
              ],
              [
                149.9262237548828,
                72.05043029785156
              ],
              [
                150.1339111328125,
                72.05043029785156
              ],
              [
                149.9927520751953,
                71.97151184082031
              ],
              [
                150.0964813232422,
                71.97151184082031
              ],
              [
                149.81622314453125,
                71.81393432617188
              ],
              [
                148.95315551757812,
                71.73527526855469
              ],
              [
                150.09092712402344,
                71.73527526855469
              ],
              [
                149.91746520996094,
                71.57820129394531
              ],
              [
                150.74330139160156,
                71.57820129394531
              ],
              [
                150.57064819335938,
                71.42146301269531
              ],
              [
                151.8070068359375,
                71.42146301269531
              ],
              [
                151.6688995361328,
                71.34321594238281
              ],
              [
                152.0806121826172,
                71.34321594238281
              ],
              [
                151.9427947998047,
                71.26505279541016
              ],
              [
                152.21656799316406,
                71.18696594238281
              ],
              [
                152.0127716064453,
                70.95317840576172
              ],
              [
                152.6273956298828,
                70.95317840576172
              ],
              [
                152.49168395996094,
                70.87539672851562
              ],
              [
                153.20806884765625,
                70.87539672851562
              ],
              [
                155.50396728515625,
                71.18696594238281
              ],
              [
                157.25039672851562,
                71.18696594238281
              ],
              [
                157.10870361328125,
                71.10896301269531
              ],
              [
                158.2376708984375,
                71.10896301269531
              ],
              [
                158.09556579589844,
                71.0310287475586
              ],
              [
                159.3882598876953,
                70.95317840576172
              ],
              [
                159.2461395263672,
                70.87539672851562
              ],
              [
                159.65548706054688,
                70.87539672851562
              ],
              [
                159.51364135742188,
                70.79769897460938
              ],
              [
                159.82037353515625,
                70.79769897460938
              ],
              [
                159.67886352539062,
                70.7200698852539
              ],
              [
                160.1503143310547,
                70.64251708984375
              ],
              [
                159.97119140625,
                70.48763275146484
              ],
              [
                160.17491149902344,
                70.48763275146484
              ],
              [
                159.92349243164062,
                70.17870330810547
              ],
              [
                160.12646484375,
                70.17870330810547
              ],
              [
                159.78009033203125,
                69.8708724975586
              ],
              [
                161.022705078125,
                69.71734619140625
              ],
              [
                160.88644409179688,
                69.64068603515625
              ],
              [
                164.39227294921875,
                69.79407501220703
              ],
              [
                164.2525634765625,
                69.71734619140625
              ],
              [
                166.89659118652344,
                69.5640869140625
              ],
              [
                167.7682342529297,
                69.8708724975586
              ],
              [
                168.17269897460938,
                69.8708724975586
              ],
              [
                168.02914428710938,
                69.79407501220703
              ],
              [
                168.33221435546875,
                69.79407501220703
              ],
              [
                168.1470947265625,
                69.64068603515625
              ],
              [
                168.40786743164062,
                69.5640869140625
              ],
              [
                168.26583862304688,
                69.487548828125
              ],
              [
                168.3665008544922,
                69.487548828125
              ],
              [
                168.22491455078125,
                69.41107940673828
              ],
              [
                168.42605590820312,
                69.41107940673828
              ],
              [
                168.28485107421875,
                69.33467864990234
              ],
              [
                168.5863037109375,
                69.33467864990234
              ],
              [
                168.44537353515625,
                69.25833129882812
              ],
              [
                169.34890747070312,
                69.25833129882812
              ],
              [
                169.2077178955078,
                69.18205261230469
              ],
              [
                169.50863647460938,
                69.18205261230469
              ],
              [
                169.3677215576172,
                69.10584259033203
              ],
              [
                169.6278533935547,
                69.0296859741211
              ],
              [
                169.44793701171875,
                68.87757110595703
              ],
              [
                170.747314453125,
                68.87757110595703
              ],
              [
                170.18896484375,
                68.57408905029297
              ],
              [
                170.28855895996094,
                68.57408905029297
              ],
              [
                168.4279327392578,
                67.14566802978516
              ],
              [
                168.5259552001953,
                67.14566802978516
              ],
              [
                168.39585876464844,
                67.0710678100586
              ],
              [
                168.49380493164062,
                67.0710678100586
              ],
              [
                168.36404418945312,
                66.99652099609375
              ],
              [
                168.4619140625,
                66.99652099609375
              ],
              [
                168.17880249023438,
                66.55042266845703
              ],
              [
                168.3735809326172,
                66.55042266845703
              ],
              [
                168.18678283691406,
                66.32811737060547
              ],
              [
                168.381103515625,
                66.32811737060547
              ],
              [
                168.22543334960938,
                66.18017578125
              ],
              [
                168.41943359375,
                66.18017578125
              ],
              [
                168.23622131347656,
                65.95866394042969
              ],
              [
                168.4297637939453,
                65.95866394042969
              ],
              [
                168.27655029296875,
                65.8112564086914
              ],
              [
                168.6348419189453,
                65.73763275146484
              ],
              [
                168.51040649414062,
                65.66405487060547
              ],
              [
                168.70333862304688,
                65.66405487060547
              ],
              [
                168.5791473388672,
                65.59053039550781
              ],
              [
                168.840576171875,
                65.51705932617188
              ],
              [
                168.71682739257812,
                65.44363403320312
              ],
              [
                169.7474365234375,
                65.3702621459961
              ],
              [
                169.62351989746094,
                65.29694366455078
              ],
              [
                176.572509765625,
                65.15044403076172
              ],
              [
                176.1884765625,
                64.93107604980469
              ],
              [
                176.47564697265625,
                64.93107604980469
              ],
              [
                176.34814453125,
                64.8580551147461
              ],
              [
                176.53944396972656,
                64.8580551147461
              ],
              [
                176.38075256347656,
                64.71215057373047
              ],
              [
                177.59158325195312,
                64.8580551147461
              ],
              [
                177.4635009765625,
                64.78507995605469
              ],
              [
                177.65464782714844,
                64.78507995605469
              ],
              [
                177.33596801757812,
                64.49365234375
              ],
              [
                177.5902862548828,
                64.4209213256836
              ],
              [
                177.46380615234375,
                64.34822845458984
              ],
              [
                178.00318908691406,
                64.27558898925781
              ],
              [
                178.44720458984375,
                64.4209213256836
              ],
              [
                178.32008361816406,
                64.34822845458984
              ],
              [
                178.51036071777344,
                64.34822845458984
              ],
              [
                178.3834686279297,
                64.27558898925781
              ],
              [
                178.5736083984375,
                64.27558898925781
              ],
              [
                178.44692993164062,
                64.20299530029297
              ],
              [
                178.7003173828125,
                64.13044738769531
              ],
              [
                178.54296875,
                63.98548889160156
              ],
              [
                178.8909454345703,
                63.91307830810547
              ],
              [
                178.57955932617188,
                63.623897552490234
              ],
              [
                179.0214385986328,
                63.55171203613281
              ],
              [
                178.8970489501953,
                63.479576110839844
              ],
              [
                179.14993286132812,
                63.4074821472168
              ],
              [
                179.02597045898438,
                63.33543014526367
              ],
              [
                179.40260314941406,
                63.33543014526367
              ],
              [
                179.27871704101562,
                63.263427734375
              ],
              [
                179.46690368652344,
                63.263427734375
              ],
              [
                179.25575256347656,
                62.9758415222168
              ],
              [
                179.53720092773438,
                62.9758415222168
              ],
              [
                179.41452026367188,
                62.904052734375
              ],
              [
                179.7605743408203,
                62.83230972290039
              ],
              [
                179.00460815429688,
                62.331268310546875
              ],
              [
                178.56529235839844,
                62.4027214050293
              ],
              [
                178.6855926513672,
                62.474212646484375
              ],
              [
                178.1255340576172,
                62.474212646484375
              ],
              [
                178.24575805664062,
                62.54574966430664
              ],
              [
                177.05764770507812,
                62.61732482910156
              ],
              [
                175.786376953125,
                62.18848419189453
              ],
              [
                175.43821716308594,
                62.259857177734375
              ],
              [
                175.5557861328125,
                62.331268310546875
              ],
              [
                175.08973693847656,
                62.331268310546875
              ],
              [
                175.20730590820312,
                62.4027214050293
              ],
              [
                174.29843139648438,
                62.474212646484375
              ],
              [
                174.41592407226562,
                62.54574966430664
              ],
              [
                173.8317108154297,
                62.474212646484375
              ],
              [
                174.0663604736328,
                62.61732482910156
              ],
              [
                170.557861328125,
                62.76060485839844
              ],
              [
                170.67364501953125,
                62.83230972290039
              ],
              [
                167.9367218017578,
                62.76060485839844
              ],
              [
                165.52407836914062,
                62.474212646484375
              ],
              [
                164.77732849121094,
                62.474212646484375
              ],
              [
                164.8880157470703,
                62.54574966430664
              ],
              [
                164.4381561279297,
                62.61732482910156
              ],
              [
                164.549072265625,
                62.68894577026367
              ],
              [
                163.98779296875,
                62.68894577026367
              ],
              [
                163.1904754638672,
                62.474212646484375
              ],
              [
                163.47052001953125,
                62.474212646484375
              ],
              [
                163.14308166503906,
                62.259857177734375
              ],
              [
                163.23623657226562,
                62.259857177734375
              ],
              [
                163.06753540039062,
                61.90340805053711
              ],
              [
                163.42393493652344,
                61.832237243652344
              ],
              [
                162.9962158203125,
                61.547950744628906
              ],
              [
                162.7324676513672,
                61.618961334228516
              ],
              [
                162.8389892578125,
                61.69001388549805
              ],
              [
                162.26968383789062,
                61.618961334228516
              ],
              [
                160.74266052246094,
                60.76930236816406
              ],
              [
                160.1717529296875,
                60.628211975097656
              ],
              [
                159.9884033203125,
                60.628211975097656
              ],
              [
                160.23402404785156,
                61.05192565917969
              ],
              [
                159.6713409423828,
                60.9812126159668
              ],
              [
                159.8172149658203,
                61.335140228271484
              ],
              [
                159.7248992919922,
                61.335140228271484
              ],
              [
                160.24557495117188,
                61.69001388549805
              ],
              [
                160.1529541015625,
                61.69001388549805
              ],
              [
                160.28302001953125,
                61.90340805053711
              ],
              [
                159.68984985351562,
                61.69001388549805
              ],
              [
                159.31935119628906,
                61.69001388549805
              ],
              [
                159.42372131347656,
                61.7611083984375
              ],
              [
                159.15736389160156,
                61.832237243652344
              ],
              [
                159.2620391845703,
                61.90340805053711
              ],
              [
                158.3114776611328,
                61.7611083984375
              ],
              [
                157.38461303710938,
                61.7611083984375
              ],
              [
                156.79917907714844,
                61.547950744628906
              ],
              [
                156.68804931640625,
                61.40604019165039
              ],
              [
                156.78041076660156,
                61.40604019165039
              ],
              [
                156.47691345214844,
                61.193458557128906
              ],
              [
                156.19207763671875,
                61.12267303466797
              ],
              [
                155.48977661132812,
                60.557716369628906
              ],
              [
                154.83067321777344,
                60.34645080566406
              ],
              [
                154.53536987304688,
                60.065250396728516
              ],
              [
                154.6265411376953,
                60.065250396728516
              ],
              [
                154.2480926513672,
                59.85470962524414
              ],
              [
                154.42141723632812,
                59.714515686035156
              ],
              [
                154.13734436035156,
                59.504478454589844
              ],
              [
                154.96221923828125,
                59.64447021484375
              ],
              [
                154.8671112060547,
                59.574459075927734
              ],
              [
                155.22152709960938,
                59.434532165527344
              ],
              [
                155.11920166015625,
                59.22488784790039
              ],
              [
                154.39547729492188,
                59.22488784790039
              ],
              [
                154.20863342285156,
                59.08528518676758
              ],
              [
                153.7568817138672,
                59.08528518676758
              ],
              [
                153.84988403320312,
                59.15507125854492
              ],
              [
                153.40036010742188,
                59.22488784790039
              ],
              [
                153.0341033935547,
                59.08528518676758
              ],
              [
                152.8481903076172,
                58.876129150390625
              ],
              [
                152.48886108398438,
                58.94581604003906
              ],
              [
                152.58065795898438,
                59.015533447265625
              ],
              [
                152.21949768066406,
                59.015533447265625
              ],
              [
                152.03662109375,
                58.876129150390625
              ],
              [
                151.2250518798828,
                58.876129150390625
              ],
              [
                151.3158416748047,
                58.94581604003906
              ],
              [
                151.04571533203125,
                59.015533447265625
              ],
              [
                151.22808837890625,
                59.15507125854492
              ],
              [
                152.0451202392578,
                59.294734954833984
              ],
              [
                151.59249877929688,
                59.294734954833984
              ],
              [
                151.68467712402344,
                59.36461639404297
              ],
              [
                151.32559204101562,
                59.504478454589844
              ],
              [
                151.41818237304688,
                59.574459075927734
              ],
              [
                150.32786560058594,
                59.504478454589844
              ],
              [
                150.4197998046875,
                59.574459075927734
              ],
              [
                149.60475158691406,
                59.714515686035156
              ],
              [
                149.69677734375,
                59.78459548950195
              ],
              [
                149.1503448486328,
                59.714515686035156
              ],
              [
                148.96734619140625,
                59.504478454589844
              ],
              [
                148.6952667236328,
                59.434532165527344
              ],
              [
                148.96719360351562,
                59.434532165527344
              ],
              [
                148.6056671142578,
                59.22488784790039
              ],
              [
                148.3342742919922,
                59.22488784790039
              ],
              [
                148.4241485595703,
                59.294734954833984
              ],
              [
                148.2430877685547,
                59.294734954833984
              ],
              [
                148.33309936523438,
                59.36461639404297
              ],
              [
                146.43084716796875,
                59.36461639404297
              ],
              [
                146.2556915283203,
                59.15507125854492
              ],
              [
                145.80364990234375,
                59.15507125854492
              ],
              [
                145.89169311523438,
                59.22488784790039
              ],
              [
                145.70840454101562,
                59.294734954833984
              ],
              [
                145.7967529296875,
                59.36461639404297
              ],
              [
                145.52500915527344,
                59.36461639404297
              ],
              [
                145.61341857910156,
                59.434532165527344
              ],
              [
                143.07925415039062,
                59.36461639404297
              ],
              [
                142.45399475097656,
                59.22488784790039
              ],
              [
                142.79586791992188,
                59.574459075927734
              ],
              [
                142.61058044433594,
                59.64447021484375
              ],
              [
                142.69781494140625,
                59.714515686035156
              ],
              [
                141.2437286376953,
                59.714515686035156
              ],
              [
                141.3302459716797,
                59.78459548950195
              ],
              [
                139.88052368164062,
                59.714515686035156
              ],
              [
                139.9661407470703,
                59.78459548950195
              ],
              [
                139.23861694335938,
                59.78459548950195
              ],
              [
                139.32400512695312,
                59.85470962524414
              ],
              [
                133.4999542236328,
                59.85470962524414
              ],
              [
                133.58172607421875,
                59.92485809326172
              ],
              [
                124.41544342041016,
                60.20578384399414
              ],
              [
                123.89827728271484,
                60.065250396728516
              ],
              [
                123.37295532226562,
                59.574459075927734
              ],
              [
                123.46371459960938,
                59.574459075927734
              ],
              [
                122.32317352294922,
                58.042335510253906
              ],
              [
                122.41266632080078,
                58.042335510253906
              ],
              [
                121.37879943847656,
                57.00625228881836
              ],
              [
                121.46746826171875,
                57.00625228881836
              ],
              [
                121.33271026611328,
                56.86860656738281
              ],
              [
                121.44261932373047,
                56.799827575683594
              ],
              [
                121.15376281738281,
                56.59365463256836
              ],
              [
                121.24211120605469,
                56.59365463256836
              ],
              [
                121.1093521118164,
                56.45634460449219
              ],
              [
                121.19759368896484,
                56.45634460449219
              ],
              [
                120.8686294555664,
                56.11355972290039
              ],
              [
                120.95660400390625,
                56.11355972290039
              ],
              [
                120.9140625,
                55.97663879394531
              ],
              [
                120.5855941772461,
                55.90821838378906
              ],
              [
                119.85022735595703,
                55.498252868652344
              ],
              [
                118.37077331542969,
                54.545284271240234
              ],
              [
                118.3101577758789,
                54.47740173339844
              ],
              [
                117.07749938964844,
                53.462066650390625
              ],
              [
                116.1461181640625,
                52.4518928527832
              ],
              [
                115.51010131835938,
                51.98215103149414
              ],
              [
                112.36234283447266,
                51.98215103149414
              ],
              [
                112.41446685791016,
                52.0491943359375
              ],
              [
                112.07398986816406,
                52.0491943359375
              ],
              [
                112.06037902832031,
                52.250450134277344
              ],
              [
                111.97512817382812,
                52.250450134277344
              ],
              [
                112.080322265625,
                52.38472366333008
              ],
              [
                111.96240997314453,
                52.4518928527832
              ],
              [
                112.1561279296875,
                53.124786376953125
              ],
              [
                112.07029724121094,
                53.124786376953125
              ],
              [
                112.17928314208984,
                53.25962829589844
              ],
              [
                112.0933609008789,
                53.25962829589844
              ],
              [
                112.20293426513672,
                53.39456558227539
              ],
              [
                112.1169204711914,
                53.39456558227539
              ],
              [
                112.2270736694336,
                53.52959060668945
              ],
              [
                112.1100845336914,
                53.597137451171875
              ],
              [
                112.22105407714844,
                53.732303619384766
              ],
              [
                112.01280212402344,
                54.00291442871094
              ],
              [
                112.03875732421875,
                54.138362884521484
              ],
              [
                111.95222473144531,
                54.138362884521484
              ],
              [
                111.88875579833984,
                54.47740173339844
              ],
              [
                111.71520233154297,
                54.47740173339844
              ],
              [
                111.65337371826172,
                54.817054748535156
              ],
              [
                111.56635284423828,
                54.817054748535156
              ],
              [
                111.62384796142578,
                54.88506317138672
              ],
              [
                111.44970703125,
                54.88506317138672
              ],
              [
                111.38980102539062,
                55.225467681884766
              ],
              [
                111.30248260498047,
                55.225467681884766
              ],
              [
                111.36058807373047,
                55.29362487792969
              ],
              [
                111.27322387695312,
                55.29362487792969
              ],
              [
                111.33143615722656,
                55.36180877685547
              ],
              [
                111.15660095214844,
                55.36180877685547
              ],
              [
                111.12782287597656,
                55.63479995727539
              ],
              [
                110.71919250488281,
                55.77145767211914
              ],
              [
                110.77798461914062,
                55.83982467651367
              ],
              [
                109.98802185058594,
                55.83982467651367
              ],
              [
                109.9002456665039,
                55.83982467651367
              ],
              [
                109.31562805175781,
                55.77145767211914
              ],
              [
                108.97113800048828,
                55.36180877685547
              ],
              [
                109.0890121459961,
                55.29362487792969
              ],
              [
                108.91907501220703,
                55.089229583740234
              ],
              [
                109.00629425048828,
                55.089229583740234
              ],
              [
                108.4728012084961,
                54.545284271240234
              ],
              [
                108.55962371826172,
                54.545284271240234
              ],
              [
                108.12303924560547,
                54.00291442871094
              ],
              [
                106.85198211669922,
                53.25962829589844
              ],
              [
                106.49324798583984,
                52.78806686401367
              ],
              [
                105.91455841064453,
                52.586299896240234
              ],
              [
                105.3983383178711,
                52.11625671386719
              ],
              [
                104.91266632080078,
                51.91512680053711
              ],
              [
                103.79743957519531,
                51.78114318847656
              ],
              [
                103.71249389648438,
                51.78114318847656
              ],
              [
                103.16487884521484,
                51.84812545776367
              ],
              [
                103.2120361328125,
                51.91512680053711
              ],
              [
                103.0419692993164,
                51.91512680053711
              ],
              [
                103.08920288085938,
                51.98215103149414
              ],
              [
                102.83397674560547,
                51.98215103149414
              ],
              [
                102.88124084472656,
                52.0491943359375
              ],
              [
                102.46499633789062,
                52.18334197998047
              ],
              [
                102.51245880126953,
                52.250450134277344
              ],
              [
                102.2567138671875,
                52.250450134277344
              ],
              [
                102.30420684814453,
                52.31757736206055
              ],
              [
                101.79244995117188,
                52.31757736206055
              ],
              [
                101.80198669433594,
                52.4518928527832
              ],
              [
                101.6312255859375,
                52.4518928527832
              ],
              [
                101.60333251953125,
                52.653533935546875
              ],
              [
                101.43230438232422,
                52.653533935546875
              ],
              [
                101.48014068603516,
                52.720787048339844
              ],
              [
                100.59623718261719,
                52.92268753051758
              ],
              [
                100.64414978027344,
                52.99003219604492
              ],
              [
                100.22541809082031,
                53.124786376953125
              ],
              [
                100.16060638427734,
                53.39456558227539
              ],
              [
                99.63434600830078,
                53.25962829589844
              ],
              [
                99.00677490234375,
                52.85536575317383
              ],
              [
                98.71092987060547,
                52.92268753051758
              ],
              [
                98.75784301757812,
                52.99003219604492
              ],
              [
                97.81468963623047,
                52.99003219604492
              ],
              [
                97.86124420166016,
                53.057395935058594
              ],
              [
                97.39295196533203,
                53.124786376953125
              ],
              [
                97.43952178955078,
                53.192195892333984
              ],
              [
                97.01728057861328,
                53.32708740234375
              ],
              [
                97.06401062011719,
                53.39456558227539
              ],
              [
                96.80596160888672,
                53.39456558227539
              ],
              [
                96.85269165039062,
                53.462066650390625
              ],
              [
                96.55513000488281,
                53.52959060668945
              ],
              [
                96.60196685791016,
                53.597137451171875
              ],
              [
                95.91271209716797,
                53.597137451171875
              ],
              [
                95.95931243896484,
                53.664710998535156
              ],
              [
                95.66105651855469,
                53.732303619384766
              ],
              [
                95.6682357788086,
                53.86756134033203
              ],
              [
                95.36959838867188,
                53.93522644042969
              ],
              [
                95.33757019042969,
                54.138362884521484
              ],
              [
                94.65990447998047,
                54.4095458984375
              ],
              [
                94.70716094970703,
                54.47740173339844
              ],
              [
                94.23361206054688,
                54.545284271240234
              ],
              [
                94.28085327148438,
                54.613189697265625
              ],
              [
                93.58586883544922,
                54.613189697265625
              ],
              [
                93.63285064697266,
                54.681121826171875
              ],
              [
                92.67670440673828,
                54.681121826171875
              ],
              [
                90.18778228759766,
                54.07062530517578
              ],
              [
                89.06307220458984,
                53.664710998535156
              ],
              [
                86.6597900390625,
                53.25962829589844
              ],
              [
                86.70083618164062,
                53.32708740234375
              ],
              [
                86.52890014648438,
                53.32708740234375
              ],
              [
                86.43553161621094,
                53.597137451171875
              ],
              [
                86.34937286376953,
                53.597137451171875
              ],
              [
                86.30136108398438,
                53.799922943115234
              ],
              [
                86.04247283935547,
                53.799922943115234
              ],
              [
                86.21207427978516,
                53.93522644042969
              ],
              [
                85.50299835205078,
                54.88506317138672
              ],
              [
                85.58875274658203,
                55.021148681640625
              ],
              [
                85.4131851196289,
                55.15733337402344
              ],
              [
                85.49959564208984,
                55.29362487792969
              ],
              [
                85.32408142089844,
                55.430015563964844
              ],
              [
                85.41116333007812,
                55.56651306152344
              ],
              [
                85.14789581298828,
                55.83982467651367
              ],
              [
                85.19184875488281,
                55.90821838378906
              ],
              [
                85.01619720458984,
                55.90821838378906
              ],
              [
                84.92870330810547,
                56.182064056396484
              ],
              [
                84.57657623291016,
                56.182064056396484
              ],
              [
                84.62103271484375,
                56.387733459472656
              ],
              [
                84.4012451171875,
                56.59365463256836
              ],
              [
                84.44680786132812,
                56.799827575683594
              ],
              [
                83.20771026611328,
                56.799827575683594
              ],
              [
                82.85459899902344,
                56.662349700927734
              ],
              [
                81.83916473388672,
                56.59365463256836
              ],
              [
                81.88219451904297,
                56.662349700927734
              ],
              [
                80.51009368896484,
                56.731075286865234
              ],
              [
                80.5525131225586,
                56.799827575683594
              ],
              [
                70.99378204345703,
                56.799827575683594
              ],
              [
                70.8321533203125,
                56.662349700927734
              ],
              [
                69.54186248779297,
                56.731075286865234
              ],
              [
                64.4022216796875,
                56.524986267089844
              ],
              [
                62.66188049316406,
                56.387733459472656
              ],
              [
                62.24714660644531,
                56.25059127807617
              ],
              [
                61.91804504394531,
                55.90821838378906
              ],
              [
                61.5889892578125,
                55.15733337402344
              ],
              [
                61.50172424316406,
                55.15733337402344
              ],
              [
                61.0698356628418,
                54.138362884521484
              ],
              [
                61.1865348815918,
                54.00291442871094
              ],
              [
                60.878353118896484,
                53.462066650390625
              ],
              [
                60.96441650390625,
                53.462066650390625
              ],
              [
                60.93703079223633,
                53.39456558227539
              ],
              [
                60.43758773803711,
                52.78806686401367
              ],
              [
                59.93108367919922,
                51.91512680053711
              ],
              [
                58.921852111816406,
                51.71418380737305
              ],
              [
                57.96393966674805,
                51.64724349975586
              ],
              [
                57.9879264831543,
                51.71418380737305
              ],
              [
                57.56341552734375,
                51.71418380737305
              ],
              [
                57.44123840332031,
                51.84812545776367
              ],
              [
                56.7849235534668,
                51.91512680053711
              ],
              [
                56.57699966430664,
                52.0491943359375
              ],
              [
                56.29814910888672,
                51.98215103149414
              ],
              [
                56.3216438293457,
                52.0491943359375
              ],
              [
                54.835174560546875,
                52.18334197998047
              ],
              [
                54.56289291381836,
                52.38472366333008
              ],
              [
                54.22154235839844,
                52.38472366333008
              ],
              [
                54.244361877441406,
                52.4518928527832
              ],
              [
                52.878257751464844,
                52.4518928527832
              ],
              [
                52.578224182128906,
                52.31757736206055
              ],
              [
                52.13068771362305,
                51.44654083251953
              ],
              [
                52.21541976928711,
                51.44654083251953
              ],
              [
                52.091575622558594,
                51.04566955566406
              ],
              [
                52.176055908203125,
                51.04566955566406
              ],
              [
                52.054664611816406,
                50.64549255371094
              ],
              [
                52.13890075683594,
                50.64549255371094
              ],
              [
                51.923011779785156,
                49.91355895996094
              ],
              [
                52.00680923461914,
                49.91355895996094
              ],
              [
                51.9115104675293,
                49.58156967163086
              ],
              [
                51.9951171875,
                49.58156967163086
              ],
              [
                51.938690185546875,
                49.38258361816406
              ],
              [
                52.022178649902344,
                49.38258361816406
              ],
              [
                51.95759582519531,
                48.852684020996094
              ],
              [
                52.04079055786133,
                48.852684020996094
              ],
              [
                52.00434494018555,
                48.72037124633789
              ],
              [
                52.08746337890625,
                48.72037124633789
              ],
              [
                52.05119705200195,
                48.5881233215332
              ],
              [
                52.228084564208984,
                48.323814392089844
              ],
              [
                52.174503326416016,
                48.1257438659668
              ],
              [
                52.25729751586914,
                48.1257438659668
              ],
              [
                52.09917068481445,
                47.53233337402344
              ],
              [
                52.18164825439453,
                47.53233337402344
              ],
              [
                52.10936737060547,
                46.94007873535156
              ],
              [
                52.027198791503906,
                46.94007873535156
              ],
              [
                51.58463668823242,
                47.13737487792969
              ],
              [
                50.84418869018555,
                47.13737487792969
              ],
              [
                50.3016242980957,
                46.94007873535156
              ],
              [
                49.990848541259766,
                46.677207946777344
              ],
              [
                49.303199768066406,
                46.54585266113281
              ],
              [
                49.06181335449219,
                46.21768569946289
              ],
              [
                48.6375732421875,
                46.1520881652832
              ],
              [
                48.59209442138672,
                45.95537567138672
              ],
              [
                48.34708023071289,
                45.95537567138672
              ],
              [
                48.05744171142578,
                45.75876998901367
              ],
              [
                47.56800079345703,
                45.75876998901367
              ],
              [
                47.457275390625,
                45.62776184082031
              ],
              [
                47.53878402709961,
                45.62776184082031
              ],
              [
                47.48066329956055,
                45.36587905883789
              ],
              [
                47.332332611083984,
                45.431331634521484
              ],
              [
                47.04105758666992,
                44.842647552490234
              ],
              [
                46.688507080078125,
                44.71194839477539
              ],
              [
                46.63267517089844,
                44.45067596435547
              ],
              [
                47.00926971435547,
                44.32010269165039
              ],
              [
                47.34308624267578,
                43.99384307861328
              ],
              [
                47.3150520324707,
                43.86341094970703
              ],
              [
                46.9924201965332,
                43.86341094970703
              ],
              [
                46.80354690551758,
                43.73301696777344
              ],
              [
                46.72294998168945,
                43.73301696777344
              ],
              [
                46.18683624267578,
                44.25482940673828
              ],
              [
                46.63859176635742,
                45.23500442504883
              ],
              [
                46.82962417602539,
                45.36587905883789
              ],
              [
                46.90104675292969,
                45.693260192871094
              ],
              [
                47.41102600097656,
                46.1520881652832
              ],
              [
                47.37343978881836,
                46.348915100097656
              ],
              [
                47.224430084228516,
                46.414546966552734
              ],
              [
                47.25398635864258,
                46.54585266113281
              ],
              [
                46.8504753112793,
                46.94007873535156
              ],
              [
                46.686134338378906,
                46.94007873535156
              ],
              [
                46.295936584472656,
                47.4006233215332
              ],
              [
                45.36500930786133,
                47.664100646972656
              ],
              [
                45.326290130615234,
                47.86185836791992
              ],
              [
                45.06378173828125,
                47.79592514038086
              ],
              [
                44.40626907348633,
                48.191749572753906
              ],
              [
                43.772098541259766,
                48.323814392089844
              ],
              [
                44.04530715942383,
                49.18375015258789
              ],
              [
                44.37160110473633,
                49.51522445678711
              ],
              [
                44.4492301940918,
                49.84712600708008
              ],
              [
                44.76419448852539,
                50.11296081542969
              ],
              [
                44.995506286621094,
                50.71213912963867
              ],
              [
                45.19767761230469,
                50.84549331665039
              ],
              [
                45.18115997314453,
                51.112430572509766
              ],
              [
                45.30006408691406,
                51.24601745605469
              ],
              [
                45.165321350097656,
                51.37968063354492
              ],
              [
                45.20003890991211,
                51.51342010498047
              ],
              [
                44.47127151489258,
                51.64724349975586
              ],
              [
                43.52115249633789,
                51.580322265625
              ],
              [
                42.72999954223633,
                51.112430572509766
              ],
              [
                42.3073844909668,
                51.112430572509766
              ],
              [
                42.12277603149414,
                51.04566955566406
              ],
              [
                42.091827392578125,
                50.912200927734375
              ],
              [
                41.37163162231445,
                50.71213912963867
              ],
              [
                41.287353515625,
                50.71213912963867
              ],
              [
                41.13362503051758,
                50.77880859375
              ],
              [
                41.24783706665039,
                50.912200927734375
              ],
              [
                40.97005844116211,
                51.17921447753906
              ],
              [
                40.50736999511719,
                51.37968063354492
              ],
              [
                39.66046905517578,
                51.37968063354492
              ],
              [
                39.13804626464844,
                51.31283950805664
              ],
              [
                38.841949462890625,
                51.112430572509766
              ],
              [
                38.68682098388672,
                51.17921447753906
              ],
              [
                38.574562072753906,
                51.04566955566406
              ],
              [
                38.32111740112305,
                51.04566955566406
              ],
              [
                37.03524398803711,
                50.51224899291992
              ],
              [
                36.433773040771484,
                50.445655822753906
              ],
              [
                35.425968170166016,
                51.37968063354492
              ],
              [
                34.86982345581055,
                51.580322265625
              ],
              [
                34.530555725097656,
                51.580322265625
              ],
              [
                34.252193450927734,
                51.44654083251953
              ],
              [
                34.30126953125,
                51.24601745605469
              ],
              [
                34.097049713134766,
                51.04566955566406
              ],
              [
                34.03960037231445,
                50.71213912963867
              ],
              [
                34.38103485107422,
                50.2459831237793
              ],
              [
                34.633018493652344,
                50.2459831237793
              ],
              [
                34.52643966674805,
                50.11296081542969
              ],
              [
                34.789573669433594,
                50.17946243286133
              ],
              [
                34.766845703125,
                50.04647445678711
              ],
              [
                34.934600830078125,
                50.04647445678711
              ],
              [
                34.99570083618164,
                49.91355895996094
              ],
              [
                34.98438262939453,
                49.84712600708008
              ],
              [
                34.44884490966797,
                49.64793395996094
              ],
              [
                33.17356872558594,
                49.51522445678711
              ],
              [
                32.81914520263672,
                49.38258361816406
              ],
              [
                32.328025817871094,
                49.44889450073242
              ],
              [
                31.791717529296875,
                49.78071212768555
              ],
              [
                31.22476577758789,
                49.91355895996094
              ],
              [
                31.337629318237305,
                50.11296081542969
              ],
              [
                31.021230697631836,
                50.2459831237793
              ],
              [
                30.022506713867188,
                50.312522888183594
              ],
              [
                30.209285736083984,
                50.445655822753906
              ],
              [
                30.266342163085938,
                50.84549331665039
              ],
              [
                30.35070037841797,
                50.84549331665039
              ],
              [
                30.513946533203125,
                51.37968063354492
              ],
              [
                30.598634719848633,
                51.37968063354492
              ],
              [
                30.52397918701172,
                51.44654083251953
              ],
              [
                30.58497428894043,
                51.84812545776367
              ],
              [
                30.871335983276367,
                52.0491943359375
              ],
              [
                31.659305572509766,
                52.18334197998047
              ],
              [
                31.502992630004883,
                52.78806686401367
              ],
              [
                31.279556274414062,
                52.99003219604492
              ],
              [
                31.313270568847656,
                53.192195892333984
              ],
              [
                32.16032028198242,
                53.124786376953125
              ],
              [
                32.62548828125,
                53.32708740234375
              ],
              [
                32.60007095336914,
                53.664710998535156
              ],
              [
                32.51387023925781,
                53.664710998535156
              ],
              [
                32.57514953613281,
                54.00291442871094
              ],
              [
                32.36496353149414,
                54.27390670776367
              ],
              [
                31.943944931030273,
                54.341712951660156
              ],
              [
                31.56151008605957,
                54.138362884521484
              ],
              [
                31.088844299316406,
                54.4095458984375
              ],
              [
                31.112323760986328,
                54.545284271240234
              ],
              [
                31.384735107421875,
                54.613189697265625
              ],
              [
                31.40871810913086,
                54.74907684326172
              ],
              [
                31.321746826171875,
                54.74907684326172
              ],
              [
                31.294845581054688,
                55.089229583740234
              ],
              [
                31.13242530822754,
                55.15733337402344
              ],
              [
                31.180835723876953,
                55.430015563964844
              ],
              [
                30.842947006225586,
                55.498252868652344
              ],
              [
                30.87911033630371,
                55.70311737060547
              ],
              [
                31.417572021484375,
                55.77145767211914
              ],
              [
                31.342262268066406,
                55.83982467651367
              ],
              [
                31.442842483520508,
                56.387733459472656
              ],
              [
                29.996335983276367,
                56.182064056396484
              ],
              [
                29.843679428100586,
                56.319149017333984
              ],
              [
                29.87904167175293,
                56.524986267089844
              ],
              [
                29.43756866455078,
                56.524986267089844
              ],
              [
                29.414487838745117,
                56.387733459472656
              ],
              [
                29.13858413696289,
                56.319149017333984
              ],
              [
                29.09576988220215,
                56.59365463256836
              ],
              [
                28.28973960876465,
                56.524986267089844
              ],
              [
                28.31157684326172,
                56.662349700927734
              ],
              [
                28.48837661743164,
                56.662349700927734
              ],
              [
                28.477760314941406,
                57.14401626586914
              ],
              [
                28.12265968322754,
                57.14401626586914
              ],
              [
                28.100709915161133,
                57.00625228881836
              ],
              [
                27.72464370727539,
                56.86860656738281
              ],
              [
                27.678783416748047,
                57.14401626586914
              ],
              [
                27.767559051513672,
                57.14401626586914
              ],
              [
                27.800064086914062,
                57.35087585449219
              ],
              [
                27.298233032226562,
                57.55800247192383
              ],
              [
                27.698341369628906,
                57.8345832824707
              ],
              [
                27.72037696838379,
                57.97305679321289
              ],
              [
                27.809812545776367,
                57.97305679321289
              ],
              [
                27.977479934692383,
                57.903804779052734
              ],
              [
                28.01117706298828,
                58.11164855957031
              ],
              [
                27.921630859375,
                58.11164855957031
              ],
              [
                27.94413948059082,
                58.2503662109375
              ],
              [
                27.753662109375,
                58.180992126464844
              ],
              [
                27.664058685302734,
                58.180992126464844
              ],
              [
                27.484853744506836,
                58.180992126464844
              ],
              [
                27.54010581970215,
                58.528167724609375
              ],
              [
                27.629993438720703,
                58.528167724609375
              ],
              [
                27.719879150390625,
                58.528167724609375
              ],
              [
                27.79935646057129,
                59.015533447265625
              ],
              [
                27.720489501953125,
                59.08528518676758
              ],
              [
                27.731943130493164,
                59.15507125854492
              ],
              [
                27.93600082397461,
                59.294734954833984
              ],
              [
                28.172231674194336,
                59.08528518676758
              ],
              [
                28.726423263549805,
                59.15507125854492
              ],
              [
                28.750720977783203,
                59.294734954833984
              ],
              [
                29.293869018554688,
                59.294734954833984
              ],
              [
                29.54008674621582,
                59.15507125854492
              ],
              [
                30.082529067993164,
                59.15507125854492
              ],
              [
                30.276472091674805,
                59.22488784790039
              ],
              [
                30.302839279174805,
                59.36461639404297
              ],
              [
                30.859933853149414,
                59.434532165527344
              ],
              [
                30.79647445678711,
                59.574459075927734
              ],
              [
                30.614952087402344,
                59.574459075927734
              ],
              [
                30.655654907226562,
                59.78459548950195
              ],
              [
                30.74659538269043,
                59.78459548950195
              ],
              [
                31.103300094604492,
                60.20578384399414
              ],
              [
                31.819162368774414,
                60.135501861572266
              ],
              [
                31.86298179626465,
                60.34645080566406
              ],
              [
                32.090389251708984,
                60.557716369628906
              ],
              [
                32.165489196777344,
                60.91054153442383
              ],
              [
                31.889724731445312,
                60.91054153442383
              ],
              [
                31.857637405395508,
                61.193458557128906
              ],
              [
                31.595989227294922,
                61.264278411865234
              ],
              [
                31.610904693603516,
                61.335140228271484
              ],
              [
                31.64086151123047,
                61.47697448730469
              ],
              [
                32.05660629272461,
                61.69001388549805
              ],
              [
                32.05683135986328,
                62.117156982421875
              ],
              [
                32.19706344604492,
                62.331268310546875
              ],
              [
                32.103851318359375,
                62.331268310546875
              ],
              [
                32.13542175292969,
                62.474212646484375
              ],
              [
                32.042076110839844,
                62.474212646484375
              ],
              [
                31.99602699279785,
                62.68894577026367
              ],
              [
                31.62184715270996,
                62.68894577026367
              ],
              [
                31.57499122619629,
                62.904052734375
              ],
              [
                31.183259963989258,
                63.263427734375
              ],
              [
                30.048580169677734,
                63.69612503051758
              ],
              [
                30.078414916992188,
                63.84071350097656
              ],
              [
                30.50291633605957,
                64.05794525146484
              ],
              [
                30.549240112304688,
                64.27558898925781
              ],
              [
                29.928970336914062,
                64.49365234375
              ],
              [
                30.085460662841797,
                64.78507995605469
              ],
              [
                29.813926696777344,
                64.8580551147461
              ],
              [
                29.859777450561523,
                65.07727813720703
              ],
              [
                30.21004867553711,
                65.3702621459961
              ],
              [
                30.30548858642578,
                65.8112564086914
              ],
              [
                30.0633487701416,
                66.0324478149414
              ],
              [
                29.869653701782227,
                66.0324478149414
              ],
              [
                29.0543212890625,
                66.77322387695312
              ],
              [
                29.132892608642578,
                67.14566802978516
              ],
              [
                29.59016990661621,
                67.44463348388672
              ],
              [
                29.7868709564209,
                67.44463348388672
              ],
              [
                29.935470581054688,
                67.66946411132812
              ],
              [
                29.607641220092773,
                67.97005462646484
              ],
              [
                29.4097843170166,
                67.97005462646484
              ],
              [
                29.34401512145996,
                68.1207046508789
              ],
              [
                28.765607833862305,
                68.19611358642578
              ],
              [
                28.781841278076172,
                68.27159118652344
              ],
              [
                28.583311080932617,
                68.27159118652344
              ],
              [
                28.416759490966797,
                68.42272186279297
              ],
              [
                28.63077163696289,
                68.95359802246094
              ],
              [
                28.847667694091797,
                69.0296859741211
              ],
              [
                29.165199279785156,
                69.10584259033203
              ],
              [
                29.317562103271484,
                69.33467864990234
              ],
              [
                29.938522338867188,
                69.41107940673828
              ],
              [
                30.194869995117188,
                69.64068603515625
              ],
              [
                30.68014907836914,
                69.5640869140625
              ],
              [
                30.919960021972656,
                69.71734619140625
              ],
              [
                30.958600997924805,
                69.8708724975586
              ],
              [
                31.059717178344727,
                69.8708724975586
              ],
              [
                31.545385360717773,
                69.79407501220703
              ],
              [
                31.90928077697754,
                70.024658203125
              ],
              [
                32.31447982788086,
                70.024658203125
              ],
              [
                32.475337982177734,
                69.8708724975586
              ],
              [
                32.980918884277344,
                69.8708724975586
              ],
              [
                32.95972442626953,
                69.79407501220703
              ],
              [
                33.06074905395508,
                69.79407501220703
              ],
              [
                32.89668655395508,
                69.5640869140625
              ],
              [
                33.47982406616211,
                69.487548828125
              ],
              [
                33.43734359741211,
                69.33467864990234
              ],
              [
                34.46426010131836,
                69.41107940673828
              ],
              [
                34.442169189453125,
                69.33467864990234
              ],
              [
                34.84409713745117,
                69.33467864990234
              ],
              [
                34.82174301147461,
                69.25833129882812
              ],
              [
                36.12685775756836,
                69.25833129882812
              ],
              [
                36.10344314575195,
                69.18205261230469
              ],
              [
                36.30405044555664,
                69.18205261230469
              ],
              [
                36.28055191040039,
                69.10584259033203
              ],
              [
                37.96049880981445,
                68.7257080078125
              ],
              [
                38.01121139526367,
                68.57408905029297
              ],
              [
                38.21042251586914,
                68.57408905029297
              ],
              [
                38.18586349487305,
                68.49837493896484
              ],
              [
                38.38490295410156,
                68.49837493896484
              ],
              [
                38.36026382446289,
                68.42272186279297
              ],
              [
                38.931819915771484,
                68.34712219238281
              ],
              [
                38.906864166259766,
                68.27159118652344
              ],
              [
                39.477081298828125,
                68.19611358642578
              ],
              [
                39.451805114746094,
                68.1207046508789
              ],
              [
                39.97298049926758,
                68.19611358642578
              ],
              [
                39.94728469848633,
                68.1207046508789
              ],
              [
                40.145477294921875,
                68.1207046508789
              ],
              [
                40.26614761352539,
                67.89481353759766
              ],
              [
                40.66152572631836,
                67.89481353759766
              ],
              [
                40.63554382324219,
                67.81964111328125
              ],
              [
                41.004371643066406,
                67.74452209472656
              ],
              [
                41.02471923828125,
                67.51952362060547
              ],
              [
                41.12314987182617,
                67.51952362060547
              ],
              [
                41.07123565673828,
                67.36980438232422
              ],
              [
                41.3399772644043,
                67.29503631591797
              ],
              [
                41.288124084472656,
                67.14566802978516
              ],
              [
                41.38615036010742,
                67.14566802978516
              ],
              [
                41.03715515136719,
                66.69890594482422
              ],
              [
                39.79555892944336,
                66.18017578125
              ],
              [
                38.70561981201172,
                66.10628509521484
              ],
              [
                38.68277359008789,
                66.0324478149414
              ],
              [
                38.00484085083008,
                66.0324478149414
              ],
              [
                38.02715301513672,
                66.10628509521484
              ],
              [
                37.44560623168945,
                66.10628509521484
              ],
              [
                37.46752166748047,
                66.18017578125
              ],
              [
                36.42164611816406,
                66.25411987304688
              ],
              [
                36.44285583496094,
                66.32811737060547
              ],
              [
                35.56844711303711,
                66.32811737060547
              ],
              [
                35.58902359008789,
                66.40216064453125
              ],
              [
                35.20008850097656,
                66.40216064453125
              ],
              [
                35.220420837402344,
                66.47626495361328
              ],
              [
                34.92848587036133,
                66.47626495361328
              ],
              [
                34.94865036010742,
                66.55042266845703
              ],
              [
                34.26691818237305,
                66.55042266845703
              ],
              [
                34.11125946044922,
                66.69890594482422
              ],
              [
                33.7210693359375,
                66.69890594482422
              ],
              [
                33.740413665771484,
                66.77322387695312
              ],
              [
                33.05702209472656,
                66.77322387695312
              ],
              [
                32.741058349609375,
                67.0710678100586
              ],
              [
                32.545166015625,
                67.0710678100586
              ],
              [
                32.508087158203125,
                66.92203521728516
              ],
              [
                32.88046646118164,
                66.84760284423828
              ],
              [
                33.0008430480957,
                66.55042266845703
              ],
              [
                33.68257522583008,
                66.55042266845703
              ],
              [
                33.62532043457031,
                66.32811737060547
              ],
              [
                34.382991790771484,
                66.25411987304688
              ],
              [
                34.36347961425781,
                66.18017578125
              ],
              [
                34.55747985839844,
                66.18017578125
              ],
              [
                34.866214752197266,
                65.88493347167969
              ],
              [
                34.67220687866211,
                65.51705932617188
              ],
              [
                34.441368103027344,
                65.3702621459961
              ],
              [
                34.78746032714844,
                65.22367095947266
              ],
              [
                34.73003005981445,
                65.004150390625
              ],
              [
                34.90244674682617,
                64.93107604980469
              ],
              [
                34.845245361328125,
                64.71215057373047
              ],
              [
                34.94075012207031,
                64.71215057373047
              ],
              [
                34.9791145324707,
                64.49365234375
              ],
              [
                35.817100524902344,
                64.4209213256836
              ],
              [
                35.96824264526367,
                64.27558898925781
              ],
              [
                36.253456115722656,
                64.27558898925781
              ],
              [
                36.553855895996094,
                63.98548889160156
              ],
              [
                37.3864631652832,
                63.91307830810547
              ],
              [
                37.880855560302734,
                63.98548889160156
              ],
              [
                37.89069366455078,
                64.34822845458984
              ],
              [
                37.530948638916016,
                64.4209213256836
              ],
              [
                37.12955856323242,
                64.34822845458984
              ],
              [
                36.9801139831543,
                64.49365234375
              ],
              [
                36.78954315185547,
                64.49365234375
              ],
              [
                36.73489761352539,
                64.63926696777344
              ],
              [
                36.544036865234375,
                64.63926696777344
              ],
              [
                36.318058013916016,
                64.8580551147461
              ],
              [
                36.358558654785156,
                65.004150390625
              ],
              [
                36.64594650268555,
                65.004150390625
              ],
              [
                36.687129974365234,
                65.15044403076172
              ],
              [
                36.920738220214844,
                65.29694366455078
              ],
              [
                37.209014892578125,
                65.29694366455078
              ],
              [
                37.187896728515625,
                65.22367095947266
              ],
              [
                37.475948333740234,
                65.22367095947266
              ],
              [
                37.454673767089844,
                65.15044403076172
              ],
              [
                38.15700149536133,
                64.93107604980469
              ],
              [
                38.20941162109375,
                64.78507995605469
              ],
              [
                38.90058135986328,
                64.8580551147461
              ],
              [
                38.87844467163086,
                64.78507995605469
              ],
              [
                39.42938995361328,
                64.71215057373047
              ],
              [
                39.40694808959961,
                64.63926696777344
              ],
              [
                40.193416595458984,
                64.71215057373047
              ],
              [
                40.23966598510742,
                64.8580551147461
              ],
              [
                40.07144546508789,
                64.93107604980469
              ],
              [
                40.11780548095703,
                65.07727813720703
              ],
              [
                39.92606735229492,
                65.07727813720703
              ],
              [
                39.87638473510742,
                65.22367095947266
              ],
              [
                39.68435287475586,
                65.22367095947266
              ],
              [
                39.538185119628906,
                65.3702621459961
              ],
              [
                39.60750961303711,
                65.59053039550781
              ],
              [
                40.25718307495117,
                65.8112564086914
              ],
              [
                40.401878356933594,
                65.95866394042969
              ],
              [
                41.444580078125,
                66.18017578125
              ],
              [
                41.96076583862305,
                66.55042266845703
              ],
              [
                43.4919548034668,
                66.47626495361328
              ],
              [
                43.464988708496094,
                66.40216064453125
              ],
              [
                43.659454345703125,
                66.40216064453125
              ],
              [
                43.605472564697266,
                66.25411987304688
              ],
              [
                43.966617584228516,
                66.18017578125
              ],
              [
                44.13097381591797,
                66.6246337890625
              ],
              [
                44.35377883911133,
                66.69890594482422
              ],
              [
                44.38174057006836,
                66.77322387695312
              ],
              [
                44.284114837646484,
                66.77322387695312
              ],
              [
                44.36833190917969,
                66.99652099609375
              ],
              [
                44.102760314941406,
                67.0710678100586
              ],
              [
                44.13087844848633,
                67.14566802978516
              ],
              [
                43.73877716064453,
                67.14566802978516
              ],
              [
                43.69647979736328,
                67.29503631591797
              ],
              [
                43.59829330444336,
                67.29503631591797
              ],
              [
                43.83753967285156,
                67.66946411132812
              ],
              [
                43.93613815307617,
                67.66946411132812
              ],
              [
                44.167903900146484,
                68.27159118652344
              ],
              [
                43.729759216308594,
                68.42272186279297
              ],
              [
                43.75901412963867,
                68.49837493896484
              ],
              [
                43.460453033447266,
                68.49837493896484
              ],
              [
                43.44834899902344,
                68.7257080078125
              ],
              [
                44.216636657714844,
                68.64987182617188
              ],
              [
                44.18680953979492,
                68.57408905029297
              ],
              [
                45.612335205078125,
                68.64987182617188
              ],
              [
                45.581302642822266,
                68.57408905029297
              ],
              [
                45.88011932373047,
                68.57408905029297
              ],
              [
                45.91733169555664,
                68.42272186279297
              ],
              [
                46.1161994934082,
                68.42272186279297
              ],
              [
                46.08501052856445,
                68.34712219238281
              ],
              [
                46.45099639892578,
                68.27159118652344
              ],
              [
                46.48761749267578,
                68.1207046508789
              ],
              [
                46.68581008911133,
                68.1207046508789
              ],
              [
                46.660003662109375,
                67.81964111328125
              ],
              [
                45.34624099731445,
                67.74452209472656
              ],
              [
                45.286834716796875,
                67.5944595336914
              ],
              [
                45.08980941772461,
                67.5944595336914
              ],
              [
                44.932804107666016,
                67.44463348388672
              ],
              [
                45.198524475097656,
                67.36980438232422
              ],
              [
                45.16929244995117,
                67.29503631591797
              ],
              [
                45.56204605102539,
                67.29503631591797
              ],
              [
                45.806949615478516,
                66.92203521728516
              ],
              [
                47.37152099609375,
                66.92203521728516
              ],
              [
                47.597896575927734,
                66.99652099609375
              ],
              [
                47.62880325317383,
                67.0710678100586
              ],
              [
                47.53085708618164,
                67.0710678100586
              ],
              [
                47.816524505615234,
                67.51952362060547
              ],
              [
                47.71809387207031,
                67.51952362060547
              ],
              [
                47.78139114379883,
                67.66946411132812
              ],
              [
                48.70132064819336,
                67.74452209472656
              ],
              [
                48.70079040527344,
                67.97005462646484
              ],
              [
                49.29436111450195,
                67.97005462646484
              ],
              [
                50.82497787475586,
                68.49837493896484
              ],
              [
                51.52162170410156,
                68.49837493896484
              ],
              [
                51.892967224121094,
                68.64987182617188
              ],
              [
                52.25493240356445,
                68.57408905029297
              ],
              [
                52.465641021728516,
                68.8016128540039
              ],
              [
                53.27893829345703,
                69.0296859741211
              ],
              [
                54.04103469848633,
                68.95359802246094
              ],
              [
                53.78712844848633,
                68.64987182617188
              ],
              [
                53.9482421875,
                68.57408905029297
              ],
              [
                53.872135162353516,
                68.42272186279297
              ],
              [
                53.30027389526367,
                68.27159118652344
              ],
              [
                54.72844696044922,
                68.34712219238281
              ],
              [
                54.68998336791992,
                68.27159118652344
              ],
              [
                54.789249420166016,
                68.27159118652344
              ],
              [
                55.04391098022461,
                68.57408905029297
              ],
              [
                55.621395111083984,
                68.7257080078125
              ],
              [
                57.176673889160156,
                68.64987182617188
              ],
              [
                57.842567443847656,
                68.95359802246094
              ],
              [
                58.200279235839844,
                68.87757110595703
              ],
              [
                58.38547134399414,
                69.0296859741211
              ],
              [
                59.086368560791016,
                69.0296859741211
              ],
              [
                59.043052673339844,
                68.95359802246094
              ],
              [
                59.399715423583984,
                68.87757110595703
              ],
              [
                59.127777099609375,
                68.57408905029297
              ],
              [
                59.22738265991211,
                68.57408905029297
              ],
              [
                59.24163055419922,
                68.42272186279297
              ],
              [
                59.73880386352539,
                68.42272186279297
              ],
              [
                59.76868438720703,
                68.64987182617188
              ],
              [
                59.95558166503906,
                68.8016128540039
              ],
              [
                60.69910430908203,
                68.87757110595703
              ],
              [
                60.833534240722656,
                69.10584259033203
              ],
              [
                60.733314514160156,
                69.10584259033203
              ],
              [
                60.77838897705078,
                69.18205261230469
              ],
              [
                60.477474212646484,
                69.18205261230469
              ],
              [
                60.41181564331055,
                69.41107940673828
              ],
              [
                60.05451202392578,
                69.487548828125
              ],
              [
                60.089622497558594,
                69.71734619140625
              ],
              [
                59.48402404785156,
                69.71734619140625
              ],
              [
                59.52910232543945,
                69.79407501220703
              ],
              [
                59.32705307006836,
                69.79407501220703
              ],
              [
                59.372135162353516,
                69.8708724975586
              ],
              [
                59.06878662109375,
                69.8708724975586
              ],
              [
                59.11377716064453,
                69.9477310180664
              ],
              [
                58.765438079833984,
                69.8708724975586
              ],
              [
                58.81015396118164,
                69.9477310180664
              ],
              [
                58.44985580444336,
                70.024658203125
              ],
              [
                58.437992095947266,
                70.17870330810547
              ],
              [
                58.33650588989258,
                70.17870330810547
              ],
              [
                58.61920928955078,
                70.48763275146484
              ],
              [
                59.072845458984375,
                70.5650405883789
              ],
              [
                59.02665328979492,
                70.48763275146484
              ],
              [
                59.332237243652344,
                70.48763275146484
              ],
              [
                59.28596878051758,
                70.41029357910156
              ],
              [
                59.489501953125,
                70.41029357910156
              ],
              [
                59.44325256347656,
                70.3330307006836
              ],
              [
                59.74827194213867,
                70.3330307006836
              ],
              [
                59.70194625854492,
                70.2558364868164
              ],
              [
                59.90510177612305,
                70.2558364868164
              ],
              [
                59.85879135131836,
                70.17870330810547
              ],
              [
                60.163246154785156,
                70.17870330810547
              ],
              [
                60.116851806640625,
                70.10164642333984
              ],
              [
                60.475852966308594,
                70.024658203125
              ],
              [
                60.539344787597656,
                69.79407501220703
              ],
              [
                60.83430862426758,
                69.9477310180664
              ],
              [
                61.239139556884766,
                69.9477310180664
              ],
              [
                61.19221878051758,
                69.8708724975586
              ],
              [
                62.00114440917969,
                69.8708724975586
              ],
              [
                61.95368194580078,
                69.79407501220703
              ],
              [
                63.925079345703125,
                69.71734619140625
              ],
              [
                63.87618637084961,
                69.64068603515625
              ],
              [
                64.4320068359375,
                69.5640869140625
              ],
              [
                64.38296508789062,
                69.487548828125
              ],
              [
                64.78561401367188,
                69.487548828125
              ],
              [
                64.73640441894531,
                69.41107940673828
              ],
              [
                64.93755340576172,
                69.41107940673828
              ],
              [
                64.88836669921875,
                69.33467864990234
              ],
              [
                65.39077758789062,
                69.33467864990234
              ],
              [
                65.34133911132812,
                69.25833129882812
              ],
              [
                66.24520874023438,
                69.10584259033203
              ],
              [
                66.19547271728516,
                69.0296859741211
              ],
              [
                67.2959976196289,
                68.87757110595703
              ],
              [
                67.24578857421875,
                68.8016128540039
              ],
              [
                67.74408721923828,
                68.64987182617188
              ],
              [
                67.69393157958984,
                68.57408905029297
              ],
              [
                67.99275207519531,
                68.57408905029297
              ],
              [
                67.94252014160156,
                68.49837493896484
              ],
              [
                68.14156341552734,
                68.49837493896484
              ],
              [
                68.09134674072266,
                68.42272186279297
              ],
              [
                68.29022216796875,
                68.42272186279297
              ],
              [
                68.24002075195312,
                68.34712219238281
              ],
              [
                68.48780822753906,
                68.27159118652344
              ],
              [
                68.53964233398438,
                68.49837493896484
              ],
              [
                68.63916778564453,
                68.49837493896484
              ],
              [
                68.94705200195312,
                68.95359802246094
              ],
              [
                68.59539031982422,
                68.87757110595703
              ],
              [
                68.64693450927734,
                68.95359802246094
              ],
              [
                68.34680938720703,
                68.95359802246094
              ],
              [
                68.39828491210938,
                69.0296859741211
              ],
              [
                68.04910278320312,
                69.10584259033203
              ],
              [
                68.00332641601562,
                69.33467864990234
              ],
              [
                67.90283966064453,
                69.33467864990234
              ],
              [
                68.00678253173828,
                69.487548828125
              ],
              [
                66.59893035888672,
                69.64068603515625
              ],
              [
                66.80875396728516,
                70.10164642333984
              ],
              [
                67.1657485961914,
                70.17870330810547
              ],
              [
                67.015625,
                70.2558364868164
              ],
              [
                67.12200927734375,
                70.41029357910156
              ],
              [
                67.0202407836914,
                70.41029357910156
              ],
              [
                67.18770599365234,
                70.79769897460938
              ],
              [
                66.5742416381836,
                70.79769897460938
              ],
              [
                66.63455200195312,
                71.0310287475586
              ],
              [
                66.53201293945312,
                71.0310287475586
              ],
              [
                67.01390838623047,
                71.42146301269531
              ],
              [
                68.11344146728516,
                71.65669250488281
              ],
              [
                68.33336639404297,
                71.81393432617188
              ],
              [
                69.01949310302734,
                72.84458923339844
              ],
              [
                69.35682678222656,
                73.00454711914062
              ],
              [
                70.55322265625,
                72.92451477050781
              ],
              [
                70.6185073852539,
                73.00454711914062
              ],
              [
                71.7750473022461,
                73.00454711914062
              ],
              [
                71.70853424072266,
                72.92451477050781
              ],
              [
                72.44373321533203,
                72.92451477050781
              ],
              [
                72.37686920166016,
                72.84458923339844
              ],
              [
                72.6916275024414,
                72.84458923339844
              ],
              [
                72.62483978271484,
                72.76475524902344
              ],
              [
                72.97726440429688,
                72.68501281738281
              ],
              [
                72.81827545166016,
                72.36699676513672
              ],
              [
                72.92253875732422,
                72.36699676513672
              ],
              [
                72.6645278930664,
                72.05043029785156
              ],
              [
                72.56068420410156,
                72.05043029785156
              ],
              [
                72.24671173095703,
                71.65669250488281
              ],
              [
                71.8140869140625,
                71.49979400634766
              ],
              [
                72.06233978271484,
                71.42146301269531
              ],
              [
                72.00151824951172,
                71.34321594238281
              ],
              [
                72.20738220214844,
                71.34321594238281
              ],
              [
                72.14666748046875,
                71.26505279541016
              ],
              [
                72.55799102783203,
                71.26505279541016
              ],
              [
                72.4971923828125,
                71.18696594238281
              ],
              [
                72.70265197753906,
                71.18696594238281
              ],
              [
                72.64196014404297,
                71.10896301269531
              ],
              [
                72.88916778564453,
                71.0310287475586
              ],
              [
                72.69210815429688,
                70.64251708984375
              ],
              [
                72.8369369506836,
                70.5650405883789
              ],
              [
                72.50088500976562,
                70.2558364868164
              ],
              [
                72.60246276855469,
                70.2558364868164
              ],
              [
                72.54447937011719,
                70.17870330810547
              ],
              [
                72.64596557617188,
                70.17870330810547
              ],
              [
                72.58812713623047,
                70.10164642333984
              ],
              [
                72.77680969238281,
                69.9477310180664
              ],
              [
                72.6053237915039,
                69.71734619140625
              ],
              [
                72.70625305175781,
                69.71734619140625
              ],
              [
                72.59290313720703,
                69.5640869140625
              ],
              [
                72.69364929199219,
                69.5640869140625
              ],
              [
                72.58101654052734,
                69.41107940673828
              ],
              [
                72.68158721923828,
                69.41107940673828
              ],
              [
                72.4586181640625,
                69.10584259033203
              ],
              [
                72.55883026123047,
                69.10584259033203
              ],
              [
                72.5035400390625,
                69.0296859741211
              ],
              [
                73.6259536743164,
                68.64987182617188
              ],
              [
                73.09920501708984,
                68.19611358642578
              ],
              [
                73.24353790283203,
                68.1207046508789
              ],
              [
                73.02936553955078,
                67.81964111328125
              ],
              [
                73.12812805175781,
                67.81964111328125
              ],
              [
                73.07498168945312,
                67.74452209472656
              ],
              [
                72.72624206542969,
                67.66946411132812
              ],
              [
                72.41897583007812,
                67.36980438232422
              ],
              [
                72.02140045166016,
                67.22032165527344
              ],
              [
                71.86856842041016,
                66.99652099609375
              ],
              [
                71.52460479736328,
                66.92203521728516
              ],
              [
                71.47441101074219,
                66.84760284423828
              ],
              [
                71.61963653564453,
                66.77322387695312
              ],
              [
                71.51976776123047,
                66.6246337890625
              ],
              [
                71.03241729736328,
                66.6246337890625
              ],
              [
                70.39883422851562,
                66.40216064453125
              ],
              [
                72.09921264648438,
                66.32811737060547
              ],
              [
                72.29635620117188,
                66.47626495361328
              ],
              [
                72.19904327392578,
                66.47626495361328
              ],
              [
                72.29951477050781,
                66.6246337890625
              ],
              [
                73.4803237915039,
                66.92203521728516
              ],
              [
                73.99942016601562,
                67.51952362060547
              ],
              [
                74.65384674072266,
                67.74452209472656
              ],
              [
                74.76298522949219,
                67.89481353759766
              ],
              [
                74.53178405761719,
                68.1207046508789
              ],
              [
                74.58690643310547,
                68.19611358642578
              ],
              [
                74.3885498046875,
                68.19611358642578
              ],
              [
                74.39971160888672,
                68.34712219238281
              ],
              [
                74.20101165771484,
                68.34712219238281
              ],
              [
                74.32379913330078,
                68.64987182617188
              ],
              [
                74.59256744384766,
                68.87757110595703
              ],
              [
                76.46726989746094,
                69.10584259033203
              ],
              [
                76.40853881835938,
                69.0296859741211
              ],
              [
                76.75020599365234,
                68.95359802246094
              ],
              [
                76.73304748535156,
                68.8016128540039
              ],
              [
                77.07389068603516,
                68.7257080078125
              ],
              [
                77.0155029296875,
                68.64987182617188
              ],
              [
                77.31458282470703,
                68.64987182617188
              ],
              [
                77.25614929199219,
                68.57408905029297
              ],
              [
                77.39698028564453,
                68.49837493896484
              ],
              [
                77.24919128417969,
                68.04534912109375
              ],
              [
                77.87696075439453,
                68.34712219238281
              ],
              [
                77.69554138183594,
                68.49837493896484
              ],
              [
                77.75418090820312,
                68.57408905029297
              ],
              [
                77.65457153320312,
                68.57408905029297
              ],
              [
                77.71334838867188,
                68.64987182617188
              ],
              [
                77.61365509033203,
                68.64987182617188
              ],
              [
                77.67256927490234,
                68.7257080078125
              ],
              [
                77.57279205322266,
                68.7257080078125
              ],
              [
                77.59115600585938,
                68.87757110595703
              ],
              [
                76.5674819946289,
                69.10584259033203
              ],
              [
                76.62652587890625,
                69.18205261230469
              ],
              [
                75.48107147216797,
                69.25833129882812
              ],
              [
                74.96401977539062,
                69.10584259033203
              ],
              [
                73.66120910644531,
                69.10584259033203
              ],
              [
                73.78787994384766,
                69.41107940673828
              ],
              [
                73.41278839111328,
                69.71734619140625
              ],
              [
                73.7198257446289,
                70.2558364868164
              ],
              [
                74.04214477539062,
                70.41029357910156
              ],
              [
                74.22288513183594,
                70.64251708984375
              ],
              [
                73.97723388671875,
                70.7200698852539
              ],
              [
                73.99675750732422,
                70.87539672851562
              ],
              [
                73.79207611083984,
                70.87539672851562
              ],
              [
                73.8531494140625,
                70.95317840576172
              ],
              [
                73.64827728271484,
                70.95317840576172
              ],
              [
                73.66828918457031,
                71.10896301269531
              ],
              [
                73.46302032470703,
                71.10896301269531
              ],
              [
                73.52450561523438,
                71.18696594238281
              ],
              [
                73.31903839111328,
                71.18696594238281
              ],
              [
                73.38063049316406,
                71.26505279541016
              ],
              [
                72.8865737915039,
                71.42146301269531
              ],
              [
                73.44659423828125,
                71.73527526855469
              ],
              [
                73.63835906982422,
                71.97151184082031
              ],
              [
                74.42991638183594,
                72.05043029785156
              ],
              [
                74.87391662597656,
                72.20853424072266
              ],
              [
                75.00789642333984,
                72.36699676513672
              ],
              [
                74.83000946044922,
                72.52581787109375
              ],
              [
                74.8980712890625,
                72.6053695678711
              ],
              [
                74.7934799194336,
                72.6053695678711
              ],
              [
                74.82581329345703,
                72.76475524902344
              ],
              [
                74.72100830078125,
                72.76475524902344
              ],
              [
                74.8593978881836,
                72.92451477050781
              ],
              [
                75.38453674316406,
                72.92451477050781
              ],
              [
                75.3145751953125,
                72.84458923339844
              ],
              [
                75.66427612304688,
                72.76475524902344
              ],
              [
                75.59473419189453,
                72.68501281738281
              ],
              [
                75.69943237304688,
                72.68501281738281
              ],
              [
                75.63020324707031,
                72.6053695678711
              ],
              [
                75.77034759521484,
                72.52581787109375
              ],
              [
                75.27027893066406,
                71.81393432617188
              ],
              [
                75.37381744384766,
                71.81393432617188
              ],
              [
                75.30840301513672,
                71.73527526855469
              ],
              [
                75.4883041381836,
                71.57820129394531
              ],
              [
                75.398193359375,
                71.34321594238281
              ],
              [
                77.18534088134766,
                71.26505279541016
              ],
              [
                77.25092315673828,
                71.34321594238281
              ],
              [
                76.94213104248047,
                71.34321594238281
              ],
              [
                77.00774383544922,
                71.42146301269531
              ],
              [
                76.59562683105469,
                71.42146301269531
              ],
              [
                76.66117858886719,
                71.49979400634766
              ],
              [
                76.1455307006836,
                71.49979400634766
              ],
              [
                76.17332458496094,
                71.65669250488281
              ],
              [
                75.96665954589844,
                71.65669250488281
              ],
              [
                75.9577865600586,
                71.8926773071289
              ],
              [
                75.85414123535156,
                71.8926773071289
              ],
              [
                76.09146118164062,
                72.05043029785156
              ],
              [
                76.6786117553711,
                72.12944030761719
              ],
              [
                77.23377227783203,
                72.05043029785156
              ],
              [
                77.37126159667969,
                72.20853424072266
              ],
              [
                76.71146392822266,
                72.2877197265625
              ],
              [
                76.84984588623047,
                72.44635772705078
              ],
              [
                77.47931671142578,
                72.68501281738281
              ],
              [
                78.31690216064453,
                72.68501281738281
              ],
              [
                78.24495697021484,
                72.6053695678711
              ],
              [
                78.45413970947266,
                72.6053695678711
              ],
              [
                78.31109619140625,
                72.44635772705078
              ],
              [
                79.66796875,
                72.44635772705078
              ],
              [
                79.59568786621094,
                72.36699676513672
              ],
              [
                80.01275634765625,
                72.36699676513672
              ],
              [
                79.94047546386719,
                72.2877197265625
              ],
              [
                80.56544494628906,
                72.2877197265625
              ],
              [
                80.4929428100586,
                72.20853424072266
              ],
              [
                80.80510711669922,
                72.20853424072266
              ],
              [
                80.7645492553711,
                72.05043029785156
              ],
              [
                81.07608795166016,
                72.05043029785156
              ],
              [
                81.00406646728516,
                71.97151184082031
              ],
              [
                81.45064544677734,
                71.8926773071289
              ],
              [
                81.37890625,
                71.81393432617188
              ],
              [
                82.5177993774414,
                71.81393432617188
              ],
              [
                83.33147430419922,
                72.12944030761719
              ],
              [
                84.89073181152344,
                72.12944030761719
              ],
              [
                84.96734619140625,
                72.20853424072266
              ],
              [
                87.5687484741211,
                72.20853424072266
              ],
              [
                87.6484375,
                72.2877197265625
              ],
              [
                104.90574645996094,
                72.76475524902344
              ],
              [
                105.94547271728516,
                73.00454711914062
              ],
              [
                106.15178680419922,
                73.2452163696289
              ],
              [
                107.83942413330078,
                73.2452163696289
              ],
              [
                108.15972900390625,
                73.40616607666016
              ],
              [
                110.39618682861328,
                73.64835357666016
              ],
              [
                111.29757690429688,
                74.13555908203125
              ],
              [
                111.72465515136719,
                74.13555908203125
              ],
              [
                111.48148345947266,
                73.89147186279297
              ],
              [
                112.004150390625,
                73.8103256225586
              ],
              [
                111.8891372680664,
                73.72928619384766
              ],
              [
                112.52616882324219,
                73.72928619384766
              ],
              [
                112.99376678466797,
                74.05409240722656
              ],
              [
                113.20706939697266,
                74.05409240722656
              ],
              [
                113.08872985839844,
                73.97272491455078
              ],
              [
                113.40831756591797,
                73.97272491455078
              ],
              [
                113.2904281616211,
                73.89147186279297
              ],
              [
                113.59849548339844,
                73.8103256225586
              ],
              [
                113.4817123413086,
                73.72928619384766
              ],
              [
                113.58788299560547,
                73.72928619384766
              ],
              [
                113.35638427734375,
                73.56752014160156
              ]
            ]
          ],
          [
            [
              [
                36.09128952026367,
                65.07727813720703
              ],
              [
                35.49639892578125,
                65.004150390625
              ],
              [
                35.4595832824707,
                65.22367095947266
              ],
              [
                35.555599212646484,
                65.22367095947266
              ],
              [
                35.65161895751953,
                65.22367095947266
              ],
              [
                36.13170623779297,
                65.22367095947266
              ],
              [
                36.09128952026367,
                65.07727813720703
              ]
            ]
          ],
          [
            [
              [
                48.37113952636719,
                68.8016128540039
              ],
              [
                48.10503005981445,
                68.87757110595703
              ],
              [
                48.242610931396484,
                69.41107940673828
              ],
              [
                48.61397171020508,
                69.5640869140625
              ],
              [
                49.52073669433594,
                69.5640869140625
              ],
              [
                49.48503494262695,
                69.487548828125
              ],
              [
                50.31840515136719,
                69.33467864990234
              ],
              [
                50.210609436035156,
                69.10584259033203
              ],
              [
                50.01017761230469,
                69.10584259033203
              ],
              [
                49.70427703857422,
                68.87757110595703
              ],
              [
                48.83641815185547,
                68.7257080078125
              ],
              [
                48.73664093017578,
                68.7257080078125
              ],
              [
                48.3375244140625,
                68.7257080078125
              ],
              [
                48.37113952636719,
                68.8016128540039
              ]
            ]
          ]
        ]
      }
    }
  ]
}
